rva	map_id	name	proof	source_rva	body_sha256	evidence
2690	88	?draw_to@t_highlight_subimage@?%C:\work\game\abstract_adv_actor.cpp980218401@@UBEXHABUt_screen_rect@@AAV?$t_abstract_bitmap@G@@ABUt_screen_point@@H@Z	unique-hierarchy-method-and-slot-cleanup		b5fb22fe0c8f1b7c5d43bc39c6edfaebeabf732b3055bba93464cce9d812e67e	class=?%C:\work\game\abstract_adv_actor.cpp980218401::t_highlight_subimage;proof=unique-hierarchy-method-and-slot-cleanup;cleanup=20;checked-rtti-and-raw-slots;vft=4cb388,col=4f3ad0,offset=0,slot=6,entry=2690
2830	89	?draw_to@t_highlight_subimage@?%C:\work\game\abstract_adv_actor.cpp980218401@@UBEXHAAV?$t_abstract_bitmap@G@@ABUt_screen_point@@@Z	reviewed-identity-and-runtime-vftable		be36f929f3d8e83139233bee1174639f7f1dda4c266df47e37c51b5a9fd74e11	class=?%C:\work\game\abstract_adv_actor.cpp980218401::t_highlight_subimage;proof=reviewed-identity-and-runtime-vftable;cleanup=12;checked-rtti-and-raw-slots;vft=4cb388,col=4f3ad0,offset=0,slot=5,entry=2830;manual-review=complete-F00007
28f0	92	?get_rect@t_highlight_subimage@?%C:\work\game\abstract_adv_actor.cpp980218401@@UBE?AUt_screen_rect@@XZ	unique-hierarchy-method-and-slot-cleanup		8ceeda265778e88b91f884ecd53013ede39ce70c76c1f65da0614a8504499d57	class=?%C:\work\game\abstract_adv_actor.cpp980218401::t_highlight_subimage;proof=unique-hierarchy-method-and-slot-cleanup;cleanup=4;checked-rtti-and-raw-slots;vft=4cb388,col=4f3ad0,offset=0,slot=3,entry=28f0
2990	93	?get_rect@t_highlight_subimage@?%C:\work\game\abstract_adv_actor.cpp980218401@@UBE?AUt_screen_rect@@H@Z	unique-hierarchy-method-and-slot-cleanup		820eb57bfd632ebb64344a473cba6ba8b5a99a61ba9b23616eb7590c87e4d036	class=?%C:\work\game\abstract_adv_actor.cpp980218401::t_highlight_subimage;proof=unique-hierarchy-method-and-slot-cleanup;cleanup=8;checked-rtti-and-raw-slots;vft=4cb388,col=4f3ad0,offset=0,slot=2,entry=2990
2de0	104	?animates@t_abstract_adv_actor@@UBE_NXZ	reviewed-identity-and-runtime-vftable		269b28b6108107ed46aa199dda09a0540a19be32d96c0520005309e26de6b6d1	class=t_abstract_adv_actor;proof=reviewed-identity-and-runtime-vftable;cleanup=0;checked-rtti-and-raw-slots;vft=4cb404,col=4f3c00,offset=10,slot=3,entry=4950;manual-review=complete-F00013
3540	112	?get_rect@t_abstract_adv_actor@@UBE?AUt_screen_rect@@XZ	reviewed-identity-and-runtime-vftable		17d464533ee82decae69166172471881d7dbf94a0fa1babe90e3ec46e32d8713	class=t_abstract_adv_actor;proof=reviewed-identity-and-runtime-vftable;cleanup=4;checked-rtti-and-raw-slots;vft=4cb404,col=4f3c00,offset=10,slot=15,entry=49c0;manual-review=complete-F00016
37e0	114	?get_subimage_count@t_abstract_adv_actor@@UBEHXZ	reviewed-identity-and-runtime-vftable		a8a24254f3a12062e11433e853d0a78e1d50c3b44043b0bbf7dd63100301850d	class=t_abstract_adv_actor;proof=reviewed-identity-and-runtime-vftable;cleanup=0;checked-rtti-and-raw-slots;vft=4cb404,col=4f3c00,offset=10,slot=18,entry=49d0;manual-review=complete-F00017
3810	115	?get_subimage_depth_offset@t_abstract_adv_actor@@UBEHH@Z	reviewed-identity-and-runtime-vftable		df3e89da3fce78cd479b89098d744bdd1e874e0c6d4504e57a8be38666a36f31	class=t_abstract_adv_actor;proof=reviewed-identity-and-runtime-vftable;cleanup=4;checked-rtti-and-raw-slots;vft=4cb404,col=4f3c00,offset=10,slot=19,entry=49e0;manual-review=complete-F00018
3a00	118	?hit_test@t_abstract_adv_actor@@UBE_NKABUt_screen_point@@@Z	reviewed-identity-and-runtime-vftable		b26dfec97cbefd8ce6a66cab5cf88e91c8b1dcc8d8ac0ac6bdfa5928ecfc50cd	class=t_abstract_adv_actor;proof=reviewed-identity-and-runtime-vftable;cleanup=8;checked-rtti-and-raw-slots;vft=4cb404,col=4f3c00,offset=10,slot=22,entry=4a10;manual-review=complete-F00019
3b80	120	?needs_redrawing@t_abstract_adv_actor@@UBE_NKK@Z	reviewed-identity-and-runtime-vftable		26ecf362ea082178449cbfea944122bb780d4c568309a1ef3b88fa8d0897e48a	class=t_abstract_adv_actor;proof=reviewed-identity-and-runtime-vftable;cleanup=8;checked-rtti-and-raw-slots;vft=4cb404,col=4f3c00,offset=10,slot=25,entry=4a20;manual-review=complete-F00021
3cc0	123	?subimage_needs_redrawing@t_abstract_adv_actor@@UBE_NHKK@Z	reviewed-identity-and-runtime-vftable		8c54695b2c4db09ff6b0cf56970688058b77f115936eb673cad28e918bc00d78	class=t_abstract_adv_actor;proof=reviewed-identity-and-runtime-vftable;cleanup=12;checked-rtti-and-raw-slots;vft=4cb404,col=4f3c00,offset=10,slot=28,entry=4a40;manual-review=complete-F00022
3d80	125	?on_model_changed@t_abstract_adv_actor@@MAEXXZ	reviewed-identity-and-runtime-vftable		e1df697e70272169a760b57cc76d2a468ce78a4138e33d455a7694679bfe29ca	class=t_abstract_adv_actor;proof=reviewed-identity-and-runtime-vftable;cleanup=0;checked-rtti-and-raw-slots;vft=4cb484,col=4f3ba0,offset=0,slot=2,entry=3d80;manual-review=complete-F00023
6170	392	?stamp_object@t_abstract_adventure_map@@MAEXH@Z	reviewed-identity-and-runtime-vftable		393a07ae659ac861e9ec74dccfb2f84f6cc9333876bbaf9a14427d4eba62146f	class=t_abstract_adventure_map;proof=reviewed-identity-and-runtime-vftable;cleanup=4;checked-rtti-and-raw-slots;vft=4cb5a4,col=4f3d1c,offset=0,slot=18,entry=6170;manual-review=complete-F00066
b430	1161	?perform_action@t_combat_ai_spell_action@@UAEXXZ	unique-hierarchy-method-and-slot-cleanup		e70d83ee73f0af8cff3f5d288d9f74ff751d9914dec1914804fa75d7f6ce6a2c	class=t_combat_ai_spell_action;proof=unique-hierarchy-method-and-slot-cleanup;cleanup=0;checked-rtti-and-raw-slots;vft=4e1578,col=50bb70,offset=0,slot=1,entry=b430
c400	1222	?get_name@t_abstract_combat_creature@@UBE?AV?$basic_string@DU?$char_traits@D@std@@V?$allocator@D@2@@std@@_NH@Z	reviewed-identity-and-runtime-vftable		6687ed3cbf20ef367ccc7a19159207e9d13b76ff1074b07cff6f7e5ed9e89551	class=t_abstract_combat_creature;proof=reviewed-identity-and-runtime-vftable;cleanup=12;checked-rtti-and-raw-slots;vft=4cb644,col=4f3e40,offset=0,slot=14,entry=c400;manual-review=complete-F00106
e7a0	1397	?is_active@t_abstract_combat_creature@@UBE_NW4t_spell@@@Z	reviewed-identity-and-runtime-vftable		98a71423607e046f5c69577d0cc9cac68c895d9619cb361d034f0ad0693c4140	class=t_abstract_combat_creature;proof=reviewed-identity-and-runtime-vftable;cleanup=4;checked-rtti-and-raw-slots;vft=4cb634,col=4f3e54,offset=920,slot=2,entry=e790;manual-review=complete-F00121
f1c0	1435	?set_alpha@t_abstract_combat_object@@UAEXAAVt_battlefield@@H@Z	reviewed-identity-and-runtime-vftable		177aaefc190d861f6291f27c45ab64ce521ab578f1d44f3ef29a75a6c9fbeafa	class=t_abstract_combat_object;proof=reviewed-identity-and-runtime-vftable;cleanup=8;checked-rtti-and-raw-slots;vft=4cb7c4,col=4f3fec,offset=0,slot=34,entry=f1c0;manual-review=complete-F00135
112b0	1615	?animates@t_abstract_stationary_adv_object@@UBE_NXZ	reviewed-identity-and-runtime-vftable		e4f1543d2fa11a30d306da10e5c5bb2a1ca7540a146bbed6f43254aaaeedeb9a	class=t_abstract_stationary_adv_object;proof=reviewed-identity-and-runtime-vftable;cleanup=0;checked-rtti-and-raw-slots;vft=4cb90c,col=4f43a0,offset=c,slot=3,entry=12510;manual-review=complete-F00149
112f0	1616	?draw_shadow_to@t_abstract_stationary_adv_object@@UBEXKABUt_screen_rect@@AAV?$t_abstract_bitmap@G@@ABUt_screen_point@@@Z	reviewed-identity-and-runtime-vftable		24c92982d41e0f352fdb5c8fb79255bbf273bfdc453f9db19e5b954a41c6fb09	class=t_abstract_stationary_adv_object;proof=reviewed-identity-and-runtime-vftable;cleanup=16;checked-rtti-and-raw-slots;vft=4cb90c,col=4f43a0,offset=c,slot=7,entry=12530;manual-review=complete-F00150
11350	1617	?draw_shadow_to@t_abstract_stationary_adv_object@@UBEXKAAV?$t_abstract_bitmap@G@@ABUt_screen_point@@@Z	reviewed-identity-and-runtime-vftable		9dfedde700781ba1bd8e5b60736b42c4d4121eec3ea35df70b1e73bfa4fdafd8	class=t_abstract_stationary_adv_object;proof=reviewed-identity-and-runtime-vftable;cleanup=12;checked-rtti-and-raw-slots;vft=4cb90c,col=4f43a0,offset=c,slot=6,entry=12520;manual-review=complete-F00151
113b0	1618	?draw_subimage_to@t_abstract_stationary_adv_object@@UBEXHKABUt_screen_rect@@AAV?$t_abstract_bitmap@G@@ABUt_screen_point@@H@Z	reviewed-identity-and-runtime-vftable		36aa5c1fd4ba203f8ad10b16d93b78ae4a92e6926980df83958bef997810bf48	class=t_abstract_stationary_adv_object;proof=reviewed-identity-and-runtime-vftable;cleanup=24;checked-rtti-and-raw-slots;vft=4cb90c,col=4f43a0,offset=c,slot=9,entry=12550;manual-review=complete-F00152
11440	1619	?draw_subimage_to@t_abstract_stationary_adv_object@@UBEXHKAAV?$t_abstract_bitmap@G@@ABUt_screen_point@@@Z	reviewed-identity-and-runtime-vftable		b22354dc170fd5fb0131558c8fa68a60cbf69c2cc9e70c42600f505102bad203	class=t_abstract_stationary_adv_object;proof=reviewed-identity-and-runtime-vftable;cleanup=16;checked-rtti-and-raw-slots;vft=4cb90c,col=4f43a0,offset=c,slot=8,entry=12540;manual-review=complete-F00153
11900	1625	?get_rect@t_abstract_stationary_adv_object@@UBE?AUt_screen_rect@@XZ	reviewed-identity-and-runtime-vftable		55cc4f1e89b12e8462a13d80a21c8daf669852372f9c964bff05f8cff8ad359a	class=t_abstract_stationary_adv_object;proof=reviewed-identity-and-runtime-vftable;cleanup=4;checked-rtti-and-raw-slots;vft=4cb90c,col=4f43a0,offset=c,slot=15,entry=125a0;manual-review=complete-F00156
11a80	1627	?get_shadow_rect@t_abstract_stationary_adv_object@@UBE?AUt_screen_rect@@XZ	reviewed-identity-and-runtime-vftable		09cbabd3c537887ab2dc0c9f7a08a4e79b8220a2093fdd43da90dafecd81a1a5	class=t_abstract_stationary_adv_object;proof=reviewed-identity-and-runtime-vftable;cleanup=4;checked-rtti-and-raw-slots;vft=4cb90c,col=4f43a0,offset=c,slot=17,entry=125c0;manual-review=complete-F00157
11aa0	1628	?get_shadow_rect@t_abstract_stationary_adv_object@@UBE?AUt_screen_rect@@K@Z	reviewed-identity-and-runtime-vftable		4752d3733cd71415305fa7d1d22123fc50c73b4163ab167eafd16a59edb2646b	class=t_abstract_stationary_adv_object;proof=reviewed-identity-and-runtime-vftable;cleanup=8;checked-rtti-and-raw-slots;vft=4cb90c,col=4f43a0,offset=c,slot=16,entry=125b0;manual-review=complete-F00158
11b00	1629	?get_subimage_count@t_abstract_stationary_adv_object@@UBEHXZ	reviewed-identity-and-runtime-vftable		3873f3f314fca7d193ee6426240a7065daf634ab9986dd4bea7e4e1baa6d9173	class=t_abstract_stationary_adv_object;proof=reviewed-identity-and-runtime-vftable;cleanup=0;checked-rtti-and-raw-slots;vft=4cb90c,col=4f43a0,offset=c,slot=18,entry=125d0;manual-review=complete-F00159
11b60	1631	?get_subimage_rect@t_abstract_stationary_adv_object@@UBE?AUt_screen_rect@@H@Z	reviewed-identity-and-runtime-vftable		aa27c54ef762310430c28843a60e26c1e919aa3abb7214063af92e075ed5072e	class=t_abstract_stationary_adv_object;proof=reviewed-identity-and-runtime-vftable;cleanup=8;checked-rtti-and-raw-slots;vft=4cb90c,col=4f43a0,offset=c,slot=21,entry=12600;manual-review=complete-F00161
11bb0	1632	?get_subimage_rect@t_abstract_stationary_adv_object@@UBE?AUt_screen_rect@@HK@Z	reviewed-identity-and-runtime-vftable		6407eaec3a221aaabea69eb72d44eea500d74af1447651ee39f7e200b094c791	class=t_abstract_stationary_adv_object;proof=reviewed-identity-and-runtime-vftable;cleanup=12;checked-rtti-and-raw-slots;vft=4cb90c,col=4f43a0,offset=c,slot=20,entry=125f0;manual-review=complete-F00162
11c30	1633	?hit_test@t_abstract_stationary_adv_object@@UBE_NKABUt_screen_point@@@Z	reviewed-identity-and-runtime-vftable		7051d0d81390959f10ef36a4ffec818ab9b6d262705f570e0f22ad2a27eeadcb	class=t_abstract_stationary_adv_object;proof=reviewed-identity-and-runtime-vftable;cleanup=8;checked-rtti-and-raw-slots;vft=4cb90c,col=4f43a0,offset=c,slot=22,entry=12610;manual-review=complete-F00163
11cd0	1635	?needs_redrawing@t_abstract_stationary_adv_object@@UBE_NKK@Z	reviewed-identity-and-runtime-vftable		3a15fbf0d45511e72e2580d885bd20903f78b2da092bfb862b5e5499a7a3bc32	class=t_abstract_stationary_adv_object;proof=reviewed-identity-and-runtime-vftable;cleanup=8;checked-rtti-and-raw-slots;vft=4cb90c,col=4f43a0,offset=c,slot=25,entry=12630;manual-review=complete-F00165
11e40	1638	?subimage_animates@t_abstract_stationary_adv_object@@UBE_NH@Z	reviewed-identity-and-runtime-vftable		fe966b1946a87e477c3ebd9b14725733f6fec50a6266e1afa81a1e6c55972793	class=t_abstract_stationary_adv_object;proof=reviewed-identity-and-runtime-vftable;cleanup=4;checked-rtti-and-raw-slots;vft=4cb90c,col=4f43a0,offset=c,slot=26,entry=12640;manual-review=complete-F00166
11e80	1639	?subimage_is_underlay@t_abstract_stationary_adv_object@@UBE_NH@Z	reviewed-identity-and-runtime-vftable		3acf8e1457a3d8efd1224f83f2db71b6e1f60092d49e3d90ea47e1af5209452f	class=t_abstract_stationary_adv_object;proof=reviewed-identity-and-runtime-vftable;cleanup=4;checked-rtti-and-raw-slots;vft=4cb90c,col=4f43a0,offset=c,slot=27,entry=12650;manual-review=complete-F00167
11ec0	1640	?subimage_needs_redrawing@t_abstract_stationary_adv_object@@UBE_NHKK@Z	reviewed-identity-and-runtime-vftable		404b0edc9e26c8424339729d938a6f78ca735ed271bee0263441ed1f3827f029	class=t_abstract_stationary_adv_object;proof=reviewed-identity-and-runtime-vftable;cleanup=12;checked-rtti-and-raw-slots;vft=4cb90c,col=4f43a0,offset=c,slot=28,entry=12660;manual-review=complete-F00168
19240	2334	?create@?$t_object_factory@Vt_academy@@@@UBEPAVt_stationary_adventure_object@@ABV?$basic_string@DU?$char_traits@D@std@@V?$allocator@D@2@@std@@ABVt_qualified_adv_object_type@@@Z	unique-hierarchy-method-and-slot-cleanup		76c65f43f4769f07de72aaa716b8e1213234a530c3039ec0c2ba7ae8e41a8ce6	class=t_object_factory<class t_academy>;proof=unique-hierarchy-method-and-slot-cleanup;cleanup=8;checked-rtti-and-raw-slots;vft=4cc1b4,col=4f4c2c,offset=0,slot=0,entry=19240
1c450	2634	?get_layer_count@?$t_image_sequence_base@Vt_bitmap_group_24@@@@MBEKXZ	unique-hierarchy-method-and-slot-cleanup		5faa56cce27bc069fc31a798895bea6ece272513e9b24ff4c30a137e666aadc2	class=t_image_sequence_base<class t_bitmap_group_24>;proof=unique-hierarchy-method-and-slot-cleanup;cleanup=0;checked-rtti-and-raw-slots;vft=4dc834,col=5044f8,offset=0,slot=4,entry=1c450
202a0	2940	?get_layer_count@?$t_image_sequence_base@Vt_bitmap_group@@@@MBEKXZ	unique-hierarchy-method-and-slot-cleanup		db428c842e97f7b15832ca29362084dcd95f6ff068e545ce3478f8f51bc28b3c	class=t_image_sequence_base<class t_bitmap_group>;proof=unique-hierarchy-method-and-slot-cleanup;cleanup=0;checked-rtti-and-raw-slots;vft=4de10c,col=50744c,offset=0,slot=4,entry=202a0
261f0	3236	?create@?$t_object_factory@Vt_adv_abandoned_mine@@@@UBEPAVt_stationary_adventure_object@@ABV?$basic_string@DU?$char_traits@D@std@@V?$allocator@D@2@@std@@ABVt_qualified_adv_object_type@@@Z	unique-hierarchy-method-and-slot-cleanup		d74bf08309eae6c3bd3fd2b558bf00b7c2b82c771b26965d9c5514c0bce10b01	class=t_object_factory<class t_adv_abandoned_mine>;proof=unique-hierarchy-method-and-slot-cleanup;cleanup=8;checked-rtti-and-raw-slots;vft=4cc930,col=4f56b8,offset=0,slot=0,entry=261f0
2c860	3661	?create@?$t_object_factory_with_type@Vt_adv_altar@@@@UBEPAVt_stationary_adventure_object@@ABV?$basic_string@DU?$char_traits@D@std@@V?$allocator@D@2@@std@@ABVt_qualified_adv_object_type@@@Z	unique-hierarchy-method-and-slot-cleanup		2b2e810a44fe5444c4dd87534e598db3edd974796332326e37fca1d0d7803583	class=t_object_factory_with_type<class t_adv_altar>;proof=unique-hierarchy-method-and-slot-cleanup;cleanup=8;checked-rtti-and-raw-slots;vft=4ccd34,col=4f5e2c,offset=0,slot=0,entry=2c860
2c8d0	3663	?create@?$t_object_factory@Vt_random_altar@@@@UBEPAVt_stationary_adventure_object@@ABV?$basic_string@DU?$char_traits@D@std@@V?$allocator@D@2@@std@@ABVt_qualified_adv_object_type@@@Z	unique-hierarchy-method-and-slot-cleanup		895f0ce5f5a0f9222ae17ac194718f55f3e4aa2b5ec87451393e74c26584af0d	class=t_object_factory<class t_random_altar>;proof=unique-hierarchy-method-and-slot-cleanup;cleanup=8;checked-rtti-and-raw-slots;vft=4ccd3c,col=4f5e74,offset=0,slot=0,entry=2c8d0
2cfd0	3711	?create@?$t_object_factory@Vt_adv_arena@@@@UBEPAVt_stationary_adventure_object@@ABV?$basic_string@DU?$char_traits@D@std@@V?$allocator@D@2@@std@@ABVt_qualified_adv_object_type@@@Z	unique-hierarchy-method-and-slot-cleanup		ed287f9589248bdbda8a5852ad80be7ddaa8b8a0e64dbf541379fb93f27cac14	class=t_object_factory<class t_adv_arena>;proof=unique-hierarchy-method-and-slot-cleanup;cleanup=8;checked-rtti-and-raw-slots;vft=4cd07c,col=4f5ffc,offset=0,slot=0,entry=2cfd0
2fc10	3792	?create@?$t_object_factory_with_type@Vt_adv_artifact@@@@UBEPAVt_stationary_adventure_object@@ABV?$basic_string@DU?$char_traits@D@std@@V?$allocator@D@2@@std@@ABVt_qualified_adv_object_type@@@Z	unique-hierarchy-method-and-slot-cleanup		5fd6723b4255ff65902600819959067bc0172c6d70149dd1df016f19c919592a	class=t_object_factory_with_type<class t_adv_artifact>;proof=unique-hierarchy-method-and-slot-cleanup;cleanup=8;checked-rtti-and-raw-slots;vft=4cd714,col=4f60e8,offset=0,slot=0,entry=2fc10
2fc80	3794	?create@?$t_object_factory_with_type@Vt_adv_spell_artifact@@@@UBEPAVt_stationary_adventure_object@@ABV?$basic_string@DU?$char_traits@D@std@@V?$allocator@D@2@@std@@ABVt_qualified_adv_object_type@@@Z	unique-hierarchy-method-and-slot-cleanup		fff1e5d2fdb34a84cb19ffc80dfeecf711c05dd7d4e4a6f95bdf5b5ca65b8d02	class=t_object_factory_with_type<class t_adv_spell_artifact>;proof=unique-hierarchy-method-and-slot-cleanup;cleanup=8;checked-rtti-and-raw-slots;vft=4cd71c,col=4f6130,offset=0,slot=0,entry=2fc80
2fcf0	3796	?create@?$t_object_factory@Vt_random_artifact@@@@UBEPAVt_stationary_adventure_object@@ABV?$basic_string@DU?$char_traits@D@std@@V?$allocator@D@2@@std@@ABVt_qualified_adv_object_type@@@Z	unique-hierarchy-method-and-slot-cleanup		4023e36290cb4f8a7e2e0cb19d949d774cc0332c0424524f038f8bcbef0eb747	class=t_object_factory<class t_random_artifact>;proof=unique-hierarchy-method-and-slot-cleanup;cleanup=8;checked-rtti-and-raw-slots;vft=4cda50,col=4f62bc,offset=0,slot=0,entry=2fcf0
2fd60	3798	?create@?$t_object_factory@Vt_random_tome@@@@UBEPAVt_stationary_adventure_object@@ABV?$basic_string@DU?$char_traits@D@std@@V?$allocator@D@2@@std@@ABVt_qualified_adv_object_type@@@Z	unique-hierarchy-method-and-slot-cleanup		2e774fa10d9993391c81531fb6360765509957dc3ee2883508c6e260674136a2	class=t_object_factory<class t_random_tome>;proof=unique-hierarchy-method-and-slot-cleanup;cleanup=8;checked-rtti-and-raw-slots;vft=4cdbf0,col=4f63a4,offset=0,slot=0,entry=2fd60
2fdd0	3800	?create@?$t_object_factory@Vt_random_staff@@@@UBEPAVt_stationary_adventure_object@@ABV?$basic_string@DU?$char_traits@D@std@@V?$allocator@D@2@@std@@ABVt_qualified_adv_object_type@@@Z	unique-hierarchy-method-and-slot-cleanup		75771bb75c4820e715c1c5746f4272d33caebae3bbcf34513496799ffd951908	class=t_object_factory<class t_random_staff>;proof=unique-hierarchy-method-and-slot-cleanup;cleanup=8;checked-rtti-and-raw-slots;vft=4cdd90,col=4f648c,offset=0,slot=0,entry=2fdd0
2fe40	3802	?create@?$t_object_factory@Vt_random_potion@@@@UBEPAVt_stationary_adventure_object@@ABV?$basic_string@DU?$char_traits@D@std@@V?$allocator@D@2@@std@@ABVt_qualified_adv_object_type@@@Z	unique-hierarchy-method-and-slot-cleanup		9e093c50765832acff678136c1a55c29f30f5730b344d41cfd7e60c531ebedba	class=t_object_factory<class t_random_potion>;proof=unique-hierarchy-method-and-slot-cleanup;cleanup=8;checked-rtti-and-raw-slots;vft=4cdf30,col=4f6574,offset=0,slot=0,entry=2fe40
31b20	3906	??R?$t_discard_2nd_handler_3@ABUt_adv_map_point@@ABU1@AA_N@@UAEXABUt_adv_map_point@@0AA_N@Z	unique-hierarchy-method-and-slot-cleanup		dd8c9721fb16df7d6441430292e99c8dd27960eef71cb6e57cfad55292235414	class=t_discard_2nd_handler_3<struct t_adv_map_point const &, struct t_adv_map_point const &, bool &>;proof=unique-hierarchy-method-and-slot-cleanup;cleanup=12;checked-rtti-and-raw-slots;vft=4ce278,col=4f6790,offset=8,slot=1,entry=31b20
32170	3961	?create@?$t_object_factory@Vt_adv_artifact_pile@@@@UBEPAVt_stationary_adventure_object@@ABV?$basic_string@DU?$char_traits@D@std@@V?$allocator@D@2@@std@@ABVt_qualified_adv_object_type@@@Z	unique-hierarchy-method-and-slot-cleanup		3e10b69b4e75be27928655feb53c2e0d5b5ff14fa82d45b2047a55fd0448f60b	class=t_object_factory<class t_adv_artifact_pile>;proof=unique-hierarchy-method-and-slot-cleanup;cleanup=8;checked-rtti-and-raw-slots;vft=4ce0dc,col=4f665c,offset=0,slot=0,entry=32170
34620	4129	?create@?$t_object_factory@Vt_adv_blacksmith@@@@UBEPAVt_stationary_adventure_object@@ABV?$basic_string@DU?$char_traits@D@std@@V?$allocator@D@2@@std@@ABVt_qualified_adv_object_type@@@Z	unique-hierarchy-method-and-slot-cleanup		cfd6c9d9643ed605cc5c8c461463ae657120697619600e3c2441d56d7140c0cc	class=t_object_factory<class t_adv_blacksmith>;proof=unique-hierarchy-method-and-slot-cleanup;cleanup=8;checked-rtti-and-raw-slots;vft=4ce30c,col=4f6a5c,offset=0,slot=0,entry=34620
34fd0	4177	?create@?$t_object_factory@Vt_adv_border_gate@@@@UBEPAVt_stationary_adventure_object@@ABV?$basic_string@DU?$char_traits@D@std@@V?$allocator@D@2@@std@@ABVt_qualified_adv_object_type@@@Z	unique-hierarchy-method-and-slot-cleanup		7a9ce2c07dc4787bc249a534001f23e3a6cd5cda31187027a990752c8307ef99	class=t_object_factory<class t_adv_border_gate>;proof=unique-hierarchy-method-and-slot-cleanup;cleanup=8;checked-rtti-and-raw-slots;vft=4ce4bc,col=4f6b48,offset=0,slot=0,entry=34fd0
35cf0	4227	?create@?$t_object_factory_with_type@Vt_adv_border_guard@@@@UBEPAVt_stationary_adventure_object@@ABV?$basic_string@DU?$char_traits@D@std@@V?$allocator@D@2@@std@@ABVt_qualified_adv_object_type@@@Z	unique-hierarchy-method-and-slot-cleanup		3fd7158c646c62dac1537db94d0eb0f4f8f348ed227432a48838304127d02b34	class=t_object_factory_with_type<class t_adv_border_guard>;proof=unique-hierarchy-method-and-slot-cleanup;cleanup=8;checked-rtti-and-raw-slots;vft=4ce668,col=4f6c30,offset=0,slot=0,entry=35cf0
35fd0	4239	?create@?$t_object_factory@Vt_adv_chain_link@@@@UBEPAVt_stationary_adventure_object@@ABV?$basic_string@DU?$char_traits@D@std@@V?$allocator@D@2@@std@@ABVt_qualified_adv_object_type@@@Z	unique-hierarchy-method-and-slot-cleanup		618b44e9f807fc277bd32afef3f48584d908a4ffa3e0ccd3808a2e4de8f2f2f7	class=t_object_factory<class t_adv_chain_link>;proof=unique-hierarchy-method-and-slot-cleanup;cleanup=8;checked-rtti-and-raw-slots;vft=4ce814,col=4f6d18,offset=0,slot=0,entry=35fd0
39440	4341	?create@?$t_object_factory_with_type@Vt_adv_dwelling@@@@UBEPAVt_stationary_adventure_object@@ABV?$basic_string@DU?$char_traits@D@std@@V?$allocator@D@2@@std@@ABVt_qualified_adv_object_type@@@Z	unique-hierarchy-method-and-slot-cleanup		63d57841bb0b0d76f77ecb23d331c094e1868085a927ab7f9179ba35b15d4ef2	class=t_object_factory_with_type<class t_adv_dwelling>;proof=unique-hierarchy-method-and-slot-cleanup;cleanup=8;checked-rtti-and-raw-slots;vft=4ceac8,col=4f6e00,offset=0,slot=0,entry=39440
394b0	4343	?create@?$t_object_factory@Vt_random_adv_dwelling@@@@UBEPAVt_stationary_adventure_object@@ABV?$basic_string@DU?$char_traits@D@std@@V?$allocator@D@2@@std@@ABVt_qualified_adv_object_type@@@Z	unique-hierarchy-method-and-slot-cleanup		d11ed9285b87028acf243bc6d92431052af9b047becc71dc675def895580d201	class=t_object_factory<class t_random_adv_dwelling>;proof=unique-hierarchy-method-and-slot-cleanup;cleanup=8;checked-rtti-and-raw-slots;vft=4cead0,col=4f6e48,offset=0,slot=0,entry=394b0
3afd0	4545	?create@?$t_object_factory@Vt_adv_ferry@@@@UBEPAVt_stationary_adventure_object@@ABV?$basic_string@DU?$char_traits@D@std@@V?$allocator@D@2@@std@@ABVt_qualified_adv_object_type@@@Z	unique-hierarchy-method-and-slot-cleanup		d39fa0898fb2d5942a77d04ba1f774649400ec5001d97a83485be206b10b7fa7	class=t_object_factory<class t_adv_ferry>;proof=unique-hierarchy-method-and-slot-cleanup;cleanup=8;checked-rtti-and-raw-slots;vft=4cf00c,col=4f70d4,offset=0,slot=0,entry=3afd0
3c090	4599	?create@?$t_object_factory@Vt_adv_fountain@@@@UBEPAVt_stationary_adventure_object@@ABV?$basic_string@DU?$char_traits@D@std@@V?$allocator@D@2@@std@@ABVt_qualified_adv_object_type@@@Z	unique-hierarchy-method-and-slot-cleanup		875fd27a046122277d3f42be4da2f82f2e9cf87c9a1b99e571f15ed64d2a5641	class=t_object_factory<class t_adv_fountain>;proof=unique-hierarchy-method-and-slot-cleanup;cleanup=8;checked-rtti-and-raw-slots;vft=4cf334,col=4f7260,offset=0,slot=0,entry=3c090
3c890	4629	?create@?$t_object_factory@Vt_adv_garrison@@@@UBEPAVt_stationary_adventure_object@@ABV?$basic_string@DU?$char_traits@D@std@@V?$allocator@D@2@@std@@ABVt_qualified_adv_object_type@@@Z	unique-hierarchy-method-and-slot-cleanup		9719b099dd4af9b7d7c432ea439e8170f7a5b480c3335f8a0271f52698d51553	class=t_object_factory<class t_adv_garrison>;proof=unique-hierarchy-method-and-slot-cleanup;cleanup=8;checked-rtti-and-raw-slots;vft=4cf4ec,col=4f7348,offset=0,slot=0,entry=3c890
3d4c0	4658	?create@?$t_object_factory_with_type@Vt_adv_keymaster_tent@@@@UBEPAVt_stationary_adventure_object@@ABV?$basic_string@DU?$char_traits@D@std@@V?$allocator@D@2@@std@@ABVt_qualified_adv_object_type@@@Z	unique-hierarchy-method-and-slot-cleanup		724861d435d201a7dd1858e2b1ae695fa01a0f9f4f03308626f5a31381e7cb78	class=t_object_factory_with_type<class t_adv_keymaster_tent>;proof=unique-hierarchy-method-and-slot-cleanup;cleanup=8;checked-rtti-and-raw-slots;vft=4cf6e8,col=4f7470,offset=0,slot=0,entry=3d4c0
3e320	4717	?create@?$t_object_factory@Vt_adv_mages_chest@@@@UBEPAVt_stationary_adventure_object@@ABV?$basic_string@DU?$char_traits@D@std@@V?$allocator@D@2@@std@@ABVt_qualified_adv_object_type@@@Z	unique-hierarchy-method-and-slot-cleanup		12cf036d01f1af7fdf836bce41d16b6d640c4b67fa8fec4ef3e0411b4ffbb6c2	class=t_object_factory<class t_adv_mages_chest>;proof=unique-hierarchy-method-and-slot-cleanup;cleanup=8;checked-rtti-and-raw-slots;vft=4cf89c,col=4f755c,offset=0,slot=0,entry=3e320
3e390	4719	?create@?$t_object_factory@Vt_adv_shipwreck_survivor@@@@UBEPAVt_stationary_adventure_object@@ABV?$basic_string@DU?$char_traits@D@std@@V?$allocator@D@2@@std@@ABVt_qualified_adv_object_type@@@Z	unique-hierarchy-method-and-slot-cleanup		df77ecc5c0dc58c6fde3e6477cd00543d8a7784c5da77b76f8958be152f52c5c	class=t_object_factory<class t_adv_shipwreck_survivor>;proof=unique-hierarchy-method-and-slot-cleanup;cleanup=8;checked-rtti-and-raw-slots;vft=4cfa38,col=4f7644,offset=0,slot=0,entry=3e390
3e510	4726	?create@?$t_object_factory@Vt_adv_travelers_backpack@@@@UBEPAVt_stationary_adventure_object@@ABV?$basic_string@DU?$char_traits@D@std@@V?$allocator@D@2@@std@@ABVt_qualified_adv_object_type@@@Z	unique-hierarchy-method-and-slot-cleanup		19bc3dbdaec7f468a79aaede7c2bd1940d09a0ecc6237976559b82eb727f3dd1	class=t_object_factory<class t_adv_travelers_backpack>;proof=unique-hierarchy-method-and-slot-cleanup;cleanup=8;checked-rtti-and-raw-slots;vft=4cfa40,col=4f768c,offset=0,slot=0,entry=3e510
3e690	4733	?create@?$t_object_factory@Vt_adv_skeleton@@@@UBEPAVt_stationary_adventure_object@@ABV?$basic_string@DU?$char_traits@D@std@@V?$allocator@D@2@@std@@ABVt_qualified_adv_object_type@@@Z	unique-hierarchy-method-and-slot-cleanup		e5f341f96bfe0503b4ba89e52402e33113f0a07602fd5fc1f2402929b89ad8e1	class=t_object_factory<class t_adv_skeleton>;proof=unique-hierarchy-method-and-slot-cleanup;cleanup=8;checked-rtti-and-raw-slots;vft=4cfa48,col=4f76d4,offset=0,slot=0,entry=3e690
3e970	4750	?create@?$t_object_factory@Vt_adv_magi_eye@@@@UBEPAVt_stationary_adventure_object@@ABV?$basic_string@DU?$char_traits@D@std@@V?$allocator@D@2@@std@@ABVt_qualified_adv_object_type@@@Z	unique-hierarchy-method-and-slot-cleanup		f5e28d30215aa4b3fc88be7fd8eb187ce1006c883dff7fbd42e7ac0a3cd91eda	class=t_object_factory<class t_adv_magi_eye>;proof=unique-hierarchy-method-and-slot-cleanup;cleanup=8;checked-rtti-and-raw-slots;vft=4cff24,col=4f7908,offset=0,slot=0,entry=3e970
3f3e0	4775	?create@?$t_object_factory_with_type@Vt_adv_magic_gem@@@@UBEPAVt_stationary_adventure_object@@ABV?$basic_string@DU?$char_traits@D@std@@V?$allocator@D@2@@std@@ABVt_qualified_adv_object_type@@@Z	unique-hierarchy-method-and-slot-cleanup		4782c18561b782ae86a8bca83c6417135ac718a1e4a276da6865a35eef9083fa	class=t_object_factory_with_type<class t_adv_magic_gem>;proof=unique-hierarchy-method-and-slot-cleanup;cleanup=8;checked-rtti-and-raw-slots;vft=4d00cc,col=4f79f0,offset=0,slot=0,entry=3f3e0
40240	4798	?create@?$t_object_factory@Vt_adv_mana_vortex@@@@UBEPAVt_stationary_adventure_object@@ABV?$basic_string@DU?$char_traits@D@std@@V?$allocator@D@2@@std@@ABVt_qualified_adv_object_type@@@Z	unique-hierarchy-method-and-slot-cleanup		c540f4d438a17ff2408924e837bb3ae33cc5cfc77e6af24ed2c75117eccf1f02	class=t_object_factory<class t_adv_mana_vortex>;proof=unique-hierarchy-method-and-slot-cleanup;cleanup=8;checked-rtti-and-raw-slots;vft=4d0274,col=4f7ad8,offset=0,slot=0,entry=40240
41640	4827	?create@?$t_object_factory@Vt_adv_medicine_wagon@@@@UBEPAVt_stationary_adventure_object@@ABV?$basic_string@DU?$char_traits@D@std@@V?$allocator@D@2@@std@@ABVt_qualified_adv_object_type@@@Z	unique-hierarchy-method-and-slot-cleanup		d0f831a6b901a9e8624249d6f466ca94505d40d913bc01f3ffe4afe76ca4a80a	class=t_object_factory<class t_adv_medicine_wagon>;proof=unique-hierarchy-method-and-slot-cleanup;cleanup=8;checked-rtti-and-raw-slots;vft=4d0420,col=4f7bc0,offset=0,slot=0,entry=41640
41d50	4842	?create@?$t_object_factory@Vt_adv_mercenary_camp@@@@UBEPAVt_stationary_adventure_object@@ABV?$basic_string@DU?$char_traits@D@std@@V?$allocator@D@2@@std@@ABVt_qualified_adv_object_type@@@Z	unique-hierarchy-method-and-slot-cleanup		a6d5b76a2ea680368bd439f42a2dde6080f69971fd9f0613daa366140b877a53	class=t_object_factory<class t_adv_mercenary_camp>;proof=unique-hierarchy-method-and-slot-cleanup;cleanup=8;checked-rtti-and-raw-slots;vft=4d05cc,col=4f7ca8,offset=0,slot=0,entry=41d50
42a80	4867	?create@?$t_object_factory@Vt_adv_move_booster@@@@UBEPAVt_stationary_adventure_object@@ABV?$basic_string@DU?$char_traits@D@std@@V?$allocator@D@2@@std@@ABVt_qualified_adv_object_type@@@Z	unique-hierarchy-method-and-slot-cleanup		b09f10a4209a132906954777ead5e6eac7ed9a7cc8f64f4daa2df7168dabe749	class=t_object_factory<class t_adv_move_booster>;proof=unique-hierarchy-method-and-slot-cleanup;cleanup=8;checked-rtti-and-raw-slots;vft=4d0784,col=4f7d94,offset=0,slot=0,entry=42a80
42af0	4869	?create@?$t_object_factory@Vt_adv_pathfinder@@@@UBEPAVt_stationary_adventure_object@@ABV?$basic_string@DU?$char_traits@D@std@@V?$allocator@D@2@@std@@ABVt_qualified_adv_object_type@@@Z	unique-hierarchy-method-and-slot-cleanup		d301f4e98e2d3f1b90735278c2405689291e9407024a3d5f7a0bf31b545620fa	class=t_object_factory<class t_adv_pathfinder>;proof=unique-hierarchy-method-and-slot-cleanup;cleanup=8;checked-rtti-and-raw-slots;vft=4d078c,col=4f7ddc,offset=0,slot=0,entry=42af0
43e50	4972	?create@?$t_object_factory@Vt_adv_obelisk@@@@UBEPAVt_stationary_adventure_object@@ABV?$basic_string@DU?$char_traits@D@std@@V?$allocator@D@2@@std@@ABVt_qualified_adv_object_type@@@Z	unique-hierarchy-method-and-slot-cleanup		f18a3093c7e144d594bfea77eff3a91440f102a1eb5faa1e03be178ec473022a	class=t_object_factory<class t_adv_obelisk>;proof=unique-hierarchy-method-and-slot-cleanup;cleanup=8;checked-rtti-and-raw-slots;vft=4d0ae0,col=4f7f68,offset=0,slot=0,entry=43e50
44040	4979	?create@?$t_object_factory@Vt_adv_object_deletion_marker@@@@UBEPAVt_stationary_adventure_object@@ABV?$basic_string@DU?$char_traits@D@std@@V?$allocator@D@2@@std@@ABVt_qualified_adv_object_type@@@Z	unique-hierarchy-method-and-slot-cleanup		30d1cf77fbd4fff0c823177587bf68dfc47a90a107ddac9e7c372205540b68aa	class=t_object_factory<class t_adv_object_deletion_marker>;proof=unique-hierarchy-method-and-slot-cleanup;cleanup=8;checked-rtti-and-raw-slots;vft=4d0c8c,col=4f8050,offset=0,slot=0,entry=44040
44a40	4993	?draw_to@t_adv_object_flag@@UBEXHABUt_screen_rect@@AAV?$t_abstract_bitmap@G@@ABUt_screen_point@@H@Z	unique-hierarchy-method-and-slot-cleanup		91ff04e60033f6cb3c792889aa209254e03b8fcdb1048300592de9e1a4c96ec5	class=t_adv_object_flag;proof=unique-hierarchy-method-and-slot-cleanup;cleanup=20;checked-rtti-and-raw-slots;vft=4cb3e0,col=4f3b48,offset=0,slot=6,entry=44a40
44ba0	4994	?draw_to@t_adv_object_flag@@UBEXHAAV?$t_abstract_bitmap@G@@ABUt_screen_point@@@Z	unique-hierarchy-method-and-slot-cleanup		5b177240b54f3d1ceeb7d62e3401bf96e93b2e95ed61a4effd1c6cdc9e574a1b	class=t_adv_object_flag;proof=unique-hierarchy-method-and-slot-cleanup;cleanup=12;checked-rtti-and-raw-slots;vft=4cb3e0,col=4f3b48,offset=0,slot=5,entry=44ba0
44c50	4997	?get_rect@t_adv_object_flag@@UBE?AUt_screen_rect@@XZ	unique-hierarchy-method-and-slot-cleanup		88bf0a3076c3962294fd03814be4b246846b2f80dbcf9cd672f5e903320ea747	class=t_adv_object_flag;proof=unique-hierarchy-method-and-slot-cleanup;cleanup=4;checked-rtti-and-raw-slots;vft=4cb3e0,col=4f3b48,offset=0,slot=3,entry=44c50
44cb0	4998	?get_rect@t_adv_object_flag@@UBE?AUt_screen_rect@@H@Z	unique-hierarchy-method-and-slot-cleanup		ed5d45a48d53838113357cd4524242680588d25c7680443efe0ca4302f2bda7e	class=t_adv_object_flag;proof=unique-hierarchy-method-and-slot-cleanup;cleanup=8;checked-rtti-and-raw-slots;vft=4cb3e0,col=4f3b48,offset=0,slot=2,entry=44cb0
463c0	5065	?are_any_cells_impassable@t_adv_object_model_base_base@@UBE_NXZ	reviewed-identity-and-runtime-vftable		ca7f46bf54f458cde1b543a01eb77b2708207dba057b125449d12eb61ab27c17	class=t_adv_object_model_base_base;proof=reviewed-identity-and-runtime-vftable;cleanup=0;checked-rtti-and-raw-slots;vft=4d0fd4,col=4f8120,offset=0,slot=2,entry=463c0;manual-review=complete-R24
60070	5659	?create@?$t_object_factory@Vt_adv_ocean_bottle@@@@UBEPAVt_stationary_adventure_object@@ABV?$basic_string@DU?$char_traits@D@std@@V?$allocator@D@2@@std@@ABVt_qualified_adv_object_type@@@Z	unique-hierarchy-method-and-slot-cleanup		8b9ce95e9c58ce624226bf7fed9210232fd2dd3bb935a7fbf028012bdd880c21	class=t_object_factory<class t_adv_ocean_bottle>;proof=unique-hierarchy-method-and-slot-cleanup;cleanup=8;checked-rtti-and-raw-slots;vft=4d1174,col=4f861c,offset=0,slot=0,entry=60070
60e60	5693	?create@?$t_object_factory@Vt_adv_prison@@@@UBEPAVt_stationary_adventure_object@@ABV?$basic_string@DU?$char_traits@D@std@@V?$allocator@D@2@@std@@ABVt_qualified_adv_object_type@@@Z	unique-hierarchy-method-and-slot-cleanup		fcfc186947f850aac281ab4ffcc30964e7ebc65b68ea3ab6c4645006228668c6	class=t_object_factory<class t_adv_prison>;proof=unique-hierarchy-method-and-slot-cleanup;cleanup=8;checked-rtti-and-raw-slots;vft=4d131c,col=4f8720,offset=0,slot=0,entry=60e60
612f0	5707	?create@?$t_object_factory@Vt_adv_sacred_fountain@@@@UBEPAVt_stationary_adventure_object@@ABV?$basic_string@DU?$char_traits@D@std@@V?$allocator@D@2@@std@@ABVt_qualified_adv_object_type@@@Z	unique-hierarchy-method-and-slot-cleanup		9f8d924ef0473495144b21dde0f794f43eca10390c54350d58f2500d734ee1b2	class=t_object_factory<class t_adv_sacred_fountain>;proof=unique-hierarchy-method-and-slot-cleanup;cleanup=8;checked-rtti-and-raw-slots;vft=4d14c4,col=4f8808,offset=0,slot=0,entry=612f0
62260	5726	?create@?$t_object_factory@Vt_adv_sea_chest@@@@UBEPAVt_stationary_adventure_object@@ABV?$basic_string@DU?$char_traits@D@std@@V?$allocator@D@2@@std@@ABVt_qualified_adv_object_type@@@Z	unique-hierarchy-method-and-slot-cleanup		1a7e8112e800ef934278c5edd4d7df6aa90e329e9bec4d3025a2424c8511dcf8	class=t_object_factory<class t_adv_sea_chest>;proof=unique-hierarchy-method-and-slot-cleanup;cleanup=8;checked-rtti-and-raw-slots;vft=4d1674,col=4f88f4,offset=0,slot=0,entry=62260
633c0	5752	?create@?$t_object_factory@Vt_adv_shipyard@@@@UBEPAVt_stationary_adventure_object@@ABV?$basic_string@DU?$char_traits@D@std@@V?$allocator@D@2@@std@@ABVt_qualified_adv_object_type@@@Z	unique-hierarchy-method-and-slot-cleanup		d8749080ef5e34610c78906b35dfb31506a1eb30e7e1c4b07f3a3d04792ebe3b	class=t_object_factory<class t_adv_shipyard>;proof=unique-hierarchy-method-and-slot-cleanup;cleanup=8;checked-rtti-and-raw-slots;vft=4d1824,col=4f89dc,offset=0,slot=0,entry=633c0
65910	5824	?create@?$t_object_factory_with_type@Vt_adv_shrine@@@@UBEPAVt_stationary_adventure_object@@ABV?$basic_string@DU?$char_traits@D@std@@V?$allocator@D@2@@std@@ABVt_qualified_adv_object_type@@@Z	unique-hierarchy-method-and-slot-cleanup		5c7b99553a6189b589c0a4592b31301ec08aced271871e9e108144aacf01099e	class=t_object_factory_with_type<class t_adv_shrine>;proof=unique-hierarchy-method-and-slot-cleanup;cleanup=8;checked-rtti-and-raw-slots;vft=4d19d4,col=4f8acc,offset=0,slot=0,entry=65910
65980	5826	?create@?$t_object_factory@Vt_random_adv_shrine@@@@UBEPAVt_stationary_adventure_object@@ABV?$basic_string@DU?$char_traits@D@std@@V?$allocator@D@2@@std@@ABVt_qualified_adv_object_type@@@Z	unique-hierarchy-method-and-slot-cleanup		c12f3a827d28284895fd5f02802de499cc37be0bb8ffd13b568e3368fe706f62	class=t_object_factory<class t_random_adv_shrine>;proof=unique-hierarchy-method-and-slot-cleanup;cleanup=8;checked-rtti-and-raw-slots;vft=4d19dc,col=4f8b14,offset=0,slot=0,entry=65980
66440	5874	?create@?$t_object_factory@Vt_adv_sign@@@@UBEPAVt_stationary_adventure_object@@ABV?$basic_string@DU?$char_traits@D@std@@V?$allocator@D@2@@std@@ABVt_qualified_adv_object_type@@@Z	unique-hierarchy-method-and-slot-cleanup		811f564d3530d73bcf69066f3e833c8e32055bf4012b21167a01b582dfe8ce3a	class=t_object_factory<class t_adv_sign>;proof=unique-hierarchy-method-and-slot-cleanup;cleanup=8;checked-rtti-and-raw-slots;vft=4d1d1c,col=4f8c9c,offset=0,slot=0,entry=66440
66a30	5892	?create@?$t_object_factory@Vt_adv_sphinx@@@@UBEPAVt_stationary_adventure_object@@ABV?$basic_string@DU?$char_traits@D@std@@V?$allocator@D@2@@std@@ABVt_qualified_adv_object_type@@@Z	unique-hierarchy-method-and-slot-cleanup		36fd037ca812fd1bef0cbb1c8ce803af62c65a624272b1eb129de084087e2f2e	class=t_object_factory<class t_adv_sphinx>;proof=unique-hierarchy-method-and-slot-cleanup;cleanup=8;checked-rtti-and-raw-slots;vft=4d1ec4,col=4f8d6c,offset=0,slot=0,entry=66a30
67a30	5978	?create@?$t_object_factory@Vt_adv_subterranean_gate@@@@UBEPAVt_stationary_adventure_object@@ABV?$basic_string@DU?$char_traits@D@std@@V?$allocator@D@2@@std@@ABVt_qualified_adv_object_type@@@Z	unique-hierarchy-method-and-slot-cleanup		1ae44cec2d85129f2ca4e6ea9a23f3857b460ba7d712cd5612f30e028e766392	class=t_object_factory<class t_adv_subterranean_gate>;proof=unique-hierarchy-method-and-slot-cleanup;cleanup=8;checked-rtti-and-raw-slots;vft=4d2074,col=4f8e58,offset=0,slot=0,entry=67a30
693c0	6044	?create@?$t_object_factory@Vt_adv_tavern@@@@UBEPAVt_stationary_adventure_object@@ABV?$basic_string@DU?$char_traits@D@std@@V?$allocator@D@2@@std@@ABVt_qualified_adv_object_type@@@Z	unique-hierarchy-method-and-slot-cleanup		cc967f4b1431dd05cf9fe0e92f0ab3981f086302ab9a1b7996c224cfa65768a4	class=t_object_factory<class t_adv_tavern>;proof=unique-hierarchy-method-and-slot-cleanup;cleanup=8;checked-rtti-and-raw-slots;vft=4d221c,col=4f8f44,offset=0,slot=0,entry=693c0
6a120	6070	?create@?$t_object_factory@Vt_adv_teleporter_entrance@@@@UBEPAVt_stationary_adventure_object@@ABV?$basic_string@DU?$char_traits@D@std@@V?$allocator@D@2@@std@@ABVt_qualified_adv_object_type@@@Z	unique-hierarchy-method-and-slot-cleanup		ca7e7beaf87acf9370ac0e22026d53dace0e45e7e648d508a956a5bf6934bb33	class=t_object_factory<class t_adv_teleporter_entrance>;proof=unique-hierarchy-method-and-slot-cleanup;cleanup=8;checked-rtti-and-raw-slots;vft=4d23c4,col=4f902c,offset=0,slot=0,entry=6a120
6a770	6088	?create@?$t_object_factory@Vt_adv_teleporter_exit@@@@UBEPAVt_stationary_adventure_object@@ABV?$basic_string@DU?$char_traits@D@std@@V?$allocator@D@2@@std@@ABVt_qualified_adv_object_type@@@Z	unique-hierarchy-method-and-slot-cleanup		e234fe456715897ddf9962c78de9003cfde08661ae4a52e7900393566e9113c8	class=t_object_factory<class t_adv_teleporter_exit>;proof=unique-hierarchy-method-and-slot-cleanup;cleanup=8;checked-rtti-and-raw-slots;vft=4d256c,col=4f9118,offset=0,slot=0,entry=6a770
6c080	6117	?create@?$t_object_factory@Vt_adv_temple@@@@UBEPAVt_stationary_adventure_object@@ABV?$basic_string@DU?$char_traits@D@std@@V?$allocator@D@2@@std@@ABVt_qualified_adv_object_type@@@Z	unique-hierarchy-method-and-slot-cleanup		08764a83f38b41700f5c5745661bfe65e003c276a64e30e093829593d174744d	class=t_object_factory<class t_adv_temple>;proof=unique-hierarchy-method-and-slot-cleanup;cleanup=8;checked-rtti-and-raw-slots;vft=4d2714,col=4f9204,offset=0,slot=0,entry=6c080
6c6d0	6132	?create@?$t_object_factory@Vt_adv_trading_post@@@@UBEPAVt_stationary_adventure_object@@ABV?$basic_string@DU?$char_traits@D@std@@V?$allocator@D@2@@std@@ABVt_qualified_adv_object_type@@@Z	unique-hierarchy-method-and-slot-cleanup		77d2e46450f9982d1e1dc63aa048d615bb53ec70f6ad81397b9c7c8ca8c1023f	class=t_object_factory<class t_adv_trading_post>;proof=unique-hierarchy-method-and-slot-cleanup;cleanup=8;checked-rtti-and-raw-slots;vft=4d2a5c,col=4f93d4,offset=0,slot=0,entry=6c6d0
6cb60	6145	?create@?$t_object_factory@Vt_adv_training_grounds@@@@UBEPAVt_stationary_adventure_object@@ABV?$basic_string@DU?$char_traits@D@std@@V?$allocator@D@2@@std@@ABVt_qualified_adv_object_type@@@Z	unique-hierarchy-method-and-slot-cleanup		c993fb75df7210d3459f38d9c1a633868d56e7f5bab4d58f0d01e94256454075	class=t_object_factory<class t_adv_training_grounds>;proof=unique-hierarchy-method-and-slot-cleanup;cleanup=8;checked-rtti-and-raw-slots;vft=4d2c04,col=4f94bc,offset=0,slot=0,entry=6cb60
6dc40	6165	?create@?$t_object_factory@Vt_adv_treasure_chest@@@@UBEPAVt_stationary_adventure_object@@ABV?$basic_string@DU?$char_traits@D@std@@V?$allocator@D@2@@std@@ABVt_qualified_adv_object_type@@@Z	unique-hierarchy-method-and-slot-cleanup		6452df3cb20a3b24fdc5a06191abf768a98f1967fac930400efcec9ba3dc37ee	class=t_object_factory<class t_adv_treasure_chest>;proof=unique-hierarchy-method-and-slot-cleanup;cleanup=8;checked-rtti-and-raw-slots;vft=4d2db4,col=4f95a8,offset=0,slot=0,entry=6dc40
6f310	6191	?create@?$t_object_factory@Vt_adv_tree_of_knowledge@@@@UBEPAVt_stationary_adventure_object@@ABV?$basic_string@DU?$char_traits@D@std@@V?$allocator@D@2@@std@@ABVt_qualified_adv_object_type@@@Z	unique-hierarchy-method-and-slot-cleanup		e1841be5dfced7d670fcfee32c80b61073eae6f994c2b7eef2e3d83b92896f64	class=t_object_factory<class t_adv_tree_of_knowledge>;proof=unique-hierarchy-method-and-slot-cleanup;cleanup=8;checked-rtti-and-raw-slots;vft=4d2f5c,col=4f9690,offset=0,slot=0,entry=6f310
6fe70	6258	?create@?$t_object_factory@Vt_adv_whirlpool@@@@UBEPAVt_stationary_adventure_object@@ABV?$basic_string@DU?$char_traits@D@std@@V?$allocator@D@2@@std@@ABVt_qualified_adv_object_type@@@Z	unique-hierarchy-method-and-slot-cleanup		1fe3c2146d3384a3390087bf6e39add1f6bec76f8a63ccd98291757bce95f87e	class=t_object_factory<class t_adv_whirlpool>;proof=unique-hierarchy-method-and-slot-cleanup;cleanup=8;checked-rtti-and-raw-slots;vft=4d3114,col=4f977c,offset=0,slot=0,entry=6fe70
6ff50	6262	??R?$t_bound_handler_1@Vt_adv_whirlpool@@PAVt_army@@@@UAEXPAVt_army@@@Z	unique-hierarchy-method-and-slot-cleanup		f9aecea521c957b6698d1670294b8aa8c35134ba9a6155498c2565029462a584	class=t_bound_handler_1<class t_adv_whirlpool, class t_army *>;proof=unique-hierarchy-method-and-slot-cleanup;cleanup=4;checked-rtti-and-raw-slots;vft=4d32b0,col=4f98f8,offset=8,slot=1,entry=6ff50
70f60	6304	?create@?$t_object_factory@Vt_adv_windmill@@@@UBEPAVt_stationary_adventure_object@@ABV?$basic_string@DU?$char_traits@D@std@@V?$allocator@D@2@@std@@ABVt_qualified_adv_object_type@@@Z	unique-hierarchy-method-and-slot-cleanup		f5b84ccc3112d78c56bbccfaa3a15a79aced4c2ff500870ee9fa30c27096a6b7	class=t_object_factory<class t_adv_windmill>;proof=unique-hierarchy-method-and-slot-cleanup;cleanup=8;checked-rtti-and-raw-slots;vft=4d32dc,col=4f9940,offset=0,slot=0,entry=70f60
7fbd0	6482	?calculate_town_purchase_options@t_creature_purchaser@@MAEXABVt_town@@@Z	unique-hierarchy-method-and-slot-cleanup		6223522b5bbf3513b8ac41e7e497eebebb00abec222edb86025e57aef748206b	class=t_creature_purchaser;proof=unique-hierarchy-method-and-slot-cleanup;cleanup=4;checked-rtti-and-raw-slots;vft=4d36a4,col=4f9e90,offset=0,slot=1,entry=7fbd0
80d30	6491	?execute_best_purchase@t_creature_purchaser@@MAEXPAUt_production_option@@HHH@Z	unique-hierarchy-method-and-slot-cleanup		80d51b65fea3c4d34c77ed6286c250a5b335bbb4ea7d816e7685c67d6e65c170	class=t_creature_purchaser;proof=unique-hierarchy-method-and-slot-cleanup;cleanup=16;checked-rtti-and-raw-slots;vft=4d36a4,col=4f9e90,offset=0,slot=2,entry=80d30
8e490	8036	?do_length@?$codecvt@DDH@std@@MBEHAAHPBD1I@Z	unique-hierarchy-method-and-slot-cleanup		5dc34aab87faa1e6c500b132fb0767acf776b114af32bb02b25701f0b2acb60c	class=std::codecvt<char, char, int>;proof=unique-hierarchy-method-and-slot-cleanup;cleanup=16;checked-rtti-and-raw-slots;vft=4d37e4,col=4fa350,offset=0,slot=6,entry=8e490
8e8d0	8051	??R?$t_bound_handler_1@Vt_pathfinding_subject@@ABUt_adv_map_point@@@@UAEXABUt_adv_map_point@@@Z	unique-hierarchy-method-and-slot-cleanup		120c972663e8bcbf306bb6333d60428610ebbe42d33affd1ea71b105ecc2e222	class=t_bound_handler_1<class t_pathfinding_subject, struct t_adv_map_point const &>;proof=unique-hierarchy-method-and-slot-cleanup;cleanup=4;checked-rtti-and-raw-slots;vft=4d379c,col=4fa260,offset=8,slot=1,entry=8e8d0
91600	8252	?write@t_adventure_event_base@@UAE_NAAV?$basic_streambuf@DU?$char_traits@D@std@@@std@@@Z	unique-hierarchy-method-and-slot-cleanup		fbe53d5653551654eef964819e6cabcf0c1961f1dc3dbd15ad22c20d2a53c33a	class=t_adventure_event_base;proof=unique-hierarchy-method-and-slot-cleanup;cleanup=4;checked-rtti-and-raw-slots;vft=4d3864,col=4fa514,offset=0,slot=6,entry=91600
91920	8288	?write@t_adventure_event_look_trigger@@UAE_NAAV?$basic_streambuf@DU?$char_traits@D@std@@@std@@@Z	unique-hierarchy-method-and-slot-cleanup		1b638b97f30a4f0ad8a660261111c3a5724174711be56e199ae2c5ee2d75914c	class=t_adventure_event_look_trigger;proof=unique-hierarchy-method-and-slot-cleanup;cleanup=4;checked-rtti-and-raw-slots;vft=4d38a4,col=4fa528,offset=0,slot=6,entry=91920
921a0	8302	?write@t_adventure_event_mover@@UAE_NAAV?$basic_streambuf@DU?$char_traits@D@std@@@std@@@Z	unique-hierarchy-method-and-slot-cleanup		23c1ba16df51df77f57d9a366a070ac46e2ef19177beb86ad06c64a45dcfb4c6	class=t_adventure_event_mover;proof=unique-hierarchy-method-and-slot-cleanup;cleanup=4;checked-rtti-and-raw-slots;vft=4d38dc,col=4fa58c,offset=0,slot=6,entry=921a0
92920	8324	?write@t_adventure_event_place@@UAE_NAAV?$basic_streambuf@DU?$char_traits@D@std@@@std@@@Z	unique-hierarchy-method-and-slot-cleanup		3fdf5ce905da27b75dab5b4858a2f40c2d9029dab6e31dafe1affa5a0424191b	class=t_adventure_event_place;proof=unique-hierarchy-method-and-slot-cleanup;cleanup=4;checked-rtti-and-raw-slots;vft=4d3914,col=4fa5f0,offset=0,slot=6,entry=92920
932e0	8363	?write@t_adventure_event_remove@@UAE_NAAV?$basic_streambuf@DU?$char_traits@D@std@@@std@@@Z	unique-hierarchy-method-and-slot-cleanup		d7749c66c1fc8d71bdfe094ec475a3615e482d88c204e375b92d720fef8f777f	class=t_adventure_event_remove;proof=unique-hierarchy-method-and-slot-cleanup;cleanup=4;checked-rtti-and-raw-slots;vft=4d396c,col=4fa6cc,offset=0,slot=6,entry=932e0
936a0	8373	?write@t_adventure_event_set_action@@UAE_NAAV?$basic_streambuf@DU?$char_traits@D@std@@@std@@@Z	unique-hierarchy-method-and-slot-cleanup		a8ca7c59af8b92c34c410d68fd794eee58a5fcc80ccf83bae1908afc74b3edf5	class=t_adventure_event_set_action;proof=unique-hierarchy-method-and-slot-cleanup;cleanup=4;checked-rtti-and-raw-slots;vft=4d39a4,col=4fa730,offset=0,slot=6,entry=936a0
93ab0	8385	?write@t_adventure_event_set_owner@@UAE_NAAV?$basic_streambuf@DU?$char_traits@D@std@@@std@@@Z	unique-hierarchy-method-and-slot-cleanup		876cc952b883af67f2324a69cff7d556e170bb61d31d4dbb3b462c99502786e9	class=t_adventure_event_set_owner;proof=unique-hierarchy-method-and-slot-cleanup;cleanup=4;checked-rtti-and-raw-slots;vft=4d39dc,col=4fa794,offset=0,slot=6,entry=93ab0
94010	8396	?write@t_adventure_event_spells_effect@@UAE_NAAV?$basic_streambuf@DU?$char_traits@D@std@@@std@@@Z	unique-hierarchy-method-and-slot-cleanup		227dbdf935380def2b0c3d104c88e8dd1f799fb92e7639616589a2d642ec447b	class=t_adventure_event_spells_effect;proof=unique-hierarchy-method-and-slot-cleanup;cleanup=4;checked-rtti-and-raw-slots;vft=4d3a14,col=4fa7f8,offset=0,slot=6,entry=94010
94560	8413	?write@t_adventure_event_teleport@@UAE_NAAV?$basic_streambuf@DU?$char_traits@D@std@@@std@@@Z	unique-hierarchy-method-and-slot-cleanup		f092e814dae911327d2f35fef70149aed11c7f57ec47dd399c5b2fdbb83e88a9	class=t_adventure_event_teleport;proof=unique-hierarchy-method-and-slot-cleanup;cleanup=4;checked-rtti-and-raw-slots;vft=4d3a4c,col=4fa85c,offset=0,slot=6,entry=94560
94c30	8425	?write@t_adventure_event_update@@UAE_NAAV?$basic_streambuf@DU?$char_traits@D@std@@@std@@@Z	unique-hierarchy-method-and-slot-cleanup		5f03181f9535d50f8875d01e95749e74a9b7e0eeb1d0241bf7867acb8e97d367	class=t_adventure_event_update;proof=unique-hierarchy-method-and-slot-cleanup;cleanup=4;checked-rtti-and-raw-slots;vft=4d3a84,col=4fa8c0,offset=0,slot=6,entry=94c30
95140	8435	?write@t_adventure_event_visiblity@@UAE_NAAV?$basic_streambuf@DU?$char_traits@D@std@@@std@@@Z	unique-hierarchy-method-and-slot-cleanup		5f76dfcf5b689563f86b0efdf54ff2578f08dc4e897de8366cb3859bd4e76027	class=t_adventure_event_visiblity;proof=unique-hierarchy-method-and-slot-cleanup;cleanup=4;checked-rtti-and-raw-slots;vft=4d3abc,col=4fa924,offset=0,slot=6,entry=95140
9a690	8450	?on_idle@t_day_scroll@@UAEXXZ	unique-hierarchy-method-and-slot-cleanup		2f397c240f69b497e464849a6e483b1efa793215befb71005eb7d9969d714952	class=t_day_scroll;proof=unique-hierarchy-method-and-slot-cleanup;cleanup=0;checked-rtti-and-raw-slots;vft=4d3db8,col=4fabac,offset=0,slot=1,entry=9a690
b8460	9150	??R?$t_add_handler@Ut_skill@@@@UAEXXZ	unique-hierarchy-method-and-slot-cleanup		dc0d6a3f4577976f7608376e2e433c57ac41ff0f3d6a746feba9b59957d3af22	class=t_add_handler<struct t_skill>;proof=unique-hierarchy-method-and-slot-cleanup;cleanup=0;checked-rtti-and-raw-slots;vft=4d400c,col=4fb5c4,offset=8,slot=1,entry=b8460
e2e50	11817	??Rt_exclude_nothing_func@t_map_renderer@@UBE_NH@Z	unique-hierarchy-method-and-slot-cleanup		cc0e3cb106eb0fdec984d44a563d98c3da80700bbb8d2be4e66ebd54a9919626	class=t_map_renderer::t_exclude_nothing_func;proof=unique-hierarchy-method-and-slot-cleanup;cleanup=4;checked-rtti-and-raw-slots;vft=4d42c8,col=4fc020,offset=0,slot=1,entry=e2e50
1156c0	14144	??R?$t_add_3rd_handler_2@ABUt_drag_drop_validate_data@t_creature_array_window@@AA_NV?$t_handler_2@ABUt_drag_drop_validate_data@t_creature_array_window@@AA_N@@@@UAEXABUt_drag_drop_validate_data@t_creature_array_window@@AA_N@Z	unique-hierarchy-method-and-slot-cleanup		edc013e6fcfcd8b35cdb36a0cf716c0effdcd1a0912f825adce3fcbf522cd3d1	class=t_add_3rd_handler_2<struct t_creature_array_window::t_drag_drop_validate_data const &, bool &, class t_handler_2<struct t_creature_array_window::t_drag_drop_validate_data const &, bool &>>;proof=unique-hierarchy-method-and-slot-cleanup;cleanup=8;checked-rtti-and-raw-slots;vft=4d5438,col=4fd178,offset=8,slot=1,entry=1156c0
139f80	15465	??Rt_devour_end@?%C:\work\game\attack.cpp918729843@@UAEXPAVt_window@@@Z	unique-hierarchy-method-and-slot-cleanup		50d863cee27ba5bc8c5bce41f942926d5cc45700e268e2ee178d86b7f653e0d7	class=?%C:\work\game\attack.cpp918729843::t_devour_end;proof=unique-hierarchy-method-and-slot-cleanup;cleanup=4;checked-rtti-and-raw-slots;vft=4d6b54,col=4ff15c,offset=8,slot=1,entry=139f80
139fe0	15467	??Rt_devour@?%C:\work\game\attack.cpp918729843@@UAEXXZ	unique-hierarchy-method-and-slot-cleanup		e0ec47e9985b6fd930a2ff5424b3da6cc3610147ebd27c9fe33c8a67c2d4e4ab	class=?%C:\work\game\attack.cpp918729843::t_devour;proof=unique-hierarchy-method-and-slot-cleanup;cleanup=0;checked-rtti-and-raw-slots;vft=4d6b7c,col=4ff1c0,offset=8,slot=1,entry=139fe0
13a4a0	15469	?execute@t_fire_shield@?%C:\work\game\attack.cpp918729843@@UAEXPAVt_window@@@Z	unique-hierarchy-method-and-slot-cleanup		f3ea7e2733baf7a14ea9317a4010326cd5feb344882a6045623380330b1f0df6	class=?%C:\work\game\attack.cpp918729843::t_fire_shield;proof=unique-hierarchy-method-and-slot-cleanup;cleanup=4;checked-rtti-and-raw-slots;vft=4d6b9c,col=4ff1d4,offset=0,slot=1,entry=13a4a0
13a5b0	15470	??Rt_fire_shield@?%C:\work\game\attack.cpp918729843@@UAEXXZ	unique-hierarchy-method-and-slot-cleanup		24359de3e17154fd71c98566e3bc5586c3d9d782fbda64bc08b0862a386f785d	class=?%C:\work\game\attack.cpp918729843::t_fire_shield;proof=unique-hierarchy-method-and-slot-cleanup;cleanup=0;checked-rtti-and-raw-slots;vft=4d6b90,col=4ff240,offset=8,slot=1,entry=13a5b0
13c390	15475	??Rt_vampirism@?%C:\work\game\attack.cpp918729843@@UAEXPAVt_window@@@Z	unique-hierarchy-method-and-slot-cleanup		2c6cc87ec26700b8fd652d57674559493c776f028d2e26da4b2f5f1a4cef2937	class=?%C:\work\game\attack.cpp918729843::t_vampirism;proof=unique-hierarchy-method-and-slot-cleanup;cleanup=4;checked-rtti-and-raw-slots;vft=4d6bc0,col=4ff2f0,offset=8,slot=1,entry=13c390
13cf70	15565	??R?$t_add_handler@V?$t_counted_ptr@Vt_combat_creature@@@@@@UAEXXZ	unique-hierarchy-method-and-slot-cleanup		d41dd72a307d02cbe2f8497f5d69e5a6d17d5ddaf26bb22566ffff25aee6c7ff	class=t_add_handler<class t_counted_ptr<class t_combat_creature>>;proof=unique-hierarchy-method-and-slot-cleanup;cleanup=0;checked-rtti-and-raw-slots;vft=4d6c28,col=4ff54c,offset=8,slot=1,entry=13cf70
13d1a0	15571	??R?$t_add_1st_handler_1@V?$t_counted_ptr@Vt_combat_creature@@@@H@@UAEXH@Z	unique-hierarchy-method-and-slot-cleanup		c321d7ef0f120c6d592e2d21d65274f1b4791c79acfc47b9930d81e1bea997db	class=t_add_1st_handler_1<class t_counted_ptr<class t_combat_creature>, int>;proof=unique-hierarchy-method-and-slot-cleanup;cleanup=4;checked-rtti-and-raw-slots;vft=4d6c90,col=4ff7f0,offset=8,slot=1,entry=13d1a0
150dc0	16004	??Rt_delayed_missile_impact@?%C:\work\game\battlefield.cpp19224604@@UAEXAAVt_combat_creature@@@Z	unique-hierarchy-method-and-slot-cleanup		f41900bad6e0053486c5db9a87c54fdba1641ada2760175884ea3fda9f41645f	class=?%C:\work\game\battlefield.cpp19224604::t_delayed_missile_impact;proof=unique-hierarchy-method-and-slot-cleanup;cleanup=4;checked-rtti-and-raw-slots;vft=4d70e4,col=5000b0,offset=8,slot=1,entry=150dc0
164860	17149	??R?$t_add_2nd_handler_1@AAVt_combat_creature@@Ut_map_point_3d@@@@UAEXAAVt_combat_creature@@@Z	unique-hierarchy-method-and-slot-cleanup		56addc9a90f7f6d83f525f6eedd8c0de1a430d5c72b12cb325216134479eb659	class=t_add_2nd_handler_1<class t_combat_creature &, struct t_map_point_3d>;proof=unique-hierarchy-method-and-slot-cleanup;cleanup=4;checked-rtti-and-raw-slots;vft=4d7228,col=500748,offset=8,slot=1,entry=164860
164c20	17159	??R?$t_add_2nd_handler_1@PAVt_window@@Vt_end_damage_spell_data@t_battlefield@@@@UAEXPAVt_window@@@Z	unique-hierarchy-method-and-slot-cleanup		87ddf79fc1692f8da204692bc9b7caf6aee45816913485756f011f9ac5338705	class=t_add_2nd_handler_1<class t_window *, class t_battlefield::t_end_damage_spell_data>;proof=unique-hierarchy-method-and-slot-cleanup;cleanup=4;checked-rtti-and-raw-slots;vft=4d72c4,col=500ae0,offset=8,slot=1,entry=164c20
1688c0	17602	?get_size@t_impl@t_battlefield_terrain_map@@UBEXAAH0@Z	unique-hierarchy-method-and-slot-cleanup		609cd02329e571f1d017889d4b26e3f1296459dbe2e63189b11236f66f051201	class=t_battlefield_terrain_map::t_impl;proof=unique-hierarchy-method-and-slot-cleanup;cleanup=8;checked-rtti-and-raw-slots;vft=4d74cc,col=5012b0,offset=0,slot=0,entry=1688c0
1688e0	17603	?get_row_bounds@t_impl@t_battlefield_terrain_map@@UBEXHAAH0@Z	unique-hierarchy-method-and-slot-cleanup		bf52e138137d0c81b436cc93b3823f625ae9bafe0bad2ae3669dfc818ba18327	class=t_battlefield_terrain_map::t_impl;proof=unique-hierarchy-method-and-slot-cleanup;cleanup=12;checked-rtti-and-raw-slots;vft=4d74cc,col=5012b0,offset=0,slot=1,entry=1688e0
169600	17723	?get_size@?$t_terrain_map_adapter@Vt_impl@t_battlefield_terrain_map@@@transition_calculator_details@@UBEHXZ	unique-hierarchy-method-and-slot-cleanup		478d198204dc1201c6d9430aa257ec122efc8ed3694922175dea0e90f77f6148	class=transition_calculator_details::t_terrain_map_adapter<class t_battlefield_terrain_map::t_impl>;proof=unique-hierarchy-method-and-slot-cleanup;cleanup=0;checked-rtti-and-raw-slots;vft=4d74ec,col=501384,offset=0,slot=2,entry=169600
16e9c0	17918	?write@t_beastmaster_hut@@UBE_NAAV?$basic_streambuf@DU?$char_traits@D@std@@@std@@@Z	reviewed-identity-and-runtime-vftable		878100974756606fb2787564e884b42e3432c3d5ec9324aba30be27ab278b71f	class=t_beastmaster_hut;proof=reviewed-identity-and-runtime-vftable;cleanup=4;checked-rtti-and-raw-slots;vft=4d76a4,col=5014c4,offset=0,slot=43,entry=16e9c0;manual-review=complete-R05
16ec60	17946	?create@?$t_object_factory@Vt_beastmaster_hut@@@@UBEPAVt_stationary_adventure_object@@ABV?$basic_string@DU?$char_traits@D@std@@V?$allocator@D@2@@std@@ABVt_qualified_adv_object_type@@@Z	unique-hierarchy-method-and-slot-cleanup		814e6eafca7008014301e781c5d0f0a75c999d6b17e51445e0f65045a70f734d	class=t_object_factory<class t_beastmaster_hut>;proof=unique-hierarchy-method-and-slot-cleanup;cleanup=8;checked-rtti-and-raw-slots;vft=4d75cc,col=501468,offset=0,slot=0,entry=16ec60
16edd0	17948	?create@?$t_object_factory@Vt_witch_hut@@@@UBEPAVt_stationary_adventure_object@@ABV?$basic_string@DU?$char_traits@D@std@@V?$allocator@D@2@@std@@ABVt_qualified_adv_object_type@@@Z	unique-hierarchy-method-and-slot-cleanup		98a471f43805ef1ea549ff335f9a4228d08d62b4add9bb3c1d52bd18326bf2b2	class=t_object_factory<class t_witch_hut>;proof=unique-hierarchy-method-and-slot-cleanup;cleanup=8;checked-rtti-and-raw-slots;vft=4d75d4,col=5014b0,offset=0,slot=0,entry=16edd0
189b10	18687	?gets_global_grail_effects@t_cached_grail_data_source@@UBE_NW4t_town_type@@@Z	unique-hierarchy-method-and-slot-cleanup		b7a1f7f3890168d628c3dd7b230c3e500bc5f35f1607c0c139dbf3eacae490d1	class=t_cached_grail_data_source;proof=unique-hierarchy-method-and-slot-cleanup;cleanup=4;checked-rtti-and-raw-slots;vft=4d3e5c,col=4fad20,offset=0,slot=1,entry=189b10
18c9b0	18947	?create@?$t_object_factory@Vt_campfire@@@@UBEPAVt_stationary_adventure_object@@ABV?$basic_string@DU?$char_traits@D@std@@V?$allocator@D@2@@std@@ABVt_qualified_adv_object_type@@@Z	unique-hierarchy-method-and-slot-cleanup		4a94178c5c484e390d020c6f379a383c6d313c70c529344473b0e4ec071d5b75	class=t_object_factory<class t_campfire>;proof=unique-hierarchy-method-and-slot-cleanup;cleanup=8;checked-rtti-and-raw-slots;vft=4d89dc,col=502a00,offset=0,slot=0,entry=18c9b0
199610	19138	?create@?$t_object_factory@Vt_carryover_hero@@@@UBEPAVt_stationary_adventure_object@@ABV?$basic_string@DU?$char_traits@D@std@@V?$allocator@D@2@@std@@ABVt_qualified_adv_object_type@@@Z	unique-hierarchy-method-and-slot-cleanup		92fcd16d3fca78b209453a1e11494c6c9f23fbc2891e28713df2207143658271	class=t_object_factory<class t_carryover_hero>;proof=unique-hierarchy-method-and-slot-cleanup;cleanup=8;checked-rtti-and-raw-slots;vft=4d8c2c,col=502bdc,offset=0,slot=0,entry=199610
1a2520	19283	?create@?$t_spell_factory@Vt_chain_lightning@@@@UBEPAVt_combat_spell@@AAVt_battlefield@@W4t_spell@@@Z	unique-hierarchy-method-and-slot-cleanup		66486ea5a14bc627d33e1b331d7275665a083e726eaf133f23a575cebb4d0a0a	class=t_spell_factory<class t_chain_lightning>;proof=unique-hierarchy-method-and-slot-cleanup;cleanup=8;checked-rtti-and-raw-slots;vft=4d8f3c,col=502ea8,offset=0,slot=0,entry=1a2520
1b66b0	20166	?weigh_action@t_combat_ai_melee_action@@UAEXABVt_combat_ai@@@Z	unique-hierarchy-method-and-slot-cleanup		db01d407d3d3771137c46b59ec5c5ceee9f9300c3029b0af864dbaa2b19b3184	class=t_combat_ai_melee_action;proof=unique-hierarchy-method-and-slot-cleanup;cleanup=4;checked-rtti-and-raw-slots;vft=4dc0ec,col=5039a8,offset=0,slot=2,entry=1b66b0
1b6dd0	20168	?perform_action@t_combat_ai_melee_action@@UAEXXZ	unique-hierarchy-method-and-slot-cleanup		9ed03eab3313c27e4de16985c588448b7539cc63d126da20101071a29fb435fb	class=t_combat_ai_melee_action;proof=unique-hierarchy-method-and-slot-cleanup;cleanup=0;checked-rtti-and-raw-slots;vft=4dc0ec,col=5039a8,offset=0,slot=1,entry=1b6dd0
1b88d0	20197	?perform_action@t_combat_ai_move_action@@UAEXXZ	unique-hierarchy-method-and-slot-cleanup		0ec9af8bb4ae44c4fe95f90b5c052c4d403d5e23583650cde452816b8a67f8b0	class=t_combat_ai_move_action;proof=unique-hierarchy-method-and-slot-cleanup;cleanup=0;checked-rtti-and-raw-slots;vft=4dc10c,col=5039f4,offset=0,slot=1,entry=1b88d0
1b9680	20212	?weigh_action@t_combat_ai_ranged_area_action@@UAEXABVt_combat_ai@@@Z	unique-hierarchy-method-and-slot-cleanup		110ef1b2c700e6df9fb03968badb1e8edb94e5881180eaefdb3ed1d2d2671f11	class=t_combat_ai_ranged_area_action;proof=unique-hierarchy-method-and-slot-cleanup;cleanup=4;checked-rtti-and-raw-slots;vft=4dc0ac,col=503830,offset=0,slot=2,entry=1b9680
1b97a0	20213	?perform_action@t_combat_ai_ranged_area_action@@UAEXXZ	unique-hierarchy-method-and-slot-cleanup		5d8e7aa7caa6213e903639195078cb8fe1086df248896f12f5bc54c37229eb6c	class=t_combat_ai_ranged_area_action;proof=unique-hierarchy-method-and-slot-cleanup;cleanup=0;checked-rtti-and-raw-slots;vft=4dc0ac,col=503830,offset=0,slot=1,entry=1b97a0
1b9960	20214	?weigh_action@t_combat_ai_ranged_single_action@@UAEXABVt_combat_ai@@@Z	unique-hierarchy-method-and-slot-cleanup		d3ac62b4a719b58fd135f9aad25c031b3dfb67cf764cc8d030bca244daa2f718	class=t_combat_ai_ranged_single_action;proof=unique-hierarchy-method-and-slot-cleanup;cleanup=4;checked-rtti-and-raw-slots;vft=4dc08c,col=5038c4,offset=0,slot=2,entry=1b9960
1b9a60	20216	?perform_action@t_combat_ai_ranged_single_action@@UAEXXZ	unique-hierarchy-method-and-slot-cleanup		6c65e110ebcb92c87c42fa6950f16717773c3bae47b8533fbec3eedb90229b7a	class=t_combat_ai_ranged_single_action;proof=unique-hierarchy-method-and-slot-cleanup;cleanup=0;checked-rtti-and-raw-slots;vft=4dc08c,col=5038c4,offset=0,slot=1,entry=1b9a60
1b9c30	20217	?weigh_action@t_combat_ai_spell_single_action@@UAEXABVt_combat_ai@@@Z	unique-hierarchy-method-and-slot-cleanup		637031e28564f58a9e40534141f0b4c6df71962a793b4726a124883796a72036	class=t_combat_ai_spell_single_action;proof=unique-hierarchy-method-and-slot-cleanup;cleanup=4;checked-rtti-and-raw-slots;vft=4dcbd8,col=504d0c,offset=0,slot=2,entry=1b9c30
1b9d50	20218	?perform_action@t_combat_ai_spell_single_action@@UAEXXZ	unique-hierarchy-method-and-slot-cleanup		d1c3b75b97a2db018f8d2942359036f2d36323794d6e88bd9d1abb66b443d514	class=t_combat_ai_spell_single_action;proof=unique-hierarchy-method-and-slot-cleanup;cleanup=0;checked-rtti-and-raw-slots;vft=4dcbd8,col=504d0c,offset=0,slot=1,entry=1b9d50
1bac30	20247	?read@t_combat_context_army@@UAE_NAAV?$basic_streambuf@DU?$char_traits@D@std@@@std@@AAVt_adventure_map@@@Z	unique-hierarchy-method-and-slot-cleanup		93668176c87c1c914099677575e6d424ea7e29dab52ee5d4d38d2268aa7262dc	class=t_combat_context_army;proof=unique-hierarchy-method-and-slot-cleanup;cleanup=8;checked-rtti-and-raw-slots;vft=4dc15c,col=503a5c,offset=0,slot=4,entry=1bac30
1cab60	20463	?execute@t_pain_mirror_action@?%C:\work\game\combat_creature.cpp2283518238@@UAEXPAVt_window@@@Z	unique-hierarchy-method-and-slot-cleanup		61b9fc8d975a9c2370297653d4d2dc8aab6e5383e618ae14c7ecfbdce66a764d	class=?%C:\work\game\combat_creature.cpp2283518238::t_pain_mirror_action;proof=unique-hierarchy-method-and-slot-cleanup;cleanup=4;checked-rtti-and-raw-slots;vft=4dc3fc,col=503ca4,offset=0,slot=1,entry=1cab60
1caca0	20464	??Rt_pain_mirror_action@?%C:\work\game\combat_creature.cpp2283518238@@UAEXXZ	unique-hierarchy-method-and-slot-cleanup		ecd14a0430ae9b8a2c5760f41513e4d7657a4c88699273cb9cfb3c173d45f99a	class=?%C:\work\game\combat_creature.cpp2283518238::t_pain_mirror_action;proof=unique-hierarchy-method-and-slot-cleanup;cleanup=0;checked-rtti-and-raw-slots;vft=4dc3f0,col=503cf8,offset=8,slot=1,entry=1caca0
1cb840	20624	??R?$t_bound_handler_2@Vt_combat_creature@@PAVt_window@@H@@UAEXPAVt_window@@H@Z	unique-hierarchy-method-and-slot-cleanup		1bda5d51e4da64bacaf2df3bb79ac01abcc51ceb89420eb19df71fecec366f98	class=t_bound_handler_2<class t_combat_creature, class t_window *, int>;proof=unique-hierarchy-method-and-slot-cleanup;cleanup=8;checked-rtti-and-raw-slots;vft=4dc41c,col=503e34,offset=8,slot=1,entry=1cb840
1cc000	20676	??Rt_combat_flinch@@UAEXAAVt_combat_creature@@@Z	unique-hierarchy-method-and-slot-cleanup		ae73a94a5192cc680f72766d6794c5f1a827bae43042b4ef144cc30ed21f776e	class=t_combat_flinch;proof=unique-hierarchy-method-and-slot-cleanup;cleanup=4;checked-rtti-and-raw-slots;vft=4d7118,col=5001a0,offset=8,slot=1,entry=1cc000
1da050	21407	?generate_paths@t_combat_obstruction_finder@@MAEXXZ	unique-hierarchy-method-and-slot-cleanup		443a0aeb4b014ba8780ad7c3ab708d1e00408856a3a0f776dd1b1df26d002689	class=t_combat_obstruction_finder;proof=unique-hierarchy-method-and-slot-cleanup;cleanup=0;checked-rtti-and-raw-slots;vft=4dc954,col=504720,offset=0,slot=0,entry=1da050
1dba70	21453	?generate_paths@t_combat_path_finder@@MAEXXZ	unique-hierarchy-method-and-slot-cleanup		d9de89a59626c4a12f44553cd6401ec302579a671a4d5c462ba556a8fa3a5e5b	class=t_combat_path_finder;proof=unique-hierarchy-method-and-slot-cleanup;cleanup=0;checked-rtti-and-raw-slots;vft=4dc97c,col=5047b0,offset=0,slot=0,entry=1dba70
1de070	21582	?create@?$t_combat_object_factory@Vt_castle_gate@@@@UBEPAVt_combat_saveable_object@@AAVt_battlefield@@@Z	unique-hierarchy-method-and-slot-cleanup		fd7bfa9000d7e9b39d38aca4a1e34c5e359216a899d1be0ea4e8bfba99848024	class=t_combat_object_factory<class t_castle_gate>;proof=unique-hierarchy-method-and-slot-cleanup;cleanup=4;checked-rtti-and-raw-slots;vft=4dc99c,col=50483c,offset=0,slot=0,entry=1de070
1de0e0	21584	?create@?$t_combat_object_factory@Vt_combat_creature@@@@UBEPAVt_combat_saveable_object@@AAVt_battlefield@@@Z	unique-hierarchy-method-and-slot-cleanup		f0887b53d8759b8fbc32743b2314802f0868612fc28b05cdd34a1554134e24ed	class=t_combat_object_factory<class t_combat_creature>;proof=unique-hierarchy-method-and-slot-cleanup;cleanup=4;checked-rtti-and-raw-slots;vft=4dc9a4,col=504884,offset=0,slot=0,entry=1de0e0
1de150	21586	?create@?$t_combat_object_factory@Vt_combat_label@@@@UBEPAVt_combat_saveable_object@@AAVt_battlefield@@@Z	unique-hierarchy-method-and-slot-cleanup		d22d953cea0db86145cf579d208fff019d0b4eee0d048544ca92028de5979a3b	class=t_combat_object_factory<class t_combat_label>;proof=unique-hierarchy-method-and-slot-cleanup;cleanup=4;checked-rtti-and-raw-slots;vft=4dc9ac,col=5048cc,offset=0,slot=0,entry=1de150
1de1c0	21588	?create@?$t_combat_object_factory@Vt_compound_object@@@@UBEPAVt_combat_saveable_object@@AAVt_battlefield@@@Z	unique-hierarchy-method-and-slot-cleanup		e6b175eb1bd19f7e3d1f31a286487746148f8e218e38307996c733476a452e09	class=t_combat_object_factory<class t_compound_object>;proof=unique-hierarchy-method-and-slot-cleanup;cleanup=4;checked-rtti-and-raw-slots;vft=4dc9b4,col=504914,offset=0,slot=0,entry=1de1c0
1de220	21590	?create@?$t_combat_object_factory@Vt_quicksand@@@@UBEPAVt_combat_saveable_object@@AAVt_battlefield@@@Z	unique-hierarchy-method-and-slot-cleanup		b13b7342142c58b72b07f2080efc83c579c2d24ae482abb3d7faf90528ad3ba5	class=t_combat_object_factory<class t_quicksand>;proof=unique-hierarchy-method-and-slot-cleanup;cleanup=4;checked-rtti-and-raw-slots;vft=4dc9bc,col=50495c,offset=0,slot=0,entry=1de220
1de290	21592	?create@?$t_combat_object_factory@Vt_stationary_combat_object@@@@UBEPAVt_combat_saveable_object@@AAVt_battlefield@@@Z	unique-hierarchy-method-and-slot-cleanup		bda303fd083a4ab44ab216b95f04933468ce9c8e0201a9c9e6d8f5a3cfb6e833	class=t_combat_object_factory<class t_stationary_combat_object>;proof=unique-hierarchy-method-and-slot-cleanup;cleanup=4;checked-rtti-and-raw-slots;vft=4dc9c4,col=5049a4,offset=0,slot=0,entry=1de290
1e3b30	21718	?create@t_incapacitation_factory@?%C:\work\game\combat_spell_single_target.cpp3120931090@@UBEPAVt_combat_spell@@AAVt_battlefield@@W4t_spell@@@Z	unique-hierarchy-method-and-slot-cleanup		2efd9f0ffbd8f9739f98f97c51d7f0e9a10ec4e7b1d4c867a6276658d048f7ba	class=?%C:\work\game\combat_spell_single_target.cpp3120931090::t_incapacitation_factory;proof=unique-hierarchy-method-and-slot-cleanup;cleanup=8;checked-rtti-and-raw-slots;vft=4dcc88,col=505060,offset=0,slot=0,entry=1e3b30
1ec510	21835	?create@t_ward_factory@?%C:\work\game\combat_spell_single_target.cpp3120931090@@UBEPAVt_combat_spell@@AAVt_battlefield@@W4t_spell@@@Z	unique-hierarchy-method-and-slot-cleanup		a26d0093f3c59413468d4b5a7a1a9560abb13f21d5f456e3445530da056bd15a	class=?%C:\work\game\combat_spell_single_target.cpp3120931090::t_ward_factory;proof=unique-hierarchy-method-and-slot-cleanup;cleanup=8;checked-rtti-and-raw-slots;vft=4dd068,col=505f8c,offset=0,slot=0,entry=1ec510
1ece40	21959	?create@?$t_spell_factory@Vt_simple_single_target_spell@?%C:\work\game\combat_spell_single_target.cpp3120931090@@@@UBEPAVt_combat_spell@@AAVt_battlefield@@W4t_spell@@@Z	unique-hierarchy-method-and-slot-cleanup		6617f4e894cb976bdc8c020fcffb6614c3d3a39c549d89189bb3ed06ce91d945	class=t_spell_factory<class ?%C:\work\game\combat_spell_single_target.cpp3120931090::t_simple_single_target_spell>;proof=unique-hierarchy-method-and-slot-cleanup;cleanup=8;checked-rtti-and-raw-slots;vft=4dcc40,col=504dd8,offset=0,slot=0,entry=1ece40
1ecec0	21961	?create@?$t_spell_factory@Vt_spell_aging@?%C:\work\game\combat_spell_single_target.cpp3120931090@@@@UBEPAVt_combat_spell@@AAVt_battlefield@@W4t_spell@@@Z	unique-hierarchy-method-and-slot-cleanup		64581d07290bb62530389a7941170cb2d77551a3e886dc58931630bf2f4a370e	class=t_spell_factory<class ?%C:\work\game\combat_spell_single_target.cpp3120931090::t_spell_aging>;proof=unique-hierarchy-method-and-slot-cleanup;cleanup=8;checked-rtti-and-raw-slots;vft=4dcc48,col=504e20,offset=0,slot=0,entry=1ecec0
1ed000	21967	?create@?$t_spell_factory@Vt_spell_anti_magic@?%C:\work\game\combat_spell_single_target.cpp3120931090@@@@UBEPAVt_combat_spell@@AAVt_battlefield@@W4t_spell@@@Z	unique-hierarchy-method-and-slot-cleanup		dbe9e3daff02f4f5378e8a71b3550ab4b3f589aa2bf6a5b8a43af83ee890ffa7	class=t_spell_factory<class ?%C:\work\game\combat_spell_single_target.cpp3120931090::t_spell_anti_magic>;proof=unique-hierarchy-method-and-slot-cleanup;cleanup=8;checked-rtti-and-raw-slots;vft=4dcc50,col=504e68,offset=0,slot=0,entry=1ed000
1ed140	21973	?create@?$t_spell_factory@Vt_spell_berserk@?%C:\work\game\combat_spell_single_target.cpp3120931090@@@@UBEPAVt_combat_spell@@AAVt_battlefield@@W4t_spell@@@Z	unique-hierarchy-method-and-slot-cleanup		e8bb9ef6cce7102e903b1444074994853f56626c3a8f00936d1a9cc1fa8ea144	class=t_spell_factory<class ?%C:\work\game\combat_spell_single_target.cpp3120931090::t_spell_berserk>;proof=unique-hierarchy-method-and-slot-cleanup;cleanup=8;checked-rtti-and-raw-slots;vft=4dcc58,col=504eb0,offset=0,slot=0,entry=1ed140
1ed280	21979	?create@?$t_spell_factory@Vt_spell_bless@?%C:\work\game\combat_spell_single_target.cpp3120931090@@@@UBEPAVt_combat_spell@@AAVt_battlefield@@W4t_spell@@@Z	unique-hierarchy-method-and-slot-cleanup		cecc2d30500a4bf4e87b7f0d09f5c12c1b15f22219d62509a4bddcdf583d65cc	class=t_spell_factory<class ?%C:\work\game\combat_spell_single_target.cpp3120931090::t_spell_bless>;proof=unique-hierarchy-method-and-slot-cleanup;cleanup=8;checked-rtti-and-raw-slots;vft=4dcc60,col=504ef8,offset=0,slot=0,entry=1ed280
1ed3c0	21985	?create@?$t_spell_factory@Vt_spell_blind@?%C:\work\game\combat_spell_single_target.cpp3120931090@@@@UBEPAVt_combat_spell@@AAVt_battlefield@@W4t_spell@@@Z	unique-hierarchy-method-and-slot-cleanup		7b784129d73d022939715719d0472b6f2eb4703777104fd5545b525503fb6da4	class=t_spell_factory<class ?%C:\work\game\combat_spell_single_target.cpp3120931090::t_spell_blind>;proof=unique-hierarchy-method-and-slot-cleanup;cleanup=8;checked-rtti-and-raw-slots;vft=4dcc68,col=504f40,offset=0,slot=0,entry=1ed3c0
1ed500	21991	?create@?$t_spell_factory@Vt_spell_bloodlust@?%C:\work\game\combat_spell_single_target.cpp3120931090@@@@UBEPAVt_combat_spell@@AAVt_battlefield@@W4t_spell@@@Z	unique-hierarchy-method-and-slot-cleanup		7f4ea465835fab0174218c373750e930c0df0e9cd0f322ebe8925219ff9eaddb	class=t_spell_factory<class ?%C:\work\game\combat_spell_single_target.cpp3120931090::t_spell_bloodlust>;proof=unique-hierarchy-method-and-slot-cleanup;cleanup=8;checked-rtti-and-raw-slots;vft=4dcc70,col=504f88,offset=0,slot=0,entry=1ed500
1ed640	21997	?create@?$t_spell_factory@Vt_spell_blur@?%C:\work\game\combat_spell_single_target.cpp3120931090@@@@UBEPAVt_combat_spell@@AAVt_battlefield@@W4t_spell@@@Z	unique-hierarchy-method-and-slot-cleanup		a5fcdd693fd0d2bbe9689e89d2dc4e477946802d5fdeb52c69b5751445d1e047	class=t_spell_factory<class ?%C:\work\game\combat_spell_single_target.cpp3120931090::t_spell_blur>;proof=unique-hierarchy-method-and-slot-cleanup;cleanup=8;checked-rtti-and-raw-slots;vft=4dcc78,col=504fd0,offset=0,slot=0,entry=1ed640
1ed780	22003	?create@?$t_spell_factory@Vt_spell_cancellation@?%C:\work\game\combat_spell_single_target.cpp3120931090@@@@UBEPAVt_combat_spell@@AAVt_battlefield@@W4t_spell@@@Z	unique-hierarchy-method-and-slot-cleanup		566bed21c1aaf49738f4c1ed4abf4e08288847b825b0fcffd6771d532d08a8f7	class=t_spell_factory<class ?%C:\work\game\combat_spell_single_target.cpp3120931090::t_spell_cancellation>;proof=unique-hierarchy-method-and-slot-cleanup;cleanup=8;checked-rtti-and-raw-slots;vft=4dcc80,col=505018,offset=0,slot=0,entry=1ed780
1ed8c0	22009	?create@?$t_spell_factory@Vt_spell_song_of_peace@?%C:\work\game\combat_spell_single_target.cpp3120931090@@@@UBEPAVt_combat_spell@@AAVt_battlefield@@W4t_spell@@@Z	unique-hierarchy-method-and-slot-cleanup		cd5f407588931b6d908396bf5dde0ec79b083b4cf1e24bf3a95c0afbac23d2a2	class=t_spell_factory<class ?%C:\work\game\combat_spell_single_target.cpp3120931090::t_spell_song_of_peace>;proof=unique-hierarchy-method-and-slot-cleanup;cleanup=8;checked-rtti-and-raw-slots;vft=4dccd8,col=5050f8,offset=0,slot=0,entry=1ed8c0
1eda00	22019	?create@?$t_spell_factory@Vt_spell_cowardice@?%C:\work\game\combat_spell_single_target.cpp3120931090@@@@UBEPAVt_combat_spell@@AAVt_battlefield@@W4t_spell@@@Z	unique-hierarchy-method-and-slot-cleanup		28f5af79e8274e8a316111aa114e8c64e8753d8551246a00924e0f26a61e0cc2	class=t_spell_factory<class ?%C:\work\game\combat_spell_single_target.cpp3120931090::t_spell_cowardice>;proof=unique-hierarchy-method-and-slot-cleanup;cleanup=8;checked-rtti-and-raw-slots;vft=4dcce0,col=505140,offset=0,slot=0,entry=1eda00
1edb40	22025	?create@?$t_spell_factory@Vt_spell_curse@?%C:\work\game\combat_spell_single_target.cpp3120931090@@@@UBEPAVt_combat_spell@@AAVt_battlefield@@W4t_spell@@@Z	unique-hierarchy-method-and-slot-cleanup		f18b5bf11088618d6612ea6e6e4365cd911d172f590c34c9bd88c866fb08255c	class=t_spell_factory<class ?%C:\work\game\combat_spell_single_target.cpp3120931090::t_spell_curse>;proof=unique-hierarchy-method-and-slot-cleanup;cleanup=8;checked-rtti-and-raw-slots;vft=4dccf4,col=505188,offset=0,slot=0,entry=1edb40
1edc80	22031	?create@?$t_spell_factory@Vt_spell_dispel@?%C:\work\game\combat_spell_single_target.cpp3120931090@@@@UBEPAVt_combat_spell@@AAVt_battlefield@@W4t_spell@@@Z	unique-hierarchy-method-and-slot-cleanup		9d28425ec48847be1d0abb80afa38a229bddc09da3994add0333eebd5193abd7	class=t_spell_factory<class ?%C:\work\game\combat_spell_single_target.cpp3120931090::t_spell_dispel>;proof=unique-hierarchy-method-and-slot-cleanup;cleanup=8;checked-rtti-and-raw-slots;vft=4dccfc,col=5051d0,offset=0,slot=0,entry=1edc80
1eddc0	22037	?create@?$t_spell_factory@Vt_spell_dragon_strength@?%C:\work\game\combat_spell_single_target.cpp3120931090@@@@UBEPAVt_combat_spell@@AAVt_battlefield@@W4t_spell@@@Z	unique-hierarchy-method-and-slot-cleanup		119b18fa805cb9a37d03963f2844a31d0433168cdf50185fa91131d8ef8c4d2f	class=t_spell_factory<class ?%C:\work\game\combat_spell_single_target.cpp3120931090::t_spell_dragon_strength>;proof=unique-hierarchy-method-and-slot-cleanup;cleanup=8;checked-rtti-and-raw-slots;vft=4dcd04,col=505218,offset=0,slot=0,entry=1eddc0
1edf10	22047	?create@?$t_spell_factory@Vt_spell_giant_strength@?%C:\work\game\combat_spell_single_target.cpp3120931090@@@@UBEPAVt_combat_spell@@AAVt_battlefield@@W4t_spell@@@Z	unique-hierarchy-method-and-slot-cleanup		4cd0891b55eb609a6d3f16dfa5d720b18533657c9937e56a36849f7874236b2e	class=t_spell_factory<class ?%C:\work\game\combat_spell_single_target.cpp3120931090::t_spell_giant_strength>;proof=unique-hierarchy-method-and-slot-cleanup;cleanup=8;checked-rtti-and-raw-slots;vft=4dcd0c,col=505260,offset=0,slot=0,entry=1edf10
1ee060	22053	?create@?$t_spell_factory@Vt_spell_toughness@?%C:\work\game\combat_spell_single_target.cpp3120931090@@@@UBEPAVt_combat_spell@@AAVt_battlefield@@W4t_spell@@@Z	unique-hierarchy-method-and-slot-cleanup		5055acd4381bae2b705b53165c044fa6d11616f31bcb16e37383f8e86fe18f92	class=t_spell_factory<class ?%C:\work\game\combat_spell_single_target.cpp3120931090::t_spell_toughness>;proof=unique-hierarchy-method-and-slot-cleanup;cleanup=8;checked-rtti-and-raw-slots;vft=4dcd14,col=5052a8,offset=0,slot=0,entry=1ee060
1ee1b0	22059	?create@?$t_spell_factory@Vt_spell_weakness@?%C:\work\game\combat_spell_single_target.cpp3120931090@@@@UBEPAVt_combat_spell@@AAVt_battlefield@@W4t_spell@@@Z	unique-hierarchy-method-and-slot-cleanup		9c233c12f3e14d0a8305ff1145eef2cabd0480823ab243aa9b04f4ffca70a0fb	class=t_spell_factory<class ?%C:\work\game\combat_spell_single_target.cpp3120931090::t_spell_weakness>;proof=unique-hierarchy-method-and-slot-cleanup;cleanup=8;checked-rtti-and-raw-slots;vft=4dcd1c,col=5052f0,offset=0,slot=0,entry=1ee1b0
1ee2f0	22065	?create@?$t_spell_factory@Vt_spell_fear@?%C:\work\game\combat_spell_single_target.cpp3120931090@@@@UBEPAVt_combat_spell@@AAVt_battlefield@@W4t_spell@@@Z	unique-hierarchy-method-and-slot-cleanup		67fdce0bc659f7a98b113b2a837efc5b48353919981702151dfaf3ad4f802789	class=t_spell_factory<class ?%C:\work\game\combat_spell_single_target.cpp3120931090::t_spell_fear>;proof=unique-hierarchy-method-and-slot-cleanup;cleanup=8;checked-rtti-and-raw-slots;vft=4dcd34,col=505338,offset=0,slot=0,entry=1ee2f0
1ee430	22075	?create@?$t_spell_factory@Vt_spell_freezing_attack@?%C:\work\game\combat_spell_single_target.cpp3120931090@@@@UBEPAVt_combat_spell@@AAVt_battlefield@@W4t_spell@@@Z	unique-hierarchy-method-and-slot-cleanup		3eb2395fbb217011eb6a41f9d280435ae1695982bfdcccc93d81c41546bfba8c	class=t_spell_factory<class ?%C:\work\game\combat_spell_single_target.cpp3120931090::t_spell_freezing_attack>;proof=unique-hierarchy-method-and-slot-cleanup;cleanup=8;checked-rtti-and-raw-slots;vft=4dcd3c,col=505380,offset=0,slot=0,entry=1ee430
1ee570	22081	?create@?$t_spell_factory@Vt_spell_fire_aura@?%C:\work\game\combat_spell_single_target.cpp3120931090@@@@UBEPAVt_combat_spell@@AAVt_battlefield@@W4t_spell@@@Z	unique-hierarchy-method-and-slot-cleanup		cace41204a86132480084d3624c59f93425181d9444162955571001e6e8a9b4d	class=t_spell_factory<class ?%C:\work\game\combat_spell_single_target.cpp3120931090::t_spell_fire_aura>;proof=unique-hierarchy-method-and-slot-cleanup;cleanup=8;checked-rtti-and-raw-slots;vft=4dcd4c,col=5053c8,offset=0,slot=0,entry=1ee570
1ee6b0	22091	?create@?$t_spell_factory@Vt_spell_first_strike@?%C:\work\game\combat_spell_single_target.cpp3120931090@@@@UBEPAVt_combat_spell@@AAVt_battlefield@@W4t_spell@@@Z	unique-hierarchy-method-and-slot-cleanup		2b761af9a63f1e461de78dd581bbdf2872ed6c67be3bddcf2e9ae8500ae70eed	class=t_spell_factory<class ?%C:\work\game\combat_spell_single_target.cpp3120931090::t_spell_first_strike>;proof=unique-hierarchy-method-and-slot-cleanup;cleanup=8;checked-rtti-and-raw-slots;vft=4dcd54,col=505410,offset=0,slot=0,entry=1ee6b0
1ee7f0	22097	?create@?$t_spell_factory@Vt_spell_flight@?%C:\work\game\combat_spell_single_target.cpp3120931090@@@@UBEPAVt_combat_spell@@AAVt_battlefield@@W4t_spell@@@Z	unique-hierarchy-method-and-slot-cleanup		1c26879015929d20feb75336799c7af13b8a387ee10ec6d80f35b3115e7f131f	class=t_spell_factory<class ?%C:\work\game\combat_spell_single_target.cpp3120931090::t_spell_flight>;proof=unique-hierarchy-method-and-slot-cleanup;cleanup=8;checked-rtti-and-raw-slots;vft=4dcd5c,col=505458,offset=0,slot=0,entry=1ee7f0
1ee930	22103	?create@?$t_spell_factory@Vt_spell_forgetfulness@?%C:\work\game\combat_spell_single_target.cpp3120931090@@@@UBEPAVt_combat_spell@@AAVt_battlefield@@W4t_spell@@@Z	unique-hierarchy-method-and-slot-cleanup		0b6d06a09bb736984152b0c885c56c0dfbb5d762480151bf483c26b4dc4de209	class=t_spell_factory<class ?%C:\work\game\combat_spell_single_target.cpp3120931090::t_spell_forgetfulness>;proof=unique-hierarchy-method-and-slot-cleanup;cleanup=8;checked-rtti-and-raw-slots;vft=4dcd64,col=5054a0,offset=0,slot=0,entry=1ee930
1eea70	22109	?create@?$t_spell_factory@Vt_spell_fortune@?%C:\work\game\combat_spell_single_target.cpp3120931090@@@@UBEPAVt_combat_spell@@AAVt_battlefield@@W4t_spell@@@Z	unique-hierarchy-method-and-slot-cleanup		47b3db18df1ed61b42579c676963935c4d333109185d6187370a14b254c7b93d	class=t_spell_factory<class ?%C:\work\game\combat_spell_single_target.cpp3120931090::t_spell_fortune>;proof=unique-hierarchy-method-and-slot-cleanup;cleanup=8;checked-rtti-and-raw-slots;vft=4dcd6c,col=5054e8,offset=0,slot=0,entry=1eea70
1eebb0	22115	?create@?$t_spell_factory@Vt_spell_misfortune@?%C:\work\game\combat_spell_single_target.cpp3120931090@@@@UBEPAVt_combat_spell@@AAVt_battlefield@@W4t_spell@@@Z	unique-hierarchy-method-and-slot-cleanup		9f352ef3ca839925f41d62b556b7dbdea8d9336af68157843301476b2888380a	class=t_spell_factory<class ?%C:\work\game\combat_spell_single_target.cpp3120931090::t_spell_misfortune>;proof=unique-hierarchy-method-and-slot-cleanup;cleanup=8;checked-rtti-and-raw-slots;vft=4dcd74,col=505530,offset=0,slot=0,entry=1eebb0
1eecf0	22121	?create@?$t_spell_factory@Vt_spell_mirth@?%C:\work\game\combat_spell_single_target.cpp3120931090@@@@UBEPAVt_combat_spell@@AAVt_battlefield@@W4t_spell@@@Z	unique-hierarchy-method-and-slot-cleanup		19e27a128d7cdac5df7a87a6f9dc0e80bf572babffb61afc82a49961f24f1be1	class=t_spell_factory<class ?%C:\work\game\combat_spell_single_target.cpp3120931090::t_spell_mirth>;proof=unique-hierarchy-method-and-slot-cleanup;cleanup=8;checked-rtti-and-raw-slots;vft=4dcd7c,col=505578,offset=0,slot=0,entry=1eecf0
1eee30	22127	?create@?$t_spell_factory@Vt_spell_sorrow@?%C:\work\game\combat_spell_single_target.cpp3120931090@@@@UBEPAVt_combat_spell@@AAVt_battlefield@@W4t_spell@@@Z	unique-hierarchy-method-and-slot-cleanup		59e6643bbb5dab89b6ce4ef28ba75a55ae2d490a265cff23ded2ccf00cc16a41	class=t_spell_factory<class ?%C:\work\game\combat_spell_single_target.cpp3120931090::t_spell_sorrow>;proof=unique-hierarchy-method-and-slot-cleanup;cleanup=8;checked-rtti-and-raw-slots;vft=4dcd84,col=5055c0,offset=0,slot=0,entry=1eee30
1eef70	22133	?create@?$t_spell_factory@Vt_spell_disrupting_ray@?%C:\work\game\combat_spell_single_target.cpp3120931090@@@@UBEPAVt_combat_spell@@AAVt_battlefield@@W4t_spell@@@Z	unique-hierarchy-method-and-slot-cleanup		1c8787e786678fbdc2a6f7b76f06c1442a19e3687dc1a80cde8c235a7a71c0bc	class=t_spell_factory<class ?%C:\work\game\combat_spell_single_target.cpp3120931090::t_spell_disrupting_ray>;proof=unique-hierarchy-method-and-slot-cleanup;cleanup=8;checked-rtti-and-raw-slots;vft=4dcd8c,col=505608,offset=0,slot=0,entry=1eef70
1ef0b0	22139	?create@?$t_spell_factory@Vt_spell_guardian_angel@?%C:\work\game\combat_spell_single_target.cpp3120931090@@@@UBEPAVt_combat_spell@@AAVt_battlefield@@W4t_spell@@@Z	unique-hierarchy-method-and-slot-cleanup		6a33af091dd37a845e12a76b9ba8956ba09cdf092b58d8275b55d0a2b5cf86d0	class=t_spell_factory<class ?%C:\work\game\combat_spell_single_target.cpp3120931090::t_spell_guardian_angel>;proof=unique-hierarchy-method-and-slot-cleanup;cleanup=8;checked-rtti-and-raw-slots;vft=4dcd94,col=505650,offset=0,slot=0,entry=1ef0b0
1ef1f0	22145	?create@?$t_spell_factory@Vt_spell_haste@?%C:\work\game\combat_spell_single_target.cpp3120931090@@@@UBEPAVt_combat_spell@@AAVt_battlefield@@W4t_spell@@@Z	unique-hierarchy-method-and-slot-cleanup		c01036dadc8eafb59f1c5f648e70d84a46943623d1d2a1704eff4966cd602af8	class=t_spell_factory<class ?%C:\work\game\combat_spell_single_target.cpp3120931090::t_spell_haste>;proof=unique-hierarchy-method-and-slot-cleanup;cleanup=8;checked-rtti-and-raw-slots;vft=4dcd9c,col=505698,offset=0,slot=0,entry=1ef1f0
1ef330	22151	?create@?$t_spell_factory@Vt_spell_slow@?%C:\work\game\combat_spell_single_target.cpp3120931090@@@@UBEPAVt_combat_spell@@AAVt_battlefield@@W4t_spell@@@Z	unique-hierarchy-method-and-slot-cleanup		8c2ab268431597f84d16936501975753ad83771383b7e4c90268221451835a63	class=t_spell_factory<class ?%C:\work\game\combat_spell_single_target.cpp3120931090::t_spell_slow>;proof=unique-hierarchy-method-and-slot-cleanup;cleanup=8;checked-rtti-and-raw-slots;vft=4dcda4,col=5056e0,offset=0,slot=0,entry=1ef330
1ef470	22157	?create@?$t_spell_factory@Vt_spell_hypnotize@?%C:\work\game\combat_spell_single_target.cpp3120931090@@@@UBEPAVt_combat_spell@@AAVt_battlefield@@W4t_spell@@@Z	unique-hierarchy-method-and-slot-cleanup		d4caf9cf000519c24d8aab65a250f3c44f1391009305cb5b6704ec22e5e5b2fd	class=t_spell_factory<class ?%C:\work\game\combat_spell_single_target.cpp3120931090::t_spell_hypnotize>;proof=unique-hierarchy-method-and-slot-cleanup;cleanup=8;checked-rtti-and-raw-slots;vft=4dcdb4,col=505728,offset=0,slot=0,entry=1ef470
1ef5b0	22163	?create@?$t_spell_factory@Vt_missile_spell@?%C:\work\game\combat_spell_single_target.cpp3120931090@@@@UBEPAVt_combat_spell@@AAVt_battlefield@@W4t_spell@@@Z	unique-hierarchy-method-and-slot-cleanup		8df4134ec267708e0098baca316a927a1f3b803316bc2958ecc705c8044def6f	class=t_spell_factory<class ?%C:\work\game\combat_spell_single_target.cpp3120931090::t_missile_spell>;proof=unique-hierarchy-method-and-slot-cleanup;cleanup=8;checked-rtti-and-raw-slots;vft=4dcdc4,col=505770,offset=0,slot=0,entry=1ef5b0
1ef8b0	22169	?create@?$t_spell_factory@Vt_potion_missile_spell@?%C:\work\game\combat_spell_single_target.cpp3120931090@@@@UBEPAVt_combat_spell@@AAVt_battlefield@@W4t_spell@@@Z	unique-hierarchy-method-and-slot-cleanup		e59bf1e06cf98907388b59c578966682d9673809e2792e1066df87c00cee76e9	class=t_spell_factory<class ?%C:\work\game\combat_spell_single_target.cpp3120931090::t_potion_missile_spell>;proof=unique-hierarchy-method-and-slot-cleanup;cleanup=8;checked-rtti-and-raw-slots;vft=4dcdcc,col=5057b8,offset=0,slot=0,entry=1ef8b0
1ef9f0	22175	?create@?$t_spell_factory@Vt_damage_spell@?%C:\work\game\combat_spell_single_target.cpp3120931090@@@@UBEPAVt_combat_spell@@AAVt_battlefield@@W4t_spell@@@Z	unique-hierarchy-method-and-slot-cleanup		e8d7d74c3e619b1221c0730d54984f400e9ece422b98b91cc74152b4b47ddfe1	class=t_spell_factory<class ?%C:\work\game\combat_spell_single_target.cpp3120931090::t_damage_spell>;proof=unique-hierarchy-method-and-slot-cleanup;cleanup=8;checked-rtti-and-raw-slots;vft=4dcdd4,col=505800,offset=0,slot=0,entry=1ef9f0
1efa70	22177	?create@?$t_spell_factory@Vt_banish@?%C:\work\game\combat_spell_single_target.cpp3120931090@@@@UBEPAVt_combat_spell@@AAVt_battlefield@@W4t_spell@@@Z	unique-hierarchy-method-and-slot-cleanup		3b8c957e80598402ccda4cd01549afc1b6a035eb141fd832754643246062d6e9	class=t_spell_factory<class ?%C:\work\game\combat_spell_single_target.cpp3120931090::t_banish>;proof=unique-hierarchy-method-and-slot-cleanup;cleanup=8;checked-rtti-and-raw-slots;vft=4dce20,col=505898,offset=0,slot=0,entry=1efa70
1efaf0	22179	?create@?$t_spell_factory@Vt_poison_spell@?%C:\work\game\combat_spell_single_target.cpp3120931090@@@@UBEPAVt_combat_spell@@AAVt_battlefield@@W4t_spell@@@Z	unique-hierarchy-method-and-slot-cleanup		dd7881ad9ee11801c0619b9a7711cf642b7cef265da66ebf5c196da94504f7f2	class=t_spell_factory<class ?%C:\work\game\combat_spell_single_target.cpp3120931090::t_poison_spell>;proof=unique-hierarchy-method-and-slot-cleanup;cleanup=8;checked-rtti-and-raw-slots;vft=4dce70,col=505930,offset=0,slot=0,entry=1efaf0
1efc30	22185	?create@?$t_spell_factory@Vt_spell_precision@?%C:\work\game\combat_spell_single_target.cpp3120931090@@@@UBEPAVt_combat_spell@@AAVt_battlefield@@W4t_spell@@@Z	unique-hierarchy-method-and-slot-cleanup		f302f88f98f855132474dd46f33e62d3c197b9624da329de2a6d3868193c2488	class=t_spell_factory<class ?%C:\work\game\combat_spell_single_target.cpp3120931090::t_spell_precision>;proof=unique-hierarchy-method-and-slot-cleanup;cleanup=8;checked-rtti-and-raw-slots;vft=4dce78,col=505978,offset=0,slot=0,entry=1efc30
1efd70	22191	?create@?$t_spell_factory@Vt_bind_wounds@?%C:\work\game\combat_spell_single_target.cpp3120931090@@@@UBEPAVt_combat_spell@@AAVt_battlefield@@W4t_spell@@@Z	unique-hierarchy-method-and-slot-cleanup		edaa49729dfcbc9e366d991129156cb49364fd305e9f62d9b49794e75c4b4097	class=t_spell_factory<class ?%C:\work\game\combat_spell_single_target.cpp3120931090::t_bind_wounds>;proof=unique-hierarchy-method-and-slot-cleanup;cleanup=8;checked-rtti-and-raw-slots;vft=4dce8c,col=5059c0,offset=0,slot=0,entry=1efd70
1efdf0	22193	?create@?$t_spell_factory@Vt_heal@?%C:\work\game\combat_spell_single_target.cpp3120931090@@@@UBEPAVt_combat_spell@@AAVt_battlefield@@W4t_spell@@@Z	unique-hierarchy-method-and-slot-cleanup		f1470cea2a8b23110d70ff5139c38ceed832807f55ecb9288456f59f558a144c	class=t_spell_factory<class ?%C:\work\game\combat_spell_single_target.cpp3120931090::t_heal>;proof=unique-hierarchy-method-and-slot-cleanup;cleanup=8;checked-rtti-and-raw-slots;vft=4dced8,col=505a58,offset=0,slot=0,entry=1efdf0
1efe70	22195	?create@?$t_spell_factory@Vt_exorcism@?%C:\work\game\combat_spell_single_target.cpp3120931090@@@@UBEPAVt_combat_spell@@AAVt_battlefield@@W4t_spell@@@Z	unique-hierarchy-method-and-slot-cleanup		e9c5d9a8b05439914f8ce363d7a11fe922d96725bf3b1cadc7cfa517d8f81173	class=t_spell_factory<class ?%C:\work\game\combat_spell_single_target.cpp3120931090::t_exorcism>;proof=unique-hierarchy-method-and-slot-cleanup;cleanup=8;checked-rtti-and-raw-slots;vft=4dcf28,col=505af4,offset=0,slot=0,entry=1efe70
1efef0	22197	?create@?$t_spell_factory@Vt_spell_retribution@?%C:\work\game\combat_spell_single_target.cpp3120931090@@@@UBEPAVt_combat_spell@@AAVt_battlefield@@W4t_spell@@@Z	unique-hierarchy-method-and-slot-cleanup		c7c32d6e6efb7690d06cb986e28a96beadf3336ed13a1873be90b94e94b5a27a	class=t_spell_factory<class ?%C:\work\game\combat_spell_single_target.cpp3120931090::t_spell_retribution>;proof=unique-hierarchy-method-and-slot-cleanup;cleanup=8;checked-rtti-and-raw-slots;vft=4dcf78,col=505b8c,offset=0,slot=0,entry=1efef0
1f0030	22203	?create@?$t_spell_factory@Vt_self_target_spell@?%C:\work\game\combat_spell_single_target.cpp3120931090@@@@UBEPAVt_combat_spell@@AAVt_battlefield@@W4t_spell@@@Z	unique-hierarchy-method-and-slot-cleanup		6add3d15edb7c8521f6245ee101fb1d2fb6f0a712dfb787b7645d0d7fc85aaaa	class=t_spell_factory<class ?%C:\work\game\combat_spell_single_target.cpp3120931090::t_self_target_spell>;proof=unique-hierarchy-method-and-slot-cleanup;cleanup=8;checked-rtti-and-raw-slots;vft=4dcf80,col=505bd4,offset=0,slot=0,entry=1f0030
1f0170	22209	?create@?$t_spell_factory@Vt_hand_of_death@?%C:\work\game\combat_spell_single_target.cpp3120931090@@@@UBEPAVt_combat_spell@@AAVt_battlefield@@W4t_spell@@@Z	unique-hierarchy-method-and-slot-cleanup		d55ad6647c2be208955d9845fd2b7f1cf9da1067710ca523d139654782d09c9b	class=t_spell_factory<class ?%C:\work\game\combat_spell_single_target.cpp3120931090::t_hand_of_death>;proof=unique-hierarchy-method-and-slot-cleanup;cleanup=8;checked-rtti-and-raw-slots;vft=4dcf88,col=505c1c,offset=0,slot=0,entry=1f0170
1f02b0	22215	?create@?$t_spell_factory@Vt_holy_water@?%C:\work\game\combat_spell_single_target.cpp3120931090@@@@UBEPAVt_combat_spell@@AAVt_battlefield@@W4t_spell@@@Z	unique-hierarchy-method-and-slot-cleanup		4919fe327ffa0ca53ee6196119a068593a7093330385e2bdb1fc85a4c987dc66	class=t_spell_factory<class ?%C:\work\game\combat_spell_single_target.cpp3120931090::t_holy_water>;proof=unique-hierarchy-method-and-slot-cleanup;cleanup=8;checked-rtti-and-raw-slots;vft=4dcf90,col=505c64,offset=0,slot=0,entry=1f02b0
1f03f0	22221	?create@?$t_spell_factory@Vt_spell_power_drain@?%C:\work\game\combat_spell_single_target.cpp3120931090@@@@UBEPAVt_combat_spell@@AAVt_battlefield@@W4t_spell@@@Z	unique-hierarchy-method-and-slot-cleanup		9e09d14acd458598d28b4eecd3295a822015ce2fed8547cb6659230ac701c442	class=t_spell_factory<class ?%C:\work\game\combat_spell_single_target.cpp3120931090::t_spell_power_drain>;proof=unique-hierarchy-method-and-slot-cleanup;cleanup=8;checked-rtti-and-raw-slots;vft=4dcf98,col=505cac,offset=0,slot=0,entry=1f03f0
1f0530	22227	?create@?$t_spell_factory@Vt_magic_leech@?%C:\work\game\combat_spell_single_target.cpp3120931090@@@@UBEPAVt_combat_spell@@AAVt_battlefield@@W4t_spell@@@Z	unique-hierarchy-method-and-slot-cleanup		9afa343eff57ac2db6fe5bf42b6a6fee408b2780dc5531206e8a9bfff716a53d	class=t_spell_factory<class ?%C:\work\game\combat_spell_single_target.cpp3120931090::t_magic_leech>;proof=unique-hierarchy-method-and-slot-cleanup;cleanup=8;checked-rtti-and-raw-slots;vft=4dcfa0,col=505cf4,offset=0,slot=0,entry=1f0530
1f0670	22233	?create@?$t_spell_factory@Vt_spell_spell_shackle@?%C:\work\game\combat_spell_single_target.cpp3120931090@@@@UBEPAVt_combat_spell@@AAVt_battlefield@@W4t_spell@@@Z	unique-hierarchy-method-and-slot-cleanup		0cca64636dcf5aea98be3ad545f39dcb273ef65913d28331804c2bca2da389a4	class=t_spell_factory<class ?%C:\work\game\combat_spell_single_target.cpp3120931090::t_spell_spell_shackle>;proof=unique-hierarchy-method-and-slot-cleanup;cleanup=8;checked-rtti-and-raw-slots;vft=4dcfa8,col=505d3c,offset=0,slot=0,entry=1f0670
1f07b0	22239	?create@?$t_spell_factory@Vt_town_gate@?%C:\work\game\combat_spell_single_target.cpp3120931090@@@@UBEPAVt_combat_spell@@AAVt_battlefield@@W4t_spell@@@Z	unique-hierarchy-method-and-slot-cleanup		9398ddc244faa392dca774b7f27cd3533e06514fc9c32a0110a145de44feb99a	class=t_spell_factory<class ?%C:\work\game\combat_spell_single_target.cpp3120931090::t_town_gate>;proof=unique-hierarchy-method-and-slot-cleanup;cleanup=8;checked-rtti-and-raw-slots;vft=4dcfb0,col=505d84,offset=0,slot=0,entry=1f07b0
1f0830	22241	?create@?$t_spell_factory@Vt_mana@?%C:\work\game\combat_spell_single_target.cpp3120931090@@@@UBEPAVt_combat_spell@@AAVt_battlefield@@W4t_spell@@@Z	unique-hierarchy-method-and-slot-cleanup		09f0311bc711cf5f188e3a56d68cb660ecdb097fc7c58aeb78ef303574fbf59f	class=t_spell_factory<class ?%C:\work\game\combat_spell_single_target.cpp3120931090::t_mana>;proof=unique-hierarchy-method-and-slot-cleanup;cleanup=8;checked-rtti-and-raw-slots;vft=4dd000,col=505e1c,offset=0,slot=0,entry=1f0830
1f08b0	22243	?create@?$t_spell_factory@Vt_spell_reflexes@?%C:\work\game\combat_spell_single_target.cpp3120931090@@@@UBEPAVt_combat_spell@@AAVt_battlefield@@W4t_spell@@@Z	unique-hierarchy-method-and-slot-cleanup		6ce3024ba501be034590bd8945df2b81055282b1bdffc7d8d4f4f289e3837836	class=t_spell_factory<class ?%C:\work\game\combat_spell_single_target.cpp3120931090::t_spell_reflexes>;proof=unique-hierarchy-method-and-slot-cleanup;cleanup=8;checked-rtti-and-raw-slots;vft=4dd050,col=505eb4,offset=0,slot=0,entry=1f08b0
1f09f0	22249	?create@?$t_spell_factory@Vt_spell_regeneration@?%C:\work\game\combat_spell_single_target.cpp3120931090@@@@UBEPAVt_combat_spell@@AAVt_battlefield@@W4t_spell@@@Z	unique-hierarchy-method-and-slot-cleanup		0fc6daff318e8947edcdc3292fdc8f3f4ebca46de919ac80c413111226871190	class=t_spell_factory<class ?%C:\work\game\combat_spell_single_target.cpp3120931090::t_spell_regeneration>;proof=unique-hierarchy-method-and-slot-cleanup;cleanup=8;checked-rtti-and-raw-slots;vft=4dd058,col=505efc,offset=0,slot=0,entry=1f09f0
1f0b30	22255	?create@?$t_spell_factory@Vt_spell_slayer@?%C:\work\game\combat_spell_single_target.cpp3120931090@@@@UBEPAVt_combat_spell@@AAVt_battlefield@@W4t_spell@@@Z	unique-hierarchy-method-and-slot-cleanup		1fc4b49e4f36099166e6fcf5d47978fb7b49931738dc9ff7b08e34696801828b	class=t_spell_factory<class ?%C:\work\game\combat_spell_single_target.cpp3120931090::t_spell_slayer>;proof=unique-hierarchy-method-and-slot-cleanup;cleanup=8;checked-rtti-and-raw-slots;vft=4dd060,col=505f44,offset=0,slot=0,entry=1f0b30
1f0c70	22261	?create@?$t_spell_factory@Vt_spell_vampiric_touch@?%C:\work\game\combat_spell_single_target.cpp3120931090@@@@UBEPAVt_combat_spell@@AAVt_battlefield@@W4t_spell@@@Z	unique-hierarchy-method-and-slot-cleanup		183a781d184d216f5f0480c6ea0d24413207d358aeb1dd0972f03a557cf1a24d	class=t_spell_factory<class ?%C:\work\game\combat_spell_single_target.cpp3120931090::t_spell_vampiric_touch>;proof=unique-hierarchy-method-and-slot-cleanup;cleanup=8;checked-rtti-and-raw-slots;vft=4dd0b8,col=506024,offset=0,slot=0,entry=1f0c70
1f2580	22337	?execute@t_combat_user_action_area@?%C:\work\game\combat_user_action.cpp2954624106@@UBEXAAVt_battlefield@@@Z	unique-hierarchy-method-and-slot-cleanup		c59e93dc835e3a623f65f87b7614eb3b94039b87639ce0cda96bf0b7bd3ed3b0	class=?%C:\work\game\combat_user_action.cpp2954624106::t_combat_user_action_area;proof=unique-hierarchy-method-and-slot-cleanup;cleanup=4;checked-rtti-and-raw-slots;vft=4ddeac,col=5070f4,offset=0,slot=1,entry=1f2580
1f25b0	22339	?get_cursor@t_combat_user_action_area@?%C:\work\game\combat_user_action.cpp2954624106@@UAEPAVt_mouse_window@@AAVt_battlefield@@AAV?$basic_string@DU?$char_traits@D@std@@V?$allocator@D@2@@std@@@Z	unique-hierarchy-method-and-slot-cleanup		2344278f566f2908a2a44fb614e82ae69f13606905b668d36eeb6e679873bd24	class=?%C:\work\game\combat_user_action.cpp2954624106::t_combat_user_action_area;proof=unique-hierarchy-method-and-slot-cleanup;cleanup=8;checked-rtti-and-raw-slots;vft=4ddeac,col=5070f4,offset=0,slot=3,entry=1f25b0
1f2600	22341	?execute@t_combat_user_action_melee@?%C:\work\game\combat_user_action.cpp2954624106@@UBEXAAVt_battlefield@@@Z	unique-hierarchy-method-and-slot-cleanup		f16f1f8a9dfd6bcb6bfc46f926269f7834973fbb5919a7796aeaadc853e78808	class=?%C:\work\game\combat_user_action.cpp2954624106::t_combat_user_action_melee;proof=unique-hierarchy-method-and-slot-cleanup;cleanup=4;checked-rtti-and-raw-slots;vft=4dded4,col=507140,offset=0,slot=1,entry=1f2600
1f2640	22343	?get_cursor@t_combat_user_action_melee@?%C:\work\game\combat_user_action.cpp2954624106@@UAEPAVt_mouse_window@@AAVt_battlefield@@AAV?$basic_string@DU?$char_traits@D@std@@V?$allocator@D@2@@std@@@Z	unique-hierarchy-method-and-slot-cleanup		c80fb270e3c19c24f91d1c40cc3d637db8b647131976020fbc495f5dd4adfc82	class=?%C:\work\game\combat_user_action.cpp2954624106::t_combat_user_action_melee;proof=unique-hierarchy-method-and-slot-cleanup;cleanup=8;checked-rtti-and-raw-slots;vft=4dded4,col=507140,offset=0,slot=3,entry=1f2640
1f2700	22345	?execute@t_combat_user_action_move@?%C:\work\game\combat_user_action.cpp2954624106@@UBEXAAVt_battlefield@@@Z	unique-hierarchy-method-and-slot-cleanup		02cf134e0b5a65ca2441da7e0004b84b0031275e47f7caa623080bf8772f30a9	class=?%C:\work\game\combat_user_action.cpp2954624106::t_combat_user_action_move;proof=unique-hierarchy-method-and-slot-cleanup;cleanup=4;checked-rtti-and-raw-slots;vft=4ddee8,col=50718c,offset=0,slot=1,entry=1f2700
1f2730	22347	?get_cursor@t_combat_user_action_move@?%C:\work\game\combat_user_action.cpp2954624106@@UAEPAVt_mouse_window@@AAVt_battlefield@@AAV?$basic_string@DU?$char_traits@D@std@@V?$allocator@D@2@@std@@@Z	unique-hierarchy-method-and-slot-cleanup		71b6ad048899e0f78385ab7aeb6bd10c9a8a2c92c1fac423f958f6356531776e	class=?%C:\work\game\combat_user_action.cpp2954624106::t_combat_user_action_move;proof=unique-hierarchy-method-and-slot-cleanup;cleanup=8;checked-rtti-and-raw-slots;vft=4ddee8,col=50718c,offset=0,slot=3,entry=1f2730
1f3050	22351	?get_cursor@t_combat_user_action_none@?%C:\work\game\combat_user_action.cpp2954624106@@UAEPAVt_mouse_window@@AAVt_battlefield@@AAV?$basic_string@DU?$char_traits@D@std@@V?$allocator@D@2@@std@@@Z	unique-hierarchy-method-and-slot-cleanup		30d5ce0fa8cc14c3404ebf63f69a1fba2cc0bf4d1ff8fec71f3afe087e2f012d	class=?%C:\work\game\combat_user_action.cpp2954624106::t_combat_user_action_none;proof=unique-hierarchy-method-and-slot-cleanup;cleanup=8;checked-rtti-and-raw-slots;vft=4ddefc,col=5071d8,offset=0,slot=3,entry=1f3050
1f31a0	22353	?execute@t_combat_user_action_ranged@?%C:\work\game\combat_user_action.cpp2954624106@@UBEXAAVt_battlefield@@@Z	unique-hierarchy-method-and-slot-cleanup		e64f872f0ef7414fbbb1881c274e56e1ad9a3e7f419e96668125bc7a45877816	class=?%C:\work\game\combat_user_action.cpp2954624106::t_combat_user_action_ranged;proof=unique-hierarchy-method-and-slot-cleanup;cleanup=4;checked-rtti-and-raw-slots;vft=4ddf10,col=507224,offset=0,slot=1,entry=1f31a0
1f31d0	22355	?get_cursor@t_combat_user_action_ranged@?%C:\work\game\combat_user_action.cpp2954624106@@UAEPAVt_mouse_window@@AAVt_battlefield@@AAV?$basic_string@DU?$char_traits@D@std@@V?$allocator@D@2@@std@@@Z	unique-hierarchy-method-and-slot-cleanup		ca20fe078177b3f8d497f08be15489c7a3a38df20f08bcc9523cc133d0f3f83e	class=?%C:\work\game\combat_user_action.cpp2954624106::t_combat_user_action_ranged;proof=unique-hierarchy-method-and-slot-cleanup;cleanup=8;checked-rtti-and-raw-slots;vft=4ddf10,col=507224,offset=0,slot=3,entry=1f31d0
2134a0	23268	?create@?$t_object_factory@Vt_creature_bank@@@@UBEPAVt_stationary_adventure_object@@ABV?$basic_string@DU?$char_traits@D@std@@V?$allocator@D@2@@std@@ABVt_qualified_adv_object_type@@@Z	unique-hierarchy-method-and-slot-cleanup		e498457e145bf11e40175b493f4796f666fb8e8a2dec72f5d85de416a08b4885	class=t_object_factory<class t_creature_bank>;proof=unique-hierarchy-method-and-slot-cleanup;cleanup=8;checked-rtti-and-raw-slots;vft=4de978,col=507a50,offset=0,slot=0,entry=2134a0
296600	25610	?create@?$t_icon_window_factory@Vt_flagged_icon_window@?%C:\work\game\dialog_view_world.cpp2665922054@@@?%C:\work\game\dialog_view_world.cpp2665922054@@UBE?AV?$t_counted_ptr@Vt_window@@@@ABUt_screen_point@@PAVt_window@@W4t_player_color@@@Z	unique-hierarchy-method-and-slot-cleanup		79755f2fc6417c5b28fe535c8de065aad61d934e6ae4b6a83998afafdde8ecf9	class=?%C:\work\game\dialog_view_world.cpp2665922054::t_icon_window_factory<class ?%C:\work\game\dialog_view_world.cpp2665922054::t_flagged_icon_window>;proof=unique-hierarchy-method-and-slot-cleanup;cleanup=16;checked-rtti-and-raw-slots;vft=4e10f4,col=50b1b4,offset=0,slot=0,entry=296600
2966a0	25612	?create@?$t_icon_window_factory@Vt_simple_icon_window@?%C:\work\game\dialog_view_world.cpp2665922054@@@?%C:\work\game\dialog_view_world.cpp2665922054@@UBE?AV?$t_counted_ptr@Vt_window@@@@ABUt_screen_point@@PAVt_window@@W4t_player_color@@@Z	unique-hierarchy-method-and-slot-cleanup		50d9dafd6927411f7b3ec3d941e56da81bd0f924c785909599b5a5a1d5d13aca	class=?%C:\work\game\dialog_view_world.cpp2665922054::t_icon_window_factory<class ?%C:\work\game\dialog_view_world.cpp2665922054::t_simple_icon_window>;proof=unique-hierarchy-method-and-slot-cleanup;cleanup=16;checked-rtti-and-raw-slots;vft=4e10fc,col=50b1fc,offset=0,slot=0,entry=2966a0
299270	25750	?get_bitmap@t_direct_paint_surface@@UAE?AV?$t_shared_ptr@V?$t_abstract_bitmap@G@@@@XZ	unique-hierarchy-method-and-slot-cleanup		2eb86210daa427460384dcfe0f7d668c9ae6a67fcc6aba6ae2300ce505ea1018	class=t_direct_paint_surface;proof=unique-hierarchy-method-and-slot-cleanup;cleanup=4;checked-rtti-and-raw-slots;vft=4e121c,col=50b5ec,offset=0,slot=3,entry=299270
299360	25751	?copy_buffer@t_direct_paint_surface@@UAEXXZ	unique-hierarchy-method-and-slot-cleanup		693ee95b608bea5a3c2da2345e8212d8f583fcdce370af22f8b6d38b2a29ad1d	class=t_direct_paint_surface;proof=unique-hierarchy-method-and-slot-cleanup;cleanup=0;checked-rtti-and-raw-slots;vft=4e121c,col=50b5ec,offset=0,slot=1,entry=299360
29b250	25824	?on_pixel_masks_changed@t_local_pixel_mask_viewer@?%C:\work\game\draw_adventure_tile.cpp1655614343@@UAEXXZ	unique-hierarchy-method-and-slot-cleanup		99bede076c0b56c25938652b9785723599584f9fdc93dca335ffe46d88948669	class=?%C:\work\game\draw_adventure_tile.cpp1655614343::t_local_pixel_mask_viewer;proof=unique-hierarchy-method-and-slot-cleanup;cleanup=0;checked-rtti-and-raw-slots;vft=4e1454,col=50b838,offset=0,slot=1,entry=29b250
2a4eb0	25870	?create_back_buffer@t_entire_map_bitmap_creater@?%C:\work\game\dump_entire_map_image.cpp1361229852@@EAE?AV?$t_shared_ptr@V?$t_abstract_bitmap@G@@@@ABUt_screen_point@@@Z	unique-hierarchy-method-and-slot-cleanup		afc81d17a2cb7f67fe425d1c02b07cdc01209af11615febbb2bd2e54b8a1a4e1	class=?%C:\work\game\dump_entire_map_image.cpp1361229852::t_entire_map_bitmap_creater;proof=unique-hierarchy-method-and-slot-cleanup;cleanup=8;checked-rtti-and-raw-slots;vft=4e1484,col=50b898,offset=0,slot=0,entry=2a4eb0
2a4fb0	25871	?on_rects_dirtied@t_entire_map_bitmap_creater@?%C:\work\game\dump_entire_map_image.cpp1361229852@@EAEXABV?$vector@Ut_screen_rect@@V?$allocator@Ut_screen_rect@@@std@@@std@@@Z	unique-hierarchy-method-and-slot-cleanup		f4d66b598ef73ae8571a9b07b127e20db04298f201d5c7de0d082eea1f21fe7c	class=?%C:\work\game\dump_entire_map_image.cpp1361229852::t_entire_map_bitmap_creater;proof=unique-hierarchy-method-and-slot-cleanup;cleanup=4;checked-rtti-and-raw-slots;vft=4e1484,col=50b898,offset=0,slot=1,entry=2a4fb0
2a61f0	25905	?get_stream@t_external_resource@@UAE?AV?$t_shared_ptr@V?$basic_streambuf@DU?$char_traits@D@std@@@std@@@@H@Z	unique-hierarchy-method-and-slot-cleanup		9986942a966794a30f20cc0753a7e74a8006379a5af6d4b054a31c4594654a00	class=t_external_resource;proof=unique-hierarchy-method-and-slot-cleanup;cleanup=8;checked-rtti-and-raw-slots;vft=4e14ac,col=50b940,offset=0,slot=1,entry=2a61f0
2a6580	25906	?get_filename@t_external_resource@@UAE?AV?$basic_string@DU?$char_traits@D@std@@V?$allocator@D@2@@std@@XZ	unique-hierarchy-method-and-slot-cleanup		8f4eb5b108ecc7213bee0d87ffa476df6022e85ab7aa9ee9cfe6112bfb13ec3f	class=t_external_resource;proof=unique-hierarchy-method-and-slot-cleanup;cleanup=4;checked-rtti-and-raw-slots;vft=4e14ac,col=50b940,offset=0,slot=2,entry=2a6580
2a90b0	26083	?create@?$t_spell_factory@Vt_fire_ring@@@@UBEPAVt_combat_spell@@AAVt_battlefield@@W4t_spell@@@Z	unique-hierarchy-method-and-slot-cleanup		24931f11b2a92f83dc71d611e3ece1eee7973b63937a59ebcd35e97b367d5543	class=t_spell_factory<class t_fire_ring>;proof=unique-hierarchy-method-and-slot-cleanup;cleanup=8;checked-rtti-and-raw-slots;vft=4e14fc,col=50b9f0,offset=0,slot=0,entry=2a90b0
2ad530	26233	?create@?$t_spell_factory@Vt_fireball@@@@UBEPAVt_combat_spell@@AAVt_battlefield@@W4t_spell@@@Z	unique-hierarchy-method-and-slot-cleanup		36f88136e3ffcccf7bb481d957684fbe7aa8501bdba093f9d72693a3408a013a	class=t_spell_factory<class t_fireball>;proof=unique-hierarchy-method-and-slot-cleanup;cleanup=8;checked-rtti-and-raw-slots;vft=4e154c,col=50ba84,offset=0,slot=0,entry=2ad530
2ad6e0	26235	?create@?$t_spell_factory@Vt_inferno@?%C:\work\game\fireball.cpp1980031579@@@@UBEPAVt_combat_spell@@AAVt_battlefield@@W4t_spell@@@Z	unique-hierarchy-method-and-slot-cleanup		524a94d89cf28b57a064f0e0455523dc53392f8c283c168bc11a5e620e683b81	class=t_spell_factory<class ?%C:\work\game\fireball.cpp1980031579::t_inferno>;proof=unique-hierarchy-method-and-slot-cleanup;cleanup=8;checked-rtti-and-raw-slots;vft=4e15d8,col=50bc08,offset=0,slot=0,entry=2ad6e0
2ad760	26237	?create@?$t_spell_factory@Vt_armageddon@?%C:\work\game\fireball.cpp1980031579@@@@UBEPAVt_combat_spell@@AAVt_battlefield@@W4t_spell@@@Z	unique-hierarchy-method-and-slot-cleanup		a56b91190445245c1029bf4103571d110d06cb49a503358dfbe77a0f10012bf0	class=t_spell_factory<class ?%C:\work\game\fireball.cpp1980031579::t_armageddon>;proof=unique-hierarchy-method-and-slot-cleanup;cleanup=8;checked-rtti-and-raw-slots;vft=4e1630,col=50bca4,offset=0,slot=0,entry=2ad760
2ad960	26239	?create@?$t_spell_factory@Vt_cloud_of_confusion@?%C:\work\game\fireball.cpp1980031579@@@@UBEPAVt_combat_spell@@AAVt_battlefield@@W4t_spell@@@Z	unique-hierarchy-method-and-slot-cleanup		6b93051bf75a4524e5878ec226908383cf6f00f40170e2f0903ae968024d3a0b	class=t_spell_factory<class ?%C:\work\game\fireball.cpp1980031579::t_cloud_of_confusion>;proof=unique-hierarchy-method-and-slot-cleanup;cleanup=8;checked-rtti-and-raw-slots;vft=4e16b4,col=50bdd8,offset=0,slot=0,entry=2ad960
2ad9e0	26241	?create@?$t_spell_factory@Vt_choking_gas@?%C:\work\game\fireball.cpp1980031579@@@@UBEPAVt_combat_spell@@AAVt_battlefield@@W4t_spell@@@Z	unique-hierarchy-method-and-slot-cleanup		8e01b3faafc60b169ad3535d21f4f0d9d8248cfded287fb4c4572347125724c4	class=t_spell_factory<class ?%C:\work\game\fireball.cpp1980031579::t_choking_gas>;proof=unique-hierarchy-method-and-slot-cleanup;cleanup=8;checked-rtti-and-raw-slots;vft=4e1708,col=50be70,offset=0,slot=0,entry=2ad9e0
2ada60	26243	?create@?$t_spell_factory@Vt_cloud_of_despair@?%C:\work\game\fireball.cpp1980031579@@@@UBEPAVt_combat_spell@@AAVt_battlefield@@W4t_spell@@@Z	unique-hierarchy-method-and-slot-cleanup		3f85771555afad9d374cd9b353dffdcaf689639158e84883980142f08c1b85ea	class=t_spell_factory<class ?%C:\work\game\fireball.cpp1980031579::t_cloud_of_despair>;proof=unique-hierarchy-method-and-slot-cleanup;cleanup=8;checked-rtti-and-raw-slots;vft=4e1760,col=50bf0c,offset=0,slot=0,entry=2ada60
2ae780	26314	?create@?$t_object_factory@Vt_flotsam@@@@UBEPAVt_stationary_adventure_object@@ABV?$basic_string@DU?$char_traits@D@std@@V?$allocator@D@2@@std@@ABVt_qualified_adv_object_type@@@Z	unique-hierarchy-method-and-slot-cleanup		2b4403fab28d5242f3174baf907a78d37608a9430ce800a82f322c2c48acbcea	class=t_object_factory<class t_flotsam>;proof=unique-hierarchy-method-and-slot-cleanup;cleanup=8;checked-rtti-and-raw-slots;vft=4e182c,col=50c224,offset=0,slot=0,entry=2ae780
2b5f30	26681	?create@?$t_object_factory@Vt_gateway@@@@UBEPAVt_stationary_adventure_object@@ABV?$basic_string@DU?$char_traits@D@std@@V?$allocator@D@2@@std@@ABVt_qualified_adv_object_type@@@Z	unique-hierarchy-method-and-slot-cleanup		0f0499fd98a517da397a73838330144aff6d920ed49c4c94dfde6689e9b264c8	class=t_object_factory<class t_gateway>;proof=unique-hierarchy-method-and-slot-cleanup;cleanup=8;checked-rtti-and-raw-slots;vft=4e1b34,col=50c71c,offset=0,slot=0,entry=2b5f30
2cb350	27355	?add_material@t_hero_keyword_replacer@@UAEXHW4t_material@@@Z	unique-hierarchy-method-and-slot-cleanup		5fcfcc89e88d5c59486a4cc97c15a1412540c4df8b51522e73d1bef8d28988fd	class=t_hero_keyword_replacer;proof=unique-hierarchy-method-and-slot-cleanup;cleanup=8;checked-rtti-and-raw-slots;vft=4ccb18,col=4f5808,offset=0,slot=1,entry=2cb350
2d78a0	27514	??R?$t_add_2nd_handler_1@PAVt_button@@_N@@UAEXPAVt_button@@@Z	unique-hierarchy-method-and-slot-cleanup		3ffa0fa26d1b9c3c86d79419a53c9489302d03784a14bebab55093a7636aa0df	class=t_add_2nd_handler_1<class t_button *, bool>;proof=unique-hierarchy-method-and-slot-cleanup;cleanup=4;checked-rtti-and-raw-slots;vft=4e383c,col=50d298,offset=8,slot=1,entry=2d78a0
2de170	27928	?add_material@t_keyword_replacer@@UAEXHW4t_material@@@Z	unique-hierarchy-method-and-slot-cleanup		50991224fed2e2081a1b0017bc2bf2b7c6fa525ec548aa0e5497ddb6bee543c8	class=t_keyword_replacer;proof=unique-hierarchy-method-and-slot-cleanup;cleanup=8;checked-rtti-and-raw-slots;vft=4ccb24,col=4f5878,offset=0,slot=1,entry=2de170
2eaf90	28167	?create@?$t_object_factory@Vt_library@@@@UBEPAVt_stationary_adventure_object@@ABV?$basic_string@DU?$char_traits@D@std@@V?$allocator@D@2@@std@@ABVt_qualified_adv_object_type@@@Z	unique-hierarchy-method-and-slot-cleanup		8bb9bb82d2b0a763467b8a30951c6f09cf7d0b27b49d56ba9da6cc329b801b35	class=t_object_factory<class t_library>;proof=unique-hierarchy-method-and-slot-cleanup;cleanup=8;checked-rtti-and-raw-slots;vft=4e3b74,col=50dc04,offset=0,slot=0,entry=2eaf90
2eb790	28209	?create@?$t_object_factory@Vt_lighthouse@@@@UBEPAVt_stationary_adventure_object@@ABV?$basic_string@DU?$char_traits@D@std@@V?$allocator@D@2@@std@@ABVt_qualified_adv_object_type@@@Z	unique-hierarchy-method-and-slot-cleanup		07a6797a81041d1ba6d56ea847585d832f59d984e1d62de0f6d56f0df1c40365	class=t_object_factory<class t_lighthouse>;proof=unique-hierarchy-method-and-slot-cleanup;cleanup=8;checked-rtti-and-raw-slots;vft=4e3d2c,col=50dd0c,offset=0,slot=0,entry=2eb790
2ed9a0	28278	?create@?$t_bonus_factory@Vt_luck_object@@@?%C:\work\game\luck_object.cpp222414434@@UBEPAVt_stationary_adventure_object@@ABV?$basic_string@DU?$char_traits@D@std@@V?$allocator@D@2@@std@@ABVt_qualified_adv_object_type@@@Z	unique-hierarchy-method-and-slot-cleanup		0083cb5bb754a4ee2d81c83f439a50ecc6589e14ea155833006fbae3a811581c	class=?%C:\work\game\luck_object.cpp222414434::t_bonus_factory<class t_luck_object>;proof=unique-hierarchy-method-and-slot-cleanup;cleanup=8;checked-rtti-and-raw-slots;vft=4e3f6c,col=50de38,offset=0,slot=0,entry=2ed9a0
2edb00	28280	?create@?$t_bonus_factory@Vt_morale_object@@@?%C:\work\game\luck_object.cpp222414434@@UBEPAVt_stationary_adventure_object@@ABV?$basic_string@DU?$char_traits@D@std@@V?$allocator@D@2@@std@@ABVt_qualified_adv_object_type@@@Z	unique-hierarchy-method-and-slot-cleanup		319bab34f12ce938b91f6af06f024e657f11ddfd7e02ceba870aa5f303f0ee99	class=?%C:\work\game\luck_object.cpp222414434::t_bonus_factory<class t_morale_object>;proof=unique-hierarchy-method-and-slot-cleanup;cleanup=8;checked-rtti-and-raw-slots;vft=4e3f74,col=50de80,offset=0,slot=0,entry=2edb00
2edd50	28264	?create@?$t_object_factory@Vt_adv_blattner_stone@@@@UBEPAVt_stationary_adventure_object@@ABV?$basic_string@DU?$char_traits@D@std@@V?$allocator@D@2@@std@@ABVt_qualified_adv_object_type@@@Z	unique-hierarchy-method-and-slot-cleanup		169c98286a3f141aec12b73a35c889b3950b47b9a6d71bd2b0c0b2a6d51c0348	class=t_object_factory<class t_adv_blattner_stone>;proof=unique-hierarchy-method-and-slot-cleanup;cleanup=8;checked-rtti-and-raw-slots;vft=4e3f7c,col=50dec8,offset=0,slot=0,entry=2edd50
2edf90	28271	?create@?$t_object_factory@Vt_adv_idol_of_fortune@@@@UBEPAVt_stationary_adventure_object@@ABV?$basic_string@DU?$char_traits@D@std@@V?$allocator@D@2@@std@@ABVt_qualified_adv_object_type@@@Z	unique-hierarchy-method-and-slot-cleanup		6f43e190dc7924ca64f176f6170f9197b0387c86c6be66e06107faf1c1a19896	class=t_object_factory<class t_adv_idol_of_fortune>;proof=unique-hierarchy-method-and-slot-cleanup;cleanup=8;checked-rtti-and-raw-slots;vft=4e3f84,col=50df10,offset=0,slot=0,entry=2edf90
2f4670	28442	??Rt_mirror_spell_action@@UAEXXZ	unique-hierarchy-method-and-slot-cleanup		caa04b6c373df73c274b70914dd4fc95e15c807d9e88235fbf0c5a395bf353af	class=t_mirror_spell_action;proof=unique-hierarchy-method-and-slot-cleanup;cleanup=0;checked-rtti-and-raw-slots;vft=4e481c,col=50e5b8,offset=8,slot=1,entry=2f4670
2f6550	28489	?create@?$t_object_factory@Vt_magic_university@@@@UBEPAVt_stationary_adventure_object@@ABV?$basic_string@DU?$char_traits@D@std@@V?$allocator@D@2@@std@@ABVt_qualified_adv_object_type@@@Z	unique-hierarchy-method-and-slot-cleanup		ef1a46f2de012ab2d3ad260a32b88371e31cf10af8f0be8a60ff85c029afd4d8	class=t_object_factory<class t_magic_university>;proof=unique-hierarchy-method-and-slot-cleanup;cleanup=8;checked-rtti-and-raw-slots;vft=4e484c,col=50e664,offset=0,slot=0,entry=2f6550
2f66a0	28491	?create@?$t_object_factory@Vt_war_college@@@@UBEPAVt_stationary_adventure_object@@ABV?$basic_string@DU?$char_traits@D@std@@V?$allocator@D@2@@std@@ABVt_qualified_adv_object_type@@@Z	unique-hierarchy-method-and-slot-cleanup		2e19dbb1bd86a4569faecd41b88fe2ffcf3c9e459cea641b79a241f7f04a7812	class=t_object_factory<class t_war_college>;proof=unique-hierarchy-method-and-slot-cleanup;cleanup=8;checked-rtti-and-raw-slots;vft=4e4854,col=50e6ac,offset=0,slot=0,entry=2f66a0
301430	28743	??R?$t_add_3rd_handler_2@AAVt_combat_creature@@PAV1@Vt_combat_action_message@@@@UAEXAAVt_combat_creature@@PAV1@@Z	unique-hierarchy-method-and-slot-cleanup		654682da14f54ee128a024522a6449ac464efb2d384eef42cc153098d3390edb	class=t_add_3rd_handler_2<class t_combat_creature &, class t_combat_creature *, class t_combat_action_message>;proof=unique-hierarchy-method-and-slot-cleanup;cleanup=8;checked-rtti-and-raw-slots;vft=4e4d44,col=50ee14,offset=8,slot=1,entry=301430
302fc0	28847	?create@?$t_object_factory@Vt_mana_source@@@@UBEPAVt_stationary_adventure_object@@ABV?$basic_string@DU?$char_traits@D@std@@V?$allocator@D@2@@std@@ABVt_qualified_adv_object_type@@@Z	unique-hierarchy-method-and-slot-cleanup		d009ddd7d0502d4cf64bf86a01db91b6b3248978b1b472fc18f981b42fa16efb	class=t_object_factory<class t_mana_source>;proof=unique-hierarchy-method-and-slot-cleanup;cleanup=8;checked-rtti-and-raw-slots;vft=4e4dc0,col=50ef24,offset=0,slot=0,entry=302fc0
303ae0	28853	?get_size@t_adventure_map_adapter@t_adventure_metatile_map@?%C:\work\game\map_renderer.cpp259823810@@UBEXAAH0@Z	unique-hierarchy-method-and-slot-cleanup		5dc348e7d79d7649824ffa867b50997d0005f350c2c1df1270a129141c4072a2	class=?%C:\work\game\map_renderer.cpp259823810::t_adventure_metatile_map::t_adventure_map_adapter;proof=unique-hierarchy-method-and-slot-cleanup;cleanup=8;checked-rtti-and-raw-slots;vft=4e4f90,col=50f08c,offset=0,slot=0,entry=303ae0
303b10	28854	?get_row_bounds@t_adventure_map_adapter@t_adventure_metatile_map@?%C:\work\game\map_renderer.cpp259823810@@UBEXHAAH0@Z	unique-hierarchy-method-and-slot-cleanup		b76cba8c30b8463f2f8d8552db07a23bdfa577fcfd157fa2177f14845b0cfed9	class=?%C:\work\game\map_renderer.cpp259823810::t_adventure_metatile_map::t_adventure_map_adapter;proof=unique-hierarchy-method-and-slot-cleanup;cleanup=12;checked-rtti-and-raw-slots;vft=4e4f90,col=50f08c,offset=0,slot=1,entry=303b10
314270	29424	?create@?$t_spell_factory@Vt_spell_martyr@@@@UBEPAVt_combat_spell@@AAVt_battlefield@@W4t_spell@@@Z	unique-hierarchy-method-and-slot-cleanup		51c741804156769468d69711886f8335a14e0f2c0ba472b85c296494f4f685ab	class=t_spell_factory<class t_spell_martyr>;proof=unique-hierarchy-method-and-slot-cleanup;cleanup=8;checked-rtti-and-raw-slots;vft=4e4fec,col=50f368,offset=0,slot=0,entry=314270
3143f0	29426	?create@t_mass_spell_factory@?%C:\work\game\mass_spell.cpp2055018784@@UBEPAVt_combat_spell@@AAVt_battlefield@@W4t_spell@@@Z	unique-hierarchy-method-and-slot-cleanup		a9b27a320bf97b00c9a1137c769bd8f8651145691ec79efc016b2386c4d76059	class=?%C:\work\game\mass_spell.cpp2055018784::t_mass_spell_factory;proof=unique-hierarchy-method-and-slot-cleanup;cleanup=8;checked-rtti-and-raw-slots;vft=4e5168,col=50f4cc,offset=0,slot=0,entry=3143f0
316bb0	29520	?create@?$t_spell_factory@Vt_divine_intervention@?%C:\work\game\mass_spell.cpp2055018784@@@@UBEPAVt_combat_spell@@AAVt_battlefield@@W4t_spell@@@Z	unique-hierarchy-method-and-slot-cleanup		44681d035ede07b8e61b856bf7b29fada01573b2c40c8a675060cff611ff44a8	class=t_spell_factory<class ?%C:\work\game\mass_spell.cpp2055018784::t_divine_intervention>;proof=unique-hierarchy-method-and-slot-cleanup;cleanup=8;checked-rtti-and-raw-slots;vft=4e51b8,col=50f548,offset=0,slot=0,entry=316bb0
316c10	29522	?create@?$t_spell_factory@Vt_spell_divine_protection@?%C:\work\game\mass_spell.cpp2055018784@@@@UBEPAVt_combat_spell@@AAVt_battlefield@@W4t_spell@@@Z	unique-hierarchy-method-and-slot-cleanup		a4376c078cbd96fcd24211fc8179522aeebc6a66822a42d08fc72ef89007aa01	class=t_spell_factory<class ?%C:\work\game\mass_spell.cpp2055018784::t_spell_divine_protection>;proof=unique-hierarchy-method-and-slot-cleanup;cleanup=8;checked-rtti-and-raw-slots;vft=4e5208,col=50f5f8,offset=0,slot=0,entry=316c10
316d20	29528	?create@?$t_spell_factory@Vt_spell_sanctuary@?%C:\work\game\mass_spell.cpp2055018784@@@@UBEPAVt_combat_spell@@AAVt_battlefield@@W4t_spell@@@Z	unique-hierarchy-method-and-slot-cleanup		164dc8d3ae1fe3dd655462c18a2022c9dee40848bb5e508c7b0320175cd27806	class=t_spell_factory<class ?%C:\work\game\mass_spell.cpp2055018784::t_spell_sanctuary>;proof=unique-hierarchy-method-and-slot-cleanup;cleanup=8;checked-rtti-and-raw-slots;vft=4e5210,col=50f640,offset=0,slot=0,entry=316d20
316e30	29534	?create@?$t_spell_factory@Vt_spell_evil_hour@?%C:\work\game\mass_spell.cpp2055018784@@@@UBEPAVt_combat_spell@@AAVt_battlefield@@W4t_spell@@@Z	unique-hierarchy-method-and-slot-cleanup		4ca10f65a02c7e58a22ce3cd25ee11796f339958313393906c9e97eb389a68bc	class=t_spell_factory<class ?%C:\work\game\mass_spell.cpp2055018784::t_spell_evil_hour>;proof=unique-hierarchy-method-and-slot-cleanup;cleanup=8;checked-rtti-and-raw-slots;vft=4e5218,col=50f688,offset=0,slot=0,entry=316e30
316f40	29544	?create@?$t_spell_factory@Vt_spell_prayer@?%C:\work\game\mass_spell.cpp2055018784@@@@UBEPAVt_combat_spell@@AAVt_battlefield@@W4t_spell@@@Z	unique-hierarchy-method-and-slot-cleanup		5f343dcbb51f8cf5f162099c71810da6784165d9d32ce174aa2bee9f68b6065f	class=t_spell_factory<class ?%C:\work\game\mass_spell.cpp2055018784::t_spell_prayer>;proof=unique-hierarchy-method-and-slot-cleanup;cleanup=8;checked-rtti-and-raw-slots;vft=4e5220,col=50f6d0,offset=0,slot=0,entry=316f40
317050	29550	?create@?$t_spell_factory@Vt_spell_plague@?%C:\work\game\mass_spell.cpp2055018784@@@@UBEPAVt_combat_spell@@AAVt_battlefield@@W4t_spell@@@Z	unique-hierarchy-method-and-slot-cleanup		a80edf1c00d41b4ba61937a84868aeca2fea1bdf0474ac111f57516e2d73d377	class=t_spell_factory<class ?%C:\work\game\mass_spell.cpp2055018784::t_spell_plague>;proof=unique-hierarchy-method-and-slot-cleanup;cleanup=8;checked-rtti-and-raw-slots;vft=4e5228,col=50f718,offset=0,slot=0,entry=317050
317160	29556	?create@?$t_spell_factory@Vt_spell_mana_flare@?%C:\work\game\mass_spell.cpp2055018784@@@@UBEPAVt_combat_spell@@AAVt_battlefield@@W4t_spell@@@Z	unique-hierarchy-method-and-slot-cleanup		49274dedee966d020a20cec57e61e4784853eea867274101ee0e0af833fcc5be	class=t_spell_factory<class ?%C:\work\game\mass_spell.cpp2055018784::t_spell_mana_flare>;proof=unique-hierarchy-method-and-slot-cleanup;cleanup=8;checked-rtti-and-raw-slots;vft=4e5230,col=50f760,offset=0,slot=0,entry=317160
317270	29562	?create@?$t_spell_factory@Vt_spell_necromancy_ward@?%C:\work\game\mass_spell.cpp2055018784@@@@UBEPAVt_combat_spell@@AAVt_battlefield@@W4t_spell@@@Z	unique-hierarchy-method-and-slot-cleanup		b471cc52e765a536d545797356ec5c8541d02e1a24cce20ad38e388401da645c	class=t_spell_factory<class ?%C:\work\game\mass_spell.cpp2055018784::t_spell_necromancy_ward>;proof=unique-hierarchy-method-and-slot-cleanup;cleanup=8;checked-rtti-and-raw-slots;vft=4e5238,col=50f7a8,offset=0,slot=0,entry=317270
317380	29568	?create@?$t_spell_factory@Vt_life_drain@?%C:\work\game\mass_spell.cpp2055018784@@@@UBEPAVt_combat_spell@@AAVt_battlefield@@W4t_spell@@@Z	unique-hierarchy-method-and-slot-cleanup		fd82cbdba10d6137acf3afe707ecec16d7befa1ffaeaf98dea3a06fcb5a1081c	class=t_spell_factory<class ?%C:\work\game\mass_spell.cpp2055018784::t_life_drain>;proof=unique-hierarchy-method-and-slot-cleanup;cleanup=8;checked-rtti-and-raw-slots;vft=4e5240,col=50f7f0,offset=0,slot=0,entry=317380
319560	29610	?create@?$t_object_factory@Vt_material_pile@@@@UBEPAVt_stationary_adventure_object@@ABV?$basic_string@DU?$char_traits@D@std@@V?$allocator@D@2@@std@@ABVt_qualified_adv_object_type@@@Z	unique-hierarchy-method-and-slot-cleanup		f0e6e276b214d3982ef161a523a067e09a8683b434cec7dab8dc4ab516211012	class=t_object_factory<class t_material_pile>;proof=unique-hierarchy-method-and-slot-cleanup;cleanup=8;checked-rtti-and-raw-slots;vft=4e54d4,col=50fb84,offset=0,slot=0,entry=319560
3196b0	29612	?create@?$t_object_factory@Vt_random_material_pile@@@@UBEPAVt_stationary_adventure_object@@ABV?$basic_string@DU?$char_traits@D@std@@V?$allocator@D@2@@std@@ABVt_qualified_adv_object_type@@@Z	unique-hierarchy-method-and-slot-cleanup		4317d27252a95664fdd558989a098a323e5292ac4116f06a7f134bc9f2c4198d	class=t_object_factory<class t_random_material_pile>;proof=unique-hierarchy-method-and-slot-cleanup;cleanup=8;checked-rtti-and-raw-slots;vft=4e54dc,col=50fbcc,offset=0,slot=0,entry=3196b0
3255b0	30030	?create@?$t_object_factory@Vt_mine@@@@UBEPAVt_stationary_adventure_object@@ABV?$basic_string@DU?$char_traits@D@std@@V?$allocator@D@2@@std@@ABVt_qualified_adv_object_type@@@Z	unique-hierarchy-method-and-slot-cleanup		fa79d639102fee925ec4d330562f6be5252380bebfcc441e36b6fb66c4933390	class=t_object_factory<class t_mine>;proof=unique-hierarchy-method-and-slot-cleanup;cleanup=8;checked-rtti-and-raw-slots;vft=4e5ce0,col=5101c0,offset=0,slot=0,entry=3255b0
325620	30032	?create@?$t_object_factory@Vt_adv_vein@@@@UBEPAVt_stationary_adventure_object@@ABV?$basic_string@DU?$char_traits@D@std@@V?$allocator@D@2@@std@@ABVt_qualified_adv_object_type@@@Z	unique-hierarchy-method-and-slot-cleanup		70836c6e2bf704fb0dad55809a7823136eae3f1d5e564dbe874e356a1f06f914	class=t_object_factory<class t_adv_vein>;proof=unique-hierarchy-method-and-slot-cleanup;cleanup=8;checked-rtti-and-raw-slots;vft=4e5ce8,col=510208,offset=0,slot=0,entry=325620
326410	30081	?on_pixel_masks_changed@t_terrain_color_table_maintainer@?%C:\work\game\mini_map_renderer.cpp1970229622@@EAEXXZ	unique-hierarchy-method-and-slot-cleanup		020c686098d07ca41196199f1b8c255630fd3e8034075c98134d847e65db63d6	class=?%C:\work\game\mini_map_renderer.cpp1970229622::t_terrain_color_table_maintainer;proof=unique-hierarchy-method-and-slot-cleanup;cleanup=0;checked-rtti-and-raw-slots;vft=4e60d0,col=51047c,offset=0,slot=1,entry=326410
326670	30085	?on_pixel_masks_changed@t_player_color_table_maintainer@?%C:\work\game\mini_map_renderer.cpp1970229622@@EAEXXZ	unique-hierarchy-method-and-slot-cleanup		7c9555cd7bb89b70e20f05e4c32bde7f1e8abd5346ef3ff7640f5b921b21a382	class=?%C:\work\game\mini_map_renderer.cpp1970229622::t_player_color_table_maintainer;proof=unique-hierarchy-method-and-slot-cleanup;cleanup=0;checked-rtti-and-raw-slots;vft=4e60dc,col=5104c4,offset=0,slot=1,entry=326670
32ad40	30366	?read@t_mp3_stream@@UAEHPAXK@Z	unique-hierarchy-method-and-slot-cleanup		f0cf3ca2190fc7a176d2fd61b7987d9a80a08e2dec44d51091e41d41822c942b	class=t_mp3_stream;proof=unique-hierarchy-method-and-slot-cleanup;cleanup=8;checked-rtti-and-raw-slots;vft=4e632c,col=510788,offset=0,slot=1,entry=32ad40
347410	30933	?create@?$t_object_factory@Vt_adv_obelisk_marker@@@@UBEPAVt_stationary_adventure_object@@ABV?$basic_string@DU?$char_traits@D@std@@V?$allocator@D@2@@std@@ABVt_qualified_adv_object_type@@@Z	unique-hierarchy-method-and-slot-cleanup		46b89ed6f263cec1d3056a99cfdb1027942aceba7aeed22750ea4eb2a21dda02	class=t_object_factory<class t_adv_obelisk_marker>;proof=unique-hierarchy-method-and-slot-cleanup;cleanup=8;checked-rtti-and-raw-slots;vft=4e669c,col=5110d4,offset=0,slot=0,entry=347410
348800	31029	?create@?$t_object_factory@Vt_stationary_adventure_object@@@@UBEPAVt_stationary_adventure_object@@ABV?$basic_string@DU?$char_traits@D@std@@V?$allocator@D@2@@std@@ABVt_qualified_adv_object_type@@@Z	unique-hierarchy-method-and-slot-cleanup		111bd9272513617061a1a63315815c871c0e00c1665067da9a7ba53cda0e91c2	class=t_object_factory<class t_stationary_adventure_object>;proof=unique-hierarchy-method-and-slot-cleanup;cleanup=8;checked-rtti-and-raw-slots;vft=4e68a4,col=5112a8,offset=0,slot=0,entry=348800
34c5e0	31151	?draw_to@t_overlay_adv_object_subimage@@UBEXHABUt_screen_rect@@AAV?$t_abstract_bitmap@G@@ABUt_screen_point@@H@Z	unique-hierarchy-method-and-slot-cleanup		dcedf73e37337d0592b22e2a09ae3ce48463ea5bba75d882353d3516d79e5ed1	class=t_overlay_adv_object_subimage;proof=unique-hierarchy-method-and-slot-cleanup;cleanup=20;checked-rtti-and-raw-slots;vft=4e6e74,col=511a7c,offset=0,slot=6,entry=34c5e0
34c690	31152	?draw_to@t_overlay_adv_object_subimage@@UBEXHAAV?$t_abstract_bitmap@G@@ABUt_screen_point@@@Z	unique-hierarchy-method-and-slot-cleanup		81dc999cefec955c36ec62f49d89035d2ca1c772a44f5ba80cef3d23fa2e9cec	class=t_overlay_adv_object_subimage;proof=unique-hierarchy-method-and-slot-cleanup;cleanup=12;checked-rtti-and-raw-slots;vft=4e6e74,col=511a7c,offset=0,slot=5,entry=34c690
356bb0	31606	?read@t_owned_adv_object@@UAE_NAAV?$basic_streambuf@DU?$char_traits@D@std@@@std@@ABVt_qualified_adv_object_type@@H@Z	reviewed-identity-and-runtime-vftable		052253b815f24a1d5eb2046e3114c53644dad93a7bdaf63e6d6762f0a09d74ec	class=t_owned_adv_object;proof=reviewed-identity-and-runtime-vftable;cleanup=12;checked-rtti-and-raw-slots;vft=4cbd1c,col=4f443c,offset=0,slot=41,entry=356bb0;manual-review=complete-R03
359360	31781	?create@?$t_object_factory@Vt_placed_event_trigger@@@@UBEPAVt_stationary_adventure_object@@ABV?$basic_string@DU?$char_traits@D@std@@V?$allocator@D@2@@std@@ABVt_qualified_adv_object_type@@@Z	unique-hierarchy-method-and-slot-cleanup		bd39ca06750ad4ef9f66768efce4b0914bdcaafab2a7dee6a42acdadf45bbdb9	class=t_object_factory<class t_placed_event_trigger>;proof=unique-hierarchy-method-and-slot-cleanup;cleanup=8;checked-rtti-and-raw-slots;vft=4e74cc,col=51214c,offset=0,slot=0,entry=359360
359660	31793	?create@?$t_object_factory@Vt_adv_object_pandoras_box@@@@UBEPAVt_stationary_adventure_object@@ABV?$basic_string@DU?$char_traits@D@std@@V?$allocator@D@2@@std@@ABVt_qualified_adv_object_type@@@Z	unique-hierarchy-method-and-slot-cleanup		206a312e7584eb29e8b617307f4ed3e3a8befbcced7ef7a2e4c604cdb8310a4a	class=t_object_factory<class t_adv_object_pandoras_box>;proof=unique-hierarchy-method-and-slot-cleanup;cleanup=8;checked-rtti-and-raw-slots;vft=4e74d4,col=512194,offset=0,slot=0,entry=359660
35e020	31892	?gets_global_grail_effects@t_player@@UBE_NW4t_town_type@@@Z	unique-hierarchy-method-and-slot-cleanup		d4c91d0c754609f98962d66c5ae5c7e99bcfcaef2a72833f243e1d62c8a710df	class=t_player;proof=unique-hierarchy-method-and-slot-cleanup;cleanup=4;checked-rtti-and-raw-slots;vft=4e7b8c,col=512550,offset=0,slot=1,entry=35e020
3632a0	32245	?on_idle@t_fader@?%C:\work\game\puzzle_window.cpp1027829170@@UAEXXZ	unique-hierarchy-method-and-slot-cleanup		b277f742b331b07abcc24c36b338874039886fe7bb9545dcd1c702e36b160f0e	class=?%C:\work\game\puzzle_window.cpp1027829170::t_fader;proof=unique-hierarchy-method-and-slot-cleanup;cleanup=0;checked-rtti-and-raw-slots;vft=4e7d94,col=512920,offset=0,slot=1,entry=3632a0
369f20	32545	?create@?$t_object_factory@Vt_quest_gate@@@@UBEPAVt_stationary_adventure_object@@ABV?$basic_string@DU?$char_traits@D@std@@V?$allocator@D@2@@std@@ABVt_qualified_adv_object_type@@@Z	unique-hierarchy-method-and-slot-cleanup		8d959d932f7e05efa54d39aca9c3f2842f97e90427091afd060e9904991ce7a0	class=t_object_factory<class t_quest_gate>;proof=unique-hierarchy-method-and-slot-cleanup;cleanup=8;checked-rtti-and-raw-slots;vft=4e7f14,col=512cd4,offset=0,slot=0,entry=369f20
36a230	32552	?create@?$t_object_factory@Vt_quest_guard@@@@UBEPAVt_stationary_adventure_object@@ABV?$basic_string@DU?$char_traits@D@std@@V?$allocator@D@2@@std@@ABVt_qualified_adv_object_type@@@Z	unique-hierarchy-method-and-slot-cleanup		d2cd61656ab410306ba2b132194f3a44059b38aef1ed134268db402b79ab500c	class=t_object_factory<class t_quest_guard>;proof=unique-hierarchy-method-and-slot-cleanup;cleanup=8;checked-rtti-and-raw-slots;vft=4e7f1c,col=512d1c,offset=0,slot=0,entry=36a230
36a560	32559	?create@?$t_object_factory@Vt_seers_hut@@@@UBEPAVt_stationary_adventure_object@@ABV?$basic_string@DU?$char_traits@D@std@@V?$allocator@D@2@@std@@ABVt_qualified_adv_object_type@@@Z	unique-hierarchy-method-and-slot-cleanup		72250a3eb327213bbb010b7d84cf341149f2551fe6a9060e69c6fc8e4fab0581	class=t_object_factory<class t_seers_hut>;proof=unique-hierarchy-method-and-slot-cleanup;cleanup=8;checked-rtti-and-raw-slots;vft=4e7f24,col=512d64,offset=0,slot=0,entry=36a560
36cec0	32894	?create@?$t_spell_factory@Vt_quicksand_spell@@@@UBEPAVt_combat_spell@@AAVt_battlefield@@W4t_spell@@@Z	unique-hierarchy-method-and-slot-cleanup		e6985a8258aa16b3b853ac1dfaa59ce0166a0c0748f500667117eb55f28a94ea	class=t_spell_factory<class t_quicksand_spell>;proof=unique-hierarchy-method-and-slot-cleanup;cleanup=8;checked-rtti-and-raw-slots;vft=4e8a88,col=513a34,offset=0,slot=0,entry=36cec0
36da20	32916	?create@?$t_object_factory@Vt_random_random_monster@@@@UBEPAVt_stationary_adventure_object@@ABV?$basic_string@DU?$char_traits@D@std@@V?$allocator@D@2@@std@@ABVt_qualified_adv_object_type@@@Z	unique-hierarchy-method-and-slot-cleanup		f636620a9cf064a6b4535388a8f911c615b52e66f7f2359b227319d3c6cd792f	class=t_object_factory<class t_random_random_monster>;proof=unique-hierarchy-method-and-slot-cleanup;cleanup=8;checked-rtti-and-raw-slots;vft=4e8ae4,col=513ac8,offset=0,slot=0,entry=36da20
36dc70	32923	?create@?$t_object_factory@Vt_random_monster@@@@UBEPAVt_stationary_adventure_object@@ABV?$basic_string@DU?$char_traits@D@std@@V?$allocator@D@2@@std@@ABVt_qualified_adv_object_type@@@Z	unique-hierarchy-method-and-slot-cleanup		0637b05afca516f1d8076b5dd377f2988f7b89430a18e4a0c4dc7db0997ca18e	class=t_object_factory<class t_random_monster>;proof=unique-hierarchy-method-and-slot-cleanup;cleanup=8;checked-rtti-and-raw-slots;vft=4e8aec,col=513b10,offset=0,slot=0,entry=36dc70
36f420	32984	?create@?$t_object_factory@Vt_random_town@@@@UBEPAVt_stationary_adventure_object@@ABV?$basic_string@DU?$char_traits@D@std@@V?$allocator@D@2@@std@@ABVt_qualified_adv_object_type@@@Z	unique-hierarchy-method-and-slot-cleanup		55d499be49215d9a95ebb1f2559f102332ff32bc703c277562e653d79fd06974	class=t_object_factory<class t_random_town>;proof=unique-hierarchy-method-and-slot-cleanup;cleanup=8;checked-rtti-and-raw-slots;vft=4e9044,col=513d40,offset=0,slot=0,entry=36f420
379910	33195	?get_stream@t_resource_file@@UAE?AV?$t_shared_ptr@V?$basic_streambuf@DU?$char_traits@D@std@@@std@@@@H@Z	unique-hierarchy-method-and-slot-cleanup		bf4a94b4888c29805e3841e697c1b5d60265e7f0d3044708db076e669dae7ece	class=t_resource_file;proof=unique-hierarchy-method-and-slot-cleanup;cleanup=8;checked-rtti-and-raw-slots;vft=4e9334,col=514008,offset=0,slot=1,entry=379910
379ad0	33196	?get_filename@t_resource_file@@UAE?AV?$basic_string@DU?$char_traits@D@std@@V?$allocator@D@2@@std@@XZ	unique-hierarchy-method-and-slot-cleanup		9c0b480e1b57aef5c5cac38106f45cfb20c57333828efca90bebab515b2404aa	class=t_resource_file;proof=unique-hierarchy-method-and-slot-cleanup;cleanup=4;checked-rtti-and-raw-slots;vft=4e9334,col=514008,offset=0,slot=2,entry=379ad0
380600	33341	?create@?$t_spell_factory@Vt_resurrection_spell@@@@UBEPAVt_combat_spell@@AAVt_battlefield@@W4t_spell@@@Z	unique-hierarchy-method-and-slot-cleanup		2de78ea3ed4692d04f0d572824dcbb86871fecffa67162a5159df4098bda1c8d	class=t_spell_factory<class t_resurrection_spell>;proof=unique-hierarchy-method-and-slot-cleanup;cleanup=8;checked-rtti-and-raw-slots;vft=4e9374,col=514050,offset=0,slot=0,entry=380600
380790	33343	?create@?$t_spell_factory@Vt_rebirth_spell@@@@UBEPAVt_combat_spell@@AAVt_battlefield@@W4t_spell@@@Z	unique-hierarchy-method-and-slot-cleanup		dcf160f11c487b8767b88846fa4ba8856285410b2d25a1fbf18b73b5332798e0	class=t_spell_factory<class t_rebirth_spell>;proof=unique-hierarchy-method-and-slot-cleanup;cleanup=8;checked-rtti-and-raw-slots;vft=4e93d4,col=5140e8,offset=0,slot=0,entry=380790
380810	33345	?create@?$t_spell_factory@Vt_animate_dead@?%C:\work\game\resurrection_spell.cpp84171935@@@@UBEPAVt_combat_spell@@AAVt_battlefield@@W4t_spell@@@Z	unique-hierarchy-method-and-slot-cleanup		a56e7f9f3c6e0d8445121070553f6c1d621154c71336c1f83a041b3811b95565	class=t_spell_factory<class ?%C:\work\game\resurrection_spell.cpp84171935::t_animate_dead>;proof=unique-hierarchy-method-and-slot-cleanup;cleanup=8;checked-rtti-and-raw-slots;vft=4e9434,col=514184,offset=0,slot=0,entry=380810
380890	33347	?create@?$t_spell_factory@Vt_raise_undead@?%C:\work\game\resurrection_spell.cpp84171935@@@@UBEPAVt_combat_spell@@AAVt_battlefield@@W4t_spell@@@Z	unique-hierarchy-method-and-slot-cleanup		27e0c7cbff82843fef295441f679a222ae657a2529da64de576c1b073a214b61	class=t_spell_factory<class ?%C:\work\game\resurrection_spell.cpp84171935::t_raise_undead>;proof=unique-hierarchy-method-and-slot-cleanup;cleanup=8;checked-rtti-and-raw-slots;vft=4e949c,col=514220,offset=0,slot=0,entry=380890
380a10	33353	?create@?$t_spell_factory@Vt_acid@?%C:\work\game\resurrection_spell.cpp84171935@@@@UBEPAVt_combat_spell@@AAVt_battlefield@@W4t_spell@@@Z	unique-hierarchy-method-and-slot-cleanup		d873a9e1afe81a6a70aa8951f93de6a90775c0d06ee0bf8fe0b94882b5624628	class=t_spell_factory<class ?%C:\work\game\resurrection_spell.cpp84171935::t_acid>;proof=unique-hierarchy-method-and-slot-cleanup;cleanup=8;checked-rtti-and-raw-slots;vft=4e94a4,col=514268,offset=0,slot=0,entry=380a10
380bf0	33359	?create@?$t_spell_factory@Vt_sacrifice@?%C:\work\game\resurrection_spell.cpp84171935@@@@UBEPAVt_combat_spell@@AAVt_battlefield@@W4t_spell@@@Z	unique-hierarchy-method-and-slot-cleanup		47ae805bac2f96ae767d495e3feec6aa05c35f50a47f1e61598268dd36c60862	class=t_spell_factory<class ?%C:\work\game\resurrection_spell.cpp84171935::t_sacrifice>;proof=unique-hierarchy-method-and-slot-cleanup;cleanup=8;checked-rtti-and-raw-slots;vft=4e94ac,col=5142b0,offset=0,slot=0,entry=380bf0
381000	33369	??R?$t_add_2nd_handler_1@PAVt_window@@Vt_combat_action_message@@@@UAEXPAVt_window@@@Z	unique-hierarchy-method-and-slot-cleanup		a1a4850dc58a54e92e18c846c77da0727398e545f9b9e22a0b1efefac5857466	class=t_add_2nd_handler_1<class t_window *, class t_combat_action_message>;proof=unique-hierarchy-method-and-slot-cleanup;cleanup=4;checked-rtti-and-raw-slots;vft=4e9660,col=5145ec,offset=8,slot=1,entry=381000
384340	33449	?create@?$t_object_factory@Vt_sanctuary@@@@UBEPAVt_stationary_adventure_object@@ABV?$basic_string@DU?$char_traits@D@std@@V?$allocator@D@2@@std@@ABVt_qualified_adv_object_type@@@Z	unique-hierarchy-method-and-slot-cleanup		4981d148ea239eadc8b823135243392d871cc0b5390ef98a109c3c86ba7d96d0	class=t_object_factory<class t_sanctuary>;proof=unique-hierarchy-method-and-slot-cleanup;cleanup=8;checked-rtti-and-raw-slots;vft=4e9684,col=514634,offset=0,slot=0,entry=384340
3843b0	33451	?create@?$t_object_factory@Vt_sea_sanctuary@@@@UBEPAVt_stationary_adventure_object@@ABV?$basic_string@DU?$char_traits@D@std@@V?$allocator@D@2@@std@@ABVt_qualified_adv_object_type@@@Z	unique-hierarchy-method-and-slot-cleanup		bbe5651f02eadc3e0de8a3b843b5c65c47795a6685b15e9fbe52018923efb3c2	class=t_object_factory<class t_sea_sanctuary>;proof=unique-hierarchy-method-and-slot-cleanup;cleanup=8;checked-rtti-and-raw-slots;vft=4e968c,col=51467c,offset=0,slot=0,entry=3843b0
385200	33488	?read@t_combat_context_adv_object@@UAE_NAAV?$basic_streambuf@DU?$char_traits@D@std@@@std@@AAVt_adventure_map@@@Z	unique-hierarchy-method-and-slot-cleanup		e7b87f16c6d7258f2cf8a008ff060b488d2d8f4fbdb8321d2946e58eb9e3a007	class=t_combat_context_adv_object;proof=unique-hierarchy-method-and-slot-cleanup;cleanup=8;checked-rtti-and-raw-slots;vft=4e9ae8,col=5148f0,offset=0,slot=4,entry=385200
386eb0	33529	?create_back_buffer@t_impl@t_scaled_adventure_map_drawer@@UAE?AV?$t_shared_ptr@V?$t_abstract_bitmap@G@@@@ABUt_screen_point@@@Z	unique-hierarchy-method-and-slot-cleanup		14d9ae19ef2fbcc4d7284f1c2874b9692ccc28159c4253b7ae59fa62465c2aa9	class=t_scaled_adventure_map_drawer::t_impl;proof=unique-hierarchy-method-and-slot-cleanup;cleanup=8;checked-rtti-and-raw-slots;vft=4e9b6c,col=514968,offset=0,slot=0,entry=386eb0
386ee0	33530	?on_rects_dirtied@t_impl@t_scaled_adventure_map_drawer@@UAEXABV?$vector@Ut_screen_rect@@V?$allocator@Ut_screen_rect@@@std@@@std@@@Z	unique-hierarchy-method-and-slot-cleanup		d680942a5be13f6c3108598e368879a1b94a8d99ff8cb5e89cd04df7d9b990b3	class=t_scaled_adventure_map_drawer::t_impl;proof=unique-hierarchy-method-and-slot-cleanup;cleanup=4;checked-rtti-and-raw-slots;vft=4e9b6c,col=514968,offset=0,slot=1,entry=386ee0
38e0a0	33634	?create@?$t_object_factory@Vt_school_of_magic@@@@UBEPAVt_stationary_adventure_object@@ABV?$basic_string@DU?$char_traits@D@std@@V?$allocator@D@2@@std@@ABVt_qualified_adv_object_type@@@Z	unique-hierarchy-method-and-slot-cleanup		4e586132c547f6231a12babbd523f18e53c10e42afb3d8ca7eb443a62e1ce301	class=t_object_factory<class t_school_of_magic>;proof=unique-hierarchy-method-and-slot-cleanup;cleanup=8;checked-rtti-and-raw-slots;vft=4e9c5c,col=514b34,offset=0,slot=0,entry=38e0a0
38e110	33636	?create@?$t_object_factory@Vt_school_of_war@@@@UBEPAVt_stationary_adventure_object@@ABV?$basic_string@DU?$char_traits@D@std@@V?$allocator@D@2@@std@@ABVt_qualified_adv_object_type@@@Z	unique-hierarchy-method-and-slot-cleanup		3e9db788d4179c2b25872ec6312f1500746b6517443c74813b6cad8345e16e17	class=t_object_factory<class t_school_of_war>;proof=unique-hierarchy-method-and-slot-cleanup;cleanup=8;checked-rtti-and-raw-slots;vft=4e9c64,col=514b7c,offset=0,slot=0,entry=38e110
396bd0	34647	?write@t_script_combat@@UBE_NAAV?$basic_streambuf@DU?$char_traits@D@std@@@std@@@Z	reviewed-identity-and-runtime-vftable		1d762d8e7bf3d27681a218aa0096d468bc6ee95599e10cf67977f820c82846a7	class=t_script_combat;proof=reviewed-identity-and-runtime-vftable;cleanup=4;checked-rtti-and-raw-slots;vft=4eabf0,col=516a08,offset=0,slot=11,entry=396bd0;manual-review=complete-R04
3a98d0	36873	??R?$t_add_2nd_handler_1@PAVt_button@@Vt_handler@@@@UAEXPAVt_button@@@Z	unique-hierarchy-method-and-slot-cleanup		6cdb36e5db4cce046dd44abc4527fa53caa7be5f37d25f5ef9e08606c7f74a66	class=t_add_2nd_handler_1<class t_button *, class t_handler>;proof=unique-hierarchy-method-and-slot-cleanup;cleanup=4;checked-rtti-and-raw-slots;vft=4ec228,col=51a848,offset=8,slot=1,entry=3a98d0
3afbf0	37065	?run@t_sequence_loader@@UAEKXZ	unique-hierarchy-method-and-slot-cleanup		3042485642dc82c4bc223dc6563733101029b97f2b7f3f6f9795c0454f230485	class=t_sequence_loader;proof=unique-hierarchy-method-and-slot-cleanup;cleanup=0;checked-rtti-and-raw-slots;vft=4d6ffc,col=4ffe74,offset=0,slot=1,entry=3afbf0
3b2650	37185	?create@?$t_object_factory@Vt_cartographer@@@@UBEPAVt_stationary_adventure_object@@ABV?$basic_string@DU?$char_traits@D@std@@V?$allocator@D@2@@std@@ABVt_qualified_adv_object_type@@@Z	unique-hierarchy-method-and-slot-cleanup		581de501cea60faa368d2d7d0c32ae0e291db6d14fa51f125619a5c192c44502	class=t_object_factory<class t_cartographer>;proof=unique-hierarchy-method-and-slot-cleanup;cleanup=8;checked-rtti-and-raw-slots;vft=4ec618,col=51ae8c,offset=0,slot=0,entry=3b2650
3b27a0	37187	?create@?$t_object_factory@Vt_magi_hut@@@@UBEPAVt_stationary_adventure_object@@ABV?$basic_string@DU?$char_traits@D@std@@V?$allocator@D@2@@std@@ABVt_qualified_adv_object_type@@@Z	unique-hierarchy-method-and-slot-cleanup		2ff8c388aac19cfd0056d4c8da8908efae38c8e85b612db4b6b30bca297b4b01	class=t_object_factory<class t_magi_hut>;proof=unique-hierarchy-method-and-slot-cleanup;cleanup=8;checked-rtti-and-raw-slots;vft=4ec620,col=51aed4,offset=0,slot=0,entry=3b27a0
3b28f0	37189	?create@?$t_object_factory@Vt_tower@@@@UBEPAVt_stationary_adventure_object@@ABV?$basic_string@DU?$char_traits@D@std@@V?$allocator@D@2@@std@@ABVt_qualified_adv_object_type@@@Z	unique-hierarchy-method-and-slot-cleanup		281804a2bf3f8f963dc85a112c3f393dc6e4926d3586aa65244a9cbb7a23dc76	class=t_object_factory<class t_tower>;proof=unique-hierarchy-method-and-slot-cleanup;cleanup=8;checked-rtti-and-raw-slots;vft=4ec628,col=51af1c,offset=0,slot=0,entry=3b28f0
3c91e0	37634	?run@t_sound_thread@?%C:\work\game\sound.cpp3050522799@@UAEKXZ	unique-hierarchy-method-and-slot-cleanup		5a02de11bd7ef5066f634f437caeed6b39cc255e8520add79b2a976acc4e5db2	class=?%C:\work\game\sound.cpp3050522799::t_sound_thread;proof=unique-hierarchy-method-and-slot-cleanup;cleanup=0;checked-rtti-and-raw-slots;vft=4ed334,col=51b5e8,offset=0,slot=1,entry=3c91e0
3c9240	37636	?read@t_sound_header@@UAE_NAAV?$basic_streambuf@DU?$char_traits@D@std@@@std@@@Z	unique-hierarchy-method-and-slot-cleanup		cb635adfa38c7c1e8bdc5cdee0a69b1f2c67db98f6c36c802d9089bd4352d414	class=t_sound_header;proof=unique-hierarchy-method-and-slot-cleanup;cleanup=4;checked-rtti-and-raw-slots;vft=4ed350,col=51b690,offset=0,slot=0,entry=3c9240
3ca160	37650	?set_volume@t_sound_player@?%C:\work\game\sound.cpp3050522799@@UAEXH_N@Z	unique-hierarchy-method-and-slot-cleanup		ff0b3a2818cfe4b12d46fdef9732ef2f98a3d50826b3b6df2733f9a0ad67d0bb	class=?%C:\work\game\sound.cpp3050522799::t_sound_player;proof=unique-hierarchy-method-and-slot-cleanup;cleanup=8;checked-rtti-and-raw-slots;vft=4ed384,col=51b724,offset=0,slot=8,entry=3ca160
3ca6d0	37658	?play@t_sound_player@?%C:\work\game\sound.cpp3050522799@@UAEXH_N0@Z	unique-hierarchy-method-and-slot-cleanup		60d11b9a6112f41c6c735c17dfbd1024cf0055642ed7a36501b02eb39cc67d2b	class=?%C:\work\game\sound.cpp3050522799::t_sound_player;proof=unique-hierarchy-method-and-slot-cleanup;cleanup=12;checked-rtti-and-raw-slots;vft=4ed384,col=51b724,offset=0,slot=6,entry=3ca6d0
3cbf50	37824	?read@t_mp3_data_stream@?%C:\work\game\sound_cache.cpp2541414890@@UAEJPAXJ@Z	unique-hierarchy-method-and-slot-cleanup		7594f9619475641a2ab81bcb98bcb3bf9d0ad17cdceb4ae9a63f0b3a575cad24	class=?%C:\work\game\sound_cache.cpp2541414890::t_mp3_data_stream;proof=unique-hierarchy-method-and-slot-cleanup;cleanup=8;checked-rtti-and-raw-slots;vft=4ed430,col=51b98c,offset=0,slot=1,entry=3cbf50
3ce480	37937	?create@?$t_spell_factory@Vt_spell_displacement@@@@UBEPAVt_combat_spell@@AAVt_battlefield@@W4t_spell@@@Z	unique-hierarchy-method-and-slot-cleanup		c253fe57fccc34924391258c594af6275a5c64f690db0901f3457cbd2c3948d1	class=t_spell_factory<class t_spell_displacement>;proof=unique-hierarchy-method-and-slot-cleanup;cleanup=8;checked-rtti-and-raw-slots;vft=4ed4f4,col=51bb94,offset=0,slot=0,entry=3ce480
3cea80	37947	??R?$t_add_handler@Vt_combat_action_message@@@@UAEXXZ	unique-hierarchy-method-and-slot-cleanup		7827e3f43b07cfd02b328a866ba34c7cbe40baf8b868b26d60d269a22ccfad5b	class=t_add_handler<class t_combat_action_message>;proof=unique-hierarchy-method-and-slot-cleanup;cleanup=0;checked-rtti-and-raw-slots;vft=4ed5a8,col=51be40,offset=8,slot=1,entry=3cea80
3d4ae0	38123	?create@?$t_spell_factory@Vt_spell_sparks@@@@UBEPAVt_combat_spell@@AAVt_battlefield@@W4t_spell@@@Z	unique-hierarchy-method-and-slot-cleanup		ad45671823a57438c14b3d20621f118d53fc67d08ab2f3c85fe2ec5f7b9bc99a	class=t_spell_factory<class t_spell_sparks>;proof=unique-hierarchy-method-and-slot-cleanup;cleanup=8;checked-rtti-and-raw-slots;vft=4ede20,col=51c01c,offset=0,slot=0,entry=3d4ae0
3d55c0	38133	??Rt_spell_func@?%C:\work\game\spellbook_window.cpp3053824401@@UBE_NW4t_spell@@@Z	unique-hierarchy-method-and-slot-cleanup		483137e6ee0ad7f942e69d323cf44621dc8f94dd4b25c65da6cb26dae7464c4b	class=?%C:\work\game\spellbook_window.cpp3053824401::t_spell_func;proof=unique-hierarchy-method-and-slot-cleanup;cleanup=4;checked-rtti-and-raw-slots;vft=4ede8c,col=51c12c,offset=0,slot=0,entry=3d55c0
3d55d0	38135	??Rt_school_tester@?%C:\work\game\spellbook_window.cpp3053824401@@UBE_NW4t_spell@@@Z	unique-hierarchy-method-and-slot-cleanup		2434e9a31a83dabdf91ae1d14cb680508c82eef91f8312d329eeaa1f4bf6715c	class=?%C:\work\game\spellbook_window.cpp3053824401::t_school_tester;proof=unique-hierarchy-method-and-slot-cleanup;cleanup=4;checked-rtti-and-raw-slots;vft=4ede94,col=51c174,offset=0,slot=0,entry=3d55d0
3e5340	38431	?create@?$t_spell_factory@Vt_steal_enchantment@@@@UBEPAVt_combat_spell@@AAVt_battlefield@@W4t_spell@@@Z	unique-hierarchy-method-and-slot-cleanup		3458f7351a928dff486c096ca444874aa36d3b4b734e5570208c28ad1f8b5ef6	class=t_spell_factory<class t_steal_enchantment>;proof=unique-hierarchy-method-and-slot-cleanup;cleanup=8;checked-rtti-and-raw-slots;vft=4ee0e4,col=51c6d0,offset=0,slot=0,entry=3e5340
3e53c0	38433	?create@?$t_spell_factory@Vt_steal_all@?%C:\work\game\steal_enchantment.cpp80274779@@@@UBEPAVt_combat_spell@@AAVt_battlefield@@W4t_spell@@@Z	unique-hierarchy-method-and-slot-cleanup		70d06cd1d615e0203c87c8fa5a81fe8b254fbc6e775a44f15cf4f47adedaa3b0	class=t_spell_factory<class ?%C:\work\game\steal_enchantment.cpp80274779::t_steal_all>;proof=unique-hierarchy-method-and-slot-cleanup;cleanup=8;checked-rtti-and-raw-slots;vft=4ee148,col=51c7cc,offset=0,slot=0,entry=3e53c0
3e7df0	38596	?create@?$t_spell_factory@Vt_summon_obstacle@@@@UBEPAVt_combat_spell@@AAVt_battlefield@@W4t_spell@@@Z	unique-hierarchy-method-and-slot-cleanup		7eee4d1d5a0e92a4c48419214c920e8a8bea1bf83ebb36f6edc7ec49dfb763c2	class=t_spell_factory<class t_summon_obstacle>;proof=unique-hierarchy-method-and-slot-cleanup;cleanup=8;checked-rtti-and-raw-slots;vft=4ee20c,col=51c96c,offset=0,slot=0,entry=3e7df0
3e7e50	38598	?create@?$t_spell_factory@Vt_summon_smoke@?%C:\work\game\summon_obstacle.cpp2839725687@@@@UBEPAVt_combat_spell@@AAVt_battlefield@@W4t_spell@@@Z	unique-hierarchy-method-and-slot-cleanup		3e263abc74173e80ad216e99f95181cc8cdda031387fd67a5ed7c77f77d68838	class=t_spell_factory<class ?%C:\work\game\summon_obstacle.cpp2839725687::t_summon_smoke>;proof=unique-hierarchy-method-and-slot-cleanup;cleanup=8;checked-rtti-and-raw-slots;vft=4ee25c,col=51ca04,offset=0,slot=0,entry=3e7e50
3e9b20	38632	?create@?$t_spell_factory@Vt_summoning_spell@@@@UBEPAVt_combat_spell@@AAVt_battlefield@@W4t_spell@@@Z	unique-hierarchy-method-and-slot-cleanup		5433e9f7d1736c3d0a84902980636f15a3139a143af4913bc4c3dacb2564840f	class=t_spell_factory<class t_summoning_spell>;proof=unique-hierarchy-method-and-slot-cleanup;cleanup=8;checked-rtti-and-raw-slots;vft=4ee334,col=51cb64,offset=0,slot=0,entry=3e9b20
3e9c60	38638	?create@?$t_spell_factory@Vt_summon_phantom@?%C:\work\game\summoning_spell.cpp1737021720@@@@UBEPAVt_combat_spell@@AAVt_battlefield@@W4t_spell@@@Z	unique-hierarchy-method-and-slot-cleanup		d9e93d86740c7346522ea8a061499f140186cb36867dd1c0b1f58f224a443aa2	class=t_spell_factory<class ?%C:\work\game\summoning_spell.cpp1737021720::t_summon_phantom>;proof=unique-hierarchy-method-and-slot-cleanup;cleanup=8;checked-rtti-and-raw-slots;vft=4ee33c,col=51cbac,offset=0,slot=0,entry=3e9c60
3eb980	38674	?create@?$t_spell_factory@Vt_teleport_spell@@@@UBEPAVt_combat_spell@@AAVt_battlefield@@W4t_spell@@@Z	unique-hierarchy-method-and-slot-cleanup		2eb2ade70b9cdf362429b8f722894d78926bc5f5bb7c954e3e6ff0bc65432548	class=t_spell_factory<class t_teleport_spell>;proof=unique-hierarchy-method-and-slot-cleanup;cleanup=8;checked-rtti-and-raw-slots;vft=4ee414,col=51cd14,offset=0,slot=0,entry=3eb980
3fd5c0	38932	?get_text@t_requires_nothing@?%C:\work\game\town.cpp133794036@@UBE?AV?$basic_string@DU?$char_traits@D@std@@V?$allocator@D@2@@std@@PBVt_town@@AA_NW4t_town_building@@@Z	unique-hierarchy-method-and-slot-cleanup		d49b59da0257bd97f34eccfee0b937b211c6c797e1476697ed2902c380e5af17	class=?%C:\work\game\town.cpp133794036::t_requires_nothing;proof=unique-hierarchy-method-and-slot-cleanup;cleanup=16;checked-rtti-and-raw-slots;vft=4ee914,col=51d2cc,offset=0,slot=5,entry=3fd5c0
3fd690	38934	?and@t_requires_nothing@?%C:\work\game\town.cpp133794036@@UAE?AV?$t_counted_ptr@Vt_requires@?%C:\work\game\town.cpp133794036@@@@PAVt_requires@2@@Z	unique-hierarchy-method-and-slot-cleanup		d8de0905bc7c3e168ade02060b3b4d4edf67ad090fda21f1abe6ff68300d1536	class=?%C:\work\game\town.cpp133794036::t_requires_nothing;proof=unique-hierarchy-method-and-slot-cleanup;cleanup=8;checked-rtti-and-raw-slots;vft=4ee914,col=51d2cc,offset=0,slot=2,entry=3fd690
3fd7a0	38938	?ai_distribute_value@t_requires_building@?%C:\work\game\town.cpp133794036@@UAEXPBVt_town@@MPAM@Z	unique-hierarchy-method-and-slot-cleanup		45f08e72a77cbbc50d1831700cf6d8f20d623a20d89e5f43aee5ea993d1f2a9d	class=?%C:\work\game\town.cpp133794036::t_requires_building;proof=unique-hierarchy-method-and-slot-cleanup;cleanup=12;checked-rtti-and-raw-slots;vft=4ee8f4,col=51d280,offset=0,slot=1,entry=3fd7a0
3fd8b0	38939	?get_text@t_requires_building@?%C:\work\game\town.cpp133794036@@UBE?AV?$basic_string@DU?$char_traits@D@std@@V?$allocator@D@2@@std@@PBVt_town@@AA_NW4t_town_building@@@Z	unique-hierarchy-method-and-slot-cleanup		219c3e0e95a38e37400164f0841e48892a6ae630b460122c074066c4325b9178	class=?%C:\work\game\town.cpp133794036::t_requires_building;proof=unique-hierarchy-method-and-slot-cleanup;cleanup=16;checked-rtti-and-raw-slots;vft=4ee8f4,col=51d280,offset=0,slot=5,entry=3fd8b0
3fdce0	38943	?get_text@t_or@?%C:\work\game\town.cpp133794036@@UBE?AV?$basic_string@DU?$char_traits@D@std@@V?$allocator@D@2@@std@@PBVt_town@@AA_NW4t_town_building@@@Z	unique-hierarchy-method-and-slot-cleanup		fbb9181feb42b423b464a91af876a7527907e45cabfd9b1cea4b151845fb783c	class=?%C:\work\game\town.cpp133794036::t_or;proof=unique-hierarchy-method-and-slot-cleanup;cleanup=16;checked-rtti-and-raw-slots;vft=4ee954,col=51d348,offset=0,slot=5,entry=3fdce0
3fdfb0	38946	?ai_distribute_value@t_or@?%C:\work\game\town.cpp133794036@@UAEXPBVt_town@@MPAM@Z	unique-hierarchy-method-and-slot-cleanup		c70c102f94ffa24c47bca19149259d979de2376330cea28760eb95d5b87367a8	class=?%C:\work\game\town.cpp133794036::t_or;proof=unique-hierarchy-method-and-slot-cleanup;cleanup=12;checked-rtti-and-raw-slots;vft=4ee954,col=51d348,offset=0,slot=1,entry=3fdfb0
3fe0c0	38948	?and@t_and@?%C:\work\game\town.cpp133794036@@UAE?AV?$t_counted_ptr@Vt_requires@?%C:\work\game\town.cpp133794036@@@@PAVt_requires@2@@Z	unique-hierarchy-method-and-slot-cleanup		a3ea99e44c134413b1740919ab0d367817e93b05b75165c69fcee4a0abeb8720	class=?%C:\work\game\town.cpp133794036::t_and;proof=unique-hierarchy-method-and-slot-cleanup;cleanup=8;checked-rtti-and-raw-slots;vft=4ee994,col=51d3e0,offset=0,slot=2,entry=3fe0c0
3fe1c0	38949	?ai_distribute_value@t_and@?%C:\work\game\town.cpp133794036@@UAEXPBVt_town@@MPAM@Z	unique-hierarchy-method-and-slot-cleanup		835a396fcfa7edbd647efaa59444327a3ae6529faa872708da6d3a35b76d879c	class=?%C:\work\game\town.cpp133794036::t_and;proof=unique-hierarchy-method-and-slot-cleanup;cleanup=12;checked-rtti-and-raw-slots;vft=4ee994,col=51d3e0,offset=0,slot=1,entry=3fe1c0
3fe200	38950	?get_text@t_and@?%C:\work\game\town.cpp133794036@@UBE?AV?$basic_string@DU?$char_traits@D@std@@V?$allocator@D@2@@std@@PBVt_town@@AA_NW4t_town_building@@@Z	unique-hierarchy-method-and-slot-cleanup		22a9de3315a94e3b0fbbd37405f08922b7f25d164c82126d2bfd4d0932249f80	class=?%C:\work\game\town.cpp133794036::t_and;proof=unique-hierarchy-method-and-slot-cleanup;cleanup=16;checked-rtti-and-raw-slots;vft=4ee994,col=51d3e0,offset=0,slot=5,entry=3fe200
40cc10	39287	?create@?$t_object_factory_with_type@Vt_town@@@@UBEPAVt_stationary_adventure_object@@ABV?$basic_string@DU?$char_traits@D@std@@V?$allocator@D@2@@std@@ABVt_qualified_adv_object_type@@@Z	unique-hierarchy-method-and-slot-cleanup		94cf238dedd14cf8bbed4d1ca71d2e92e789da4da282f2206b3b67b176acaace	class=t_object_factory_with_type<class t_town>;proof=unique-hierarchy-method-and-slot-cleanup;cleanup=8;checked-rtti-and-raw-slots;vft=4ee8e4,col=51d1d4,offset=0,slot=0,entry=40cc10
40cc80	39289	?create@?$t_object_factory@Vt_outpost@@@@UBEPAVt_stationary_adventure_object@@ABV?$basic_string@DU?$char_traits@D@std@@V?$allocator@D@2@@std@@ABVt_qualified_adv_object_type@@@Z	unique-hierarchy-method-and-slot-cleanup		49e190d096298684d87c3d106fc0c24f9e4a5ede3b52d739964f84d287570b2c	class=t_object_factory<class t_outpost>;proof=unique-hierarchy-method-and-slot-cleanup;cleanup=8;checked-rtti-and-raw-slots;vft=4ee8ec,col=51d21c,offset=0,slot=0,entry=40cc80
433c40	40519	?read@t_war_institute@@UAE_NAAV?$basic_streambuf@DU?$char_traits@D@std@@@std@@ABVt_qualified_adv_object_type@@H@Z	reviewed-identity-and-runtime-vftable		a64ad26eb8e75cf073ede90a4b9f7020d4f56274efdf85cc277629b5ca1bfff5	class=t_war_institute;proof=reviewed-identity-and-runtime-vftable;cleanup=12;checked-rtti-and-raw-slots;vft=4f0a2c,col=51e3a0,offset=0,slot=41,entry=433c40;manual-review=complete-R26
433e80	40537	?create@?$t_object_factory@Vt_war_institute@@@@UBEPAVt_stationary_adventure_object@@ABV?$basic_string@DU?$char_traits@D@std@@V?$allocator@D@2@@std@@ABVt_qualified_adv_object_type@@@Z	unique-hierarchy-method-and-slot-cleanup		3796a992c2f1dbfcc552bbe6a05f41726e8638687332c43f5d7516343cc65ea9	class=t_object_factory<class t_war_institute>;proof=unique-hierarchy-method-and-slot-cleanup;cleanup=8;checked-rtti-and-raw-slots;vft=4f095c,col=51e38c,offset=0,slot=0,entry=433e80
4340b0	40541	?read@t_wave_stream@@UAEHPAXK@Z	unique-hierarchy-method-and-slot-cleanup		269d5ae9ba272b7254a24c73d6b647abdb8cd0dd0a3e45e1be8485ae0f199847	class=t_wave_stream;proof=unique-hierarchy-method-and-slot-cleanup;cleanup=8;checked-rtti-and-raw-slots;vft=4f0b0c,col=51e464,offset=0,slot=1,entry=4340b0
435580	40585	?create@?$t_object_factory_with_type@Vt_weekly_generator@@@@UBEPAVt_stationary_adventure_object@@ABV?$basic_string@DU?$char_traits@D@std@@V?$allocator@D@2@@std@@ABVt_qualified_adv_object_type@@@Z	unique-hierarchy-method-and-slot-cleanup		7badd3fb875dd89cd03f2e9e30bfe1b8f57e6516d80d709b09675f470a42b6ad	class=t_object_factory_with_type<class t_weekly_generator>;proof=unique-hierarchy-method-and-slot-cleanup;cleanup=8;checked-rtti-and-raw-slots;vft=4f0b40,col=51e4ac,offset=0,slot=0,entry=435580
438420	40658	?get_bitmap@t_window_paint_surface@@UAE?AV?$t_shared_ptr@V?$t_abstract_bitmap@G@@@@XZ	unique-hierarchy-method-and-slot-cleanup		581e6bceaf0139f486b067c0546bb8cf693e87ec4c8cc14349b8d6911b6ad861	class=t_window_paint_surface;proof=unique-hierarchy-method-and-slot-cleanup;cleanup=4;checked-rtti-and-raw-slots;vft=4f0f2c,col=51e728,offset=0,slot=3,entry=438420
438450	40659	?copy_buffer@t_window_paint_surface@@UAEXXZ	unique-hierarchy-method-and-slot-cleanup		e72f2f9e76c82bce8f894a28361304b45ea28d2434a17a3948fa5fe0ccd0d752	class=t_window_paint_surface;proof=unique-hierarchy-method-and-slot-cleanup;cleanup=0;checked-rtti-and-raw-slots;vft=4f0f2c,col=51e728,offset=0,slot=1,entry=438450
