case_id	selection	stratum	rva	source_rva	map_id	name	source_name_verdict	correspondence_verdict	action	exe_sha256	evidence	packet_sha256	review_ref
R01	random	A/release-asm-ordered	25f200	225300	23681	??1t_artifact_definition@?%C:\work\game\default_artifacts.cpp1478415038@@UAE@XZ	contradicted	supported	withhold	2eb82f32ab744ad7c272e32a950adcef3f20d8ab27572023f1084fd6519f61f2	Initializes this+4/+c/+10/+14 to zero, installs artifact_definition vptr and returns this; constructor behavior, not destructor. Runtime deleting destructor at CHT 224bd0 calls 224bf0, not 225300. Both releases perform the same initialization.	ea4220ae2abda4dfcf89cfc34ae887ddcb5784d30578baed5eadbb84607071f3	maps/complete-3.0/review-sample.tsv
R02	random	A/release-asm-ordered	1deca0	1b1f30	19980	??0?$t_abstract_resource_cache_data@Vt_combat_actor_model_definition@@@@QAE@ABV?$basic_string@DU?$char_traits@D@std@@V?$allocator@D@2@@std@@@Z	supported	supported	keep	2eb82f32ab744ad7c272e32a950adcef3f20d8ab27572023f1084fd6519f61f2	Tracks incoming this through ESI; constructs lock at +8 and resource base at +10, initializes counted-object state and installs the cache-data class vptr on this. Both bodies use the string argument and return this; ret 4.	5d7700f435795767fde2bcd845efac941abd9c938e42e47492dd537ebe9fc8d7	maps/complete-3.0/review-sample.tsv
R03	random	A/release-asm-ordered	3d6c70	356bb0	31606	?read@t_owned_adv_object@@UAE_NAAV?$basic_streambuf@DU?$char_traits@D@std@@@std@@ABVt_qualified_adv_object_type@@H@Z	supported	supported	keep	2eb82f32ab744ad7c272e32a950adcef3f20d8ab27572023f1084fd6519f61f2	Both read one signed owner byte through stream slot +18, throw on short read and pass the byte to a virtual owner setter. Runtime owned_adv_object membership agrees; setter moves +b0 to +b4 and read slot 41 to 42.	04d6d6d99b4f075e9e848fe0c7ebe85ef55feab4bd8863bbfa21e05e797f43b9	maps/complete-3.0/review-sample.tsv
R04	random	A/release-asm-ordered	4241c0	396bd0	34647	?write@t_script_combat@@UBE_NAAV?$basic_streambuf@DU?$char_traits@D@std@@@std@@@Z	supported	supported	keep	2eb82f32ab744ad7c272e32a950adcef3f20d8ab27572023f1084fd6519f61f2	Both serialize the base action, this+10 and array at +1c through stream write slot +1c, throwing on short writes. Runtime script_combat membership agrees; instruction scheduling and slot index differ.	a164b761e3e18e4561755cd51635dbfd55b5d588a5755a20ef82f5f0ae2c5285	maps/complete-3.0/review-sample.tsv
R05	random	A/release-asm-unique	18c220	16e9c0	17918	?write@t_beastmaster_hut@@UBE_NAAV?$basic_streambuf@DU?$char_traits@D@std@@@std@@@Z	supported	supported	keep	2eb82f32ab744ad7c272e32a950adcef3f20d8ab27572023f1084fd6519f61f2	Both write this+58 byte then serialize bool-array at +5c; short-write failure path and ret 4 agree. Runtime beastmaster_hut and witch_hut share this writer; does not distinguish folded aliases.	cdf9d2269ed88d0a055279b7ff4e143d36c7b2ee19c72cb6c37c87d08e8e2588	maps/complete-3.0/review-sample.tsv
R06	random	A/release-asm-unique	25eb80	224c60	23698	??0t_artifact_definition@?%C:\work\game\default_artifacts.cpp1478415038@@QAE@PAVt_artifact_effect@@@Z	contradicted	supported	withhold	2eb82f32ab744ad7c272e32a950adcef3f20d8ab27572023f1084fd6519f61f2	Incoming this is EDI; allocated 0x18-byte object is ESI. Artifact_definition vptr is stored on ESI, while result is retained in [EDI+4] and EDI is returned. This is wrapper construction, not the proposed artifact_definition constructor. Same dataflow in both releases.	9cbf9693e0776a8a18a637440fc997c96acec7245197d28b22251fd2461526cc	maps/complete-3.0/review-sample.tsv
R07	random	A/release-asm-unique	474290	3e07e0	38318	??0t_standard_c_file@@QAE@XZ	supported	supported	keep	2eb82f32ab744ad7c272e32a950adcef3f20d8ab27572023f1084fd6519f61f2	Initializes fields and empty vector at this+10..18, installs runtime standard_c_file vptr on incoming this, returns this; same fields and operations in both bodies.	e5f163523d5c294faa0d8e9689cd7409f6ff34e2d839a6188b5f6d94c39f6c62	maps/complete-3.0/review-sample.tsv
R08	random	A/release-asm-unique	3d1980	351ad0	31416	??0?$t_simple_adv_object_image_base@Vt_adv_object_image@@Vt_simple_adv_object_image@@Vt_image_sequence@@@@QAE@ABV0@@Z	supported	supported	keep	2eb82f32ab744ad7c272e32a950adcef3f20d8ab27572023f1084fd6519f61f2	Copy constructor tracks destination this in EBP and source argument in ESI; deep-copies 8/12-byte vector elements and fields through +56, then installs the image-base class vptr on this. Both complete bodies checked, including cleanup paths.	e989b49ab6f746790226c762ad14b77ea00100083932c7c02a1852132aaa8f98	maps/complete-3.0/review-sample.tsv
R09	random	B/release-asm-ordered	424cf0	397790	34740	?do_action@t_script_give_creatures@@UBEXPAVt_creature_array@@@Z	contradicted	supported	withhold	2eb82f32ab744ad7c272e32a950adcef3f20d8ab27572023f1084fd6519f61f2	Allocates 0x14-byte script_action<7>, copies this+8/+c/+10, installs its vptr and returns a retained result through a hidden output pointer. Clone/copy-return behavior contradicts void give_creatures::do_action(creature_array*). Same allocation/copy flow in both bodies.	8fbaf945872d3a421d3efcd6d2ad198b30b78417c3cd6b513e134eeff3e55e37	maps/complete-3.0/review-sample.tsv
R10	random	B/release-asm-ordered	5bb0	59c0	372	?apply_height_map@t_abstract_adventure_map@@QAEXABV?$t_isometric_vertex_map@H@@@Z	supported	supported	keep	2eb82f32ab744ad7c272e32a950adcef3f20d8ab27572023f1084fd6519f61f2	Both iterate input integer height grid over levels/rows/columns, write 16-bit vertex heights, recompute a second height field and update object positions. Full loops and cleanup reviewed; target changes instruction scheduling, not the height-map operation.	be6eaf3ac1003c7d9d02c15c8e422604743c461f04fcf95792c6858b3e7b32bb	maps/complete-3.0/review-sample.tsv
R11	random	B/release-asm-ordered	97550	8f570	8173	?get_sector@t_adv_path_map@@IBEPAVt_adv_path_sector@@ABUt_adv_map_point@@_N@Z	supported	supported	keep	2eb82f32ab744ad7c272e32a950adcef3f20d8ab27572023f1084fd6519f61f2	Both index sectors using x>>4, y>>4, level and flag, lazily allocate 0x3c0c bytes, initialize 256 entries of stride 0x3c and refresh a 20x20 region when requested. Returns selected sector with ret 8; source name fits this behavior.	0051f366d880b39021754cb012458bc559ec023493ab73251104b49643866389	maps/complete-3.0/review-sample.tsv
R12	random	B/release-asm-ordered	326af0	2b9440	26840	?write@t_global_player_filtered_event@@IBE_NAAV?$basic_streambuf@DU?$char_traits@D@std@@@std@@@Z	contradicted	supported	withhold	2eb82f32ab744ad7c272e32a950adcef3f20d8ab27572023f1084fd6519f61f2	Reads version and player flag bytes via stream slot +18 into stack buffers, then writes this+40/+44/+45 and throws read failures. Deserialization contradicts const write(stream&). Both bodies implement the same reader.	0b3ff4d804ea6603204535b9acaaab546765206478f650d9919ca7dad6fead32	maps/complete-3.0/review-sample.tsv
R13	random	B/release-asm-unique	343050	2d2b60	27458	?set_player_name@t_high_score_entry@@QAEXABV?$basic_string@DU?$char_traits@D@std@@V?$allocator@D@2@@std@@@Z	contradicted	supported	withhold	2eb82f32ab744ad7c272e32a950adcef3f20d8ab27572023f1084fd6519f61f2	Bounds-checks integer argument 0..9 and returns this+0x328+80*index (first entry for invalid index). No writes or string access; contradicts set_player_name(string const&). Raw instruction bodies identical.	1bedaf7061bda3d164cc01b38caa381c708b0715b39eb342e75105060d419247	maps/complete-3.0/review-sample.tsv
R14	random	B/release-asm-unique	494420	3ff850	38973	?adjust_population@t_town@@QAE_NHH@Z	unresolved	supported	cap-C	2eb82f32ab744ad7c272e32a950adcef3f20d8ab27572023f1084fd6519f61f2	Checks index <8, adds 700*amount to this+0x130+4*index, clamps at zero and returns bool. Exact correspondence; population interpretation and owning class are not independently established by this body.	07fe5b24632df25f9862ddcbf5d285ee9539512d9c98768ddb178b7c53883c8a	maps/complete-3.0/review-sample.tsv
R15	random	B/release-asm-unique	43b540	3aa320	36905	?click_down@t_scrollbar@@IAEXPAVt_button@@@Z	unresolved	supported	cap-C	2eb82f32ab744ad7c272e32a950adcef3f20d8ab27572023f1084fd6519f61f2	Checks this+dc, calls a helper on this+c4, writes -1 to this+120; ignores stack argument. Counterpart agrees, but event binding needed to distinguish click_down from other callbacks.	e59fc73243c411554051959ef72fcee6401275cd10a7d4cc0476adffa6c5ac25	maps/complete-3.0/review-sample.tsv
R16	random	B/release-asm-unique	12ef0	11f70	1641	??4t_abstract_stationary_adv_object@@QAEAAV0@ABV0@@Z	unresolved	supported	cap-C	2eb82f32ab744ad7c272e32a950adcef3f20d8ab27572023f1084fd6519f61f2	Retains source refcounted pointer, releases old this+4, assigns pointer and returns this. Assignment role supported; generic implementation does not establish the exact abstract_stationary_adv_object owner.	7529ea755e5dc1bc175aef7a68c7c169b97ad91031aad80fe1810ac8b95592da	maps/complete-3.0/review-sample.tsv
R17	random	C-source-name	3b8b0	ef700	12256	??1?$t_counted_ptr@Vt_managed_sound@@@@QAE@XZ	contradicted	supported	withhold	2eb82f32ab744ad7c272e32a950adcef3f20d8ab27572023f1084fd6519f61f2	Returns zero for null begin, otherwise (end-begin)/24 using 0x2aaaaaab multiply. No stores, releases or destructor calls. Container-size accessor contradicts counted_ptr<managed_sound> destructor; raw bodies identical.	0f1ce170e4fcb294d98755d9994f33da1f9cba24aab7fbb4c2bf59a04d9e3813	maps/complete-3.0/review-sample.tsv
R18	random	C-source-name	4decf0	446df0	40748	@inflateEnd@4	unresolved	supported	cap-C	2eb82f32ab744ad7c272e32a950adcef3f20d8ab27572023f1084fd6519f61f2	Both choose this+74/+8c or global fallback pointers and call a helper using ECX/EDX and three stack args. Helper CHT 446a20 manipulates allocation/list records. Strongly suspicious inflateEnd label; exact original library identity remains unestablished. Keep C, do not treat neighboring crc32 proposal as evidence.	5cf3290d5c4d368c9e94a7d413732169d4d823bea89be265602f54b0fdd5db64	maps/complete-3.0/review-sample.tsv
R19	random	C-source-name	8c3b0	83f60	6682	?flush@?$basic_ostream@DU?$char_traits@D@std@@@std@@QAEAAV12@XZ	contradicted	supported	withhold	2eb82f32ab744ad7c272e32a950adcef3f20d8ab27572023f1084fd6519f61f2	Treats [this+4] as stream, checks stream state/unit-buffer flag and conditionally syncs its buffer. Early exit returns the preceding call result; other exits likewise do not return this as ostream& requires. Flush-related helper behavior does not support the specific ostream::flush identity. Both bodies agree.	b5dfd0a56b7989eb170b60aa0a8c92265a0c7baa89159ed20d98353f9732d2e6	maps/complete-3.0/review-sample.tsv
R20	random	C-source-name	137630	121640	14276	??4?$t_handler_2@PAVt_scrollbar@@H@@QAEAAV0@ABV0@@Z	contradicted	supported	withhold	2eb82f32ab744ad7c272e32a950adcef3f20d8ab27572023f1084fd6519f61f2	Reads [this+cc], stores it into the argument output pointer and increments pointee refcount. Does not copy from argument into this; contradicts handler assignment. Raw bodies identical.	fa93ca247c589cd537561cbf1f71a6e73563185db48d7ae772905386fe506e0f	maps/complete-3.0/review-sample.tsv
R21	random	C-correspondence	3c67e0	347030	63953	obelisk_data$tinit	unresolved	unresolved	cap-C	2eb82f32ab744ad7c272e32a950adcef3f20d8ab27572023f1084fd6519f61f2	Guard-byte initializer registers a callback in both bodies, but global and callback identities have not been established across releases. Generic initializer shape plus order cannot establish obelisk_data ownership.	738491c8bde82ec958abef0896d522165a0ffa7dd37fa2fffae8c9ce7a973a66	maps/complete-3.0/review-sample.tsv
R22	random	C-correspondence	32b4c0	2bd570	65272	hero#4$dtor	unresolved	unresolved	cap-C	2eb82f32ab744ad7c272e32a950adcef3f20d8ab27572023f1084fd6519f61f2	Both free a global begin pointer and zero three adjacent words. Generic vector cleanup; identity of the global and hero#4 ownership remain unproved.	a1390965e6cf951ecfc52a4e862e4a56a1993f1651477eae1627ea36b61cd64c	maps/complete-3.0/review-sample.tsv
R23	random	C-correspondence	1fc130	1cbae0	67831	combat_creature_icon#5$init	unresolved	unresolved	cap-C	2eb82f32ab744ad7c272e32a950adcef3f20d8ab27572023f1084fd6519f61f2	Both store constant 8 into two global dwords. Four-instruction shape is insufficient to establish which global or combat_creature_icon#5 initializer this is.	a29be480bbaedc5ec544f8e9149f3bd0cef81e7484b24f7dbbd59fccfd7e0e53	maps/complete-3.0/review-sample.tsv
R24	random	C-correspondence	4ccf0	463c0	5065	?are_any_cells_impassable@t_adv_object_model_base_base@@UBE_NXZ	supported	supported	keep	2eb82f32ab744ad7c272e32a950adcef3f20d8ab27572023f1084fd6519f61f2	Both scan [this+8,this+c) byte array for value 1 and return whether found. Runtime adv_object_model/base tables place both in slot 2; behavior fits any-impassable predicate. No tier promotion from this review.	5b1813224edd9e4b748c52e48acc9659815c6c3139ad8e60c196f54c7c127eaf	maps/complete-3.0/review-sample.tsv
R25	targeted	slot-conflict	3a57a0	194c80	18998	??_Gt_caravan@@UAEPAXI@Z	not-assessed	contradicted	withhold	2eb82f32ab744ad7c272e32a950adcef3f20d8ab27572023f1084fd6519f61f2	CHT runtime class is caravan; Complete proposed endpoint belongs to creature_array_wrapper_with_grail_data in network_combat.cpp. Similar destructor wrappers mask a different class/callee. Existing slot veto correctly withholds this name.	9230d7072390aa38c1a50e33e790089a2724e9e973f0d5d1ccef6e9c848308b6	maps/complete-3.0/review-sample.tsv
R26	targeted	slot-conflict	4cb7d0	433c40	40519	?read@t_war_institute@@UAE_NAAV?$basic_streambuf@DU?$char_traits@D@std@@@std@@ABVt_qualified_adv_object_type@@H@Z	supported	supported	keep	2eb82f32ab744ad7c272e32a950adcef3f20d8ab27572023f1084fd6519f61f2	Full bodies both read version 0/1 and two arrays at +4c/+54, then invoke base reader; runtime library/war_institute membership agrees. Method moved slot 41 to 42. Expected 476240 is instead a ret-4 writer at slot 41. Slot-index warning is a false alarm; conservative existing veto remains pending a general slot-layout fix.	3c9460242584d5a988a5d935b25e035bbafacd6b7b16f9f171d03a807bd3805d	maps/complete-3.0/review-sample.tsv
R27	targeted	slot-conflict	4f3c40	45cd72			not-applicable	contradicted	withhold	2eb82f32ab744ad7c272e32a950adcef3f20d8ab27572023f1084fd6519f61f2	CHT reads this+10 in punctuation slot 4; proposed target reads this+14 in slot 5. Alternative Complete 4f4292 preserves +10, slot 4 and full operations/callees. No name was emitted for this pair.	9fbe2de87312e08412643d720c0fc99386f032c0b198cadc40c355fd2189cac6	maps/complete-3.0/review-sample.tsv
R28	targeted	call-conflict	3c1f0	362d0	4244	??0t_adv_dwelling@@QAE@W4t_creature_type@@W4t_player_color@@@Z	supported	supported	keep	2eb82f32ab744ad7c272e32a950adcef3f20d8ab27572023f1084fd6519f61f2	Both construct dwelling, including virtual-base offsets, creature array, type/color and growth fields. Target 1ce0 implements the same string refcount/free cleanup that CHT inlined around call 4447b0. Call mismatch is an outlining difference; full bodies checked.	b1e6e7766cd869ce3777c20f8641dfeb0f403ca136f03b2b6cf654288e357206	maps/complete-3.0/review-sample.tsv
R29	targeted	call-conflict	857f0	7d5a0	6450	?find_best_swap@t_ai_army_builder@@IAE_NAAH0@Z	supported	supported	keep	2eb82f32ab744ad7c272e32a950adcef3f20d8ab27572023f1084fd6519f61f2	Both search 7x7 possible swaps, temporarily exchange retained entries, compare floating army values and return two best indices. Target uses 23fa40 in place of 23fa10: adds a second virtual predicate before counting a hero. Changed callee/behavior, not evidence of wrong caller correspondence.	9cec2742045c587d5aa9a40005650282d1d9da4cd776a6344586af2a99da9feb	maps/complete-3.0/review-sample.tsv
R30	targeted	call-conflict	21de70	1eadc0	21817	?cast_on@t_magic_leech@?%C:\work\game\combat_spell_single_target.cpp3120931090@@UAE_NV?$t_counted_ptr@Vt_combat_creature@@@@0H_N@Z	supported	supported	keep	2eb82f32ab744ad7c272e32a950adcef3f20d8ab27572023f1084fd6519f61f2	Runtime magic_leech class and casting flow agree. Target helper 1f9720 retains a pointer, releases old this+ad0, assigns new pointer and releases its argument; CHT performs this inline. Explains 4280 versus 1f9720 call warning.	8d84ce714ce1ba365a3f3a728404d7d7561d2288812a15f324d63393124be9d6	maps/complete-3.0/review-sample.tsv
R31	targeted	call-conflict	3d36a0	353850	31543	?read@t_ownable_continuous_event@@QAE_NAAV?$basic_streambuf@DU?$char_traits@D@std@@@std@@H@Z	unresolved	supported	cap-C	2eb82f32ab744ad7c272e32a950adcef3f20d8ab27572023f1084fd6519f61f2	Both read seven player flags and three booleans into this+1c/+20/+21/+24. Target base-reader call 427e30 preserves CHT 399960 flow including version argument. The aligner paired that callee with adjacent 427ef0, which ignores the version; caller pair supported, exact owning type not independently established. Follow-up R33 withholds bad callee transfer.	602fadb06389644c74fcbe62eb436856e6e5b769407dc3c2e1e3db9ad23af917	maps/complete-3.0/review-sample.tsv
R32	targeted	call-conflict	40d470	384a50	33492	??_Et_combat_context@@UAEPAXI@Z	not-assessed	contradicted	withhold	2eb82f32ab744ad7c272e32a950adcef3f20d8ab27572023f1084fd6519f61f2	CHT deleting wrapper is in combat_context runtime vtable; target 40d470 is in saved_combat vtable and calls 40d490 instead of aligned combat_context destructor 40e760. Generic destructor shape matched different classes. Withhold target transfer.	df993ae16b5c186f1d1c9de65051a45b5635306019aa9e3ac6affb5d5daafd18	maps/complete-3.0/review-sample.tsv
R33	follow-up	callee-conflict	427ef0	399960	34985	?read@t_script_event@@IAE_NAAV?$basic_streambuf@DU?$char_traits@D@std@@@std@@H@Z	not-assessed	contradicted	withhold	2eb82f32ab744ad7c272e32a950adcef3f20d8ab27572023f1084fd6519f61f2	Follow-up to R31: CHT 399960 forwards stream plus version to a reader and assigns result to this+8. Complete 427e30 preserves both args; proposed 427ef0 forwards only stream, ignoring version. Withhold the adjacent-overload transfer; do not invent a replacement label.		maps/complete-3.0/reviews.tsv#R31
F00001	exhaustive	address-order	1dd0	1d30	51	?copy@?$char_traits@D@std@@SAPADPADPBDI@Z	contradicted	supported	withhold	2eb82f32ab744ad7c272e32a950adcef3f20d8ab27572023f1084fd6519f61f2	Both bodies store the integer argument into [ECX+8] and a zero byte at [[ECX+4]+argument], then ret 4. This sets a string length/terminator; it neither copies a source buffer nor returns a destination pointer. Contradicts static char_traits::copy. Only commutative address encoding differs.	6008e68ec4af6dcec60db872c136545feda0d850c5841b84fc00bf0c66bb5aa1	maps/complete-3.0/review-roster.tsv#F00001
F00002	exhaustive	address-order	1f79	1ed9	43	??1?$basic_string@DU?$char_traits@D@std@@V?$allocator@D@2@@std@@QAE@XZ	contradicted	supported	withhold	2eb82f32ab744ad7c272e32a950adcef3f20d8ab27572023f1084fd6519f61f2	Both bodies depend on an existing EBP frame, add 2 to [EBP+8], allocate that many bytes, store the result back and return an adjacent continuation address in EAX. This is an allocation/exception helper, not a basic_string destructor. Full 12-instruction bodies and continuation addresses checked.	46fd6f32d0ee63aa44307676cccc842c803539d02d459b2d988dff5219b1befb	maps/complete-3.0/review-roster.tsv#F00002
F00003	exhaustive	address-order	2520	2470	71474	abstract_adv_actor#2$ctor	supported	supported	keep	2eb82f32ab744ad7c272e32a950adcef3f20d8ab27572023f1084fd6519f61f2	Both build the literal highlight_ring, initialize the same runtime animation-cache class, allocate 0x48-byte conversion-cache data and retain it in the global cache. CHT dyninit slot 2 identifies abstract_adv_actor#2$ctor; Complete correspondence is established from the string, class and complete initialization/cleanup flow, not reuse of slot ordinal 2.	14e4c695af53fb04e3656787a285f4da4af43b2bafb9edd59457c38338dc745d	maps/complete-3.0/review-roster.tsv#F00003
F00004	exhaustive	address-order	2660	2519d0	24316	??0?$vector@Ut_location_ptr@t_dialog_caravan_creation@@V?$allocator@Ut_location_ptr@t_dialog_caravan_creation@@@std@@@std@@QAE@ABV?$allocator@Ut_location_ptr@t_dialog_caravan_creation@@@1@@Z	contradicted	supported	withhold	2eb82f32ab744ad7c272e32a950adcef3f20d8ab27572023f1084fd6519f61f2	Both retain the incoming pointer via +4 refcount, release the old pointee through virtual deleting destructor and assign it to [this]. This is counted-pointer assignment, not vector construction from an allocator. The reviewed highlight-cache initializer and copy constructor call these respective helpers in both builds, corroborating the moved shared body.	f7bce991d33a3fb3a937d30f30e2f62aea0783a1d4e9790eba189e7fd60fc4a8	maps/complete-3.0/review-roster.tsv#F00004
F00005	exhaustive	address-order	26c0	25c0	139	??_Et_highlight_subimage@?%C:\work\game\abstract_adv_actor.cpp980218401@@UAEPAXI@Z	unresolved	supported	cap-C	2eb82f32ab744ad7c272e32a950adcef3f20d8ab27572023f1084fd6519f61f2	Same runtime highlight_subimage vtable slot 0 and matching deleting wrapper: call destructor, test flag bit 1, optionally free this, return this. F00006 confirms the callee destructor role. Debug map contains both vector (139) and scalar (140) deleting identities; this optimized wrapper alone does not distinguish their exact mangled identity. Keep C.	dd2a82183a0644b0d10b9cd13f9fba342693dc52d6dd3ea5afb75c7007d6b4d1	maps/complete-3.0/review-roster.tsv#F00005
F00006	exhaustive	address-order	2710	2600	85	?get_base_point@?%C:\work\game\abstract_adv_actor.cpp980218401@@YA?AUt_screen_point@@ABVt_animation@@@Z	contradicted	supported	withhold	2eb82f32ab744ad7c272e32a950adcef3f20d8ab27572023f1084fd6519f61f2	Both release cached data under a lock, decrement the retained pointee, optionally destroy it, and install the base subimage vptr on this. Called directly by the runtime highlight_subimage deleting wrapper F00005. Destructor behavior contradicts free get_base_point(animation const&) returning a screen point.	9f08b4982e38891481868d7f7b8e56605f1eb9dc4999b8ec652e4bad918c5846	maps/complete-3.0/review-roster.tsv#F00006
F00007	exhaustive	address-order	2940	2830	89	?draw_to@t_highlight_subimage@?%C:\work\game\abstract_adv_actor.cpp980218401@@UBEXHAAV?$t_abstract_bitmap@G@@ABUt_screen_point@@@Z	supported	supported	keep	2eb82f32ab744ad7c272e32a950adcef3f20d8ab27572023f1084fd6519f61f2	Both occupy runtime highlight_subimage slot 5. Select animation frame by index, combine screen point with (0,16), subtract stored origin, add bitmap offsets, and call bitmap draw slot +20 with a rectangle, destination bitmap and coordinates. Same complete 0xbb-byte flow; ret 12 fits draw_to arguments.	77c8d133ccebe57b4525abfc1bea2e259bec08301f8cc15272177acc9b2efac8	maps/complete-3.0/review-roster.tsv#F00007
F00008	exhaustive	address-order	2b60	2a40	96	?pick_time_offset@t_highlight_subimage@?%C:\work\game\abstract_adv_actor.cpp980218401@@ABEKXZ	supported	supported	keep	2eb82f32ab744ad7c272e32a950adcef3f20d8ab27572023f1084fd6519f61f2	Both return rand() modulo frame_count*frame_duration from the animation at this+8. Direct callees 4489ff/4dffdf inspected: same 0x343fd/0x269ec3 RNG update and 15-bit result. F00015 stores this result into newly constructed highlight_subimage+14. Confirms time-offset role; null-vector division path is preserved too.	cb2939afdbcb06b1d49391bbf538b48d2131cbfb491555f28a905c14bf9a8590	maps/complete-3.0/review-roster.tsv#F00008
F00009	exhaustive	address-order	2ba0	2a80	97	??0t_impl@abstract_adv_actor_details@@QAE@ABV01@@Z	supported	supported	keep	2eb82f32ab744ad7c272e32a950adcef3f20d8ab27572023f1084fd6519f61f2	Both copy scalar field 0 and clone optional flag/highlight children into this+4/+8, including their cached resources, positions and timing; runtime child vptrs match t_adv_object_flag and t_highlight_subimage. Return incoming this with ret 4. F00011/F00015 corroborate the shared actor-details layout; full allocation, copying and cleanup paths checked.	2b9712b1dcfc5f94d2b3223b8b9b88c9ec37a405e01b592cfa6592933eaa5713	maps/complete-3.0/review-roster.tsv#F00009
F00010	exhaustive	address-order	2d20	2c00	172	??_Gt_adv_object_flag@@UAEPAXI@Z	unresolved	supported	cap-C	2eb82f32ab744ad7c272e32a950adcef3f20d8ab27572023f1084fd6519f61f2	Both runtime adv_object_flag slot-0 wrappers call the corresponding destructor then optionally free this on flag bit 1, returning this with ret 4. Class and deleting role agree; scalar-versus-folded-vector identity is not independently distinguished by this body. Conservatively retain C.	6044c7f984640a7fea0b0a1b0dd05154d9c5c2b109b6b4ba1314a1faea04cf92	maps/complete-3.0/review-roster.tsv#F00010
F00011	exhaustive	address-order	2d40	2c20	99	??0t_abstract_adv_actor@@QAE@XZ	supported	supported	keep	2eb82f32ab744ad7c272e32a950adcef3f20d8ab27572023f1084fd6519f61f2	Tracks incoming this in ESI; hidden virtual-base flag initializes vbptr/base vptr, lazily constructs shared details containing count 1, value 6 and null children, retains it at this+8, installs runtime abstract_adv_actor primary and virtual-base vptrs, returns this. Same full flow and hidden ret-4 argument in both releases.	1dadc8eca86990c29b8ede26d203d1bc1758564f6824a32394bc7ebae28061d9	maps/complete-3.0/review-roster.tsv#F00011
F00012	exhaustive	address-order	2e20	2d00	101	??1t_abstract_adv_actor@@UAE@XZ	supported	supported	keep	2eb82f32ab744ad7c272e32a950adcef3f20d8ab27572023f1084fd6519f61f2	Both receive adjusted this (+0x10), restore abstract_adv_actor vptrs at this-10 and virtual base, decrement shared details count and destroy its two optional subimages before freeing it. Matches inverse of F00011 construction; only instruction ordering differs. Supports class destructor and correspondence.	cbaa4c13820f22d16dbf2dbb876951a5a8186e7da7560304ac5e9d892a5e96d6	maps/complete-3.0/review-roster.tsv#F00012
F00013	exhaustive	address-order	2f00	2de0	104	?animates@t_abstract_adv_actor@@UBE_NXZ	supported	supported	keep	2eb82f32ab744ad7c272e32a950adcef3f20d8ab27572023f1084fd6519f61f2	Both short-circuit on actor virtual animates predicate, then flag frame count >1 and highlight frame count >1. The latter is count=(end-begin)/4 in CHT versus aligned byte difference >4 in Complete. Runtime actor slot-3 thunks 4950/4a80 jump to these bodies after vtordisp adjustment. Supports animates identity and equivalent layout/dataflow.	7ac8e26698fa91800e0a9c7e017cc2340e549ef7634a6c5a5214552909b66299	maps/complete-3.0/review-roster.tsv#F00013
F00014	exhaustive	address-order	3370	3230	152	??H@YA?AUt_screen_point@@ABU0@0@Z	contradicted	supported	withhold	2eb82f32ab744ad7c272e32a950adcef3f20d8ab27572023f1084fd6519f61f2	Both subtract argument x from object fields 0 and 8, and argument y from fields 4 and c, mutating a four-coordinate rectangle and returning it. This is rectangle translation/subtraction, not free screen_point operator+(two const points). Scheduling differs but all four stores and subtracts agree.	f462a506389e13604f34d38f4727235b490c0634d820c728982d6eb9b87135b1	maps/complete-3.0/review-roster.tsv#F00014
F00015	exhaustive	address-order	34b0	3370	109	?enable_highlight@t_abstract_adv_actor@@QAEX_N@Z	supported	supported	keep	2eb82f32ab744ad7c272e32a950adcef3f20d8ab27572023f1084fd6519f61f2	Both detach shared actor details when refcount>1; true argument creates a highlight_subimage from the highlight_ring global cache, derives origin, stores F00008 random time offset, and assigns child pointer at details+c. False argument clears and destroys that same child. Exact runtime child class and complete enable/disable paths support enable_highlight(bool).	d867a6c4cde64d1fb80b456645abd4f032928a8d7cd1bfcbddb19c101d2bc9ed	maps/complete-3.0/review-roster.tsv#F00015
F00016	exhaustive	address-order	3680	3540	112	?get_rect@t_abstract_adv_actor@@UBE?AUt_screen_rect@@XZ	supported	supported	keep	2eb82f32ab744ad7c272e32a950adcef3f20d8ab27572023f1084fd6519f61f2	Both start with actor base rectangle, obtain optional flag/highlight rectangles, translate them by actor screen position and union min left/top and max right/bottom, returning four ints through hidden result pointer. Runtime abstract_adv_actor slot-15 thunks 49c0/4af0 reach these bodies. Same full branch/dataflow apart from scheduling.	04268452dadb415ee42012192dfd22ac6df4f4fe1b7393dda1101f64770a324a	maps/complete-3.0/review-roster.tsv#F00016
F00017	exhaustive	address-order	3920	37e0	114	?get_subimage_count@t_abstract_adv_actor@@UBEHXZ	supported	supported	keep	2eb82f32ab744ad7c272e32a950adcef3f20d8ab27572023f1084fd6519f61f2	Both return 1 plus non-null flag child plus non-null highlight child in the actor shared details. F00009/F00015 establish the child meanings, and runtime actor slot-18 thunks 49d0/4b00 reach these functions. Supports get_subimage_count; bodies identical.	1210280e324b60f4fab02ea8923e30c9bd1106c6f22182e154fa3cb87444b630	maps/complete-3.0/review-roster.tsv#F00017
F00018	exhaustive	address-order	3950	3810	115	?get_subimage_depth_offset@t_abstract_adv_actor@@UBEHH@Z	supported	supported	keep	2eb82f32ab744ad7c272e32a950adcef3f20d8ab27572023f1084fd6519f61f2	Both adjust actor this, call its virtual model accessor, call the model depth getter and negate the result, ignoring subimage index. Runtime actor slot-19 thunks 49e0/4b10 confirm owner/slot. Getter bodies 27c30/29c00 load model metadata at +188/+248 then +18; model layout moved but operation agrees. The getter's separate numeric_limits label is contradicted and recorded as follow-up.	ada8b6645ad43dde84b4d14cb1b5bea6feb7d60b51131da7cb990d9b99aefce4	maps/complete-3.0/review-roster.tsv#F00018
F00019	exhaustive	address-order	3b40	3a00	118	?hit_test@t_abstract_adv_actor@@UBE_NKABUt_screen_point@@@Z	supported	supported	keep	2eb82f32ab744ad7c272e32a950adcef3f20d8ab27572023f1084fd6519f61f2	Both test main actor image first, then optional flag and highlight. Convert point to local coordinates; select highlight frame using (time+offset)/duration modulo frame count; call bitmap point test. Runtime actor slot-22 thunks 4a10/4b40 reach these bodies. Full true/false exits, coordinate transforms and frame arithmetic compared; target changes register scheduling.	2a9c9e5d7daf85eb9bab3cc2ae794d40d933b2ca681c1f9e8693971094ac231a	maps/complete-3.0/review-roster.tsv#F00019
F00020	exhaustive	address-order	3cb0	3b70	119	?is_highlighted@t_abstract_adv_actor@@QBE_NXZ	supported	supported	keep	2eb82f32ab744ad7c272e32a950adcef3f20d8ab27572023f1084fd6519f61f2	Both return whether [ [this+8] +c ] is non-null. Reviewed enable_highlight F00015 creates/removes exactly that runtime highlight_subimage pointer, so this small predicate has independent field context. Supports is_highlighted and identical correspondence.	133ad4fef2d05afde3f2eb226b9f611d57052de1394f0fde942edb395f67bbe0	maps/complete-3.0/review-roster.tsv#F00020
F00021	exhaustive	address-order	3cc0	3b80	120	?needs_redrawing@t_abstract_adv_actor@@UBE_NKK@Z	supported	supported	keep	2eb82f32ab744ad7c272e32a950adcef3f20d8ab27572023f1084fd6519f61f2	Both compare two timestamps: first delegate to actor virtual redraw predicate, then compare flag frames and highlight frames computed using time offset, duration and frame count. Same complete short-circuit control flow and actor shared-details layout established in F00011/F00015. Fits needs_redrawing(time,time).	d56f7cf3a2a735dc96a60e1ba74557c54d041bdb2dc3812bcaf5c42fd021cdf3	maps/complete-3.0/review-roster.tsv#F00021
F00022	exhaustive	address-order	3e00	3cc0	123	?subimage_needs_redrawing@t_abstract_adv_actor@@UBE_NHKK@Z	supported	supported	keep	2eb82f32ab744ad7c272e32a950adcef3f20d8ab27572023f1084fd6519f61f2	Both route a subimage index through optional highlight, main actor and flag. For highlight compare two frame computations; for main delegate to virtual redraw; for flag compare frame helper results. Index is decremented when optional highlight occupies slot 0; ret 12 and all branches agree. Fits subimage_needs_redrawing(index,time,time).	f3906c76582d4d65311a77cda4ccd2ccb94192eff74b02ecda4b076b6041d88f	maps/complete-3.0/review-roster.tsv#F00022
F00023	exhaustive	address-order	3ec0	3d80	125	?on_model_changed@t_abstract_adv_actor@@MAEXXZ	supported	supported	keep	2eb82f32ab744ad7c272e32a950adcef3f20d8ab27572023f1084fd6519f61f2	Both are runtime abstract_adv_actor primary slot 2. Unless stored flag color is sentinel 6, derive flag position/depth from current model, construct a new flag, detach shared details if needed and replace old flag child. Complete model trait offset changes +334 to +4c0; constructor/copy/destruction flows agree. Supports on_model_changed hook.	d3fd356763ef6a563213b3666a27cd3c0fa8a67e1f71a39eed2ce7810c756a6a	maps/complete-3.0/review-roster.tsv#F00023
F00024	exhaustive	address-order	3fc0	3e80	126	?set_flag_color@t_abstract_adv_actor@@IAEXW4t_player_color@@@Z	supported	supported	keep	2eb82f32ab744ad7c272e32a950adcef3f20d8ab27572023f1084fd6519f61f2	Both compare requested color against shared details+4, construct replacement flag unless sentinel 6, detach shared state, store new color and replace/release old flag child. Same enum argument and ret 4. Model trait offset changes consistently with F00023; supports set_flag_color.	226a0894e9c4a75c664077101960e24afddb656248e18e15c876223e1c34acc6	maps/complete-3.0/review-roster.tsv#F00024
F00025	exhaustive	address-order	4110	3fd0	160	?intersection@@YA?AUt_screen_rect@@ABU1@0@Z	contradicted	supported	withhold	2eb82f32ab744ad7c272e32a950adcef3f20d8ab27572023f1084fd6519f61f2	Both initialize an eight-byte cached pointer from another, retain the data, copy payload pointer and acquire cached resource under lock. Return destination this with ret 4; no rectangle bounds/min/max computation. F00009 uses this helper to copy flag cached data. Contradicts rectangle intersection; target duplicates an epilogue but preserves all operations.	945b49f9e20e6dce7587ca8f0ff2b25061f122cb4e0051c79ba34bbde2cb604b	maps/complete-3.0/review-roster.tsv#F00025
F00026	exhaustive	address-order	41b0	4060	248	?get_default_body@?$t_copy_on_write_ptr@Vt_impl@abstract_adv_actor_details@@@@CAPAV?$t_body@Vt_impl@abstract_adv_actor_details@@@copy_on_write_ptr_details@@XZ	contradicted	supported	withhold	2eb82f32ab744ad7c272e32a950adcef3f20d8ab27572023f1084fd6519f61f2	Both treat ECX as an existing cached-pointer object, release its cached resource under lock, then decrement/destroy retained data. They do not fetch or return a default shared body. Destructor behavior contradicts static get_default_body(void); full bodies identical apart from relocated callees.	f24c01a94d9725140e8a1241ec7741927e87e402d65396445f2d7a89e0f0ec75	maps/complete-3.0/review-roster.tsv#F00026
F00027	exhaustive	address-order	4230	40e0	218	?get@?$t_abstract_cache@Vt_animation@@@@QBE?AV?$t_cached_ptr@Vt_animation@@@@PAVt_progress_handler@@@Z	supported	supported	keep	2eb82f32ab744ad7c272e32a950adcef3f20d8ab27572023f1084fd6519f61f2	Both lock cache data at this+4, acquire it, invoke its load/get operation with progress argument, construct a retained two-word result (cache data and animation pointer) through hidden output buffer, then release temporary references and unlock. F00015 calls this on the highlight_ring animation cache. Full reference-lifetime paths and ret 8 agree.	d2a0fe59c83c997e384779cc178a6c4c0f8471fe0d7c849d43cbc9395a8b26ba	maps/complete-3.0/review-roster.tsv#F00027
F00028	exhaustive	address-order	43d0	4280	128	?do_visible_through_obstacles@t_abstract_adv_actor@@EBE_NXZ	contradicted	supported	withhold	2eb82f32ab744ad7c272e32a950adcef3f20d8ab27572023f1084fd6519f61f2	Both are nullable intrusive-reference release helpers: decrement [ECX+4], and if zero call virtual deleting destructor with flag 1. No stable bool result and mutates/deletes object, contradicting const do_visible_through_obstacles predicate. Full short bodies identical; F00027 uses them as cleanup.	19304d43c0b1b2475e18866e1af1d71af6b06c6fd1c83969dd37a42b4351d831	maps/complete-3.0/review-roster.tsv#F00028
F00029	exhaustive	address-order	43f0	42c0	275	??1t_animation_24@@QAE@XZ	contradicted	supported	withhold	2eb82f32ab744ad7c272e32a950adcef3f20d8ab27572023f1084fd6519f61f2	Both destroy only two optional virtual objects at this+8 and this+c, the same two-child shared actor-details layout seen in F00012. F00030 instead constructs and destroys the actual animation_24 temporary with vectors at +4..c and +20..28, including a 0x68-stride element destruction loop. That layout/cleanup contradicts the proposed animation_24 destructor on this two-pointer body.	b8084bed2e4092109ddaf599942c273dc910479a9cdb52d4c04cf5f38b4de3c7	maps/complete-3.0/review-roster.tsv#F00029
F00030	exhaustive	address-order	4460	4360	267	?do_read@?$t_conversion_cache_data@Vt_animation_24@@Vt_animation@@@@EAEPAVt_animation@@AAV?$basic_streambuf@DU?$char_traits@D@std@@@std@@PAVt_progress_handler@@@Z	supported	supported	keep	2eb82f32ab744ad7c272e32a950adcef3f20d8ab27572023f1084fd6519f61f2	Runtime conversion_cache_data<animation_24,animation> slot 5 in both releases. Constructs temporary 24-bit animation, reads from stream, allocates 0x34-byte converted animation on success and returns it; frees frame-index vector and destroys 0x68-byte elements on exit. Target rewrites one vector cleanup but same reader/conversion/lifetime flow and ret 8.	1c7eebf13ed7d74579e5d112f0880e4a724347437f95a115714a1c5fc186b166	maps/complete-3.0/review-roster.tsv#F00030
F00031	exhaustive	address-order	46e0	45c0	284	??1?$t_abstract_cache_data@Vt_animation@@@@UAE@XZ	supported	supported	keep	2eb82f32ab744ad7c272e32a950adcef3f20d8ab27572023f1084fd6519f61f2	Both install abstract_cache_data<animation> vptr, destroy lock at this+8, then install counted_object base vptr. The called lock destructors 21f920/2588a0 were inspected: destroy external lock state then free its storage. Supports destructor role, exact runtime class and full correspondence.	7ffc68471c5d2c0211c613323a3ccefa72f360295c6d87299db51e35ba01df31	maps/complete-3.0/review-roster.tsv#F00031
F00032	exhaustive	address-order	48e0	47b0	192	??A?$vector@HV?$allocator@H@std@@@std@@QBEABHI@Z	contradicted	supported	withhold	2eb82f32ab744ad7c272e32a950adcef3f20d8ab27572023f1084fd6519f61f2	Both set [this]=1, then invoke reviewed actor-details copy constructor F00009 on this+4 and return this. This creates a refcounted copy-on-write body, not const vector<int>::operator[](index). Full 0x1c-byte bodies and constructor call relationship agree.	cacacb4aadb559fa81f9e83e3ebb57e5346426d04952adf576820d4b87f747fc	maps/complete-3.0/review-roster.tsv#F00032
F00033	exhaustive	address-order	4900	47d0	304	??0?$t_abstract_cache@Vt_animation@@@@QAE@XZ	supported	supported	keep	2eb82f32ab744ad7c272e32a950adcef3f20d8ab27572023f1084fd6519f61f2	Both zero this+4, install runtime abstract_cache<animation> vptr on incoming this and return this. F00003 invokes this on its global cache before filling the retained data, independently supporting constructor rather than destructor role despite short body.	c829ed90aca51ebb6108f82e100737c2e969ea778e72d18848abf1bb3da8715a	maps/complete-3.0/review-roster.tsv#F00033
F00034	exhaustive	address-order	4910	47e0	306	??0?$t_abstract_resource_cache_data@Vt_animation@@@@QAE@ABV?$basic_string@DU?$char_traits@D@std@@V?$allocator@D@2@@std@@@Z	supported	supported	keep	2eb82f32ab744ad7c272e32a950adcef3f20d8ab27572023f1084fd6519f61f2	Both initialize counted-object refcount, construct lock at this+8 and string-based resource base at this+10, install corresponding cache-data primary/secondary vptrs and zero this+44, returning this with ret 4. F00003 uses it for allocated animation conversion-cache data; tracks this separately from caller allocation.	325ea65e9a36885581b9e6288ce2320ad8001cd56a133a3be13be40f570e3c77	maps/complete-3.0/review-roster.tsv#F00034
F00035	exhaustive	address-order	4a30	4900	320	??_Gt_abstract_adv_actor@@UAEPAXI@Z	unresolved	supported	cap-C	2eb82f32ab744ad7c272e32a950adcef3f20d8ab27572023f1084fd6519f61f2	Both adjust this by -10, invoke reviewed abstract_adv_actor destructor F00012 and base cleanup, then optionally free complete object on flag bit 1. Class/deleting role and correspondence supported; exact scalar versus folded vector deleting map identity remains unresolved, as in F00005/F00010. Cap C.	4934c8f6b15fc448d75ad52c1dd60d0fc8beb6122f7d203afd385399cdf32b8d	maps/complete-3.0/review-roster.tsv#F00035
F00036	exhaustive	address-order	4c30	4af0	346	?draw_to@t_abstract_adv_object@@UBEXKAAV?$t_abstract_bitmap@G@@ABUt_screen_point@@@Z	unresolved	supported	cap-C	2eb82f32ab744ad7c272e32a950adcef3f20d8ab27572023f1084fd6519f61f2	Both are runtime abstract_adv_object slot 10 and forward identical stack arguments through virtual slots +38 and +2c with a 16-byte temporary. Full body correspondence supported. Exact drawing overload/temporary argument consumption needs callee inspection before treating the inherited draw_to name as established; runtime class/slot alone is insufficient.	15547e3adaa922395dc8b6991561dc710c2b06a18159f6027ed2a188fa97d9ac	maps/complete-3.0/review-roster.tsv#F00036
F00037	exhaustive	address-order	4cd0	4bb0	71448	abstract_adventure_map#4$ctor	supported	supported	keep	2eb82f32ab744ad7c272e32a950adcef3f20d8ab27572023f1084fd6519f61f2	Both construct a temporary string containing default_map_name.misc, invoke global object construction with it and release the temporary. CHT dyninit slot 7 records abstract_adventure_map#4$ctor and this exact literal. Same string plus initialization/cleanup flow supports transfer; Complete slot ordinal is not assumed.	2c5e3721705ae383e81aa25a271b9477ba6679514e50be7fdf6207429432df66	maps/complete-3.0/review-roster.tsv#F00037
F00038	exhaustive	address-order	4dc0	4ca0	354	?get@t_object_info_array@?%C:\work\game\abstract_adventure_map.cpp23622840@@QBEABUt_object_info@2@H@Z	unresolved	supported	cap-C	2eb82f32ab744ad7c272e32a950adcef3f20d8ab27572023f1084fd6519f61f2	Both split integer index into top bits, middle six bits and low six bits, traverse two block-pointer levels and return an eight-byte element. Raw bodies identical; getter role agrees with F00039 growth layout, but actual t_object_info owning type has not yet been independently established. Keep C.	a5782d04250ccb2d98e9d56c0af347cd83a492da6a33959ccea095149c75a33c	maps/complete-3.0/review-roster.tsv#F00038
F00039	exhaustive	address-order	4df0	4cd0	355	?append_new@t_object_info_array@?%C:\work\game\abstract_adventure_map.cpp23622840@@QAEAAUt_object_info@2@XZ	unresolved	supported	cap-C	2eb82f32ab744ad7c272e32a950adcef3f20d8ab27572023f1084fd6519f61f2	Both append a zeroed eight-byte element, grow nested blocks on 64/4096 boundaries, detach refcounted blocks when shared, increment total count and return new last element. Complete adds two null guards and changes helper placements. Full growth/copy/free paths agree with F00038 access layout; exact object-info class identity still needs caller-field evidence.	695eb88cdbd6d2b9a1963412cdfbfe67d925b9136e04b3443ab9d9ca20414b2c	maps/complete-3.0/review-roster.tsv#F00039
F00040	exhaustive	address-order	5010	4ee0	477	?to_view_cell_coordinates@?%C:\work\game\abstract_adventure_map.cpp23622840@@YA?AUt_screen_rect@@ABU2@@Z	contradicted	supported	withhold	2eb82f32ab744ad7c272e32a950adcef3f20d8ab27572023f1084fd6519f61f2	Both decrement shared body refcount, free its vector storage when zero, clear pointer/end/capacity fields then free body. Complete adds a temporary stack slot. This is shared-vector destruction, not screen-rectangle coordinate conversion; no four-coordinate output is produced.	7c7d24fb481aab2b098215c4bdf12ad4dad43b1f93584f0022b6c93c7fffd689	maps/complete-3.0/review-roster.tsv#F00040
F00041	exhaustive	address-order	5060	4f20	898	??1?$vector@Ut_isometric_map_row_data@@V?$allocator@Ut_isometric_map_row_data@@@std@@@std@@QAE@XZ	contradicted	supported	withhold	2eb82f32ab744ad7c272e32a950adcef3f20d8ab27572023f1084fd6519f61f2	Read both complete bodies. They decrement the count in the heap body reached through *this; only at zero do they destroy 4-byte elements through CHT 4ee0 / Complete 5010, free the nested vector buffer, then free the counted body. This is destruction of a shared wrapper containing a vector, not the proposed std::vector<t_isometric_map_row_data> destructor operating on its own vector fields. The two bodies have the same branches, strides, offsets and cleanup with relocated calls.	d7f5f28cbfe5c5af675b1d352f9ea04647bd4435da3144dcfc665b095d243279	maps/complete-3.0/review-roster.tsv#F00041
F00042	exhaustive	address-order	50c0	4f80	357	?get@t_adventure_map_view_cell_grid@?%C:\work\game\abstract_adventure_map.cpp23622840@@QAEAAVt_adventure_map_view_cell@@ABUt_screen_point@@@Z	contradicted	supported	withhold	2eb82f32ab744ad7c272e32a950adcef3f20d8ab27572023f1084fd6519f61f2	Both bodies copy four rectangle coordinates from the argument, store the origin, calculate ceil(width/4) and ceil(height/4), detach a shared vector and resize it to their product using a default 0xc4-byte counted cell. They read argument +8/+c and mutate this; this contradicts get(screen_point const&) const, whose input has only two coordinates. Complete adds a null guard during temporary cleanup and reschedules registers; all main paths correspond. F00046 calls this routine with a four-coordinate temporary.	d144beeeea86b0bd6714c2ecad4f9e44c64fcaa60b120bbeaa18e7a8eced818f	maps/complete-3.0/review-roster.tsv#F00042
F00043	exhaustive	address-order	53f0	5210	362	?shadow_insert@t_adventure_map_view_cell@@QAEPBHH@Z	contradicted	supported	withhold	2eb82f32ab744ad7c272e32a950adcef3f20d8ab27572023f1084fd6519f61f2	Both bodies binary-search the sorted integer vector at this+8, require an equal element, detach its counted storage when shared, shift all following elements left, and reduce the end pointer by four. This removes an element; it contradicts shadow_insert(int). Complete materializes the new end pointer through a register and stack slot; the search and removal paths correspond instruction by instruction.	eacc09f24f97ac216a783bb3877eb47326220393009ba1fdebdf4a0d2ae18592	maps/complete-3.0/review-roster.tsv#F00043
F00044	exhaustive	address-order	5490	52b0	364	??0t_abstract_adventure_map@@IAE@XZ	supported	supported	keep	2eb82f32ab744ad7c272e32a950adcef3f20d8ab27572023f1084fd6519f61f2	Both no-argument bodies initialize this+4 from the same family of lazy counted defaults, allocate 0x18/0x5c/0x14-byte bodies on first use, retain the result and finally install the RTTI-identified t_abstract_adventure_map vptr (CHT 4cb5a4 / Complete 5705dc), returning this. This supports the default constructor specifically. All branches, member offsets, allocations and reference-count changes correspond, including the nested defaults.	a50f7cab5db6d13303ceb2274aae750f457615700f25e685276cf23072d939c2	maps/complete-3.0/review-roster.tsv#F00044
F00045	exhaustive	address-order	55f0	5410	427	??_Gt_abstract_adventure_map@@UAEPAXI@Z	unresolved	supported	cap-C	2eb82f32ab744ad7c272e32a950adcef3f20d8ab27572023f1084fd6519f61f2	Both slot-zero wrappers belong to RTTI t_abstract_adventure_map, call the independently inspected destructor F00048, test flag bit 1, optionally free this, and return this with ret 4. Body and class correspondence are supported. This optimized wrapper alone does not settle the exact scalar-versus-vector deleting-destructor map spelling, so retain only C pending independent evidence for that distinction.	138c1a8323074d4b23833d9158d0bc1bbe474aadaa2be34f9f6709dc9fba0e41	maps/complete-3.0/review-roster.tsv#F00045
F00046	exhaustive	address-order	5610	5430	368	?init@t_abstract_adventure_map@@IAEXABUt_params@1@@Z	supported	supported	keep	2eb82f32ab744ad7c272e32a950adcef3f20d8ab27572023f1084fd6519f61f2	Manually read both full initialization bodies. They detach this+4 and its parameter body, copy the three input fields, derive view dimensions by multiplying size by 32 and 16, assign default_map_name.misc via the F00037 global, initialize size rows and size+1 vertex rows, and allocate level-specific view grids using F00042. This supports init(t_params const&) of the class established by F00044/F00048. Complete changes register scheduling, string-length argument sourcing and vector helper placement, but the parameter flow, row loops, grid calculation and cleanup correspond.	3147c5df6707f87c7af159d0d5a3dcfcf76cc581ec4663e26b1ccd86b5d50418	maps/complete-3.0/review-roster.tsv#F00046
F00047	exhaustive	address-order	59d0	57b0	451	??0t_apply_height_map_result@t_abstract_adventure_map@@QAE@XZ	contradicted	supported	withhold	2eb82f32ab744ad7c272e32a950adcef3f20d8ab27572023f1084fd6519f61f2	Both bodies read the existing counted member at this+0xc, decrement its count, destroy its 4-byte elements when the count reaches zero, then free the buffer and body. They perform destruction of existing state, not the proposed t_apply_height_map_result default construction. All instructions and branches correspond apart from relocated calls.	b60e09ea61d1f917c133ed9e8fc0a3121fd1d42522c2c37e868e114bbea01fc0	maps/complete-3.0/review-roster.tsv#F00047
F00048	exhaustive	address-order	5a30	5810	369	??1t_abstract_adventure_map@@UAE@XZ	supported	supported	keep	2eb82f32ab744ad7c272e32a950adcef3f20d8ab27572023f1084fd6519f61f2	Both bodies install the RTTI t_abstract_adventure_map vptr and release this+4; final release destroys counted children at body+0x14, +0xc and +8, including two strings and two row vectors, then frees the outer body. The class, ownership layout and reverse cleanup agree with constructor F00044 and initializer F00046. F00045 calls this as its non-deleting destructor. Full control flow and offsets correspond with relocated destructor/deallocation helpers.	419e126d52679f590e7c696e0df73081845410fcecbb902f7bdb8a1ea7bc0e61	maps/complete-3.0/review-roster.tsv#F00048
F00050	exhaustive	address-order	5e60	5c70	373	?get_size@t_abstract_adventure_map@@QBEHXZ	supported	supported	keep	2eb82f32ab744ad7c272e32a950adcef3f20d8ab27572023f1084fd6519f61f2	Identical four-instruction bodies return the parameter-body field at +4 reached through this+4 then body+8. F00046 initializes this field from parameter zero and uses it as the row count and view-dimension scale; F00060 bounds the row coordinate against it. Those uses support get_size(), independently of link order.	7cca19d53c2c28157200f48d91965b7b7cceef5a74d740dcf121bdf9afde7fcd	maps/complete-3.0/review-roster.tsv#F00050
F00051	exhaustive	address-order	5e70	5c80	374	?get_num_levels@t_abstract_adventure_map@@QBEHXZ	supported	supported	keep	2eb82f32ab744ad7c272e32a950adcef3f20d8ab27572023f1084fd6519f61f2	Identical four-instruction bodies return the parameter-body field at +8 reached through this+4 then body+8. F00046 initializes it from parameter one and sizes the array of per-level view grids from it; F00061 bounds the coordinate's +8 level field against it. These uses support get_num_levels().	40de3f3a2298c94fe694e0e830ce9ad7d2b6b5fb4a5836ebe64d20e91edf4900	maps/complete-3.0/review-roster.tsv#F00051
F00052	exhaustive	address-order	5e80	5c90	375	?get_object_height@t_abstract_adventure_map@@QBEHH@Z	supported	supported	keep	2eb82f32ab744ad7c272e32a950adcef3f20d8ab27572023f1084fd6519f61f2	Both bodies use the integer object ID to select an 8-byte record in the 4096/64-element hierarchy and return its first dword. Independently inspected callers CHT 30a6d0 / Complete 381e90 obtain a map position for the same ID, convert it to a screen point, subtract the view origin, and then subtract this getter's result from screen Y. That vertical displacement supports get_object_height(int). Full getter bodies correspond exactly; caller packets are saved as context files and F03368.	fa5df9cf6eff9e3e7343f459628f74c42fa2eb1cc804738614e70efa11b8bd08	maps/complete-3.0/review-roster.tsv#F00052
F00053	exhaustive	address-order	5ec0	5cd0	376	?get_row_start@t_abstract_adventure_map@@QBEHH@Z	supported	supported	keep	2eb82f32ab744ad7c272e32a950adcef3f20d8ab27572023f1084fd6519f61f2	Identical bodies index 8-byte row records through parameter-body +0x18 and return the first coordinate. F00046 builds size such records; F00060 rejects a point below this first coordinate and at or above the second. This establishes the first value as get_row_start(int), with the same field and indexing in both executables.	075469ee90d7644d292b830b64555960bae3d90463fe1792b41c33c5ff1c9c29	maps/complete-3.0/review-roster.tsv#F00053
F00054	exhaustive	address-order	5ee0	5cf0	377	?get_row_end@t_abstract_adventure_map@@QBEHH@Z	supported	supported	keep	2eb82f32ab744ad7c272e32a950adcef3f20d8ab27572023f1084fd6519f61f2	Identical bodies index the same row records as F00053 and return the second coordinate at record+4. F00060 uses it as the exclusive upper bound for the row, independently supporting get_row_end(int).	cb7c26b5ff20c52dae776363a26e7f013c9f2ceaa3ad9861cd09f212fc429cdf	maps/complete-3.0/review-roster.tsv#F00054
F00055	exhaustive	address-order	5f00	5d10	378	?get_terrain_random_seed@t_abstract_adventure_map@@QBEJXZ	unresolved	supported	cap-C	2eb82f32ab744ad7c272e32a950adcef3f20d8ab27572023f1084fd6519f61f2	Both complete getter bodies return parameter-body +0x34 and correspond exactly. F00046 copies this from input parameter +8. Inspected callers CHT 304230 / Complete 383c60 pass the result as the long argument when constructing the RTTI-identified adventure metatile map; the metatile constructors forward it into their implementation. This establishes parameter provenance and terrain context, but the random-seed use itself has not yet been followed to a random-state update. Keep the exact get_terrain_random_seed name unresolved rather than treating the caller's proposed constructor signature as proof.	6289408ad0f97f80b46b3437b5e4aefa5f208072a542270d345689e9110c15f3	maps/complete-3.0/review-roster.tsv#F00055
F00056	exhaustive	address-order	5fc0	5dd0	380	?get_tile_vertex_quad@t_abstract_adventure_map@@UAE?AV?$t_quad@AAVt_abstract_adventure_tile_vertex@@@@Ut_level_map_point_2d@@@Z	supported	supported	keep	2eb82f32ab744ad7c272e32a950adcef3f20d8ab27572023f1084fd6519f61f2	Both RTTI t_abstract_adventure_map slot-15 bodies call virtual slot 13 four times with (x+1,y,level), (x,y,level), (x,y+1,level), (x+1,y+1,level), then put the four returned addresses into a 16-byte hidden-return object. This supports get_tile_vertex_quad(level_map_point_2d), including the quad and level semantics. Register/stack data flow, corner order, virtual slot and ret 16 agree across the complete bodies; Complete only moves the this-register copy relative to stack allocation.	408651db75090914e5b8cb87afc1583c88b85e0dee6b781d7325895471311894	maps/complete-3.0/review-roster.tsv#F00056
F00057	exhaustive	address-order	6070	5e80	381	?get_vertex_row_start@t_abstract_adventure_map@@QBEHH@Z	supported	supported	keep	2eb82f32ab744ad7c272e32a950adcef3f20d8ab27572023f1084fd6519f61f2	Both bodies return the first dword of an 8-byte record indexed through parameter-body +0x28. F00046 separately builds this table with size+1 rows, unlike the size-row tile table at +0x18; the first-coordinate role matches the independently checked lower-bound layout F00053/F00060. This supports get_vertex_row_start(int). Full bodies correspond exactly.	8f55bdd5f30f829a514dbf833b2307d88df0860ec7db4992df44067eb9befef9	maps/complete-3.0/review-roster.tsv#F00057
F00058	exhaustive	address-order	6090	5ea0	383	?get_view_size@t_abstract_adventure_map@@QBE?AUt_screen_point@@XZ	contradicted	supported	withhold	2eb82f32ab744ad7c272e32a950adcef3f20d8ab27572023f1084fd6519f61f2	Both bodies consume an integer row argument and return the second dword of the size+1-row table at parameter-body +0x28. There is no hidden output pointer or two-coordinate result. This is inconsistent with get_view_size() returning screen_point, and consistent with the missing vertex-row end accessor adjacent to F00057. Full bodies correspond exactly; no replacement name is emitted solely from adjacency.	1990f284ba1559a19e20db71db6870841077a677a22684e737198f26109dd0cc	maps/complete-3.0/review-roster.tsv#F00058
F00059	exhaustive	address-order	60b0	5ec0	384	?is_valid@t_abstract_adventure_map@@QBE_NABUt_map_point_2d@@@Z	contradicted	supported	withhold	2eb82f32ab744ad7c272e32a950adcef3f20d8ab27572023f1084fd6519f61f2	Both bodies treat their stack argument as an output pointer, write view dimensions from parameter-body +0xc/+0x10 into output[0]/output[1], and return that pointer. F00046 initializes those dimensions as size*32 and size*16. They never compare a coordinate or produce a boolean, contradicting is_valid(map_point_2d const&). Full bodies correspond exactly.	3387c8d2b136ce8f79777c29e84483e5a2620950586ca29bbf45c316f52801b9	maps/complete-3.0/review-roster.tsv#F00059
F00060	exhaustive	address-order	60d0	5ee0	385	?is_valid@t_abstract_adventure_map@@QBE_NABUt_level_map_point_2d@@@Z	contradicted	supported	withhold	2eb82f32ab744ad7c272e32a950adcef3f20d8ab27572023f1084fd6519f61f2	Both bodies check row>=0, row<size and row_start<=column<row_end, reading only argument +0/+4. They never inspect argument +8 or compare it against the level count. Consequently they accept an invalid level whenever the two coordinates are valid, contradicting the proposed level_map_point_2d overload; compare F00061's explicit level checks. Full bodies correspond exactly.	cfddb3d2c72b81148d2b8ccc7224d0d5034bd23b800d055740b80b11a8fa9106	maps/complete-3.0/review-roster.tsv#F00060
F00061	exhaustive	address-order	6110	5f20	386	?is_vertex_valid@t_abstract_adventure_map@@QBE_NABUt_map_point_2d@@@Z	contradicted	supported	withhold	2eb82f32ab744ad7c272e32a950adcef3f20d8ab27572023f1084fd6519f61f2	Both bodies first read argument+8 and enforce 0<=level<num_levels, then apply the tile row bounds from parameter-body +0x18 with row<size. The proposed is_vertex_valid(map_point_2d const&) has no third field; this body requires one and uses the tile table rather than the size+1 vertex table. The name is contradicted even though all assembly paths correspond exactly.	4cdd80055be36bb72c10a8bbabd76c606c72dc92112feab76e80167f9dc6594f	maps/complete-3.0/review-roster.tsv#F00061
F03368	exhaustive	caller-followup	381e90	30a6d0	28926	?get_last_update_time@t_impl@t_map_renderer@@QBEKHABVt_abstract_adv_object@@@Z	contradicted	supported	withhold	2eb82f32ab744ad7c272e32a950adcef3f20d8ab27572023f1084fd6519f61f2	Caller follow-up from F00052: manually read both full bodies. They obtain object position through map virtual slot 7, convert its two coordinates, subtract the view origin, subtract get_object_height(id) from Y, and write X/Y through a hidden result pointer. The proposed get_last_update_time(int, abstract_adv_object const&) returns an unsigned long and cannot describe this two-coordinate output. The two bodies match in all operations and offsets, with only the final two stores reordered and helper addresses relocated.	6c655233575a2ec7d1fc3c44b8aa23a351f838a553ee67f44b476db91d58315d	maps/complete-3.0/review-roster.tsv#F03368
F00062	exhaustive	address-order	6150	5f60	387	?is_vertex_valid@t_abstract_adventure_map@@QBE_NABUt_level_map_point_2d@@@Z	supported	supported	keep	2eb82f32ab744ad7c272e32a950adcef3f20d8ab27572023f1084fd6519f61f2	Read both full bodies: require 0<=argument.level<num_levels, permit 0<=row<=size, and check the column against the separate vertex-row table at parameter-body +0x28. This is precisely the level-aware vertex validity predicate, as distinct from F00061's tile bounds. F00046 constructs size+1 rows in this table. All branches, offsets and return values correspond exactly.	4ca4560e645aa5c5d553bd44272adaed5968567ff910e10fa63cafb012d92b03	maps/complete-3.0/review-roster.tsv#F00062
F00063	exhaustive	address-order	6190	5fa0	388	?get_map_point@t_abstract_adventure_map@@QBE?AUt_map_point_2d@@Ut_screen_point@@@Z	supported	supported	keep	2eb82f32ab744ad7c272e32a950adcef3f20d8ab27572023f1084fd6519f61f2	Both full bodies take two screen coordinates by value plus a hidden result pointer, subtract the view dimensions, combine the coordinates with the size*64 offset, and divide the transformed values by 128 with signed rounding. This is the inverse isometric screen-to-map transform, paired with the independently read forward transform F00064. Complete changes add esi,esi to shl esi,1 and reorders independent shifts; the output formulas and ret 12 agree.	1428f2151dba83f8501ecf97b7ffde1dbc6dce8b02ec2d2d0170962b901e459d	maps/complete-3.0/review-roster.tsv#F00063
F00064	exhaustive	address-order	61f0	6000	389	?get_screen_point@t_abstract_adventure_map@@QBE?AUt_screen_point@@Ut_map_point_2d@@@Z	supported	supported	keep	2eb82f32ab744ad7c272e32a950adcef3f20d8ab27572023f1084fd6519f61f2	Both full bodies implement the forward isometric transform: screen X=((column-row)*64+view_width)/2 and screen Y=((row-size+column)*32+view_height)/2, using signed rounding and writing two coordinates through the hidden output pointer. This supports get_screen_point(map_point_2d) and corroborates F00063's inverse transform. Bodies correspond exactly; caller F03368 uses this output as screen coordinates.	64a8763e5ca99cb0156469818b19b2dd55e21166ce4dbad063dc046aaf5402cd	maps/complete-3.0/review-roster.tsv#F00064
F00065	exhaustive	address-order	62d0	60e0	391	?is_valid_view_cell@t_abstract_adventure_map@@QBE_NHABUt_screen_point@@@Z	supported	supported	keep	2eb82f32ab744ad7c272e32a950adcef3f20d8ab27572023f1084fd6519f61f2	Both full bodies select a 16-byte view-grid record by level, subtract its origin from the input screen point, reject negative relative coordinates, divide by four, check the horizontal cell index against width and the row offset against the cell-vector size, then return a boolean. The grid layout and four-pixel cell calculation agree with independently inspected F00042/F00046. This supports is_valid_view_cell(int, screen_point const&). Complete changes initial register allocation but preserves every check and result.	491970a7052a3d7357235ebe05b61fa5211796b741a48a8bd4073e2460bba7b1	maps/complete-3.0/review-roster.tsv#F00065
F00066	exhaustive	address-order	6360	6170	392	?stamp_object@t_abstract_adventure_map@@MAEXH@Z	supported	supported	keep	2eb82f32ab744ad7c272e32a950adcef3f20d8ab27572023f1084fd6519f61f2	Read both full bodies, including all vector insertion branches. They retrieve an object and its position, obtain its footprint dimensions, iterate the covered tile rectangle, skip invalid tiles, detach each tile's object-ID vector, insert the ID at its sorted position, and then call the image-stamping helper (CHT 6ae0 / Complete 6f00). This supports stamp_object(int). RTTI membership moves from t_abstract_adventure_map slot 18 to slot 19; the assembly establishes correspondence despite the changed slot. Complete changes helper locations and explicit ECX setup, while bounds, insertion cases and loop data flow match.	967a7f19048d1813d4836efa33816408c1f7606a472aedf2a7f1c015c7f1bb48	maps/complete-3.0/review-roster.tsv#F00066
F00067	exhaustive	address-order	6790	6590	394	?on_floating_object@t_abstract_adventure_map@@IAEXH@Z	unresolved	supported	cap-C	2eb82f32ab744ad7c272e32a950adcef3f20d8ab27572023f1084fd6519f61f2	Both full bodies retrieve the object and its level position, detach map state, append or access its 8-byte information record, store the computed height at record+0 and a sequence counter at +4, increment the sequence, then stamp it through the virtual method independently inspected as F00066 (CHT slot18 / Complete slot19). This establishes the update operation and matching object-info layout, but not whether the exact event name is on_floating_object versus a placement/movement notification. Source identity remains unresolved. All body paths correspond, including the changed final vtable offset.	104cfddf0f241a7e0d871fccf2e6ea5841904356099892b7bfc56ab3c78b3fc9	maps/complete-3.0/review-roster.tsv#F00067
F00068	exhaustive	address-order	6890	6690	395	?on_moving_object@t_abstract_adventure_map@@IAEXH@Z	contradicted	supported	withhold	2eb82f32ab744ad7c272e32a950adcef3f20d8ab27572023f1084fd6519f61f2	Both bodies dereference the stack argument as three coordinates, fetch the current and adjacent vertex values through virtual slot14, and calculate an integer from their 16-bit values, averaging two results away from row boundaries. They do not consume an integer object ID or perform movement notification, contradicting on_moving_object(int). Complete changes the arithmetic helper from ECX/EDX arguments to two stack arguments with caller cleanup; separately inspected helpers CHT 13410 / Complete 14390 both calculate from the argument difference with atan, cached constants and a 0x1555 limit. The parent bodies have the same neighbor cases and result flow.	bace3b7ed82042c531cd92d41bdde41b8fe8f1f71383827b5d00092471018709	maps/complete-3.0/review-roster.tsv#F00068
F00069	exhaustive	address-order	69b0	67b0	670	?_Right@?$_Tree@HU?$pair@$$CBHH@std@@U_Kfn@?$map@HHU?$less@H@std@@V?$allocator@H@2@@2@U?$less@H@2@V?$allocator@H@2@@std@@KAAAPAU_Node@12@PAU312@@Z	contradicted	supported	withhold	2eb82f32ab744ad7c272e32a950adcef3f20d8ab27572023f1084fd6519f61f2	Identical four-instruction bodies follow this+4 then body+8 and return the address at nested-body+0x48. This is a nested map-property address accessor, not the proposed static std::_Tree<int,...>::_Right(node*) returning a node link reference; there is no node argument or direct node-member address calculation.	3c784149e3fb2ab5d67b78591189ea1b41cb0504da1c5b4f4a95150b113fbcf5	maps/complete-3.0/review-roster.tsv#F00069
F00070	exhaustive	address-order	69c0	67c0	712	?_Parent@?$_Tree@Ut_map_point_2d@@U?$pair@$$CBUt_map_point_2d@@H@std@@U_Kfn@?$map@Ut_map_point_2d@@HU?$less@Ut_map_point_2d@@@std@@V?$allocator@H@3@@3@U?$less@Ut_map_point_2d@@@3@V?$allocator@H@3@@std@@KAAAPAU_Node@12@PAU312@@Z	contradicted	supported	withhold	2eb82f32ab744ad7c272e32a950adcef3f20d8ab27572023f1084fd6519f61f2	Identical bodies follow this+4 then body+8 and load the dword at nested-body+0x58. This is a map-property value getter, not the proposed static std::_Tree<map_point,...>::_Parent(node*) reference accessor. It returns the stored value rather than the address of a node link and does not consume the advertised node argument.	3826714d7f6e3ceb30fdbada41f8431b3b29ce17b044090bb6a2e4b1823cc41b	maps/complete-3.0/review-roster.tsv#F00070
F00071	exhaustive	address-order	69d0	67d0	713	?_Right@?$_Tree@Ut_map_point_2d@@U?$pair@$$CBUt_map_point_2d@@H@std@@U_Kfn@?$map@Ut_map_point_2d@@HU?$less@Ut_map_point_2d@@@std@@V?$allocator@H@3@@3@U?$less@Ut_map_point_2d@@@3@V?$allocator@H@3@@std@@KAAAPAU_Node@12@PAU312@@Z	contradicted	supported	withhold	2eb82f32ab744ad7c272e32a950adcef3f20d8ab27572023f1084fd6519f61f2	Identical bodies follow this+4 then body+8 and return nested-body+0x38. F00046 assigns the default map-name string at this property offset (counted body includes the extra four-byte count). This is inconsistent with the proposed static tree _Right(node*) accessor. Correspondence is supported, but a replacement exact name is not inferred from adjacency.	a8560e935f60bb828c22e309087e24997af370fe26f7ff54dab47fa65ee6a4b7	maps/complete-3.0/review-roster.tsv#F00071
F00072	exhaustive	address-order	6d60	6940	396	?on_object_moved@t_abstract_adventure_map@@IAEXH@Z	unresolved	supported	cap-C	2eb82f32ab744ad7c272e32a950adcef3f20d8ab27572023f1084fd6519f61f2	Both full bodies detach the outer and property counted bodies if shared, then store their sole argument in property-body +0x58, the value returned by F00070. No object lookup, coordinate access or ID indexing occurs. This appears to be a scalar property setter and gives little support to on_object_moved(int); exact property semantics and possible notification side effects need caller tracing before making a definitive identity verdict. All branches, detach roles and final writes correspond.	8811906a42443fcd86ef8868050306e938744c7c98adc2c9a12b178d8a50791a	maps/complete-3.0/review-roster.tsv#F00072
F00073	exhaustive	address-order	74b0	7070	778	??0?$t_quad@ABVt_abstract_adventure_tile_vertex@@@@QAE@ABVt_abstract_adventure_tile_vertex@@000@Z	unresolved	supported	cap-C	2eb82f32ab744ad7c272e32a950adcef3f20d8ab27572023f1084fd6519f61f2	Both full bodies copy four stack dwords into this[0..3], return this and ret 16. That shape fits many four-field constructors. Caller context CHT 71b0 / Complete 7600 includes numeric rectangle bounds and literal 0 / 0xffffff01, rather than four vertex references, so the precise t_quad<tile_vertex const&> specialization is not established. A folded alias remains possible; do not treat these call sites alone as disproving all aliases. The function correspondence is exact; source name remains unresolved.	9337a45df841a0215a76ff10cfd168305acdce7dc39ef2f07b7b828ca276982b	maps/complete-3.0/review-roster.tsv#F00073
F00074	exhaustive	address-order	74d0	7090	398	?on_object_sunk@t_abstract_adventure_map@@IAEXH@Z	contradicted	supported	withhold	2eb82f32ab744ad7c272e32a950adcef3f20d8ab27572023f1084fd6519f61f2	Both complete bodies consume a two-coordinate pointer, add its X to this+0/+8 and its Y to this+4/+0xc, then return this. This is rectangle translation, not on_object_sunk(int); the argument is dereferenced and four geometric fields are updated without accessing the map implementation. Complete reschedules the initial push/load; all arithmetic and stores correspond.	f2b8ecd0f7dd66936fa7c0b53246e0f96468b30de4e9bc20b4cf789014bdd9de	maps/complete-3.0/review-roster.tsv#F00074
F00075	exhaustive	address-order	7cf0	7890	419	??0t_obj_info_vector_ptr@t_object_info_array@?%C:\work\game\abstract_adventure_map.cpp23622840@@QAE@XZ	contradicted	supported	withhold	2eb82f32ab744ad7c272e32a950adcef3f20d8ab27572023f1084fd6519f61f2	Both full bodies free a global vector buffer and zero its global begin/end/capacity fields (CHT 5c5d60/64/68; Complete 68d774/78/7c). They ignore incoming this and destroy existing global storage, contradicting the proposed t_object_info_array::t_obj_info_vector_ptr default constructor. The instruction sequence corresponds with relocated globals and deallocation call.	fa6e11c24d42fe2d8bbc9c0e10f9df9c812a04fea4661fdfbf00713124be7c87	maps/complete-3.0/review-roster.tsv#F00075
F00076	exhaustive	address-order	8860	83b0	401	?compute_object_shadow_extent@t_abstract_adventure_map@@ABE?AUt_screen_rect@@H@Z	contradicted	supported	withhold	2eb82f32ab744ad7c272e32a950adcef3f20d8ab27572023f1084fd6519f61f2	Both full bodies treat two stack arguments as range endpoints in a vector of 16-byte records, move subsequent records left with counted-member retain/release, destroy the trailing range using F00047, and reduce the vector end pointer at this+8. That is range erasure, not compute_object_shadow_extent(int) returning a rectangle. Complete duplicates one return epilogue but the range moves, reference counting, cleanup and result match.	c32ed15db680f7878536e11fb876c6cfb5a74db702b945e08fd1ce1d934a58ae	maps/complete-3.0/review-roster.tsv#F00076
F00077	exhaustive	address-order	8e60	89a0	404	?get_view_cell@t_abstract_adventure_map@@AAEAAVt_adventure_map_view_cell@@HUt_screen_point@@@Z	contradicted	supported	withhold	2eb82f32ab744ad7c272e32a950adcef3f20d8ab27572023f1084fd6519f61f2	Both full bodies iterate between two pointer arguments in four-byte strides, decrement each pointed-to body's count, and destroy/free bodies on final release. They neither index a view grid nor return a cell reference, contradicting get_view_cell(int, screen_point). The original signature also requires a level plus two by-value coordinates, while these bodies consume only two range endpoints. All branches and cleanup calls correspond.	624d9cce834b99d37a25d5f1d4daa675862b231334ad202b84e7a6e5895d5d69	maps/complete-3.0/review-roster.tsv#F00077
F00078	exhaustive	address-order	8ea0	89e0	440	??0t_map_point_2d@@QAE@HH@Z	contradicted	supported	withhold	2eb82f32ab744ad7c272e32a950adcef3f20d8ab27572023f1084fd6519f61f2	Both full bodies iterate over a pointer range in 16-byte strides and call the destructor previously inspected in F00047. They do not initialize two coordinate fields or use incoming this; this contradicts t_map_point_2d(int,int). Body correspondence is exact with the destructor call relocated.	5181f5e97f7841fc1718116b7cfe9780396cfa7dc996d77e0771c6c8974960a6	maps/complete-3.0/review-roster.tsv#F00078
F00079	exhaustive	address-order	8ee0	8a30	445	??0t_level_map_point_2d@@QAE@ABUt_map_point_2d@@H@Z	contradicted	supported	withhold	2eb82f32ab744ad7c272e32a950adcef3f20d8ab27572023f1084fd6519f61f2	Both full bodies iterate over a pointer range in four-byte strides and call the shared-vector destructor independently inspected in F00040. They do not initialize a three-coordinate object or use incoming this, contradicting t_level_map_point_2d(map_point_2d const&,int). Body correspondence is exact with relocated destructor call.	909864738e557a95a58d346ba26f6fbfb4253a6aa578d82770798aa7b18da973	maps/complete-3.0/review-roster.tsv#F00079
F00080	exhaustive	address-order	9430	8f50	981	??0t_impl@t_abstract_adventure_map@@QAE@XZ	contradicted	supported	withhold	2eb82f32ab744ad7c272e32a950adcef3f20d8ab27572023f1084fd6519f61f2	Both full bodies traverse existing pointer elements between this+8/+0xc, release their counted bodies, free final references, free the enclosing vector buffer and zero its three pointer fields. These are destruction operations on preexisting state, not the proposed t_abstract_adventure_map::t_impl default constructor. All branches, offsets, loop stride and deallocation roles correspond.	dd580fb338dc3a31dfe821f8f1c0987d3a3285028dfefc934e62b4cd27fc9ae4	maps/complete-3.0/review-roster.tsv#F00080
F00081	exhaustive	address-order	9690	9180	1028	??_Gt_adventure_map_view_cell@@UAEPAXI@Z	unresolved	supported	cap-C	2eb82f32ab744ad7c272e32a950adcef3f20d8ab27572023f1084fd6519f61f2	Both RTTI t_adventure_map_view_cell slot-zero wrappers call a cleanup callee, test deleting flag bit 1, optionally free this and return this with ret 4. All wrapper instructions correspond. Class and deleting-wrapper role are supported, but this body alone cannot distinguish the exact scalar-versus-vector deleting-destructor spelling; keep the source identity unresolved and capped at C.	fcfeac75c0b09fb2069710f0184e957fcdb3090d58a79fa1ea7f1b18e23d67a4	maps/complete-3.0/review-roster.tsv#F00081
F00082	exhaustive	address-order	96b0	91c0	414	?is_under_fog_of_war@@YA_NABVt_abstract_adventure_map@@HABUt_level_map_point_2d@@ABUt_map_point_2d@@@Z	contradicted	supported	withhold	2eb82f32ab744ad7c272e32a950adcef3f20d8ab27572023f1084fd6519f61f2	Read both full bodies. They insert one 8-byte record into a vector: calculate the insertion index, allocate/grow storage if needed, copy prefix/new element/suffix, otherwise move the tail in place, advance the end by eight, and return the inserted address. This contradicts the boolean is_under_fog_of_war signature and its map/level/coordinate inputs. Complete adds a range-cleanup call and uses stack arguments for the two-dword construction helper; separately inspected CHT 9c90 / Complete 1177a0 confirm the same null-guarded two-dword copy. All insertion paths and return calculations correspond.	8ce225921ae933422bbf8cb8c31599412bad8a50b9647cf790c4fead04bb944d	maps/complete-3.0/review-roster.tsv#F00082
F00083	exhaustive	address-order	98e0	9360	731	?_Dec@const_iterator@?$_Tree@HU?$pair@$$CBHH@std@@U_Kfn@?$map@HHU?$less@H@std@@V?$allocator@H@2@@2@U?$less@H@2@V?$allocator@H@2@@std@@QAEXXZ	contradicted	supported	withhold	2eb82f32ab744ad7c272e32a950adcef3f20d8ab27572023f1084fd6519f61f2	Both full bodies allocate a 0x14-byte counted vector body, set its count to one, allocate a buffer for the old vector's four-byte elements, copy them, set end/capacity, decrement the old body count, and replace *this. This is copy-on-write detachment, not std::_Tree<...>::const_iterator::_Dec(). Bodies correspond with only initial register/push scheduling and relocated addresses changed.	35c0237174ec2087e020f2c5f5ce39e10a4605a57b0b69d0e5c6e917cbe426c7	maps/complete-3.0/review-roster.tsv#F00083
F00084	exhaustive	address-order	9a60	94e0	857	?_Construct@std@@YAXPAV?$t_copy_on_write_ptr@V?$t_static_vector@V?$t_static_vector@Vt_adventure_map_view_cell@@$03@@$03@@@@ABV2@@Z	contradicted	supported	withhold	2eb82f32ab744ad7c272e32a950adcef3f20d8ab27572023f1084fd6519f61f2	Both bodies allocate a fresh 0x18-byte counted map-implementation body, copy its scalar fields and three shared child pointers, retain those children, release the previous body's count and overwrite the incoming wrapper. They never consume a separate source argument. This contradicts the proposed std::_Construct(destination, source) for a cell-grid pointer; this is an existing-wrapper detach operation. All normal and allocation-failure paths correspond.	d0b31a5a74f6bbb4eed194fe2759a5b096dd7ee665a61987d34507fef052f776	maps/complete-3.0/review-roster.tsv#F00084
F00085	exhaustive	address-order	9f80	9a40	920	?get_default_body@?$t_copy_on_write_ptr@Vt_impl@t_abstract_adventure_map@@@@CAPAV?$t_body@Vt_impl@t_abstract_adventure_map@@@copy_on_write_ptr_details@@XZ	contradicted	supported	withhold	2eb82f32ab744ad7c272e32a950adcef3f20d8ab27572023f1084fd6519f61f2	Both bodies consume incoming this, allocate 0xc4 bytes, copy from the existing body's payload through CHT a570 / Complete abb0, set the new count to one, decrement the old count, and replace *this. This cannot be the proposed static no-argument get_default_body(): it requires and mutates an existing wrapper and copies its current contents. Full body correspondence is supported.	639d3c0bc8698bd4c2f14700e8b5d25f9463c6e30a289f4efd7988fb4641e8b8	maps/complete-3.0/review-roster.tsv#F00085
F00086	exhaustive	address-order	a200	9cd0	596	?_Init@?$_Tree@HU?$pair@$$CBHH@std@@U_Kfn@?$map@HHU?$less@H@std@@V?$allocator@H@2@@2@U?$less@H@2@V?$allocator@H@2@@std@@IAEXXZ	contradicted	supported	withhold	2eb82f32ab744ad7c272e32a950adcef3f20d8ab27572023f1084fd6519f61f2	Both complete bodies detach a shared vector: allocate a 0x14-byte counted body, allocate storage in 16-byte element units, copy each three-scalar-plus-counted-pointer record and retain its final pointer, then decrement the old body and replace *this. This is not tree _Init(), which would initialize node/sentinel state rather than clone an existing contiguous sequence. All branches, strides, offsets and reference-count operations correspond.	83f1946c1a2cc2de73b07c85506cdbf12e35c790cf9988070c88baecbe1ac6d8	maps/complete-3.0/review-roster.tsv#F00086
F00087	exhaustive	address-order	a710	a1c0	438	?set_height@t_abstract_tile_vertex@@QAEXH@Z	contradicted	supported	withhold	2eb82f32ab744ad7c272e32a950adcef3f20d8ab27572023f1084fd6519f61f2	Both full bodies perform lower_bound over the four-byte sorted range at this+4/+8 using the integer reached through the stack argument, then return the selected element pointer. They write no object field at all, contradicting set_height(int). Complete duplicates the return epilogue for the empty range; the binary-search bounds and comparisons agree.	cfe58fad05de8005e335f831a737798a7bb3b57d08a08c38adebcba2536ba256	maps/complete-3.0/review-roster.tsv#F00087
F00088	exhaustive	address-order	a9b0	a410	961	??1t_properties@t_impl@t_abstract_adventure_map@@QAE@XZ	contradicted	supported	withhold	2eb82f32ab744ad7c272e32a950adcef3f20d8ab27572023f1084fd6519f61f2	Both full bodies destroy a vector body at this+8/+0xc, release the counted member at +0xc of each 16-byte element, free the buffer, and zero begin/end/capacity. The proposed t_impl::t_properties destructor is inconsistent with the property layout independently seen in F00046/F00048/F00093: that object has separate row vectors at +0x10/+0x20 and strings at +0x34/+0x44. This body cleans one vector of grids instead. Correspondence is exact apart from relocated cleanup calls.	b06451c1ebed7181383124c2eaa3320d926733396b24b778f4941ad5ef41b5e0	maps/complete-3.0/review-roster.tsv#F00088
F00089	exhaustive	address-order	aa50	a490	987	??0t_impl@t_abstract_adventure_map@@QAE@ABV01@@Z	contradicted	supported	withhold	2eb82f32ab744ad7c272e32a950adcef3f20d8ab27572023f1084fd6519f61f2	Both bodies initialize a count at this+0, copy an allocator byte to +4, allocate a buffer for eight-byte source elements and set +8/+0xc/+0x10 to its begin/end/capacity. This constructs a counted vector body, not t_abstract_adventure_map::t_impl copied from another t_impl. The independently inspected implementation layout F00044/F00084 retains three child pointers and copies scalar fields instead. All copy and empty-range paths correspond.	ae05556d699fa4de4810b1d8f12e096496d73712fbc834c1ec120a56c1497ca6	maps/complete-3.0/review-roster.tsv#F00089
F00090	exhaustive	address-order	ab40	a500	674	?_Erase@?$_Tree@HU?$pair@$$CBHH@std@@U_Kfn@?$map@HHU?$less@H@std@@V?$allocator@H@2@@2@U?$less@H@2@V?$allocator@H@2@@std@@IAEXPAU_Node@12@@Z	contradicted	supported	withhold	2eb82f32ab744ad7c272e32a950adcef3f20d8ab27572023f1084fd6519f61f2	Both complete bodies copy-construct a vector of four-byte counted pointers: copy allocator state, allocate from the source range length, retain each copied pointer, and set begin/end/capacity. They allocate and retain rather than erase/free a tree, contradicting std::_Tree<...>::_Erase(node*). Separately inspected helper CHT 8c80 / Complete 9170 has the same guarded pointer-copy/retain operation but changes from register to stack arguments; the parent loops compensate for that change.	2130fa84f3e0ba39ef43a1550d4ff62e55c2193bd280ee5ee9182c00777682d4	maps/complete-3.0/review-roster.tsv#F00090
F00091	exhaustive	address-order	af90	a910	71455	abstract_adventure_map$tinit2	unresolved	supported	cap-C	2eb82f32ab744ad7c272e32a950adcef3f20d8ab27572023f1084fd6519f61f2	Both complete wrappers set seven guard bytes and register seven corresponding cleanup callbacks in the same order. Raw callback CHT abc0 / Complete b240 releases the paired shared default at 604ba0 / 6d42c0 under a separate once-only guard. This supports the static-template initialization role and release correspondence. The precise generated owner/group suffix abstract_adventure_map$tinit2 still depends on the source dyninit owner/order assignment (owner-conf-B), which this wrapper alone does not independently establish. Keep source identity unresolved and capped at C.	e1220200efc26b15ad22128404d9016e2ddd8b52e3aa51065c624a8d2394a83b	maps/complete-3.0/review-roster.tsv#F00091
F00092	exhaustive	address-order	b290	ac10	1099	??0t_adventure_map_view_cell@@QAE@ABV0@@Z	contradicted	supported	withhold	2eb82f32ab744ad7c272e32a950adcef3f20d8ab27572023f1084fd6519f61f2	Both full bodies copy four consecutive 12-byte polymorphic cells, retaining two child pointers per cell and installing the t_adventure_map_view_cell vptr at offsets 0, 0xc, 0x18 and 0x24. This is an aggregate copy, not the proposed single-cell copy constructor. Inspected individual-cell destruction CHT 9110 / Complete 9610 releases only its +4/+8 children; the construction loop in CHT a570 calls this function at 0x30-byte strides to build a 0xc0-byte 4-by-4 aggregate. Full F00092 bodies correspond exactly apart from relocated vptr/EH values.	892539757deb36ed5ec1d822f66d6aaa5acfec2884af8f6b641b79e60ac63c1e	maps/complete-3.0/review-roster.tsv#F00092
F00093	exhaustive	address-order	b4d0	ae40	499	??1?$vector@Ut_map_point_2d@@V?$allocator@Ut_map_point_2d@@@std@@@std@@QAE@XZ	contradicted	supported	withhold	2eb82f32ab744ad7c272e32a950adcef3f20d8ab27572023f1084fd6519f61f2	Both full bodies zero the two view dimensions and initialize empty vectors at +0x10/+0x20 and empty strings at +0x34/+0x44, returning this. F00044 calls this when creating the properties body and F00046 later populates those fields. It is initialization of the map-properties aggregate, not std::vector<map_point_2d>::~vector(): it neither reads existing storage nor frees it and writes far beyond a single vector. The bodies correspond exactly.	ef93a7484f2139f3565d4673521b03709cc45ad98505e623f84449315bd9a42e	maps/complete-3.0/review-roster.tsv#F00093
F00094	exhaustive	address-order	c040	b8e0	1196	??0t_abstract_combat_creature@@IAE@XZ	supported	supported	keep	2eb82f32ab744ad7c272e32a950adcef3f20d8ab27572023f1084fd6519f61f2	Read both complete default-constructor bodies. They conditionally construct virtual bases using the hidden flag, install RTTI t_abstract_combat_creature and its base vptrs, initialize two tree members and 0xbc twelve-byte entries, set default fields (including index -1 and null stack), and return incoming this. This supports the no-user-argument constructor with hidden virtual-base ret 4. Both executables preserve member offsets, array count, sentinel/reference handling and defaults; Complete reschedules the prologue and relocates helper bodies.	65c13c35d23a9cd235ef2cefc7c154c9d9e8fae0b4c6b8576c700ec9d4a87414	maps/complete-3.0/review-roster.tsv#F00094
F00095	exhaustive	address-order	c280	bb20	1352	?_Dec@const_iterator@?$_Tree@W4t_spell@@U?$pair@$$CBW4t_spell@@Ut_artifact_spell_immunity@@@std@@U_Kfn@?$map@W4t_spell@@Ut_artifact_spell_immunity@@U?$less@W4t_spell@@@std@@V?$allocator@Ut_artifact_spell_immunity@@@4@@3@U?$less@W4t_spell@@@3@V?$allocator@Ut_artifact_spell_immunity@@@3@@std@@QAEXXZ	contradicted	supported	withhold	2eb82f32ab744ad7c272e32a950adcef3f20d8ab27572023f1084fd6519f61f2	Both full bodies destroy a tree: traverse/free nodes and payloads, free the sentinel, clear tree fields, decrement the shared sentinel-user count under a lock, and finally free the shared sentinel when unused. This contradicts const_iterator::_Dec(), which must move an iterator rather than destroy the container and global shared state. Every branch, node offset, counter change and cleanup role corresponds.	573119b1da4dffa11f26efc2c5ac779e46c081f421ce3c00d2398e168af13887	maps/complete-3.0/review-roster.tsv#F00095
F00096	exhaustive	address-order	c380	bc20	1253	??_H@YGXPAXIHP6EX0@Z@Z	supported	supported	keep	2eb82f32ab744ad7c272e32a950adcef3f20d8ab27572023f1084fd6519f61f2	Both complete helpers take (base, stride, count, callback), skip nonpositive counts, call the callback with ECX equal to each consecutive element address, advance by stride, repeat count times, and ret 16. Forward traversal and thiscall callback use support the compiler vector ctor iterator signature. The bodies are instruction-identical except address-relative branch locations.	2fc1d35086f9914267fac488236d0159626055d92fa781b9ed13f18d4cc57ed4	maps/complete-3.0/review-roster.tsv#F00096
F00097	exhaustive	address-order	c3d0	bc70	1256	??_Gt_abstract_creature@@UAEPAXI@Z	unresolved	supported	cap-C	2eb82f32ab744ad7c272e32a950adcef3f20d8ab27572023f1084fd6519f61f2	Both runtime t_abstract_creature slot-zero wrappers receive its +8 subobject, recover the allocation base with this-8, invoke two cleanup helpers on the subobject, optionally free the base when flag bit 1 is set, and return the base. Class and deleting-wrapper correspondence are supported across all instructions. Exact scalar-versus-vector deleting-destructor map spelling remains indistinguishable from this optimized wrapper alone; cap the source name at C.	b36fc468656148a1518b263d589f7cbbaf2635dc1cc017fd87c687230b3e8e66	maps/complete-3.0/review-roster.tsv#F00097
F00098	exhaustive	address-order	c400	bca0	1197	??0t_abstract_combat_creature@@QAE@PAVt_creature_stack@@H_NPBVt_player@@@Z	supported	supported	keep	2eb82f32ab744ad7c272e32a950adcef3f20d8ab27572023f1084fd6519f61f2	Read both full parameterized constructors. They initialize the same class/virtual bases and member containers as F00094, retain the first pointer argument into this+0xc, store the integer into +0x1c and bool into +8, initialize stack-derived state via its +8 virtual subobject, and pass the final pointer argument into a stack virtual method. Together with the RTTI class and five stack slots including the hidden virtual-base flag, this supports the creature-stack/int/bool/player constructor overload. Bodies agree in all branches, field offsets and parameter flow; the final stack virtual call shifts 0x68 to 0x6c in Complete.	c0568beec78f1452a6a17b1bf98e59bc741e2c38f4affd81c87b2bb464c40073	maps/complete-3.0/review-roster.tsv#F00098
F00099	exhaustive	address-order	c7c0	c060	1200	?controlled_by@t_abstract_combat_creature@@UBE_N_N@Z	contradicted	supported	withhold	2eb82f32ab744ad7c272e32a950adcef3f20d8ab27572023f1084fd6519f61f2	Both full bodies forward the whole integer argument to virtual slot27, require a true result, then compare this+0x38 against virtual slot22's numeric result for the same argument. Inspected wrappers CHT c800/c4f0 forward to the underlying stack's +8 subobject. Runtime t_hero at offset8 resolves slot27 to 2bfc50, which tests three 188-entry bitsets and indexed proficiency requirements; slot22 resolves to 2bfe70, while the plain creature-stack slot22 218e80 reads per-entry data through 3d2100. This is indexed spell eligibility/cost checking, not controlled_by(bool). All F00099 instructions correspond exactly; no replacement is emitted on that inference alone.	65ed177fa0729823f9f4d3d9612947fcfd742c78bc251de9a1c3d4400cafd4c7	maps/complete-3.0/review-roster.tsv#F00099
F00100	exhaustive	address-order	c800	c0a0	71415	abstract_combat_creature#7$init	unresolved	supported	cap-C	2eb82f32ab744ad7c272e32a950adcef3f20d8ab27572023f1084fd6519f61f2	Both full wrappers construct a global (CHT 5c5da8 / Complete 68d800), register its destructor and return. Inspected callbacks c0c0/c820 target those exact globals and clean four strings plus a counted-pointer vector, with Complete fields shifted by four. This supports init/cleanup correspondence. The precise anonymous debug owner abstract_combat_creature#7 comes from an ordinal/static-init join, with no public global name in symbols/dyninit.tsv; that exact source identity remains unresolved by the observed assembly alone and is capped at C.	a263de02a1cfafb78df8b9e113bad49ffc94c36cdce1105dc5e24c30b94ad517	maps/complete-3.0/review-roster.tsv#F00100
F00101	exhaustive	address-order	c970	c200	1205	?get_const_hero@t_abstract_combat_creature@@UBEPBVt_hero@@XZ	supported	supported	keep	2eb82f32ab744ad7c272e32a950adcef3f20d8ab27572023f1084fd6519f61f2	Both complete slot-5 bodies load the stack at this+0xc, select its +8 abstract-creature subobject, and tail-dispatch slot5. Independently inspected runtime t_hero offset8 table resolves that slot to CHT 2bc110, which returns this-8 (the actual hero object); the ordinary t_creature_stack offset8 table resolves it to 30e10, which returns null. This establishes the get_const_hero role without relying solely on inherited labels. The two forwarding bodies and class/subobject relationship correspond exactly.	9aaf1f3a30883a1e0a0fba9530fcd025af50794eb534b398879aa791f4065337	maps/complete-3.0/review-roster.tsv#F00101
F00102	exhaustive	address-order	c9e0	c260	1211	?get_damage_low@t_abstract_combat_creature@@UBEHXZ	unresolved	supported	cap-C	2eb82f32ab744ad7c272e32a950adcef3f20d8ab27572023f1084fd6519f61f2	Both complete bodies load the stack at this+0xc, select its +8 subobject and tail-dispatch slot9. Runtime hero slot9 CHT 2bc1c0 computes a level-dependent value starting at 16 with a conditional quarter bonus. That is consistent with damage_low, but neither the short forwarder nor this formula independently proves the precise statistic. Keep source identity unresolved. All forwarding instructions and slot positions correspond.	8d58c896a8b6bcc647ab2c0588c5df69a944c822354f7dd413706cf54084b8e6	maps/complete-3.0/review-roster.tsv#F00102
F00103	exhaustive	address-order	c9f0	c270	1212	?get_damage_high@t_abstract_combat_creature@@UBEHXZ	unresolved	supported	cap-C	2eb82f32ab744ad7c272e32a950adcef3f20d8ab27572023f1084fd6519f61f2	Both complete bodies load the stack at this+0xc, select its +8 subobject and tail-dispatch slot8. Inspected runtime creature slot8 CHT 205cd0 reads creature-record +0x50; hero slot8 2bc260 computes a level-dependent value starting at 24 with a conditional quarter bonus. These are consistent with damage_high, but the exact field meaning is not independently established. Keep source identity unresolved; the two complete forwarding bodies correspond.	c4e2aad0a7b052c07f42a71bab8908770f12dc74cf8714448dba5abbffc397d6	maps/complete-3.0/review-roster.tsv#F00103
F00104	exhaustive	address-order	ca80	c300	1217	?get_hit_points@t_abstract_combat_creature@@UBEHXZ	unresolved	supported	cap-C	2eb82f32ab744ad7c272e32a950adcef3f20d8ab27572023f1084fd6519f61f2	Both complete bodies forward through stack+8 slot12. Runtime creature implementation CHT 205f80 reads creature-record +0x48; hero 2bc320 computes a base-100 level-scaled value with percentage and quarter bonuses. F00113 also uses this slot to restore a hero field, consistent with hit points. The exact statistic still relies on interpretation of those fields and bonuses, so source identity remains unresolved rather than treating the slot match as proof. Body correspondence is exact.	e7d47f383b24edd202ef467e732edb594c7cce971a3cd404b200b3ec333002cc	maps/complete-3.0/review-roster.tsv#F00104
F00105	exhaustive	address-order	cab0	c330	1220	?get_luck@t_abstract_combat_creature@@UBEHXZ	unresolved	supported	cap-C	2eb82f32ab744ad7c272e32a950adcef3f20d8ab27572023f1084fd6519f61f2	Both complete bodies forward through stack+8 slot13. Inspected runtime implementation CHT 218f10 returns a stored field plus five if an indexed property predicate for 0x46 succeeds; hero 2c37e0 dispatches to that implementation. This could be luck but does not independently establish that property or field name. Source identity stays unresolved; every forwarding instruction corresponds.	63558f1cc2c89c0703bd83c71bb516e33b4621c2bff9129a12d8ab665b4a2cae	maps/complete-3.0/review-roster.tsv#F00105
F00106	exhaustive	address-order	cba0	c400	1222	?get_name@t_abstract_combat_creature@@UBE?AV?$basic_string@DU?$char_traits@D@std@@V?$allocator@D@2@@std@@_NH@Z	supported	supported	keep	2eb82f32ab744ad7c272e32a950adcef3f20d8ab27572023f1084fd6519f61f2	Both full bodies pass a hidden string-result pointer, boolean and count to stack+8 slot14, substituting this+0x18 for a negative count. Inspected creature implementation CHT 2061d0 passes creature type and those arguments to 21de70; that full helper selects strings from four per-type name fields according to singular/plural count and the boolean, then copies the selected string to the result. This supports get_name(bool,int), with the hidden result explaining ret12. Both main bodies are identical.	8dbc92045a1c3e78531a5de65cb86ab57b60fe476ec13a16ece8ec6553ee7406	maps/complete-3.0/review-roster.tsv#F00106
F00107	exhaustive	address-order	cc20	c470	1226	?get_original_number@t_abstract_combat_creature@@QBEHXZ	supported	supported	keep	2eb82f32ab744ad7c272e32a950adcef3f20d8ab27572023f1084fd6519f61f2	Both full bodies dispatch stack+8 slot16. Runtime creature implementation CHT 206210 returns its stored stack count, hero implementation 339a0 returns one, and F00111 subtracts the current combat count from this original-stack count when recording losses. Together this supports get_original_number rather than relying only on a slot number. Both forwarding bodies correspond exactly.	f2fd3b95c7aed8c64d2d0565a3fca136bc70cbb5cd6646a6882ba04cdb1606ba	maps/complete-3.0/review-roster.tsv#F00107
F00108	exhaustive	address-order	ccd0	c500	1233	?get_spell_power@t_abstract_combat_creature@@QBEHW4t_spell@@H@Z	unresolved	supported	cap-C	2eb82f32ab744ad7c272e32a950adcef3f20d8ab27572023f1084fd6519f61f2	Both full bodies leave the second user argument on the stack while calling own slot30, then push its returned value and the first argument into own slot23. Inspected CHT c520 forwards slot23 to the underlying stack and substitutes the current count for one stack argument; concrete slot30 implementations return context-dependent values. Exact spell-power semantics and the enum/int overload are not independently resolved. Keep the source name at C. Full instruction and argument-flow correspondence is supported.	a15505506ea76d90fcbfefcb39ed6dad942f42befa2b2cb027ab254712894660	maps/complete-3.0/review-roster.tsv#F00108
F00109	exhaustive	address-order	cef0	c710	1237	?is_friendly@t_abstract_combat_creature@@QBE_NABVt_abstract_target@@@Z	supported	supported	keep	2eb82f32ab744ad7c272e32a950adcef3f20d8ab27572023f1084fd6519f61f2	Both full bodies return true for their own target subobject, otherwise reject either target's indexed state6 and require both target relation predicates to accept this object's side. Inspected primary slot29 CHT c210 returns the constructor's side byte; target-subobject slot0 via e770/c020 compares the stored side, and slot1 via e780/c040 compares the virtual side value. This supports the is_friendly relationship predicate without relying on inherited callee labels. Both main bodies agree in every branch, subobject adjustment and argument.	f81e162cc805cbfa703f22d399e205c70cd4cbeb3319eacdc73ee77dbb066517	maps/complete-3.0/review-roster.tsv#F00109
F00110	exhaustive	address-order	cf80	c7a0	1238	?is_hostile@t_abstract_combat_creature@@QBE_NABVt_abstract_target@@@Z	supported	supported	keep	2eb82f32ab744ad7c272e32a950adcef3f20d8ab27572023f1084fd6519f61f2	Both full bodies reject self identity, obtain the side via own slot29, and return true only when both target relation predicates reject that side. Inspected target implementations e770/c020 and e780/c040 compare stored and virtual side values, respectively. This complements F00109 and supports is_hostile(target const&). Full bodies and all return paths correspond exactly.	39844ffca0f511bc9d91dbee8c5c0eb4b27beb2b47e3e3927220eb89393a2804	maps/complete-3.0/review-roster.tsv#F00110
F00111	exhaustive	address-order	d0a0	c890	1241	?record_losses@t_abstract_combat_creature@@QBEXPAVt_creature_array@@@Z	supported	supported	keep	2eb82f32ab744ad7c272e32a950adcef3f20d8ab27572023f1084fd6519f61f2	Both full bodies skip absent array indices, subtract the combat count from the original stack count, skip nonpositive losses, choose the destination creature_array by side with a 0x50-byte stride, and record either the lost hero stack or a creature type/count before releasing a temporary counted pointer. The original count/hero accessors are independently supported in F00107/F00101. This supports record_losses(creature_array*). Complete adds a register move for the loss count; all branches, dataflow and cleanup correspond.	b371350f0dc99f56193fcba0c7773dee6a23a5ac1cd61d04badfb8242c1c7228	maps/complete-3.0/review-roster.tsv#F00111
F00112	exhaustive	address-order	d1d0	c9c0	1244	?redistribute_artifacts@t_abstract_combat_creature@@QAEXPAPAVt_creature_array@@AAVt_artifact_list@@@Z	supported	supported	keep	2eb82f32ab744ad7c272e32a950adcef3f20d8ab27572023f1084fd6519f61f2	Both full wrappers skip absent indices, surviving counts and heroes; otherwise they select the side's array and forward it with the output list to the dead creature stack. The concrete CHT primary-slot54 implementation 21b110 was inspected in full: it searches seven other stacks for a recipient, repeatedly extracts an item from the source, tries to give it to that recipient and appends failures to the supplied list, then cleans temporary item strings/effects. This supports redistribute_artifacts(creature_array**,artifact_list&). Complete shifts the dispatched primary slot54 to55; all wrapper argument flow and conditions correspond.	4d4f1f5fec55d57940f96d9014653c3906f0b1d4d2866b57cd3bc5468fe1af69	maps/complete-3.0/review-roster.tsv#F00112
F00113	exhaustive	address-order	d210	ca00	1284	??A?$map@W4t_spell@@Ut_artifact_spell_immunity@@U?$less@W4t_spell@@@std@@V?$allocator@Ut_artifact_spell_immunity@@@4@@std@@QAEAAUt_artifact_spell_immunity@@ABW4t_spell@@@Z	contradicted	supported	withhold	2eb82f32ab744ad7c272e32a950adcef3f20d8ab27572023f1084fd6519f61f2	Both full bodies are runtime abstract-combat-creature slot33. They select an army stack by side and index, retrieve its count and optional hero, write combat-derived state back to the hero, and adjust losses in the army. There is no keyed tree lookup/insertion or returned immunity-map reference, contradicting the proposed std::map<spell,immunity>::operator[]. Complete changes hero fields 0x790/0x73c to 0x7ec/0x798; every branch and writeback/count operation otherwise corresponds.	7ffce369622469b767ad2053dbb881c50e00c3a0ad6fa48138de209e76cd0ea9	maps/complete-3.0/review-roster.tsv#F00113
F00114	exhaustive	address-order	e1c0	d9d0	1306	?clear@?$_Tree@W4t_spell@@U?$pair@$$CBW4t_spell@@Ut_artifact_spell_immunity@@@std@@U_Kfn@?$map@W4t_spell@@Ut_artifact_spell_immunity@@U?$less@W4t_spell@@@std@@V?$allocator@Ut_artifact_spell_immunity@@@4@@3@U?$less@W4t_spell@@@3@V?$allocator@Ut_artifact_spell_immunity@@@3@@std@@QAEXXZ	contradicted	supported	withhold	2eb82f32ab744ad7c272e32a950adcef3f20d8ab27572023f1084fd6519f61f2	Both full bodies advance a tree iterator: follow the right subtree then its leftmost descendant, otherwise climb parent links, and update only the iterator's node pointer. They neither destroy nodes nor empty a container, contradicting tree clear(). All sentinel comparisons and traversal branches correspond.	71a6c75ba82dff0ce65d6d17858e913b26bb2087e5b0144ebb84648144e698d4	maps/complete-3.0/review-roster.tsv#F00114
F00115	exhaustive	address-order	e640	de60	1294	??9const_iterator@?$_Tree@W4t_spell@@U?$pair@$$CBW4t_spell@@Ut_artifact_spell_immunity@@@std@@U_Kfn@?$map@W4t_spell@@Ut_artifact_spell_immunity@@U?$less@W4t_spell@@@std@@V?$allocator@Ut_artifact_spell_immunity@@@4@@3@U?$less@W4t_spell@@@3@V?$allocator@Ut_artifact_spell_immunity@@@3@@std@@QBE_NABV012@@Z	contradicted	supported	withhold	2eb82f32ab744ad7c272e32a950adcef3f20d8ab27572023f1084fd6519f61f2	Both full bodies recursively erase the right subtree, iterate down the left subtree, destroy each payload at node+0xc and free each node until the shared sentinel is reached. This contradicts a const_iterator inequality operator, which must compare iterators without destruction. The recursive call, payload cleanup, free and loop paths correspond.	35510c7b15420701625973ad1fad4ec1fffe1e215de29e04c60263700d635647	maps/complete-3.0/review-roster.tsv#F00115
F00116	exhaustive	address-order	e690	deb0	71420	?write_immunity_map@@YA_NAAV?$basic_streambuf@DU?$char_traits@D@std@@@std@@ABV?$map@W4t_spell@@Ut_artifact_spell_immunity@@U?$less@W4t_spell@@@std@@V?$allocator@Ut_artifact_spell_immunity@@@4@@2@@Z	contradicted	supported	withhold	2eb82f32ab744ad7c272e32a950adcef3f20d8ab27572023f1084fd6519f61f2	Both full bodies initialize a tree: allocate a 0x28-byte sentinel candidate, install or discard it under a shared lock, increment the shared-user count, allocate a head node and set empty root/extremum/size fields. No stream or source-map argument is consumed. This contradicts write_immunity_map(stream,map). Bodies correspond apart from an initial push/move reordering and relocated globals/helpers.	5f695e61950af7ef1266db29608c58ded424742e2a08ef5f9665d92b2286b7cd	maps/complete-3.0/review-roster.tsv#F00116
F00117	exhaustive	address-order	e9c0	e1e0	1259	??4t_artifact_spell_immunity@@QAEAAU0@ABU0@@Z	contradicted	supported	withhold	2eb82f32ab744ad7c272e32a950adcef3f20d8ab27572023f1084fd6519f61f2	Both full bodies read a key through their stack argument and traverse a binary tree, retaining the least node whose key is not below that key. They write nothing and return a node pointer. This is lower_bound traversal, not the proposed immunity assignment operator. All comparisons, directions and empty-tree handling correspond.	0f13b54063e1329c599803615714bca74bb63cb9a183ecdb09eebfc694139390	maps/complete-3.0/review-roster.tsv#F00117
F00118	exhaustive	address-order	e9f0	e210	1345	?_Lbound@?$_Tree@W4t_spell@@U?$pair@$$CBW4t_spell@@Ut_artifact_spell_immunity@@@std@@U_Kfn@?$map@W4t_spell@@Ut_artifact_spell_immunity@@U?$less@W4t_spell@@@std@@V?$allocator@Ut_artifact_spell_immunity@@@4@@3@U?$less@W4t_spell@@@3@V?$allocator@Ut_artifact_spell_immunity@@@3@@std@@IBEPAU_Node@12@ABW4t_spell@@@Z	contradicted	supported	withhold	2eb82f32ab744ad7c272e32a950adcef3f20d8ab27572023f1084fd6519f61f2	Both full bodies perform a left tree rotation around the supplied node: promote its right child, move the promoted node's left subtree, and repair parent/root and child links. There is no key search, contradicting the proposed tree _Lbound(). Full root and nonroot paths correspond.	62c51ee890b894548762313d054248d1db09f8928c2b7790e004a9afa3cb40e8	maps/complete-3.0/review-roster.tsv#F00118
F00119	exhaustive	address-order	ea50	e270	1330	?_Erase@?$_Tree@W4t_spell@@U?$pair@$$CBW4t_spell@@Ut_artifact_spell_immunity@@@std@@U_Kfn@?$map@W4t_spell@@Ut_artifact_spell_immunity@@U?$less@W4t_spell@@@std@@V?$allocator@Ut_artifact_spell_immunity@@@4@@3@U?$less@W4t_spell@@@3@V?$allocator@Ut_artifact_spell_immunity@@@3@@std@@IAEXPAU_Node@12@@Z	contradicted	supported	withhold	2eb82f32ab744ad7c272e32a950adcef3f20d8ab27572023f1084fd6519f61f2	Both full bodies perform the mirror right rotation: promote the supplied node's left child, reconnect its right subtree and repair parent/root links. They neither free nodes nor recurse, contradicting tree _Erase(node*). Every branch and pointer mutation corresponds.	9741534806f784df7aa577d468b4c94cf769b780efbcf95c57733156e4a01f55	maps/complete-3.0/review-roster.tsv#F00119
F00120	exhaustive	address-order	eab0	e2f0	1297	??1?$vector@V?$t_counted_ptr@Vt_artifact_effect@@@@V?$allocator@V?$t_counted_ptr@Vt_artifact_effect@@@@@std@@@std@@QAE@XZ	contradicted	supported	withhold	2eb82f32ab744ad7c272e32a950adcef3f20d8ab27572023f1084fd6519f61f2	Both full bodies decrement a tree iterator, handling the header case and otherwise choosing the left subtree's rightmost node or climbing parents. They change only the iterator node and do not release vector elements or storage. This contradicts the proposed vector<counted_ptr<artifact_effect>> destructor. Sentinel/header tests and all traversal paths correspond.	37b49fd8649bee283b9713b300dde1067d90d5a43b92987ada0fe7ef7bc632d8	maps/complete-3.0/review-roster.tsv#F00120
F00121	exhaustive	address-order	ef80	e7a0	1397	?is_active@t_abstract_combat_creature@@UBE_NW4t_spell@@@Z	supported	supported	keep	2eb82f32ab744ad7c272e32a950adcef3f20d8ab27572023f1084fd6519f61f2	Both full bodies return the boolean byte from an indexed twelve-byte entry. Inspected CHT e790 is the runtime abstract-combat-creature offset0x920 target-subobject slot2 thunk; after its vtordisp adjustment, the body's -0x8e4 displacement resolves to the entry array at complete-object +0x3c. Constructors F00094/F00098 initialize 188 such entries, and F00109 tests index6 through this slot. The class, indexed spell-state array and predicate use support is_active(enum t_spell). The two complete bodies use identical indexing and ret4.	73ebab457e4750402082a2478fdc759849738cd6a6d0808381e4bf1e5844f73d	maps/complete-3.0/review-roster.tsv#F00121
F00122	exhaustive	address-order	efb0	e7d0	1399	??_Gt_abstract_combat_creature@@UAEPAXI@Z	unresolved	supported	cap-C	2eb82f32ab744ad7c272e32a950adcef3f20d8ab27572023f1084fd6519f61f2	Both full wrappers recover the allocation base from the +0x92c virtual subobject, invoke destruction through e810/eff0 and the virtual-base cleanup, optionally free on flag bit1, and return the allocation base. The member destruction in F00123 agrees with the two trees and counted stack initialized by the abstract-combat-creature constructors. Class/deleting role and complete body correspondence are supported, but the exact scalar-versus-vector deleting spelling is not distinguishable here. Cap at C.	f4eb12738285e6070a1df18ac4e2d0c0130848bb7662707d132e7a7f96fd7c17	maps/complete-3.0/review-roster.tsv#F00122
F00123	exhaustive	address-order	eff0	e810	1312	?_Inc@const_iterator@?$_Tree@W4t_spell@@U?$pair@$$CBW4t_spell@@Ut_artifact_spell_immunity@@@std@@U_Kfn@?$map@W4t_spell@@Ut_artifact_spell_immunity@@U?$less@W4t_spell@@@std@@V?$allocator@Ut_artifact_spell_immunity@@@4@@3@U?$less@W4t_spell@@@3@V?$allocator@Ut_artifact_spell_immunity@@@3@@std@@QAEXXZ	contradicted	supported	withhold	2eb82f32ab744ad7c272e32a950adcef3f20d8ab27572023f1084fd6519f61f2	Both full bodies destroy two trees at complete-object +0x90c and +0x28, free their heads, decrement the shared-sentinel user count under a lock, release the counted stack at +0xc, and destroy the base at +8. Incoming this is the +0x92c virtual subobject, as F00122 establishes. This is object destruction, not tree const_iterator::_Inc(). Every destruction path and object offset corresponds.	adee1b6aded6df3323f989a8b4331edcbf87be654a74c5d5033b61246d310a75	maps/complete-3.0/review-roster.tsv#F00123
F00124	exhaustive	address-order	f270	ead0	1442	??_Gt_abstract_combat_object@@UAEPAXI@Z	unresolved	supported	cap-C	2eb82f32ab744ad7c272e32a950adcef3f20d8ab27572023f1084fd6519f61f2	Both full runtime abstract-combat-object slot0 wrappers invoke eaf0/f290 on incoming this, optionally free it on flag bit1 and return it. F00125 establishes derived-object member/base destruction. The class and deleting-wrapper role agree, and every instruction corresponds; exact scalar versus optimized vector deleting destructor remains unresolved.	d164aecdd4f155a1b9ba30a7cfdc3d6ab31f32578bdc15a21333d22e922346ca	maps/complete-3.0/review-roster.tsv#F00124
F00125	exhaustive	address-order	f290	eaf0	1406	??1t_combat_object_base@@UAE@XZ	contradicted	supported	withhold	2eb82f32ab744ad7c272e32a950adcef3f20d8ab27572023f1084fd6519f61f2	Both full bodies release an owned counted object at +0x20 (Complete +0x1c), install the combat_object_base vptr at incoming this+8, then install the counted-object base vptr at this+0 through inspected helper CHT 3c8db0. Runtime abstract_combat_object has those bases at +8/+0, and its deleting wrapper F00124 calls this body. It is destruction of that containing object, not destruction of t_combat_object_base itself. F00126 independently shows the latter's trivial vptr/free wrapper. Correspondence supports the systematic four-byte member shift.	3c1c1c32b2d91166325d7abfe33440dceb0fb99edd00cf35ecab42abc7f5394d	maps/complete-3.0/review-roster.tsv#F00125
F00126	exhaustive	address-order	f300	eb60	1451	??_Gt_combat_object_base@@UAEPAXI@Z	unresolved	supported	cap-C	2eb82f32ab744ad7c272e32a950adcef3f20d8ab27572023f1084fd6519f61f2	Both full runtime combat_object_base slot0 wrappers reset the vptr to that class, optionally free incoming this when flag bit1 is set, and return this. Class/deleting role and all instructions correspond. The exact scalar-versus-vector deleting map spelling cannot be established from this optimized body alone; retain only C.	87e448eeadfc7f6533542c6bfc24c70d9de2c340ea3f6054b770317cd801d701	maps/complete-3.0/review-roster.tsv#F00126
F00127	exhaustive	address-order	f340	eba0	1408	?get_footprint_center@t_combat_object_base@@QBE?AUt_map_point_2d@@ABU2@@Z	supported	supported	keep	2eb82f32ab744ad7c272e32a950adcef3f20d8ab27572023f1084fd6519f61f2	Both complete bodies consume a two-coordinate cell point, multiply each coordinate by16, call the base object's virtual size slot2, and add size*8 to both outputs. This is the center of the square footprint in finer coordinates, supporting get_footprint_center(point const&) and its hidden struct result. F00128/F00129 independently use the same size and 16-unit cell scale. Complete reorders the two output stores; dataflow and cleanup agree.	1d53fbcddbd2f45ed82551a7655a8fdaff23f7ff74380bbeab05b197a8db7a90	maps/complete-3.0/review-roster.tsv#F00127
F00128	exhaustive	address-order	f3a0	ebe0	1412	?in_footprint@t_combat_object_base@@QBE_NABUt_map_point_2d@@@Z	supported	supported	keep	2eb82f32ab744ad7c272e32a950adcef3f20d8ab27572023f1084fd6519f61f2	Both complete bodies convert this+4/+8 from 16-unit coordinates to cell coordinates, subtract them from the input point, reject negative or size-exceeding offsets, then return the selected byte in a size-specific two-dimensional mask. This supports in_footprint(point const&). Inspected full mask-cache helpers CHT 1cc320 / Complete 1fc9c0 preserve lookup/build/return behavior but change the size argument from ECX to stack; the callers compensate. Bounds, mask indexing and returns correspond.	f78aedef7152b98771b5a352772261fc4a9858e917a2a2ae8797018fa75779af	maps/complete-3.0/review-roster.tsv#F00128
F00129	exhaustive	address-order	f420	ec50	1413	?get_cell_rect@t_combat_object_base@@QBE?AUt_map_rect_2d@@XZ	supported	supported	keep	2eb82f32ab744ad7c272e32a950adcef3f20d8ab27572023f1084fd6519f61f2	Both full bodies obtain virtual size slot2, shift this+4/+8 right by4 to find the starting cell, and return the rectangle (x,y,x+size,y+size) through the hidden result pointer. This directly supports get_cell_rect and agrees with the independent footprint membership calculation F00128. Bodies are instruction-identical apart from addresses.	92c59df045dfce84aa6ee688eaa09465e0956f2922c41b66063cca093321ff54	maps/complete-3.0/review-roster.tsv#F00129
F00130	exhaustive	address-order	f480	eca0	1417	?blocks_movement@t_abstract_combat_object@@UBE_NXZ	contradicted	supported	withhold	2eb82f32ab744ad7c272e32a950adcef3f20d8ab27572023f1084fd6519f61f2	Both full runtime slot11 bodies compute -(x+y+16*footprint_size) and conditionally add a large offset based on virtual slot23, returning the integer in EAX without boolean normalization. That contradicts the proposed bool blocks_movement() const. The positional ordering calculation corresponds across builds, with the conditional bias changed from10000 to20000; this real constant change is retained in the evidence rather than treated as exact equivalence.	250cc430ccb385e3473d470b71d7874257e6615544eefcf1d6b9c1ed7da499bd	maps/complete-3.0/review-roster.tsv#F00130
F00131	exhaustive	address-order	f4c0	ece0	1418	?is_quicksand@t_abstract_combat_object@@UBE_NXZ	contradicted	supported	withhold	2eb82f32ab744ad7c272e32a950adcef3f20d8ab27572023f1084fd6519f61f2	Both full wrappers obtain a pointer from own virtual slot9 and, if nonnull, tail-dispatch CHT 13db70 / Complete 156160. Those inspected wrappers select +0x10 and dispatch to 1aa4c0/1d4930; both full helpers release a counted pointer, clear string contents and set a state field to2. This is a mutating cleanup operation, not the proposed const is_quicksand boolean predicate. Parent control flow and concrete helper roles correspond despite minor string-cleanup implementation changes.	4901279bf1e194b8e0edafed671ef2615a0385acd4a12e926cf6d627ea4a63e3	maps/complete-3.0/review-roster.tsv#F00131
F00132	exhaustive	address-order	f4e0	ed00	1420	?set_shadow_displacement@t_abstract_combat_object@@QAEXHABVt_battlefield@@@Z	supported	supported	keep	2eb82f32ab744ad7c272e32a950adcef3f20d8ab27572023f1084fd6519f61f2	Both full bodies store the displacement argument, copy this object's x/y/z position, subtract the displacement from z, project the adjusted point through the battlefield, and store the resulting second screen position. Inspected full projection helpers CHT 14bb60 / Complete 164d20 combine x-y and x+y with scale/camera terms and subtract z. Together with F00133 updating both original and displaced positions, this supports set_shadow_displacement. Complete shifts displacement/output fields down four bytes; all argument flow agrees.	0269f7672450703ac4a65e85a93b7a7f17d4116481beccce54f1c8c4535eafc6	maps/complete-3.0/review-roster.tsv#F00132
F00133	exhaustive	address-order	f530	ed50	1421	?move@t_abstract_combat_object@@QAEXAAVt_battlefield@@ABUt_map_point_3d@@@Z	supported	supported	keep	2eb82f32ab744ad7c272e32a950adcef3f20d8ab27572023f1084fd6519f61f2	Both complete bodies copy the supplied three-coordinate point into this+0xc/+0x10/+0x14, project it through the supplied battlefield, then subtract the saved shadow displacement from z and project again. They update both displayed positions. Inspected projection helpers confirm the coordinate transformation. This supports move(battlefield&,point3d const&). Complete reschedules instructions and shifts cached output/displacement fields down four bytes without changing their roles.	b7838d5ad9808e1992672013173e8ed50fd9d4b715b42c4bcbadbbb6cb905231	maps/complete-3.0/review-roster.tsv#F00133
F00134	exhaustive	address-order	f620	ee20	1431	?fade_in@t_abstract_combat_object@@QAEXAAVt_battlefield@@HABVt_combat_action_message@@@Z	supported	supported	keep	2eb82f32ab744ad7c272e32a950adcef3f20d8ab27572023f1084fd6519f61f2	Both complete bodies start field+0x18 at zero, store the requested endpoint, create and retain a 0x5c-byte animation object with direction flag1, replace the previous animation, and pass the message to its +0x28 virtual subobject. Inspected constructors CHT 1d4e10 / Complete 206740 install runtime t_combat_object_fader vptrs. Its full CHT update 1d4ff0 increments the target object's +0x18 toward the endpoint for flag1 and decrements for flag0 through virtual slot34. This supports fade_in. Complete shifts owned-animation/endpoint fields down four bytes; all paths correspond.	6070ca5d0757b73a789b33de3cb4abefce7de58c9ba19733b73ef254278f9261	maps/complete-3.0/review-roster.tsv#F00134
F00135	exhaustive	address-order	f9e0	f1c0	1435	?set_alpha@t_abstract_combat_object@@UAEXAAVt_battlefield@@H@Z	supported	supported	keep	2eb82f32ab744ad7c272e32a950adcef3f20d8ab27572023f1084fd6519f61f2	Both full runtime slot34 bodies update this+0x18 only when the new value differs and notify the supplied battlefield when the object has display state. Independently inspected t_combat_object_fader update CHT 1d4ff0 drives this exact virtual slot while incrementing/decrementing opacity during fade-in/out. That supports set_alpha(battlefield&,int). Complete shifts the display-state field +0x24 to+0x20; branches, value writes and argument flow correspond.	9f496064d777fb776e5f9d805e9c435ea5900086cc781921f715f4e1b3b89ba3	maps/complete-3.0/review-roster.tsv#F00135
F00136	exhaustive	address-order	fb10	f2d0	1439	?write_data@t_abstract_combat_object@@IBE_NAAV?$basic_streambuf@DU?$char_traits@D@std@@@std@@@Z	supported	supported	keep	2eb82f32ab744ad7c272e32a950adcef3f20d8ab27572023f1084fd6519f61f2	Both full bodies write object fields to the stream through its byte-count virtual write operation, check the scalar writes and throw on short writes, then serialize the twelve-byte position and return true. They serialize alpha as one byte and the endpoint/state byte before the position, supporting write_data(stream&) const. CHT additionally writes a four-byte field at+0x1c which Complete removes; later fields consequently shift by four, consistent with F00125/F00132/F00134/F00135. This is a corresponding serializer with a changed format, not identical behavior.	500d2c6f76eaa7f092eaa4d303887e32e94a7ba29e79bab4eb67e67421a51c55	maps/complete-3.0/review-roster.tsv#F00136
F00137	exhaustive	address-order	fd10	f560	1440	?place_during_read@t_abstract_combat_object@@UAEXAAVt_battlefield@@@Z	contradicted	supported	withhold	2eb82f32ab744ad7c272e32a950adcef3f20d8ab27572023f1084fd6519f61f2	Both full bodies belong to runtime t_bound_handler_1< t_battlefield, counted_ptr<abstract_combat_object> > at offset8 slot1. They retain a counted-pointer argument, compute a bound receiver from stored receiver plus adjustment, call the stored member-function pointer and release the argument. This is a bound callback invocation, not t_abstract_combat_object::place_during_read(battlefield&). All member-pointer and reference-count operations correspond exactly.	a349a4a208abdafa85a15f89aa6fba75b19d6963a700d804974679fe694e8c96	maps/complete-3.0/review-roster.tsv#F00137
F00138	exhaustive	address-order	fe40	f680	1513	??_G?$t_abstract_function_1@XV?$t_counted_ptr@Vt_abstract_combat_object@@@@@@UAEPAXI@Z	unresolved	supported	cap-C	2eb82f32ab744ad7c272e32a950adcef3f20d8ab27572023f1084fd6519f61f2	Both full runtime abstract_function_1<counted_ptr<abstract_combat_object>> slot0 bodies install that interface's vptr, conditionally free incoming this on flag bit1 and return it. Exact class, deleting role and all instructions correspond. The scalar-versus-vector deleting destructor spelling remains unresolved from this optimized body alone.	c215dba7a26e5da9481941fa4c0bfea112dcbb9b01a8511010151b5d576a04a7	maps/complete-3.0/review-roster.tsv#F00138
F00139	exhaustive	address-order	fe80	f6c0	1512	??1?$t_abstract_function_1@XV?$t_counted_ptr@Vt_abstract_combat_object@@@@@@UAE@XZ	contradicted	supported	withhold	2eb82f32ab744ad7c272e32a950adcef3f20d8ab27572023f1084fd6519f61f2	Both full bodies write the abstract_function_1 interface vptr at incoming this+8 and the counted_object vptr at incoming this+0. Runtime tables confirm the interface itself has its vptr at offset0; the bound handler contains that interface at offset8. Therefore this is cleanup of a containing counted handler, not the proposed abstract_function_1 destructor on its own incoming this. The explicit null-adjustment path and both stores correspond.	5493c9de52e18f84910c8ba63b54e8dba638d4aae4617e22968b887280328336	maps/complete-3.0/review-roster.tsv#F00139
F00140	exhaustive	address-order	feb0	f6f0	1502	??0?$t_handler_base_1@V?$t_counted_ptr@Vt_abstract_combat_object@@@@@@QAE@XZ	contradicted	supported	withhold	2eb82f32ab744ad7c272e32a950adcef3f20d8ab27572023f1084fd6519f61f2	Both complete bodies release two existing counted members at+0x10 and+0xc, then reset the abstract_function_0 vptr at+8 and counted_object vptr at+0. This contradicts a default constructor of handler_base_1: it destroys existing ownership and even has the zero-argument function interface. Complete adds an explicit null-adjustment branch before the +8 base store; all nonnull member cleanup and final base identities correspond.	1693c15d80758d2bba9c349657dab7ff6ca4ff2ce099261c1ca7d8a3a8642679	maps/complete-3.0/review-roster.tsv#F00140
F00141	exhaustive	address-order	10040	f7f0	1531	?get_grail_spell_bonus@t_abstract_grail_data_source@@QBEHW4t_town_type@@@Z	unresolved	supported	cap-C	2eb82f32ab744ad7c272e32a950adcef3f20d8ab27572023f1084fd6519f61f2	Both full bodies test virtual slot1 using the integer argument and, when true, return the corresponding dword from a fixed table; otherwise they return zero. This is consistent with a conditional town-specific bonus, but the helper alone does not establish that the values are specifically a grail spell bonus rather than another bonus type. Keep the exact source identity unresolved. Argument flow, table lookup and all branches correspond.	e69bbaae8df26e1e29b392f8a66bf024c1c2f7665dfd3e0caac40973c2736cc0	maps/complete-3.0/review-roster.tsv#F00141
F00142	exhaustive	address-order	101f0	f9a0	1538	??_Gt_abstract_resource_cache_base@@UAEPAXI@Z	unresolved	supported	cap-C	2eb82f32ab744ad7c272e32a950adcef3f20d8ab27572023f1084fd6519f61f2	Both full runtime abstract_resource_cache_base slot0 wrappers invoke the same corresponding cleanup helper, conditionally free incoming this on flag bit1 and return it. Class/deleting role and instruction correspondence are supported. The exact scalar-versus-vector deleting destructor spelling is not established by this optimized wrapper; cap at C.	d50b93414ca1962d10bee519902d1e2c9462c107a73c709d1dabc365d836575a	maps/complete-3.0/review-roster.tsv#F00142
F00143	exhaustive	address-order	10540	fd30	1536	?get_size@t_abstract_resource_cache_base@@MAEHXZ	unresolved	supported	cap-C	2eb82f32ab744ad7c272e32a950adcef3f20d8ab27572023f1084fd6519f61f2	Both full runtime cache-base slot1 bodies resolve metadata then return this+0x2c. Inspected full helpers CHT faf0 / Complete 10340 construct the resource name ending in .h4d, locate a record and populate +0x2c from record+0x14. Complete adds an optional search argument and this caller supplies zero. The cached metadata accessor corresponds, but the precise interpretation as size has not been independently established from a size-consuming use, so source identity remains unresolved.	a96c1c6713ef2dede9183de10b42cac16ed63947303db61ca77d713a3b3a49e9	maps/complete-3.0/review-roster.tsv#F00143
F00144	exhaustive	address-order	10550	fd40	1537	?create@t_abstract_resource_cache_base@@IAE_NPAVt_progress_handler@@@Z	supported	supported	keep	2eb82f32ab744ad7c272e32a950adcef3f20d8ab27572023f1084fd6519f61f2	Both complete bodies resolve resource metadata, obtain a resource stream through the stored source/index, pass it and the progress-handler argument to own virtual slot4, clean failed construction through slot2, and release temporary stream ownership on all paths. Inspected CHT slot4 helper4320 forwards to the concrete factory, stores its returned resource pointer and converts it to success/failure. This supports create(progress_handler*). Complete supplies the new zero argument to metadata resolver10340; full parent control flow, arguments and cleanup correspond.	431139f3e76844bba04d4e48ad9d14bc3b903732c7649eeb85b5212ff8b38581	maps/complete-3.0/review-roster.tsv#F00144
F00145	exhaustive	address-order	111f0	103f0	1561	??0t_factory@t_abstract_script_action@@IAE@W4t_script_action_type@@@Z	supported	supported	keep	2eb82f32ab744ad7c272e32a950adcef3f20d8ab27572023f1084fd6519f61f2	Both full bodies install the runtime t_abstract_script_action::t_factory vptr on incoming this, store this in a global pointer table indexed by the enum argument, and return this with ret4. This directly supports the factory constructor's registration role and single enum parameter. The RTTI class, argument flow and all instructions correspond.	f3822328092df3343d874baac20896f7ec2ef610d1496bad59dfb849d098aef3	maps/complete-3.0/review-roster.tsv#F00145
F00146	exhaustive	address-order	11ed0	10f60	1605	?get_subimage@t_impl@abstract_stationary_adv_object_details@@QBEABVt_adv_object_subimage@@H@Z	contradicted	supported	withhold	2eb82f32ab744ad7c272e32a950adcef3f20d8ab27572023f1084fd6519f61f2	Both full bodies ignore incoming this, treat the supposed integer index argument as a nullable object pointer, bracket its virtual slot3 call with operations on pointer+8, then return without preserving a selected subimage reference. F00148 uses this same bracketed operation during owned-resource teardown. This contradicts t_impl::get_subimage(int) const. Parent branches, offsets and calls correspond exactly.	7c10acab88b6a46a41181a2997bb94beee188f888ee2134166f244c5447ed10b	maps/complete-3.0/review-roster.tsv#F00146
F00147	exhaustive	address-order	11f00	10f90	1610	??0t_abstract_stationary_adv_object@@QAE@ABV?$basic_string@DU?$char_traits@D@std@@V?$allocator@D@2@@std@@@Z	contradicted	supported	withhold	2eb82f32ab744ad7c272e32a950adcef3f20d8ab27572023f1084fd6519f61f2	Both full bodies initialize virtual-base metadata according to a hidden construction flag, copy the pointer at argument+4 into this+4 and increment the dword reference count at that pointee. F00148 releases precisely that implementation pointer and destroys its aggregate on the last reference. This is sharing an existing object's implementation, not construction from std::string const&: a string's +4 buffer does not contain this counted implementation layout. Constructor class and body correspondence are supported, but the proposed string overload is contradicted.	a134b47eeffd944f8690a466679f004c1e741cd82a9d187bc1812650284ff5aa	maps/complete-3.0/review-roster.tsv#F00147
F00148	exhaustive	address-order	120f0	11180	1612	??1t_abstract_stationary_adv_object@@UAE@XZ	supported	supported	keep	2eb82f32ab744ad7c272e32a950adcef3f20d8ab27572023f1084fd6519f61f2	Both full bodies enter through the +0xc virtual subobject, restore the stationary-object vptr/vtordisp, release the shared implementation at complete-object+4, and on the last reference destroy the extra image, string, held cache resource and implementation allocation. The layout agrees with F00147 and the runtime stationary-object class. This supports its destructor. Complete changes string-release register scheduling; all reference checks, cleanup paths and offsets correspond.	45f7f2fb74a1408d998d3b1642ea06ddac795cbcc1b0ebf3587e49f4ecd1c690	maps/complete-3.0/review-roster.tsv#F00148
F00149	exhaustive	address-order	12220	112b0	1615	?animates@t_abstract_stationary_adv_object@@UBE_NXZ	supported	supported	keep	2eb82f32ab744ad7c272e32a950adcef3f20d8ab27572023f1084fd6519f61f2	Both full bodies return true if either the main image frame count or an optional extra animation's frame count exceeds one. Inspected runtime image count implementation CHT 350010 computes the eight-byte frame-record count; helper44c30 computes the extra animation's pointer-array length, and44a00 selects its frame cyclically from time. This independently supports animates(). Both main bodies correspond exactly.	4d8e885da531bf7edac580c1e147ed73ac9593d52fa0cb2667020ecc8f30e125	maps/complete-3.0/review-roster.tsv#F00149
F00150	exhaustive	address-order	12260	112f0	1616	?draw_shadow_to@t_abstract_stationary_adv_object@@UBEXKABUt_screen_rect@@AAV?$t_abstract_bitmap@G@@ABUt_screen_point@@@Z	supported	supported	keep	2eb82f32ab744ad7c272e32a950adcef3f20d8ab27572023f1084fd6519f61f2	Both full bodies derive a cyclic frame from (time+phase)*rate/1000 modulo the main image's frame count and dispatch image slot18 with frame, clipping rectangle, destination bitmap and point. Inspected concrete slot18 CHT 3b32f0 selects the frame's secondary bitmap, accounts for its offset and clip, and draws it; matching bounds selection is inspected in F00158. This supports the clipped draw_shadow_to overload. Full wrapper dataflow, arithmetic, parameter order and ret16 correspond.	a3ff99c3a880c2dbda95bd8f27bfd927acef31ac3aaf79a1cffa829c96c89382	maps/complete-3.0/review-roster.tsv#F00150
F00151	exhaustive	address-order	122c0	11350	1617	?draw_shadow_to@t_abstract_stationary_adv_object@@UBEXKAAV?$t_abstract_bitmap@G@@ABUt_screen_point@@@Z	supported	supported	keep	2eb82f32ab744ad7c272e32a950adcef3f20d8ab27572023f1084fd6519f61f2	Both full bodies use the same cyclic frame calculation as F00150 and dispatch image slot17 with frame, destination bitmap and point. Inspected concrete CHT 3b3440 draws the corresponding secondary bitmap using its own full rectangle and offset, whereas slot18 accepts clipping. This supports the unclipped draw_shadow_to overload and ret12. All wrapper instructions correspond.	b6f413a094530cea96b78ba372af6fd21fb96d89081dbdfebac3cebb92b02337	maps/complete-3.0/review-roster.tsv#F00151
F00152	exhaustive	address-order	12320	113b0	1618	?draw_subimage_to@t_abstract_stationary_adv_object@@UBEXHKABUt_screen_rect@@AAV?$t_abstract_bitmap@G@@ABUt_screen_point@@H@Z	supported	supported	keep	2eb82f32ab744ad7c272e32a950adcef3f20d8ab27572023f1084fd6519f61f2	Both full bodies choose either an optional extra animation at the final subimage index or an indexed main-image subimage, compute its time-dependent frame, and invoke subimage slot6 with a clipping rectangle, bitmap and point. Inspected concrete CHT slot6 34c5e0 intersects the clip with that subimage's 32-pixel strip and forwards a draw. The wrapper hardcodes15 for the final drawing parameter and does not read its own final int argument; this behavior is the same in both builds. Class, subimage/clip roles and ret24 support the proposed overload; all branches correspond.	fc53e8fdb9e1b3e26d2119e99a5072609f12b16123f253f864153b79b77e525b	maps/complete-3.0/review-roster.tsv#F00152
F00153	exhaustive	address-order	123b0	11440	1619	?draw_subimage_to@t_abstract_stationary_adv_object@@UBEXHKAAV?$t_abstract_bitmap@G@@ABUt_screen_point@@@Z	supported	supported	keep	2eb82f32ab744ad7c272e32a950adcef3f20d8ab27572023f1084fd6519f61f2	Both full bodies select the optional last subimage or an indexed main subimage and compute the frame as in F00152, but invoke subimage slot5 with only frame, bitmap and point. Inspected concrete CHT 34c690 derives the subimage strip's own rectangle before drawing, confirming the unclipped overload. Both complete wrappers agree in every branch, frame calculation and parameter.	7a2b5d93d042032d1befa48f0b178eadc278bd77c04bfb08d80ea49624d2834d	maps/complete-3.0/review-roster.tsv#F00153
F00154	exhaustive	address-order	12560	115e0	71367	abstract_stationary_adv_object#4$init	unresolved	supported	cap-C	2eb82f32ab744ad7c272e32a950adcef3f20d8ab27572023f1084fd6519f61f2	Both full bodies initialize a global string from the literal adv_object and register its cleanup callback. The exact literal and string-copy/registration paths correspond. The generated name abstract_stationary_adv_object#4$init still relies on the debug static-initializer ordinal/owner join; the observed literal does not independently establish that exact anonymous ordinal. Keep source identity unresolved and capped at C.	b98bc06b527e7abde8bbe78ad821b63d5d5613ca2b6e1940a9f9d50acb9046b6	maps/complete-3.0/review-roster.tsv#F00154
F00155	exhaustive	address-order	12640	116c0	71371	abstract_stationary_adv_object#5$init	unresolved	supported	cap-C	2eb82f32ab744ad7c272e32a950adcef3f20d8ab27572023f1084fd6519f61f2	Both full bodies initialize a global string from the literal .h4d and register its cleanup callback. The instruction and literal correspondence is supported even though this global's address order relative to F00154 changes in Complete. Exact generated owner/ordinal abstract_stationary_adv_object#5 remains unproven by this common literal and is capped at C.	d903101257232b283dfd27074caa6482e57419ddd3d2f8ff458e5a7ff9952473	maps/complete-3.0/review-roster.tsv#F00155
F00156	exhaustive	address-order	128a0	11900	1625	?get_rect@t_abstract_stationary_adv_object@@UBE?AUt_screen_rect@@XZ	supported	supported	keep	2eb82f32ab744ad7c272e32a950adcef3f20d8ab27572023f1084fd6519f61f2	Both full bodies fetch the main image rectangle, optionally fetch the extra animation's rectangle, take minima of left/top and maxima of right/bottom, and return the union. Inspected main-image slot7 CHT 350050 copies its four-coordinate rectangle; optional subimage rectangle behavior is also seen in F00161. This supports the parameterless get_rect(), with a hidden struct result. Every comparison and output store corresponds.	e50bc0982b7eee8c494807bebc4e153203993a637970b4e808d55341391c5e9b	maps/complete-3.0/review-roster.tsv#F00156
F00157	exhaustive	address-order	12a20	11a80	1627	?get_shadow_rect@t_abstract_stationary_adv_object@@UBE?AUt_screen_rect@@XZ	supported	supported	keep	2eb82f32ab744ad7c272e32a950adcef3f20d8ab27572023f1084fd6519f61f2	Both full wrappers select the same main image and return its slot10 rectangle through the hidden result. Inspected CHT350190 copies the cached secondary/shadow rectangle at image+0x40, distinct from the primary rectangle at+0x30 used by F00156. Frame-specific bounds and drawing use that same secondary image channel in F00150/F00151/F00158. Together these support the parameterless get_shadow_rect role. The full wrappers correspond exactly.	179f280b17009c7c5db7ce33c655a2b63b6fda674ed1de9f5db18d66c5aa18e1	maps/complete-3.0/review-roster.tsv#F00157
F00158	exhaustive	address-order	12a40	11aa0	1628	?get_shadow_rect@t_abstract_stationary_adv_object@@UBE?AUt_screen_rect@@K@Z	supported	supported	keep	2eb82f32ab744ad7c272e32a950adcef3f20d8ab27572023f1084fd6519f61f2	Both full bodies compute the same cyclic frame index as the shadow-drawing wrappers and pass it with the hidden rectangle output to image slot9. Inspected full CHT350080 selects the frame record's secondary index, returns empty bounds for -1, obtains that bitmap's rectangle and applies its displacement, with optional union handling. This matches the bitmap selection used by F00150/F00151 and supports the time-specific get_shadow_rect overload. Full wrapper arithmetic and output flow correspond.	b5778acd70d924de47414882a149528145afd8dad1d4dcaec2214b066542cb16	maps/complete-3.0/review-roster.tsv#F00158
F00159	exhaustive	address-order	12aa0	11b00	1629	?get_subimage_count@t_abstract_stationary_adv_object@@UBEHXZ	supported	supported	keep	2eb82f32ab744ad7c272e32a950adcef3f20d8ab27572023f1084fd6519f61f2	Both full bodies return the stored base subimage count plus one when an optional extra animation is present. The drawing and rectangle wrappers F00152/F00153/F00161 select that extra animation exactly when index equals the stored count, independently confirming the count's role. This supports get_subimage_count; every instruction corresponds.	d2eca2aae1c3fbc2e1ed88493ee83a465af1128e23b0f667509c361f49f25f5a	maps/complete-3.0/review-roster.tsv#F00159
F00160	exhaustive	address-order	12ac0	11b20	1630	?get_subimage_depth_offset@t_abstract_stationary_adv_object@@UBEHH@Z	unresolved	supported	cap-C	2eb82f32ab744ad7c272e32a950adcef3f20d8ab27572023f1084fd6519f61f2	Both full bodies select the optional extra subimage or indexed main subimage and return its virtual slot1 scalar. Inspected concrete CHT350370 computes a horizontal strip index, clamps it and reads a per-strip integer from a deque. That is consistent with a depth offset but does not independently establish the integer's rendering-depth meaning. Keep the precise get_subimage_depth_offset name unresolved. Main-body selection, dispatch and cleanup correspond exactly.	879f4588fc8a9597e295c4c391e4534aaa5b27a6e37d664e49c292625ea6a9d9	maps/complete-3.0/review-roster.tsv#F00160
F00161	exhaustive	address-order	12b00	11b60	1631	?get_subimage_rect@t_abstract_stationary_adv_object@@UBE?AUt_screen_rect@@H@Z	supported	supported	keep	2eb82f32ab744ad7c272e32a950adcef3f20d8ab27572023f1084fd6519f61f2	Both full bodies select the optional extra subimage when index equals the stored count, otherwise obtain the indexed main subimage, then invoke its rectangle slot3 with the hidden output. Inspected concrete CHT350450 intersects a parent rectangle with the subimage's 32-pixel strip and returns four coordinates; that strip also bounds rendering in F00152/F00153. This supports get_subimage_rect(int). Both branches, argument flow and full wrapper bodies correspond.	1b5f3be600fd7d3e354ea27df468787e6bf6f57ffead3daccd5054ff92995c8b	maps/complete-3.0/review-roster.tsv#F00161
F00162	exhaustive	address-order	12b50	11bb0	1632	?get_subimage_rect@t_abstract_stationary_adv_object@@UBE?AUt_screen_rect@@HK@Z	supported	supported	keep	2eb82f32ab744ad7c272e32a950adcef3f20d8ab27572023f1084fd6519f61f2	Both full bodies select the optional final animation or indexed main subimage, calculate the cyclic frame from time, and invoke subimage slot2 with that frame and a hidden rectangle result. Inspected concrete CHT350400 returns the parent bounds intersected with the subimage's 32-pixel strip (ignoring the frame for that concrete subtype). This supports get_subimage_rect(int,time), complementing F00161's parameterless-frame overload. All wrapper branches, arithmetic and parameter flow correspond.	95d4f0b7c29a6143e5de96db4288b8584735f13e9c0e1f647a194c991afbb690	maps/complete-3.0/review-roster.tsv#F00162
F00163	exhaustive	address-order	12bd0	11c30	1633	?hit_test@t_abstract_stationary_adv_object@@UBE_NKABUt_screen_point@@@Z	supported	supported	keep	2eb82f32ab744ad7c272e32a950adcef3f20d8ab27572023f1084fd6519f61f2	Both full bodies select the time-dependent main-image frame, test the supplied point, and if that misses, test the optional extra animation's selected frame. Inspected concrete CHT34ff40 and44d20 adjust the point into bitmap coordinates and invoke172ab0; that full helper checks bitmap bounds and pixel/alpha coverage. This independently supports hit_test(time,point). Complete reschedules loads and frame arithmetic; all dataflow and return paths correspond.	a310b3b67410ac3967594d28df3b4cb1ffe9545aaf2282e67d99084d3a5d09f7	maps/complete-3.0/review-roster.tsv#F00163
F00164	exhaustive	address-order	12c60	11cc0	1634	?is_decorative@t_abstract_stationary_adv_object@@UBE_NXZ	unresolved	supported	cap-C	2eb82f32ab744ad7c272e32a950adcef3f20d8ab27572023f1084fd6519f61f2	Both full bodies test the same model field at+0x48 and return a normalized equality predicate. The compared enum value changes from20 in CHT to22 in Complete. The corresponding object/field access is supported, but neither body alone identifies that enum value as decorative. Keep exact source identity unresolved; do not treat the constant change as an exact instruction match.	dda697a91a6541b72adfb7b6dd84a130c08fdb3368d76bf32710c15e525e854d	maps/complete-3.0/review-roster.tsv#F00164
F00165	exhaustive	address-order	12c70	11cd0	1635	?needs_redrawing@t_abstract_stationary_adv_object@@UBE_NKK@Z	supported	supported	keep	2eb82f32ab744ad7c272e32a950adcef3f20d8ab27572023f1084fd6519f61f2	Both full bodies compute the main image's cyclic frame at each of the two time arguments, using phase, frame rate and frame count already traced in the drawing wrappers, then return whether the frames differ. This directly supports needs_redrawing(old_time,new_time). Both complete bodies are instruction-identical apart from branch/address locations.	522233964ea919f3ae6da97a4c241c887c39a6f46cbe0f7ed2fabb07b6fb7135	maps/complete-3.0/review-roster.tsv#F00165
F00166	exhaustive	address-order	12dc0	11e40	1638	?subimage_animates@t_abstract_stationary_adv_object@@UBE_NH@Z	supported	supported	keep	2eb82f32ab744ad7c272e32a950adcef3f20d8ab27572023f1084fd6519f61f2	Both full bodies choose the optional animation when the requested index equals the stored main-subimage count, otherwise the main image, and return whether its frame count exceeds one. The count helpers and index convention were independently traced in F00149/F00159. This supports subimage_animates(index); all selection and comparison paths correspond.	86b83741c7bc0ed840133ebb086c3ef057f783e7f090524485a53b3130361410	maps/complete-3.0/review-roster.tsv#F00166
F00167	exhaustive	address-order	12e00	11e80	1639	?subimage_is_underlay@t_abstract_stationary_adv_object@@UBE_NH@Z	supported	supported	keep	2eb82f32ab744ad7c272e32a950adcef3f20d8ab27572023f1084fd6519f61f2	Both full bodies select the optional or indexed main subimage and return its virtual slot4 predicate. Runtime overlay-subimage tables resolve that slot to CHT350360, which returns false; runtime t_underlay_adv_object_subimage resolves it to3e62a0, which returns true. Those inspected concrete class implementations independently support subimage_is_underlay. All wrapper selection and dispatch instructions correspond.	0fa346730442b0b1e63cfd4fa2f3a6cd39fd4d18d2d0013d7853f53be8d9ff81	maps/complete-3.0/review-roster.tsv#F00167
F00168	exhaustive	address-order	12e40	11ec0	1640	?subimage_needs_redrawing@t_abstract_stationary_adv_object@@UBE_NHKK@Z	supported	supported	keep	2eb82f32ab744ad7c272e32a950adcef3f20d8ab27572023f1084fd6519f61f2	Both full bodies choose the extra animation for the final subimage index and compare its selected frames at two times; otherwise they compare the main image's cyclic frame indices. The frame helper and rendering use are established in F00149/F00152/F00153. This supports subimage_needs_redrawing(index,old_time,new_time). Every branch, frame calculation and boolean return corresponds.	48c0dc494934ac4df58c5719920a08996021064090757208165337dbeeef7948	maps/complete-3.0/review-roster.tsv#F00168
F00170	exhaustive	address-order	13030	120b0	1651	?get_const@?$t_copy_on_write_ptr@Vt_impl@abstract_stationary_adv_object_details@@@@QBEPBVt_impl@abstract_stationary_adv_object_details@@XZ	contradicted	supported	withhold	2eb82f32ab744ad7c272e32a950adcef3f20d8ab27572023f1084fd6519f61f2	Both full bodies decrement the shared body's reference count and, on the final reference, call its destructor then free the body. They do not return a const payload pointer. This is ownership teardown, contradicting copy_on_write_ptr<t_impl>::get_const() const. All decrement, guard, destruction and free paths correspond.	53772d704ba8513c745ceb30f97ca013872f1d890a31a5809fc277b215760367	maps/complete-3.0/review-roster.tsv#F00170
F00171	exhaustive	address-order	13060	120e0	1685	?get_default_body@?$t_copy_on_write_ptr@Vt_impl@abstract_stationary_adv_object_details@@@@CAPAV?$t_body@Vt_impl@abstract_stationary_adv_object_details@@@copy_on_write_ptr_details@@XZ	contradicted	supported	withhold	2eb82f32ab744ad7c272e32a950adcef3f20d8ab27572023f1084fd6519f61f2	Both full bodies require incoming this, read its cached object pointer, bracket a virtual release operation with calls on pointer+8, then decrement the object's reference count and destroy it if last. This is cached-pointer teardown, not static get_default_body(), which has no this and must return a body pointer. Every branch, member offset and cleanup operation corresponds.	5f6782d0cd6bd34396524137cb1d685eb12e8e5003a8c3abaa542f1cb93c1f63	maps/complete-3.0/review-roster.tsv#F00171
F00172	exhaustive	address-order	13160	12170	1675	?get@?$t_abstract_cache@Vt_adv_object_model@@@@QBE?AV?$t_cached_ptr@Vt_adv_object_model@@@@PAVt_progress_handler@@@Z	supported	supported	keep	2eb82f32ab744ad7c272e32a950adcef3f20d8ab27572023f1084fd6519f61f2	Both full bodies lock the cache data, acquire/use it, request a resource with the supplied progress handler, construct an eight-byte result containing cache ownership plus resource pointer, release temporaries and unlock. Inspected full CHT caller10df0 consumes this result to initialize the stationary-object implementation and accesses the returned model's +0x94 image and +0x20 frame rate, independently tying the result to the adventure-object model. This supports the proposed cached-model get overload. Complete reorders the prologue and uses a relocated empty-result initializer; every success/failure and ownership path corresponds.	e0f6b5763a5c63aabcf2091654dac65f13ce8c13a976d56f7c0e582f5e75bc30	maps/complete-3.0/review-roster.tsv#F00172
F00173	exhaustive	address-order	13470	124c0	1677	??_G?$t_body@Vt_impl@abstract_stationary_adv_object_details@@@copy_on_write_ptr_details@@QAEPAXI@Z	contradicted	supported	withhold	2eb82f32ab744ad7c272e32a950adcef3f20d8ab27572023f1084fd6519f61f2	Both full wrappers receive a +0xc virtual subobject, recover the containing allocation with this-0xc, call the stationary-object destructor established in F00148, destroy its virtual base and optionally free the containing object. This cannot be a deleting destructor of the nonpolymorphic counted t_body<t_impl>, whose count/payload layout is independently visible in F00147/F00148/F00170. The exact proposed owner is wrong even without choosing a scalar/vector spelling. Full wrapper correspondence is supported.	75aee3309be141d0747d6f137154d7bb0186220334a32b786e4570290f68f68e	maps/complete-3.0/review-roster.tsv#F00173
F00174	exhaustive	address-order	13640	12690	1728	?get_anti_stealth@t_abstract_tile@@QBE?AW4t_skill_mastery@@H@Z	unresolved	supported	cap-C	2eb82f32ab744ad7c272e32a950adcef3f20d8ab27572023f1084fd6519f61f2	Both full bodies select a three-bit field at bit11+3*player, use player6 for a negative index, and map values below2 to -1 and other values to value-3. This is consistent with packed anti-stealth mastery, but a semantic use distinguishing that meaning from other player state has not been independently established. Keep the source name unresolved. Every extraction, comparison and return instruction corresponds.	0fca137bafa986dc8cfa11a56b4ef8a5eb6053c168e737872932a72d41c8fca7	maps/complete-3.0/review-roster.tsv#F00174
F00175	exhaustive	address-order	13670	126c0	1729	?get_visibility@t_abstract_tile@@QBE?AW4t_tile_visibility@@H@Z	unresolved	supported	cap-C	2eb82f32ab744ad7c272e32a950adcef3f20d8ab27572023f1084fd6519f61f2	Both full bodies extract the same player-indexed three-bit field as F00174 and clamp it to a maximum of2. This fits a three-state visibility view of the packed value, but the precise state meaning has not yet been independently traced through a rendering/gameplay consumer. Keep source identity unresolved. Full bodies and negative-player fallback correspond exactly.	18ed342ce3d2297d5f69737bf2091416d19108b83d3dc356916429da6f925e03	maps/complete-3.0/review-roster.tsv#F00175
F00176	exhaustive	address-order	13740	127b0	1732	?write@t_abstract_tile@@QBE_NAAV?$basic_streambuf@DU?$char_traits@D@std@@@std@@@Z	supported	supported	keep	2eb82f32ab744ad7c272e32a950adcef3f20d8ab27572023f1084fd6519f61f2	Read both complete 0x3c8-byte serializers. They write the tile's packed scalar fields in separate byte widths, its upper21-bit player-state field as a dword, a byte count followed by decomposed four-byte transition records, and a second byte count followed by decomposed two-byte transition records; short writes throw and success returns true. The paired count helpers CHT8a10/Complete118600 were separately inspected and both return four-byte vector length. The two transition vectors' layout is independently visible in F00181/F00182. This supports tile write(stream&) and all fields, loops, failure checks and widths correspond.	64a01f172f09041670192e392fae3b83a55d2d6254b9358742d93a302c368bb3	maps/complete-3.0/review-roster.tsv#F00176
F00177	exhaustive	address-order	142d0	13340	1838	?split@?$t_copy_on_write_ptr@Ut_transition_info@t_abstract_tile@@@@AAEXXZ	contradicted	supported	withhold	2eb82f32ab744ad7c272e32a950adcef3f20d8ab27572023f1084fd6519f61f2	Both full bodies initialize three floating constants under guard bits, use sqrt/fpatan and angular arithmetic, and return a computed integer. They never use incoming this, clone storage, decrement a shared count or replace a pointer, contradicting copy_on_write_ptr<transition_info>::split(). Read image doubles agree: pi,0.5,2,64,0,0.75,-54614. Complete changes comparison encoding and multiply/divide ordering; both implement the same finite constant calculation and return scale. No replacement light-function name is emitted on this inference alone.	5bb19db1876fe7a345f1b6cb242918c85195e208135325d2e3830accd810e142	maps/complete-3.0/review-roster.tsv#F00177
F00178	exhaustive	address-order	14650	136c0	1735	?compute_default_light@t_abstract_tile_vertex@@CAHXZ	contradicted	supported	withhold	2eb82f32ab744ad7c272e32a950adcef3f20d8ab27572023f1084fd6519f61f2	Both full bodies read a vector's begin/end at this+4/+8 and return (end-begin)/2, or zero for a null begin. This requires incoming this and reads container storage, contradicting static no-argument compute_default_light(). The two-byte element-count accessor bodies correspond exactly.	c075c1750750428e3833c2382cd550568b0de20e472d6c8799ce0cf8eaab7747	maps/complete-3.0/review-roster.tsv#F00178
F00179	exhaustive	address-order	14890	d3800	10708	?_Ucopy@?$vector@V?$t_counted_ptr@Vt_hero@@@@V?$allocator@V?$t_counted_ptr@Vt_hero@@@@@std@@@std@@IAEPAV?$t_counted_ptr@Vt_hero@@@@PBV3@0PAV3@@Z	contradicted	supported	withhold	2eb82f32ab744ad7c272e32a950adcef3f20d8ab27572023f1084fd6519f61f2	Both full bodies take destination, count and a pointer to one value, repeatedly copy the same 16-bit value to successive two-byte destinations with a null-destination guard, and ret12. They neither copy a four-byte pointer range nor retain counted heroes and do not preserve a past-the-end result. This contradicts vector<counted_ptr<hero>>::_Ucopy. The source lies in a different address region, but every instruction and two-byte fill operation in the pair corresponds; that does not validate its inherited template name.	bc88d27bd911903d088707bd6265d789477efe39b672fa74c996518df4fb515f	maps/complete-3.0/review-roster.tsv#F00179
F00180	exhaustive	address-order	148c0	136e0	1743	?get_road_type@t_road_transition@@QBE?AW4t_road_type@@XZ	contradicted	supported	withhold	2eb82f32ab744ad7c272e32a950adcef3f20d8ab27572023f1084fd6519f61f2	Both full bodies decrement a counted body's dword count, destroy it when last and free it. This is ownership teardown, not the proposed const road-transition type accessor. Every guard and reference-count operation corresponds, with relocated destructor/free targets.	37ee7f2f15c23c8ac50f36235a2fd843a4500fa2da47fc4cc0bd04a025555db4	maps/complete-3.0/review-roster.tsv#F00180
F00181	exhaustive	address-order	14940	137e0	1748	?get_road_transition_count@t_abstract_tile@@QBEHXZ	contradicted	supported	withhold	2eb82f32ab744ad7c272e32a950adcef3f20d8ab27572023f1084fd6519f61f2	Both complete bodies free two vector buffers at this+0x14 and this+4 and zero each begin/end/capacity triplet. They destroy a two-vector aggregate rather than return the road-transition count. Complete spills the buffer pointers to a stack temporary before freeing; all cleanup operations and member offsets correspond.	3e419658643908434b541333869c1ea0858bb03f755669f8b74e518139d450ff	maps/complete-3.0/review-roster.tsv#F00181
F00182	exhaustive	address-order	14980	13810	1736	?compute_edge_light@@YAHHH@Z	contradicted	supported	withhold	2eb82f32ab744ad7c272e32a950adcef3f20d8ab27572023f1084fd6519f61f2	Both full bodies allocate a 0x24-byte counted body, copy two vectors with four-byte and two-byte elements from the existing body's payload, set the new count to one, decrement the old count and replace *this. This is copy-on-write detachment of the transition aggregate, not compute_edge_light(int,int). It consumes a wrapper pointer in ECX and performs no lighting arithmetic. Every allocation, loop, failure path and reference-count mutation corresponds.	6db2eaed476aafd8c216dc0597cf130993c42063b86f4ed108478c5494b238e1	maps/complete-3.0/review-roster.tsv#F00182
F00183	exhaustive	address-order	14ab0	13940	71353	abstract_tile$tinit1	unresolved	supported	cap-C	2eb82f32ab744ad7c272e32a950adcef3f20d8ab27572023f1084fd6519f61f2	Both complete wrappers test/set the same guard bit and register relocated cleanup callbacks (CHTa700/Complete24d0); registration is unconditional after the guard. This supports wrapper correspondence, but the body does not independently establish the anonymous abstract_tile$tinit1 owner/ordinal. Exact source identity remains unresolved.	c85bcb89afec2b7fb3e0d74cb35877315e61fa913708e49848f524890e7a7e19	maps/complete-3.0/review-roster.tsv#F00183
F00184	exhaustive	address-order	14ad0	13960	1738	?get_visibility_state@?%C:\work\game\abstract_tile.cpp68432506@@YAHKH@Z	contradicted	supported	withhold	2eb82f32ab744ad7c272e32a950adcef3f20d8ab27572023f1084fd6519f61f2	Both full bodies initialize an incoming counted body with count one and two empty vector triplets at+8/+c/+10 and+18/+1c/+20. They do not extract packed visibility or consume the proposed two scalar arguments. This contradicts get_visibility_state(unsigned long,int). All initialization instructions correspond.	074de940a94d53800e68b891e9d0a77129eb7a004cf19eb9e92e2f5108fad27d	maps/complete-3.0/review-roster.tsv#F00184
F00185	exhaustive	address-order	14b00	13990	1788	??4?$vector@Vt_terrain_transition@@V?$allocator@Vt_terrain_transition@@@std@@@std@@QAEAAV01@ABV01@@Z	contradicted	supported	withhold	2eb82f32ab744ad7c272e32a950adcef3f20d8ab27572023f1084fd6519f61f2	Both full bodies initialize count one and allocate/copy two separate vectors with four-byte and two-byte elements. They never dispose of existing destination buffers. This is construction of the counted two-vector transition aggregate also seen in F00182, not assignment of a single vector<terrain_transition>. All allocation, copying and cleanup paths correspond.	530acc43723324f9d985098a62c1897429a9efb1dde0d8b6ac2700b4637dbe48	maps/complete-3.0/review-roster.tsv#F00185
F00186	exhaustive	address-order	14bf0	13a80	71355	abstract_tile$tinit2	unresolved	supported	cap-C	2eb82f32ab744ad7c272e32a950adcef3f20d8ab27572023f1084fd6519f61f2	Both complete wrappers test/set the same guard and register relocated cleanup callbacks CHTabc0/Completeb240. The full wrapper correspondence is supported, but its anonymous abstract_tile$tinit2 owner/ordinal is not independently established by this body. Keep exact source identity unresolved.	a59e1bb631999f9c993d61942927a49da158be8d1b8249abc1c5650a8ed2c56e	maps/complete-3.0/review-roster.tsv#F00186
F00187	exhaustive	address-order	14c30	13ac0	71341	k_named_object_balloon_help$init	supported	supported	keep	2eb82f32ab744ad7c272e32a950adcef3f20d8ab27572023f1084fd6519f61f2	Both full wrappers invoke the constructor inspected in F00188 then register a cleanup callback. Those callbacks, separately read in full at CHT13bc0/Complete14d30, pass the same global object used by the constructors to destruction. The constructors consume the literal named_object_balloon_help in both images, independently supporting k_named_object_balloon_help$init. Every wrapper operation corresponds.	7fe52df175672f3bda1b7e1d06af96ee12c5ff863b8f64fcbce1b2d21c225c07	maps/complete-3.0/review-roster.tsv#F00187
F00188	exhaustive	address-order	14c50	13ae0	71342	k_named_object_balloon_help$ctor	supported	supported	keep	2eb82f32ab744ad7c272e32a950adcef3f20d8ab27572023f1084fd6519f61f2	Both complete constructors build a temporary string from the image literal named_object_balloon_help (CHT5857f8/Complete649e40), initialize the global atCHT5c5fa4/Complete68da10 through the corresponding helper, and release the temporary string. This literal and F00187's matching registration/destruction wrapper independently support k_named_object_balloon_help$ctor. Register scheduling differs slightly; all construction and release paths correspond.	73e537c6af70aed4e253c971a967d3427df0fae07516e0ce34208ac767fe9633	maps/complete-3.0/review-roster.tsv#F00188
F00189	exhaustive	address-order	15220	14090	1891	??_Et_abstract_grail_data_source@@UAEPAXI@Z	unresolved	supported	cap-C	2eb82f32ab744ad7c272e32a950adcef3f20d8ab27572023f1084fd6519f61f2	Both complete bodies restore the abstract_grail_data_source vptr, optionally free incoming this when flag bit1 is set, and return this. Runtime class evidence supports the owner and deleting-destructor role, but the bodies do not independently distinguish the exact proposed vector-deleting symbol from a scalar/optimized variant. Keep spelling unresolved. All body instructions correspond.	556f9a5291190fb476b6254c602ba6b143e578c524f3e0c0ddb3e71331b41255	maps/complete-3.0/review-roster.tsv#F00189
F00190	exhaustive	address-order	15290	140f0	1900	??0t_stationary_adventure_object@@QAE@ABV?$basic_string@DU?$char_traits@D@std@@V?$allocator@D@2@@std@@@Z	supported	supported	keep	2eb82f32ab744ad7c272e32a950adcef3f20d8ab27572023f1084fd6519f61f2	Both complete constructors conditionally initialize virtual bases, construct the stationary subobject at+0x40 from the supplied string, initialize the adventure base and finally install runtime tables for t_stationary_adventure_object on incoming this. Separately read full helpers CHT10fe0/Complete11f50 and their resource lookup helpers47790/4e2d0: the argument is appended into a string cache key and the result initializes model storage, distinguishing this overload from the shared-body copy constructor. This supports the proposed string constructor. All wrapper construction stages and offsets correspond.	b8e6068ba45396463f41b97fa8943bd87ee39d48e45f2042ebbaac4111b5412b	maps/complete-3.0/review-roster.tsv#F00190
F00191	exhaustive	address-order	15370	141d0	1901	??_Gt_stationary_adventure_object@@UAEPAXI@Z	unresolved	supported	cap-C	2eb82f32ab744ad7c272e32a950adcef3f20d8ab27572023f1084fd6519f61f2	Both complete wrappers destroy the stationary object, restore/destroy its virtual base at+0x4c/+0x54, optionally free this and return this. Runtime primary-slot membership supports stationary ownership, but does not independently resolve the precise scalar-versus-vector deleting spelling. Exact name remains unresolved. All destruction, flag and return paths correspond.	09189463da267ad57d26657371a1c392b39fd6109fc3fb7d525097a34e475d4e	maps/complete-3.0/review-roster.tsv#F00191
F00192	exhaustive	address-order	15400	14260	1905	??_Et_owned_adv_object@@UAEPAXI@Z	unresolved	supported	cap-C	2eb82f32ab744ad7c272e32a950adcef3f20d8ab27572023f1084fd6519f61f2	Both complete wrappers destroy an owned adventure object, clean its virtual base at+0x58/+0x60 and conditionally free the allocation. Runtime primary-slot membership supports the class. The exact vector-deleting versus scalar/optimized spelling remains unproven; retain unresolved identity. The complete wrapper instructions and adjusted member offsets correspond.	fdcb7e6a81f4afffa99e02a99e1cf100701a8d078a023d27e241b3ed061aa7b0	maps/complete-3.0/review-roster.tsv#F00192
F00193	exhaustive	address-order	15490	142f0	1909	??_Et_abstract_town@@UAEPAXI@Z	unresolved	supported	cap-C	2eb82f32ab744ad7c272e32a950adcef3f20d8ab27572023f1084fd6519f61f2	Both complete wrappers destroy an abstract town, clean the virtual base at+0x120/+0x128, optionally free this and return this. Runtime class membership supports owner and deleting role but does not settle the exact proposed vector-deleting spelling. Keep identity unresolved. Every wrapper operation corresponds.	5b33571b650e93b3fe1420f879ef88a9c24caa7bad6f2677c5549f59cdf50614	maps/complete-3.0/review-roster.tsv#F00193
F00194	exhaustive	address-order	154d0	14330	2130	?_Dec@const_iterator@?$_Tree@PAVt_hero@@PAV1@U_Kfn@?$set@PAVt_hero@@U?$less@PAVt_hero@@@std@@V?$allocator@PAVt_hero@@@3@@std@@U?$less@PAVt_hero@@@4@V?$allocator@PAVt_hero@@@4@@std@@QAEXXZ	contradicted	supported	withhold	2eb82f32ab744ad7c272e32a950adcef3f20d8ab27572023f1084fd6519f61f2	Both full bodies recursively dispose of tree subtrees, free nodes and the head, then decrement a shared sentinel-use counter and free the sentinel on the last user. This destroys tree storage rather than decrement an iterator, contradicting const_iterator::_Dec. All tree branches, frees and final shared-sentinel accounting correspond; inherited helper names were not used as proof.	ce0e7d5421fb3043e9edef1abfb751410c294ec3b291a682801ea203c3db0f56	maps/complete-3.0/review-roster.tsv#F00194
F00195	exhaustive	address-order	15970	f080	1454	??_3t_map_point_2d@@QAEAAU0@H@Z	contradicted	supported	withhold	2eb82f32ab744ad7c272e32a950adcef3f20d8ab27572023f1084fd6519f61f2	Both complete bodies read a counted pointer through the stack argument, retain its object, release the previous *this object (virtual deletion on last reference), assign the new pointer and return this. No coordinate shifting occurs. This contradicts map_point_2d::operator<<=(int). Every reference-count, branch and assignment instruction corresponds.	bd8f600ae3d1211ce56576a3910fd9bb7208eab34b43256b525a84674732f0fd	maps/complete-3.0/review-roster.tsv#F00195
F00196	exhaustive	address-order	159a0	14740	1926	??0t_adventure_object@@QAE@ABV0@@Z	contradicted	supported	withhold	2eb82f32ab744ad7c272e32a950adcef3f20d8ab27572023f1084fd6519f61f2	Both full bodies copy a stationary subobject at+0x40 and adventure-base fields, briefly install adventure-object tables, then overwrite them with the final stationary-adventure-object tables on incoming this. Runtime RTTI independently identifies CHT4cc0ac as t_adventure_object but final4cbf0c as t_stationary_adventure_object (Complete final570f3c agrees). Thus the proposed t_adventure_object copy-constructor owner is wrong. All copy operations, virtual-base handling and final vptr stores correspond.	a3dae6de05b8351dc73706ce1cff643361e4062a327bab69062410c1ec159378	maps/complete-3.0/review-roster.tsv#F00196
F00197	exhaustive	address-order	15b20	148c0	1928	??_Gt_adventure_object@@UAEPAXI@Z	unresolved	supported	cap-C	2eb82f32ab744ad7c272e32a950adcef3f20d8ab27572023f1084fd6519f61f2	Both complete wrappers destroy the adventure-object base, clean its virtual base at+0x44/+0x4c and conditionally free this. Runtime primary-table membership supports t_adventure_object ownership, but not the precise scalar-versus-vector deleting spelling. Keep exact identity unresolved. The full wrapper paths correspond.	7f7c245e2b97c021a5768800abf78bb6afa6b426b8c020f6080e0a180b5d84c8	maps/complete-3.0/review-roster.tsv#F00197
F00198	exhaustive	address-order	15b50	148f0	1932	??_Et_adventure_object_memory_cache_refrence@@UAEPAXI@Z	unresolved	supported	cap-C	2eb82f32ab744ad7c272e32a950adcef3f20d8ab27572023f1084fd6519f61f2	Both complete wrappers invoke the memory-cache-reference destructor and conditionally free incoming this, returning the original pointer. Runtime class membership supports adventure_object_memory_cache_refrence ownership and deleting role. It does not establish the exact vector-deleting spelling rather than a scalar/optimized variant. Full wrapper correspondence is supported.	d03e8817d6c9773e8d9efdd16d0166e9b39130606c04723ffab14a7b952420b7	maps/complete-3.0/review-roster.tsv#F00198
F00199	exhaustive	address-order	15dd0	14b40	1848	?on_adventure_map_destruction@t_abstract_town@@UAEXXZ	unresolved	supported	cap-C	2eb82f32ab744ad7c272e32a950adcef3f20d8ab27572023f1084fd6519f61f2	Both full town methods repeatedly take the first node from the+0xec tree while its+0xf4 count is nonzero and invoke the paired hero helper. Separately read CHT2c4460/Complete332d20: it removes the hero from its referenced town, releases the counted town pointer and clears the associated fields. Complete additionally invokes base slot21 helperf9720, read in full, which clears this+0x24. This is a supported corresponding cleanup override, including the added base cleanup, but its precise on_adventure_map_destruction trigger has not been independently traced. Keep source identity unresolved.	23bc07d4556da9144a34f0bf695ba2b771db928ed758a6c984364273be572f90	maps/complete-3.0/review-roster.tsv#F00199
F00200	exhaustive	address-order	15e00	14b70	1849	?clear_nobility_heroes@t_abstract_town@@IAEXXZ	contradicted	supported	withhold	2eb82f32ab744ad7c272e32a950adcef3f20d8ab27572023f1084fd6519f61f2	Both full bodies count set bits12 through19 in this+0xa4 and return that integer. They never clear the collection or alter heroes, contradicting clear_nobility_heroes(). All loop bounds, shifts, bit tests and increments correspond.	7ffbdc68e964b0a705038cd27d65d7edcc73675870b3d3cd2ad39219b88d24d9	maps/complete-3.0/review-roster.tsv#F00200
F00201	exhaustive	address-order	15e40	14bb0	1851	?get_castle_level@t_abstract_town@@UBE?AW4t_town_image_level@@XZ	unresolved	supported	cap-C	2eb82f32ab744ad7c272e32a950adcef3f20d8ab27572023f1084fd6519f61f2	Both complete accessors read flags at incoming subobject-0x84, return3 for bit5, otherwise2 for bit4, otherwise the value of bit3. Complete adds a redundant byte mask. This fits a four-level castle accessor, but the exact building-bit meaning has not been independently verified. Keep get_castle_level identity unresolved; every selection and return value corresponds.	665d8dd52356840815d6ef20a0a0586e24c904183182189a7f2869de5b7147c6	maps/complete-3.0/review-roster.tsv#F00201
F00202	exhaustive	address-order	15e80	14be0	1852	?get_grail_data@t_abstract_town@@UBEABVt_abstract_grail_data_source@@XZ	supported	supported	keep	2eb82f32ab744ad7c272e32a950adcef3f20d8ab27572023f1084fd6519f61f2	Both complete accessors recover the containing object from incoming creature_array subobject at+0x54 and return its+0x9c interface, with a null-container guard. Runtime RTTI independently identifies the town-family+0x9c subobject as t_abstract_grail_data_source (e.g. CHT4cbb44). This supports get_grail_data rather than merely a plausible adjacent accessor. All pointer adjustment and null-return instructions correspond.	b6908865279dd062c686e5585a57622decd7eb39ce01c6907c2cfb6c0f5ac754	maps/complete-3.0/review-roster.tsv#F00202
F00203	exhaustive	address-order	16240	14f70	1855	?get_nobility_bonus@t_abstract_town@@QBEHXZ	unresolved	supported	cap-C	2eb82f32ab744ad7c272e32a950adcef3f20d8ab27572023f1084fd6519f61f2	Both full wrappers select a town-associated hero, return zero if none, otherwise request that hero's bonus for index3. Separately read CHT14f90,2c3900 and2c3800: selection maximizes that indexed bonus among eligible tree members, breaking ties with hero+0x660, and bonus computation uses a level-indexed table. The exact identification of index3 as nobility remains unverified. Wrapper correspondence is supported; keep precise source identity unresolved.	eb626ab4e743f696c7dfe8bd50247214bb9044867c1db51cf7d0b0389bf6e71c	maps/complete-3.0/review-roster.tsv#F00203
F00204	exhaustive	address-order	163f0	15110	1858	?remove_hero_from_nobility_list@t_abstract_town@@QAEXPAVt_hero@@@Z	unresolved	supported	cap-C	2eb82f32ab744ad7c272e32a950adcef3f20d8ab27572023f1084fd6519f61f2	Both full bodies locate the supplied pointer's equal range in the tree at town+0xe8 and erase its nodes, including full-tree and partial-range paths. CHT2c4460/Complete332d20, inspected with F00199, call this operation from the hero's associated-town cleanup. This establishes removal of an associated hero, but the exact nobility meaning of this relation remains tied to the unverified index in F00203. Keep identity unresolved. All search, traversal and deletion paths correspond; Complete passes one tree helper argument on the stack.	6d4ea106d5abb7d15eec55656b7651d6dc2544f377dda4bdb2a9a3408bd14994	maps/complete-3.0/review-roster.tsv#F00204
F00205	exhaustive	address-order	165b0	152d0	1861	?gets_global_grail_effects@t_abstract_town@@UBE_NW4t_town_type@@@Z	unresolved	supported	cap-C	2eb82f32ab744ad7c272e32a950adcef3f20d8ab27572023f1084fd6519f61f2	Both full methods operate on the runtime t_abstract_grail_data_source subobject of town, return true when the requested type matches the town field and flag bit11 is set, otherwise obtain another object and dispatch its slot1 predicate with the same type. The grail interface and corresponding logic are established, but the precise global-grail flag and delegation meaning are not independently verified. Keep exact source identity unresolved. Every comparison, branch, adjustment and dispatch corresponds.	115f76f24a449039c54eceee1532eaecb673079f5c6364986a4b2522a8e9fbd5	maps/complete-3.0/review-roster.tsv#F00205
F00206	exhaustive	address-order	17580	16230	1944	??1t_timed_event@@UAE@XZ	contradicted	supported	withhold	2eb82f32ab744ad7c272e32a950adcef3f20d8ab27572023f1084fd6519f61f2	Both full bodies call a base initializer, install the runtime t_timed_event table and zero new fields+0x38/+0x3c, returning this. F00213 independently calls this body immediately after allocating an ownable timed event, then completes derived construction. Separately read CHT299ae0 and399800 also initialize fresh base storage. This contradicts the proposed timed-event destructor. Full constructor bodies correspond exactly apart from relocated addresses.	d9424c78eded2bb68fac3fdc027540f2e1e0f8956a8fe6694f12239a81bc1ef4	maps/complete-3.0/review-roster.tsv#F00206
F00207	exhaustive	address-order	175c0	162c0	1949	??0t_ownable_continuous_event@@QAE@XZ	supported	supported	keep	2eb82f32ab744ad7c272e32a950adcef3f20d8ab27572023f1084fd6519f61f2	Both complete bodies initialize the counted/script base, empty member storage, default owner mask and boolean flags, and finally install the runtime t_ownable_continuous_event table on incoming this. CHT RTTI4cc164 independently identifies the final owner, while4cc174 identifies the intermediate continuous-event base. No source object is consumed, supporting the default constructor. Complete omits an overwritten zero store at+0x1c; all final state and construction stages correspond.	10a2a638fe936a5275c4b275b37baec341368d04904a1c31f02463f59de7df08	maps/complete-3.0/review-roster.tsv#F00207
F00208	exhaustive	address-order	17610	16310	1950	??1t_continuous_event@@UAE@XZ	contradicted	supported	withhold	2eb82f32ab744ad7c272e32a950adcef3f20d8ab27572023f1084fd6519f61f2	Both full bodies construct the base, initialize an empty container at+0x10/+0x14/+0x18 and install the runtime t_continuous_event table. F00215 calls the function on newly allocated memory before completing ownable-continuous-event construction. This is construction, contradicting the proposed virtual destructor. Every body operation corresponds.	a844395d22b47004abb1ef140e558079c66b2173fee29b6b23b23c427830f6e2	maps/complete-3.0/review-roster.tsv#F00208
F00209	exhaustive	address-order	17640	16390	1959	??1t_triggerable_event@@UAE@XZ	contradicted	supported	withhold	2eb82f32ab744ad7c272e32a950adcef3f20d8ab27572023f1084fd6519f61f2	Both complete bodies initialize the event base, zero a new container at+0x3c/+0x40/+0x44 and install the runtime t_triggerable_event table, returning this. F00214 calls this body immediately after allocation and then installs the derived ownable-triggerable-event table. This independently contradicts the proposed destructor role. All body instructions correspond.	09697868d100db8f2ad68a5b000f33657dd01d5401f7a5b25f4a38f63392547a	maps/complete-3.0/review-roster.tsv#F00209
F00210	exhaustive	address-order	17900	165f0	1866	?read_map_data@t_abstract_town@@IAE_NAAV?$basic_streambuf@DU?$char_traits@D@std@@@std@@PAVt_progress_handler@@AA_N22AAVt_skill_set@@3@Z	supported	supported	keep	2eb82f32ab744ad7c272e32a950adcef3f20d8ab27572023f1084fd6519f61f2	Both full wrappers read a two-byte format version, throw on a short read, reject versions outside6..8 and forward all seven incoming arguments plus that version to F00211. Separately read CHT36f070, a runtime t_random_town method, which passes its stream, progress argument, three byte fields and two member objects into this common town reader. The versioned town/event deserialization in F00211 independently supports read_map_data without the explicit version argument. All reads, checks, forwarding and returns correspond.	01ab4dd8e3b02b1627401eb032bf41a691b75de88a8572a0aec6dc28a87661d8	maps/complete-3.0/review-roster.tsv#F00210
F00211	exhaustive	address-order	17990	16680	1867	?read_map_data@t_abstract_town@@IAE_NAAV?$basic_streambuf@DU?$char_traits@D@std@@@std@@PAVt_progress_handler@@AA_N22AAVt_skill_set@@3H@Z	supported	supported	keep	2eb82f32ab744ad7c272e32a950adcef3f20d8ab27572023f1084fd6519f61f2	Read both full0x210-byte bodies. They validate versions6..8, read and validate a player field, populate flag references and optional creature/skill data, invoke the four event readers F00212-F00215, handle version7/8 additions and propagate each failure. CHT36f070 independently supplies actual random-town member destinations; RTTI in the event readers identifies their concrete event types. This supports the explicit-version read_map_data overload. Every field read, version branch, argument and failure path corresponds.	105c3a63e3651e2be93e28f7fae759f6a0832675a85fb5a1f0d896ad407ffd6f	maps/complete-3.0/review-roster.tsv#F00211
F00212	exhaustive	address-order	17e40	16b20	1871	?read_built_in_events_from_map@t_abstract_town@@AAE_NAAV?$basic_streambuf@DU?$char_traits@D@std@@@std@@H@Z	supported	supported	keep	2eb82f32ab744ad7c272e32a950adcef3f20d8ab27572023f1084fd6519f61f2	Both complete bodies allocate and construct exactly four objects whose final runtime RTTI table identifies t_ownable_built_in_event, read each from the supplied stream and replace counted pointers at town+0xac through+0xb8. Each failed read releases the temporary and returns false. The class evidence, fixed count and surrounding town deserialization support read_built_in_events_from_map. Full allocation, retention, replacement, failure and loop bodies correspond.	fa918edcd3cdea24a229f9f6aff50b285740fa951629f00682f433962f77d3d8	maps/complete-3.0/review-roster.tsv#F00212
F00213	exhaustive	address-order	18080	16d50	1875	?read_timed_events_from_map@t_abstract_town@@AAE_NAAV?$basic_streambuf@DU?$char_traits@D@std@@@std@@H@Z	supported	supported	keep	2eb82f32ab744ad7c272e32a950adcef3f20d8ab27572023f1084fd6519f61f2	Both full0x266-byte bodies read a16-bit event count, build a temporary pointer vector, allocate0x4c-byte objects, construct runtime t_ownable_timed_event instances, deserialize them, then exchange the vector with town+0xfc/+0x100/+0x104 and release old contents. Failure releases temporaries and returns false. Runtime RTTI4cc16c and constructor dataflow independently distinguish timed events. This supports read_timed_events_from_map; every full loop, ownership path and stream check corresponds.	c08395ac8e26a13368fc1e252f8b9d77b82e772bb60780b6ee0ffc59d37a7c52	maps/complete-3.0/review-roster.tsv#F00213
F00214	exhaustive	address-order	182f0	16fc0	1876	?read_triggerable_events_from_map@t_abstract_town@@AAE_NAAV?$basic_streambuf@DU?$char_traits@D@std@@@std@@H@Z	supported	supported	keep	2eb82f32ab744ad7c272e32a950adcef3f20d8ab27572023f1084fd6519f61f2	Both full0x260-byte bodies read a16-bit count, allocate0x50-byte objects and construct runtime t_ownable_triggerable_event instances, deserialize each into a temporary counted-pointer vector and exchange it with town+0x10c/+0x110/+0x114. All success and failed-read cleanup paths were read. RTTI4cc15c independently distinguishes triggerable events. This supports read_triggerable_events_from_map and full body correspondence, including each allocation and release.	0e9749ab77a23eaaef3c9f004af78898747527e6d3b714d2c64972c303208513	maps/complete-3.0/review-roster.tsv#F00214
F00215	exhaustive	address-order	18550	17220	1877	?read_continuous_events_from_map@t_abstract_town@@AAE_NAAV?$basic_streambuf@DU?$char_traits@D@std@@@std@@H@Z	supported	supported	keep	2eb82f32ab744ad7c272e32a950adcef3f20d8ab27572023f1084fd6519f61f2	Both complete0x266-byte bodies read a16-bit count, allocate0x28-byte objects, initialize the continuous-event base and owner fields, install the runtime t_ownable_continuous_event table, deserialize and collect them, then exchange town+0xc0/+0xc4/+0xc8 vector storage. Failure disposes temporaries. Runtime class evidence and F00207 independently support the event identity, distinguishing this reader from F00213/F00214. Every stream check, loop and ownership path corresponds.	e7b25035e28f12f8f6dc9c7df5ec9cf75ee8fe5c5b774524d94dd43d18083e3c	maps/complete-3.0/review-roster.tsv#F00215
F00216	exhaustive	address-order	187c0	17490	1880	?destroy@t_abstract_town@@UAEXXZ	unresolved	supported	cap-C	2eb82f32ab744ad7c272e32a950adcef3f20d8ab27572023f1084fd6519f61f2	Both full runtime town slot7 overrides clear the associated-hero tree using the already inspected hero cleanup helper, then invoke the corresponding base operation; CHT uses a tail jump and Complete a call/return. Separately read CHT356b00 ande5310: the base operation conditionally unregisters through related object/map pointers. This supports the cleanup correspondence, but the exact destroy lifecycle meaning has not been independently traced through its caller. Keep source identity unresolved.	0dfb7efb85ee2c3fa88df2f05b149a2c9b325416345ac3db9ac9081ee6ab494e	maps/complete-3.0/review-roster.tsv#F00216
F00217	exhaustive	address-order	187f0	174c0	1881	?set_owner@t_abstract_town@@UAEXH@Z	unresolved	supported	cap-C	2eb82f32ab744ad7c272e32a950adcef3f20d8ab27572023f1084fd6519f61f2	Both full town overrides compare the supplied value with a virtual property, clear associated heroes when it changes, notify a related object, call the base setter and update all seven creature slots. Separately read CHT356b30: it changes+0x48 while removing/adding the object through related registries; CHT20a550 visits the seven creature slots. These are consistent with owner change but the exact property semantics remain unverified. Keep source identity unresolved. Full body correspondence is supported despite runtime slot shifting44 to45.	5020b11deec771213ee9c2dd8a8f1f6c67f4a693385668b2d44297434147c8db	maps/complete-3.0/review-roster.tsv#F00217
F00218	exhaustive	address-order	18870	17540	1882	?post_change@t_abstract_town@@MAEXXZ	unresolved	supported	cap-C	2eb82f32ab744ad7c272e32a950adcef3f20d8ab27572023f1084fd6519f61f2	Both full wrappers receive the town's+0x54 creature_array subobject, call a no-op base hook and update its seven contained creature slots with the containing-town pointer. Separately read CHT362d10/Completef600 (both ret) andCHT20a550 (seven-slot update). This supports correspondence despite runtime slot shifting11 to13. The particular post_change hook identity requires a traced mutation caller; keep exact source name unresolved.	c036e4de15ee41d28d01c0edd36e5cf5da6d7cadc149ee451f81dd295269a1b4	maps/complete-3.0/review-roster.tsv#F00218
F00219	exhaustive	address-order	18890	17560	1883	?compute_scouting_range@t_abstract_town@@MBEHXZ	unresolved	supported	cap-C	2eb82f32ab744ad7c272e32a950adcef3f20d8ab27572023f1084fd6519f61f2	Both full town accessors invoke a method on the creature_array subobject then clamp its result to a minimum of15. Separately read CHT20a7e0: it takes the maximum of virtual slot14 results from seven contained creatures. This fits scouting range, but the semantic meaning of that creature slot has not been independently established. Keep identity unresolved. Full wrapper correspondence is supported, including the runtime slot45 to46 shift.	0db31ae1f91b2b07a77e4f1cc52084b637b5bedc53b868e8de2ceb28d72c7dd6	maps/complete-3.0/review-roster.tsv#F00219
F00220	exhaustive	address-order	18ab0	17840	2094	?_Init@?$_Tree@PAVt_hero@@PAV1@U_Kfn@?$set@PAVt_hero@@U?$less@PAVt_hero@@@std@@V?$allocator@PAVt_hero@@@3@@std@@U?$less@PAVt_hero@@@4@V?$allocator@PAVt_hero@@@4@@std@@IAEXXZ	contradicted	supported	withhold	2eb82f32ab744ad7c272e32a950adcef3f20d8ab27572023f1084fd6519f61f2	Both complete bodies erase existing tree nodes, free the head, zero storage/count and decrement a shared sentinel-use counter, freeing the sentinel on its last use. This is tree destruction, contradicting the proposed _Tree::_Init initializer. Every traversal, free, counter update and branch corresponds.	9f534bfdd42443f155c008e2f3724f7976e9484dc9c6dbac7b42a0d3c5bd8a84	maps/complete-3.0/review-roster.tsv#F00220
F00221	exhaustive	address-order	18b90	17920	1980	?push_back@?$vector@V?$t_counted_ptr@Vt_ownable_continuous_event@@@@V?$allocator@V?$t_counted_ptr@Vt_ownable_continuous_event@@@@@std@@@std@@QAEXABV?$t_counted_ptr@Vt_ownable_continuous_event@@@@@Z	contradicted	supported	withhold	2eb82f32ab744ad7c272e32a950adcef3f20d8ab27572023f1084fd6519f61f2	Both full bodies validate a scalar bit index below43, select its dword and bit mask from incoming this, and return whether that bit is set. They do not append or retain any event pointer. This contradicts vector<counted_ptr<ownable_continuous_event>>::push_back. All range-check and bit-extraction instructions correspond; the range failure is inspected in F00222.	b08f133fe10ed8b36407be8bd3c785b739efdfe10545ccf9ab24bb8d5504bec4	maps/complete-3.0/review-roster.tsv#F00221
F00222	exhaustive	address-order	18c00	17980	2032	??0out_of_range@std@@QAE@ABV01@@Z	contradicted	supported	withhold	2eb82f32ab744ad7c272e32a950adcef3f20d8ab27572023f1084fd6519f61f2	Both full bodies build a temporary exception message from the literal invalid bitset<N> position, construct a stack exception with runtime std::out_of_range RTTI and invoke the throw helper. Incoming this and a source exception are not used. This is a nonreturning range-error helper, contradicting out_of_range's copy constructor. Every message allocation/copy, exception construction and throw step corresponds; Complete loads the string npos constant instead of pushing -1.	f8d8f31030fa0940c9f1cf86dd4bdfe9a5d019a4d19d1206a885c68738017bc5	maps/complete-3.0/review-roster.tsv#F00222
