id	va	nfix
39	00401000	39
71481	00401478	17
40	00401668	41
71482	00401af2	3
71483	00401b08	2
41	00401b30	2
42	00401b70	3
43	00401bc0	2
44	00401bf0	2
45	00401c20	2
46	00401c50	2
47	00401ca0	0
48	00401cc0	0
49	00401ce0	2
50	00401d20	19
51	00401ea0	2
52	00401ec0	0
53	00401ee0	3
54	00401f20	2
55	00401f40	0
56	00401f50	5
57	00402020	4
58	00402080	6
59	00402140	2
60	00402160	0
61	00402180	2
62	004021d0	0
63	004021e0	13
64	00402340	0
65	00402360	2
66	00402390	2
67	004023f0	8
68	00402550	5
69	004025d0	2
70	00402600	0
71	00402650	5
72	00402700	3
73	00402750	5
74	004027f0	5
75	00402890	0
76	004028a0	2
77	004028d0	2
78	00402900	2
79	00402930	2
80	00402960	3
81	004029a0	9
82	00402a70	5
83	00402b00	0
84	00402b30	0
71471	00402b40	2
71472	00402b51	2
71473	00402b6b	3
71474	00402b81	4
71475	00402bfd	2
71476	00402c16	2
85	00402c2c	5
86	00402cd8	6
87	00402d75	4
88	00402ddf	19
89	00402f75	13
90	0040305c	0
91	00403071	3
92	004030a2	6
93	0040311b	13
94	00403207	13
95	004032ea	0
96	004032fe	5
97	0040335e	13
98	004034a7	17
99	00403615	3
100	004036da	3
101	004037a6	2
102	00403807	2
103	00403842	2
104	0040387d	8
105	00403939	11
106	00403a68	11
107	00403b7f	9
108	00403c58	9
109	00403d1f	8
110	00403dfc	2
111	00403e62	2
112	00403e8f	14
113	0040402b	16
114	004041f9	4
115	00404256	5
116	004042e5	15
117	00404455	17
118	004045ef	13
119	00404724	3
120	0040475b	9
121	00404843	11
122	00404938	3
123	004049a8	13
124	00404ad2	2
125	00404b05	11
126	00404c22	13
127	00404d74	7
128	00404e32	0
71477	00404e46	3
71478	00404e5c	2
71479	00404e75	3
71480	00404e8b	2
129	00404eb0	0
130	00404ee0	2
131	00404f20	0
132	00404f20	3
133	00404f60	2
134	00404f90	2
135	00404fc0	2
136	00404ff0	0
137	00405010	0
138	00405030	0
139	00405050	0
140	00405050	3
141	00405090	2
142	004050c0	2
143	004050f0	0
144	00405110	0
145	00405110	3
146	00405150	3
147	004051b0	0
148	004051b0	3
149	004051f0	0
150	00405210	2
151	00405240	0
152	00405260	2
153	004052b0	0
154	004052f0	2
155	00405340	0
156	00405380	2
157	004053c0	2
158	00405430	0
159	00405490	0
160	004054f0	2
161	004055c0	0
162	00405600	0
163	00405640	3
164	004056f0	4
165	00405740	3
166	00405790	0
167	004057a0	4
168	00405830	2
169	004058a0	0
170	00405900	3
171	004059c0	3
172	00405a60	0
173	00405a60	3
174	00405aa0	2
175	00405ae0	0
176	00405b00	0
177	00405b20	0
178	00405b20	3
179	00405b60	2
180	00405c30	3
181	00405c60	0
182	00405c80	2
183	00405cb0	2
184	00405ce0	2
185	00405d10	2
186	00405d40	2
187	00405d70	0
188	00405d90	7
189	00405e20	2
190	00405e50	4
191	00405ea0	0
192	00405ef0	2
193	00405f20	2
194	00405f50	2
195	00405f80	2
196	00405fb0	2
197	00405fe0	2
198	00406060	0
199	00406080	0
200	004060a0	0
201	004060e0	2
202	00406120	2
203	00406190	2
204	004061d0	2
205	00406260	2
206	00406290	0
207	004062b0	2
208	004062e0	3
209	00406320	0
210	00406350	0
211	00406370	0
212	00406390	4
213	00406400	4
214	00406450	0
215	00406470	0
216	00406490	0
217	004064b0	2
218	004064e0	19
219	004066a0	0
220	004066d0	5
221	00406780	2
222	004067c0	0
223	004067e0	2
224	00406840	0
225	00406860	4
226	00406900	2
227	00406930	0
228	00406950	0
229	00406970	2
230	004069b0	2
231	00406a10	0
232	00406a30	4
233	00406ad0	2
234	00406b00	0
235	00406b20	0
236	00406b40	6
237	00406be0	6
238	00406c80	5
239	00406d00	5
240	00406d80	3
241	00406dc0	0
242	00406dc0	3
243	00406e00	2
244	00406e30	0
245	00406e30	3
246	00406e70	2
247	00406ea0	3
248	00406f00	3
249	00406fa0	3
250	00407050	4
251	004070d0	2
252	00407100	2
253	00407140	0
254	00407160	0
255	00407180	2
256	004071c0	2
257	00407200	2
258	00407240	2
259	00407290	2
260	004072c0	2
261	00407300	2
262	00407350	2
263	004073c0	2
264	004073f0	2
265	00407440	2
266	004074a0	0
267	004074c0	6
268	004075a0	2
269	004075c0	0
270	004075f0	0
271	00407620	0
272	00407620	3
273	00407660	0
274	00407660	3
275	004076a0	3
276	00407720	2
277	00407750	3
278	004077c0	2
279	00407800	2
280	00407830	2
281	00407860	0
282	00407870	2
283	004078a0	4
284	00407970	2
285	004079a0	0
286	004079a0	3
287	004079e0	3
288	00407a40	0
289	00407a60	0
290	00407a60	3
291	00407aa0	0
292	00407aa0	3
293	00407ae0	4
294	00407b50	2
295	00407b80	2
296	00407bb0	3
297	00407c30	2
298	00407c70	2
299	00407ca0	2
300	00407cd0	2
301	00407d10	3
302	00407d80	2
303	00407dc0	2
304	00407df0	2
305	00407e30	2
306	00407e60	3
307	00407ef0	0
308	00407f20	2
309	00407f60	2
310	00407f90	4
311	00408010	0
312	00408040	0
313	00408040	3
314	00408080	2
315	004080b0	2
316	004080e0	2
317	00408160	1
318	00408170	1
319	00408180	1
320	00408190	0
321	00408190	3
322	004081e0	3
323	00408220	1
324	00408230	1
325	00408240	1
326	00408250	1
327	00408260	1
328	00408270	1
329	00408280	1
330	00408290	1
331	004082a0	1
332	004082b0	1
333	004082c0	1
334	004082d0	1
335	004082e0	1
336	004082f0	1
337	00408300	1
338	00408310	1
339	00408320	1
340	00408330	1
341	00408340	1
342	00408350	1
343	00408360	0
344	0040837b	3
345	004083e9	3
346	00408461	3
347	004084cf	0
348	004084e4	0
349	004084f8	0
350	0040850c	0
351	00408522	0
352	00408538	0
71469	0040854c	3
71470	00408562	2
71437	00408580	2
71438	00408591	2
71439	004085ab	3
71440	004085c1	2
71441	004085d7	2
71442	004085f0	2
71443	00408606	3
71444	0040861c	2
71445	00408632	2
71446	0040864b	2
71447	00408661	3
71448	00408677	4
71449	004086f3	2
71450	0040870c	2
353	00408722	7
354	004087ad	7
355	00408838	22
356	004089b6	10
357	00408ac6	16
358	00408c60	11
359	00408d6c	3
360	00408da3	8
361	00408e3e	8
362	00408ed5	10
363	00408f8a	10
364	00409035	2
365	00409068	2
366	004090a4	3
367	00409112	3
368	0040919e	26
369	0040949e	2
370	004094ce	2
371	00409501	70
71451	00409b96	0
372	00409b9b	31
373	00409edf	3
374	00409f12	3
375	00409f46	5
376	00409fb9	6
377	0040a026	6
378	0040a094	3
379	0040a0c8	9
380	0040a20a	9
381	0040a34c	6
382	0040a3b9	6
383	0040a427	3
384	0040a46b	4
385	0040a4e8	3
386	0040a550	4
387	0040a5cd	3
388	0040a635	4
389	0040a698	4
390	0040a6f7	6
391	0040a760	6
392	0040a7c9	11
393	0040a907	11
394	0040aa45	2
395	0040aa6f	3
396	0040aabc	3
397	0040ab09	13
398	0040ac3b	2
399	0040ac65	2
400	0040ac9d	10
401	0040ad92	10
402	0040ae87	26
403	0040b0b0	5
404	0040b124	6
405	0040b18d	3
406	0040b1c1	3
407	0040b1f5	3
408	0040b229	4
409	0040b26a	3
410	0040b2a3	4
411	0040b2e4	33
412	0040b715	23
413	0040b9a5	24
71452	0040bd26	2
414	0040bd3c	2
415	0040bd9c	6
416	0040be60	2
417	0040bec0	6
71453	0040bf84	3
71454	0040bf9a	2
71455	0040bfb3	15
71456	0040c005	2
71457	0040c01e	2
71458	0040c037	2
71459	0040c050	2
71460	0040c069	2
71461	0040c082	2
71462	0040c09b	2
71463	0040c0b4	5
71464	0040c0d4	2
71465	0040c0ed	2
71466	0040c106	5
71467	0040c126	2
71468	0040c13f	2
418	0040c160	0
419	0040c190	2
420	0040c1c0	2
421	0040c1f0	2
422	0040c220	2
423	0040c250	0
424	0040c270	0
425	0040c290	0
426	0040c2d0	0
427	0040c300	0
428	0040c300	3
429	0040c340	4
430	0040c3a0	4
431	0040c400	2
432	0040c430	2
433	0040c470	4
434	0040c4e0	2
435	0040c510	2
436	0040c540	2
437	0040c570	0
438	0040c590	2
439	0040c5e0	0
440	0040c600	0
441	0040c630	2
442	0040c680	0
443	0040c6c0	2
444	0040c710	0
445	0040c750	0
446	0040c780	3
447	0040c7b0	5
448	0040c810	2
449	0040c850	2
450	0040c8a0	2
451	0040c8d0	3
452	0040c950	3
453	0040c9b0	2
454	0040c9e0	3
455	0040ca50	2
456	0040ca80	2
457	0040cab0	2
458	0040caf0	2
459	0040cb20	2
460	0040cb60	0
461	0040cb90	0
462	0040cbb0	0
463	0040cbd0	2
464	0040cc00	2
465	0040cc40	2
466	0040ccf0	2
467	0040cd80	3
468	0040cdc0	4
469	0040ce80	0
470	0040cea0	2
471	0040cf00	2
472	0040cf30	3
473	0040cf70	0
474	0040cfa0	3
475	0040cfd0	3
476	0040d000	3
477	0040d040	2
478	0040d090	3
479	0040d0d0	2
480	0040d100	2
481	0040d130	2
482	0040d160	2
483	0040d190	2
484	0040d1c0	2
485	0040d1f0	0
486	0040d210	0
487	0040d230	0
488	0040d250	4
489	0040d2b0	4
490	0040d320	0
491	0040d340	0
492	0040d360	4
493	0040d3c0	4
494	0040d430	2
495	0040d460	2
496	0040d4a0	2
497	0040d4d0	2
498	0040d500	6
499	0040d580	3
500	0040d5f0	2
501	0040d630	3
502	0040d690	3
503	0040d6f0	8
504	0040d7c0	2
505	0040d7f0	2
506	0040d820	2
507	0040d850	2
508	0040d880	2
509	0040d8b0	0
510	0040d8f0	3
511	0040d960	0
512	0040d980	0
513	0040d9a0	9
514	0040da20	2
515	0040da50	2
516	0040da80	2
517	0040dab0	2
518	0040dae0	2
519	0040db10	2
520	0040db40	2
521	0040db70	2
522	0040dba0	2
523	0040dbd0	3
524	0040dc10	2
525	0040dc40	2
526	0040dc70	2
527	0040dca0	3
528	0040dce0	2
529	0040dd10	2
530	0040dd40	2
531	0040dd70	3
532	0040ddb0	2
533	0040dde0	2
534	0040de10	2
535	0040de40	2
536	0040de70	9
537	0040def0	0
538	0040df40	2
539	0040df70	2
540	0040dfa0	2
541	0040dfd0	2
542	0040e000	2
543	0040e030	2
544	0040e060	2
545	0040e090	2
546	0040e0c0	9
547	0040e140	2
548	0040e170	2
549	0040e1a0	2
550	0040e1d0	2
551	0040e200	2
552	0040e230	2
553	0040e260	2
554	0040e290	2
555	0040e2c0	9
556	0040e340	2
557	0040e370	2
558	0040e3a0	3
559	0040e400	2
560	0040e430	2
561	0040e460	3
562	0040e4d0	3
563	0040e530	2
564	0040e560	2
565	0040e5a0	2
566	0040e5d0	2
567	0040e600	2
568	0040e630	2
569	0040e660	2
570	0040e6a0	2
571	0040e6d0	2
572	0040e700	0
573	0040e730	2
574	0040e770	0
575	0040e790	0
576	0040e7b0	0
577	0040e7d0	0
578	0040e810	17
579	0040ea50	17
580	0040ec90	0
581	0040ece0	2
582	0040ed20	0
583	0040ed60	0
584	0040ed80	0
585	0040eda0	0
586	0040edf0	2
587	0040ee30	2
588	0040ee80	2
589	0040eeb0	2
590	0040eee0	2
591	0040ef30	3
592	0040ef70	2
593	0040efa0	22
594	0040f180	15
595	0040f2a0	14
596	0040f370	10
597	0040f490	2
598	0040f4c0	0
599	0040f4e0	0
600	0040f520	17
601	0040f730	5
602	0040f7a0	2
603	0040f7e0	2
604	0040f830	2
605	0040f860	2
606	0040f890	2
607	0040f8d0	2
608	0040f900	0
609	0040f920	0
610	0040f940	0
611	0040f960	0
612	0040f980	0
613	0040f9a0	0
614	0040f9c0	4
615	0040fa20	0
616	0040fa40	0
617	0040fa60	0
618	0040fa80	4
619	0040fae0	0
620	0040fb00	0
621	0040fb20	0
622	0040fb40	4
623	0040fba0	0
624	0040fbc0	0
625	0040fbe0	0
626	0040fc00	0
627	0040fc20	17
628	0040fe60	5
629	0040fed0	0
630	0040fef0	0
631	0040ff10	0
632	0040ff30	0
633	0040ff50	0
634	0040ff70	0
635	0040ff90	0
636	0040ffb0	0
637	0040ffd0	0
638	00410020	17
639	00410260	5
640	004102d0	0
641	004102f0	0
642	00410310	0
643	00410330	0
644	00410350	0
645	00410370	0
646	004103c0	17
647	00410610	5
648	00410680	3
649	004106c0	2
650	004106f0	8
651	004107b0	2
652	004107e0	0
653	00410830	2
654	00410860	7
655	00410910	0
656	00410940	2
657	00410990	2
658	004109e0	2
659	00410a10	2
660	00410a60	2
661	00410ab0	2
662	00410ae0	2
663	00410b10	2
664	00410b40	2
665	00410b70	2
666	00410ba0	0
667	00410bc0	0
668	00410bf0	3
669	00410c20	0
670	00410c30	0
671	00410c40	0
672	00410c60	134
673	00411490	12
674	004115a0	7
675	00411630	75
676	00411ae0	2
677	00411b10	3
678	00411b50	3
679	00411b90	2
680	00411bc0	2
681	00411bf0	2
682	00411c20	4
683	00411c80	0
684	00411ca0	2
685	00411cd0	2
686	00411d20	2
687	00411d50	0
688	00411d80	2
689	00411dc0	2
690	00411e10	2
691	00411e40	2
692	00411e70	2
693	00411ea0	17
694	004120e0	17
695	00412320	17
696	00412560	2
697	004125a0	2
698	004125f0	2
699	00412640	2
700	00412670	2
701	004126a0	2
702	004126e0	2
703	00412730	2
704	00412780	2
705	004127b0	2
706	004127e0	2
707	00412820	2
708	00412870	2
709	004128c0	2
710	004128f0	2
711	00412920	3
712	00412950	0
713	00412960	0
714	00412970	0
715	00412980	3
716	004129c0	2
717	004129f0	3
718	00412a30	0
719	00412a50	0
720	00412a70	2
721	00412aa0	2
722	00412ad0	2
723	00412b00	0
724	00412b10	0
725	00412b20	0
726	00412b30	19
727	00412c70	19
728	00412db0	2
729	00412de0	2
730	00412e10	0
731	00412e30	10
732	00412f20	2
733	00412f50	0
734	00412fa0	2
735	00412fe0	2
736	00413030	2
737	00413080	2
738	004130b0	2
739	004130e0	0
740	00413130	2
741	00413170	2
742	004131c0	2
743	00413210	2
744	00413240	2
745	00413270	0
746	004132c0	2
747	00413300	2
748	00413350	2
749	004133a0	2
750	004133d0	2
751	00413400	2
752	00413430	2
753	00413460	2
754	00413490	2
755	004134c0	2
756	004134f0	2
757	00413520	0
758	00413540	0
759	00413550	6
760	00413600	7
761	004136b0	2
762	004136e0	2
763	00413710	2
764	00413740	2
765	00413770	2
766	004137a0	2
767	004137d0	2
768	00413800	2
769	00413870	2
770	004138b0	2
771	004138f0	3
772	00413940	8
773	00413a00	0
774	00413a40	2
775	00413a80	2
776	00413af0	2
777	00413b30	2
778	00413bc0	0
779	00413c00	2
780	00413c40	2
781	00413cb0	2
782	00413cf0	2
783	00413d30	2
784	00413da0	2
785	00413de0	2
786	00413e20	2
787	00413e60	2
788	00413ed0	2
789	00413f10	2
790	00413f50	2
791	00413fc0	2
792	00414000	3
793	00414030	3
794	00414060	2
795	004140a0	2
796	004140e0	2
797	00414120	2
798	00414160	8
799	00414220	2
800	00414240	0
801	00414270	8
802	00414350	4
803	004143b0	0
804	004143d0	2
805	00414440	3
806	004144c0	0
807	00414500	0
808	00414530	10
809	004146b0	0
810	004146d0	10
811	00414850	0
812	00414870	0
813	004148a0	0
814	004148e0	0
815	00414910	0
816	00414940	0
817	00414970	0
818	004149b0	2
819	004149e0	0
820	00414a10	0
821	00414a40	2
822	00414a70	2
823	00414aa0	2
824	00414ae0	2
825	00414b20	0
826	00414b50	0
827	00414b90	0
828	00414bd0	2
829	00414c00	2
830	00414c40	2
831	00414c80	2
832	00414cb0	2
833	00414ce0	0
834	00414cf0	2
835	00414d50	0
836	00414d60	0
837	00414d70	0
838	00414da0	2
839	00414e00	0
840	00414e10	0
841	00414e20	2
842	00414e50	2
843	00414e90	2
844	00414ec0	2
845	00414f00	0
846	00414f30	0
847	00414f70	2
848	00414fa0	2
849	00414fd0	2
850	00415000	2
851	00415060	2
852	004150c0	2
853	00415120	0
854	00415130	2
855	00415160	2
856	00415190	2
857	004151c0	3
858	00415250	0
859	00415260	2
860	00415280	2
861	004152e0	0
862	004152f0	3
863	00415380	2
864	004153a0	3
865	00415430	2
866	00415450	3
867	004154e0	2
868	00415500	2
869	00415560	0
870	00415570	3
871	004155b0	3
872	004155f0	3
873	00415630	3
874	00415670	3
875	004156b0	3
876	004156f0	2
877	00415740	2
878	00415770	2
879	004157a0	3
880	004157e0	2
881	00415830	3
882	00415870	2
883	004158a0	3
884	004158e0	2
885	00415910	3
886	00415950	2
887	00415980	2
888	004159b0	2
889	004159e0	2
890	00415a10	2
891	00415a40	2
892	00415a70	4
893	00415ae0	2
894	00415b10	2
895	00415b40	2
896	00415bb0	3
897	00415bf0	2
898	00415c20	3
899	00415ca0	0
900	00415cd0	0
901	00415cf0	4
902	00415d50	4
903	00415dc0	3
904	00415e30	3
905	00415ea0	3
906	00415f10	3
907	00415f80	0
908	00415fb0	0
909	00415fe0	0
910	00416010	0
911	00416040	2
912	00416080	2
913	004160b0	0
914	004160d0	17
915	00416310	2
916	00416340	2
917	00416390	3
918	00416440	3
919	004164f0	5
920	00416550	3
921	004165f0	3
922	004166a0	0
923	004166e0	2
924	00416770	3
925	00416810	3
926	004168c0	0
927	00416900	2
928	00416990	3
929	00416a30	3
930	00416ae0	3
931	00416b90	0
932	00416bd0	2
933	00416c60	3
934	00416d00	3
935	00416db0	0
936	00416df0	2
937	00416e80	3
938	00416f20	3
939	00416fd0	0
940	00416fe0	3
941	00417090	3
942	00417140	2
943	004171b0	3
944	00417260	2
945	004172d0	3
946	00417380	4
947	00417410	2
948	00417440	4
949	004174d0	2
950	00417500	5
951	00417560	5
952	004175f0	0
953	00417630	0
954	00417660	0
955	004176a0	0
956	004176b0	3
957	004176f0	3
958	00417730	3
959	00417770	2
960	004177a0	2
961	004177d0	5
962	00417850	0
963	00417890	0
964	004178b0	3
965	00417920	3
966	00417990	2
967	004179d0	2
968	00417a10	2
969	00417a50	2
970	00417a90	2
971	00417ad0	2
972	00417b10	2
973	00417b50	2
974	00417b90	2
975	00417bd0	2
976	00417c10	2
977	00417c50	2
978	00417c90	2
979	00417cd0	2
980	00417d10	2
981	00417d50	4
982	00417dd0	2
983	00417e10	2
984	00417e40	2
985	00417e80	3
986	00417f20	2
987	00417f60	4
988	00418000	5
989	004180e0	2
990	00418120	2
991	00418150	6
992	004181d0	6
993	00418250	0
994	00418270	0
995	00418290	0
996	004182d0	6
997	00418350	0
998	00418390	6
999	00418410	0
1000	00418450	6
1001	004184d0	0
1002	00418510	6
1003	00418590	6
1004	00418610	6
1005	00418690	0
1006	004186b0	0
1007	004186d0	0
1008	004186f0	0
1009	00418710	0
1010	00418730	0
1011	00418750	3
1012	00418790	0
1013	004187d0	3
1014	00418810	3
1015	00418850	3
1016	00418890	3
1017	004188d0	0
1018	00418910	2
1019	00418950	0
1020	00418990	2
1021	004189d0	3
1022	00418a30	3
1023	00418a90	3
1024	00418ad0	10
1025	00418c20	9
1026	00418d40	5
1027	00418de0	3
1028	00418e50	0
1029	00418e50	3
1030	00418e90	2
1031	00418f00	2
1032	00418f70	3
1033	00418fb0	3
1034	00418ff0	2
1035	00419020	2
1036	00419050	3
1037	004190c0	0
1038	004190f0	0
1039	00419120	0
1040	00419150	0
1041	00419180	0
1042	004191b0	0
1043	004191e0	0
1044	00419210	2
1045	00419250	2
1046	00419290	2
1047	004192d0	2
1048	00419310	2
1049	00419350	2
1050	00419390	2
1051	004193d0	9
1052	00419450	0
1053	00419470	0
1054	00419490	0
1055	004194b0	0
1056	004194f0	17
1057	00419700	2
1058	00419750	2
1059	00419780	2
1060	004197b0	2
1061	004197e0	2
1062	00419840	5
1063	004198b0	2
1064	00419900	0
1065	00419910	4
1066	004199c0	0
1067	004199f0	0
1068	00419a10	0
1069	00419a30	0
1070	00419a50	0
1071	00419a70	3
1072	00419b10	3
1073	00419bb0	4
1074	00419c60	10
1075	00419dc0	9
1076	00419ef0	2
1077	00419f70	2
1078	00419ff0	2
1079	0041a070	2
1080	0041a0f0	2
1081	0041a170	2
1082	0041a1f0	2
1083	0041a270	3
1084	0041a2b0	2
1085	0041a2e0	3
1086	0041a340	3
1087	0041a3b0	3
1088	0041a420	2
1089	0041a460	2
1090	0041a490	2
1091	0041a4d0	2
1092	0041a500	2
1093	0041a530	2
1094	0041a560	0
1095	0041a570	0
1096	0041a580	0
1097	0041a5b0	0
1098	0041a5e0	0
1099	0041a610	3
1100	0041a690	3
1101	0041a700	2
1102	0041a740	2
1103	0041a780	6
1104	0041a830	0
1105	0041a870	0
1106	0041a8b0	3
1107	0041a8f0	3
1108	0041a930	0
1109	0041a970	2
1110	0041a9b0	0
1111	0041a9f0	2
1112	0041aa30	0
1113	0041aa60	0
1114	0041aa90	2
1115	0041aad0	2
1116	0041ab10	0
1117	0041ab40	0
1118	0041ab60	0
1119	0041ab80	3
1120	0041ac20	3
1121	0041acc0	2
1122	0041ad40	2
1123	0041adc0	2
1124	0041ae00	2
1125	0041ae40	0
1126	0041ae80	0
1127	0041aeb0	0
1128	0041aee0	2
1129	0041af20	2
1130	0041af60	2
1131	0041afe0	2
1132	0041b060	7
1133	0041b0f9	7
1134	0041b1bc	7
1135	0041b288	7
1136	0041b34a	8
1137	0041b428	18
1138	0041b5a0	0
1139	0041b620	0
1140	0041b640	0
1141	0041b660	0
1142	0041b680	2
1143	0041b6c0	2
1144	0041b700	2
1145	0041b740	2
1146	0041b780	0
1147	0041b790	0
1148	0041b7b0	2
1149	0041b7f0	2
1150	0041b830	0
1151	0041b850	0
1152	0041b870	2
1153	0041b8b0	0
1154	0041b8c0	0
1155	0041b8e0	0
1156	0041b900	2
1157	0041b940	0
1158	0041b950	0
1159	0041b960	0
1160	0041b970	2
71423	0041b9b0	2
71424	0041b9c1	2
71425	0041b9db	2
71426	0041b9ec	2
71427	0041ba0c	2
71428	0041ba1d	2
71429	0041ba37	2
71430	0041ba48	2
71431	0041ba62	2
71432	0041ba73	2
71433	0041ba8d	2
71434	0041ba9e	2
1161	0041bab8	5
1162	0041bb24	0
1163	0041bb38	19
1164	0041bcb8	19
71435	0041bf2b	3
71436	0041bf41	2
1165	0041bf60	3
1166	0041bfd0	2
1167	0041c000	0
1168	0041c030	2
1169	0041c060	3
1170	0041c0d0	0
1171	0041c0f0	0
1172	0041c110	3
1173	0041c1c0	3
1174	0041c1e0	0
1175	0041c200	3
1176	0041c240	2
1177	0041c270	2
1178	0041c2a0	2
1179	0041c2e0	2
1180	0041c320	0
1181	0041c330	0
1182	0041c340	0
1183	0041c360	0
1184	0041c390	2
1185	0041c3c0	2
1186	0041c400	2
1187	0041c430	2
1188	0041c460	3
1189	0041c4b0	2
1190	0041c4e0	0
1191	0041c500	2
1192	0041c530	2
71403	0041c560	2
71404	0041c571	2
71405	0041c58b	2
71406	0041c59c	2
71407	0041c5bc	2
71408	0041c5cd	2
71409	0041c5e7	2
71410	0041c5f8	2
71411	0041c612	2
71412	0041c623	2
71413	0041c63d	2
71414	0041c64e	2
1193	0041c668	0
1194	0041c67e	0
1195	0041c694	0
1196	0041c6aa	8
1197	0041c868	13
1198	0041ca8e	7
1199	0041cb15	2
1200	0041cb58	2
1201	0041cbad	3
1202	0041cc2a	3
71415	0041cc76	3
71416	0041cc8c	2
71417	0041cca2	2
71418	0041ccbb	2
1203	0041ccd1	4
1204	0041cd3b	4
1205	0041cd9c	3
1206	0041cdcd	0
1207	0041cde5	3
1208	0041ce37	3
1209	0041ce83	2
1210	0041ceaa	3
1211	0041cef6	3
1212	0041cf42	3
1213	0041cf8e	3
1214	0041cff8	3
1215	0041d062	3
1216	0041d0b4	3
1217	0041d115	3
1218	0041d161	3
1219	0041d1aa	3
1220	0041d1f3	3
1221	0041d23f	9
1222	0041d457	3
1223	0041d4da	0
1224	0041d4f2	3
1225	0041d53e	3
1226	0041d590	3
1227	0041d5dc	3
1228	0041d62e	3
1229	0041d6a0	3
1230	0041d6ec	0
1231	0041d704	0
1232	0041d71c	3
1233	0041d76e	3
1234	0041d7c1	3
1235	0041d81e	3
1236	0041d870	10
1237	0041d940	7
1238	0041da71	5
1239	0041db45	3
1240	0041db97	5
1241	0041dc8b	12
1242	0041dda9	3
1243	0041de19	2
1244	0041de5d	7
1245	0041df26	16
1246	0041e095	15
71419	0041e236	14
1247	0041e382	15
71420	0041e517	13
71421	0041e5fd	3
71422	0041e613	2
1248	0041e630	0
1249	0041e660	0
1250	0041e680	2
1251	0041e700	2
1252	0041e730	2
1253	0041e760	2
1254	0041e7a0	0
1255	0041e7a0	3
1256	0041e7e0	0
1257	0041e7e0	3
1258	0041e830	3
1259	0041e870	2
1260	0041e8b0	6
1261	0041e940	2
1262	0041e970	0
1263	0041e990	2
1264	0041e9d0	2
1265	0041ea10	0
1266	0041ea30	2
1267	0041ea60	0
1268	0041ea80	0
1269	0041eaa0	2
1270	0041eac0	2
1271	0041eb00	2
1272	0041eb30	2
1273	0041eb60	2
1274	0041eb90	2
1275	0041ebb0	5
1276	0041ec40	2
1277	0041ec70	2
1278	0041ecb0	2
1279	0041ecf0	2
1280	0041ed30	2
1281	0041ed60	2
1282	0041ed90	2
1283	0041edc0	2
1284	0041edf0	7
1285	0041eeb0	3
1286	0041ef10	2
1287	0041ef40	2
1288	0041ef80	2
1289	0041efc0	8
1290	0041f090	0
1291	0041f0b0	2
1292	0041f0e0	2
1293	0041f110	0
1294	0041f140	2
1295	0041f180	2
1296	0041f1b0	2
1297	0041f1f0	3
1298	0041f260	2
1299	0041f2b0	3
1300	0041f2f0	3
1301	0041f330	2
1302	0041f360	2
1303	0041f390	0
1304	0041f3b0	22
1305	0041f590	15
1306	0041f6b0	4
1307	0041f710	8
1308	0041f7d0	8
1309	0041f890	2
1310	0041f8c0	2
1311	0041f900	2
1312	0041f930	7
1313	0041f9e0	2
1314	0041fa10	0
1315	0041fa40	2
1316	0041fa80	2
1317	0041fab0	0
1318	0041fae0	2
1319	0041fb20	0
1320	0041fb40	0
1321	0041fb70	2
1322	0041fba0	3
1323	0041fbd0	0
1324	0041fbe0	0
1325	0041fbf0	0
1326	0041fc00	0
1327	0041fc10	134
1328	00420440	3
1329	00420480	3
1330	004204c0	7
1331	00420550	10
1332	00420670	75
1333	00420b20	2
1334	00420b50	2
1335	00420b80	3
1336	00420bc0	2
1337	00420bf0	2
1338	00420c20	0
1339	00420c40	0
1340	00420c60	2
1341	00420c90	2
1342	00420ce0	2
1343	00420d10	2
1344	00420d40	0
1345	00420d50	6
1346	00420e00	19
1347	00420f40	3
1348	00420f80	19
1349	004210c0	4
1350	00421120	2
1351	00421150	2
1352	00421180	10
1353	00421270	2
1354	004212a0	2
1355	004212d0	2
1356	00421300	2
1357	00421330	2
1358	00421360	2
1359	00421390	2
1360	004213c0	0
1361	004213e0	0
1362	00421400	0
1363	00421420	4
1364	00421480	2
1365	004214b0	2
1366	004214e0	2
1367	00421520	0
1368	00421520	3
1369	00421560	4
1370	004215c0	2
1371	00421600	2
1372	00421640	4
1373	004216a0	2
1374	004216d0	2
1375	00421700	2
1376	00421740	0
1377	00421740	3
1378	00421780	4
1379	004217e0	4
1380	00421840	4
1381	004218a0	4
1382	00421900	4
1383	00421960	4
1384	004219c0	4
1385	00421a20	0
1386	00421a50	2
1387	00421a70	3
1388	00421b00	2
1389	00421b20	3
1390	00421b60	2
1391	00421ba0	3
1392	00421be0	2
1393	00421c10	2
1394	00421c50	1
1395	00421c60	1
1396	00421c70	1
1397	00421c80	0
1398	00421cb0	1
1399	00421cc0	0
1400	00421cc0	3
1401	00421d10	3
1402	00421d50	5
1403	00421de0	1
1404	00421df0	1
71389	00421e00	2
71390	00421e11	2
71391	00421e2b	2
71392	00421e3c	2
71393	00421e5c	2
71394	00421e6d	2
71395	00421e87	2
71396	00421e98	2
71397	00421eb2	2
71398	00421ec3	2
71399	00421edd	2
71400	00421eee	2
1405	00421f08	11
1406	0042202f	0
1407	0042204a	3
1408	00422085	3
1409	004220ef	0
1410	00422103	0
1411	00422117	0
1412	0042212b	6
1413	004221d1	4
1414	0042226e	0
1415	00422282	0
1416	00422296	4
1417	00422339	0
1418	0042234d	0
1419	00422361	3
1420	004223ad	2
1421	00422427	3
1422	004224d2	3
1423	00422549	0
1424	0042255d	0
1425	0042256f	0
1426	00422583	0
1427	00422595	0
1428	004225a7	0
1429	004225b9	0
1430	004225cb	0
1431	004225df	6
1432	004226bd	18
1433	0042286a	10
1434	00422980	2
1435	004229a9	7
1436	00422a48	0
1437	00422a5f	0
1438	00422a73	5
1439	00422ae8	5
1440	00422b72	4
71401	00422bc6	3
71402	00422bdc	2
1441	00422c00	0
1442	00422c40	0
1443	00422c40	3
1444	00422c80	2
1445	00422cb0	2
1446	00422cf0	2
1447	00422d30	2
1448	00422d60	4
1449	00422df0	0
1450	00422df0	3
1451	00422e30	0
1452	00422e30	3
1453	00422e70	2
1454	00422ec0	0
1455	00422f00	2
1456	00422f40	2
1457	00422f90	2
1458	00422ff0	0
1459	00423040	2
1460	00423080	3
1461	004230c0	0
1462	004230e0	2
1463	00423110	2
1464	00423140	3
1465	004231b0	2
1466	004231e0	2
1467	00423210	2
1468	00423240	2
1469	00423270	0
1470	00423290	0
1471	004232c0	2
1472	004232f0	2
1473	00423320	2
1474	00423360	0
1475	00423380	0
1476	004233a0	0
1477	004233c0	0
1478	004233f0	4
1479	00423450	4
1480	004234b0	2
1481	004234e0	2
1482	00423510	2
1483	00423540	2
1484	00423570	2
1485	004235a0	2
1486	004235d0	2
1487	00423600	0
1488	00423620	4
1489	004236d0	8
1490	004237d0	2
1491	00423800	2
1492	00423830	2
1493	00423860	2
1494	00423890	2
1495	004238c0	2
1496	004238f0	2
1497	00423950	3
1498	004239e0	5
1499	00423a80	3
1500	00423ad0	0
1501	00423ad0	3
1502	00423b10	3
1503	00423b90	0
1504	00423b90	3
1505	00423bd0	3
1506	00423c50	3
1507	00423cd0	0
1508	00423cf0	0
1509	00423cf0	3
1510	00423d30	2
1511	00423d60	3
1512	00423de0	0
1513	00423e00	0
1514	00423e00	3
1515	00423e40	0
1516	00423e40	3
1517	00423e80	0
1518	00423ea0	4
1519	00423f10	0
1520	00423f10	3
1521	00423f50	0
1522	00423f70	5
1523	00424020	2
1524	00424050	0
1525	00424070	0
1526	00424090	1
1527	004240a0	1
1528	004240b0	1
1529	004240c0	1
1530	004240d0	1
71387	004240e0	3
71388	004240f6	2
1531	00424110	3
71385	0042417f	3
71386	00424195	2
1532	004241b0	0
1533	004241c4	4
1534	00424252	3
1535	004242a3	14
1536	0042440c	2
1537	00424436	12
71383	00424583	3
71384	00424599	2
1538	004245c0	0
1539	004245c0	3
1540	00424600	2
1541	00424630	2
1542	00424660	5
1543	00424700	2
1544	00424730	2
1545	00424760	2
1546	00424790	0
1547	004247b0	6
1548	00424870	0
1549	00424890	2
1550	004248c0	0
1551	004248e0	3
1552	0042493d	8
1553	00424a1c	9
1554	00424b0c	12
1555	00424c6a	0
1556	00424c80	4
1557	00424cca	0
1558	00424cd6	0
1559	00424ce2	0
1560	00424cec	0
1561	00424cf6	4
71381	00424d7f	3
71382	00424d95	2
1562	00424db0	2
1563	00424de0	0
1564	00424e00	2
1565	00424e30	2
1566	00424e60	0
1567	00424e80	0
1568	00424eb0	2
1569	00424eec	2
1570	00424f2b	2
1571	00424f6a	2
1572	00424f86	2
1573	00424fc2	2
1574	00425001	2
1575	00425040	2
71379	0042505c	3
71380	00425072	2
1576	00425090	18
1577	00425230	2
1578	00425250	2
1579	00425280	18
1580	00425420	3
1581	00425480	3
1582	004254e0	18
1583	00425680	2
1584	004256a0	2
1585	004256d0	18
1586	00425870	3
1587	004258d0	3
1588	00425930	4
1589	00425990	2
1590	004259c0	2
1591	004259f0	0
1592	00425a10	4
1593	00425a70	2
1594	00425aa0	2
1595	00425ad0	0
1596	00425af0	3
1597	00425b60	3
1598	00425bd0	0
1599	00425bf0	0
71357	00425c10	3
71358	00425c26	2
71359	00425c3c	2
71360	00425c55	2
71361	00425c6b	3
71362	00425c81	2
71363	00425c97	2
71364	00425cb0	2
71365	00425cc6	2
71366	00425cd7	2
1600	00425cf1	2
1601	00425d1c	17
1602	00425f22	4
1603	00425fbd	9
1604	004260cd	5
1605	0042614a	6
1606	004261c4	9
1607	0042626a	23
1608	004263fd	11
1609	00426522	3
1610	004265e1	4
1611	004266ac	4
1612	00426777	2
1613	004267ce	2
1614	00426809	2
1615	00426844	8
1616	004268e0	6
1617	0042695d	6
1618	004269d6	4
1619	00426a4d	4
1620	00426abe	9
1621	00426b7a	9
1622	00426c2a	2
1623	00426c51	3
71367	00426c7f	3
71368	00426c95	2
71369	00426cc1	2
71370	00426cda	2
71371	00426cf0	3
71372	00426d06	2
71373	00426d32	2
71374	00426d4b	2
1624	00426d61	18
1625	00426ec1	9
1626	00426fa1	11
1627	0042709b	5
1628	004270fb	6
1629	00427173	3
1630	004271bf	4
1631	00427215	4
1632	00427272	4
1633	004272e2	10
1634	0042739a	4
1635	004273d9	4
1636	00427433	10
1637	00427509	3
1638	0042753d	11
1639	00427624	4
1640	0042767a	11
1641	00427769	2
1642	0042779c	14
71375	004278b1	3
71376	004278c7	2
71377	004278e0	3
71378	004278f6	2
1643	00427910	0
1644	00427920	2
1645	00427970	0
1646	00427990	0
1647	004279b0	0
1648	004279d0	0
1649	004279f0	2
1650	00427a20	2
1651	00427a60	2
1652	00427a90	2
1653	00427ac0	2
1654	00427af0	2
1655	00427b20	2
1656	00427b50	0
1657	00427b80	7
1658	00427c10	0
1659	00427c30	0
1660	00427c70	2
1661	00427cb0	2
1662	00427d20	2
1663	00427d60	2
1664	00427df0	4
1665	00427e50	3
1666	00427ec0	4
1667	00427f30	0
1668	00427f50	0
1669	00427f70	0
1670	00427f90	3
1671	00427fd0	4
1672	00428010	2
1673	00428080	7
1674	00428170	2
1675	004281a0	19
1676	00428360	2
1677	004283b0	3
1678	004283f0	0
1679	004283f0	3
1680	00428430	2
1681	00428460	2
1682	00428490	4
1683	00428500	0
1684	00428520	0
1685	00428540	3
1686	004285e0	3
1687	00428690	0
1688	004286b0	2
1689	004286e0	4
1690	00428760	6
1691	004287d0	2
1692	00428800	0
1693	00428820	0
1694	00428840	2
1695	00428880	2
1696	004288c0	0
1697	004288f0	2
1698	00428930	2
1699	004289b0	1
1700	004289c0	0
1701	004289c0	3
1702	00428a10	3
1703	00428a50	1
1704	00428a60	1
1705	00428a70	1
1706	00428a80	1
1707	00428a90	1
1708	00428aa0	1
1709	00428ab0	1
1710	00428ac0	1
1711	00428ad0	1
1712	00428ae0	1
1713	00428af0	1
1714	00428b00	1
1715	00428b10	1
1716	00428b20	1
1717	00428b30	1
1718	00428b40	1
1719	00428b50	1
1720	00428b60	1
1721	00428b70	1
1722	00428b80	1
1723	00428b90	1
1724	00428ba0	1
1725	00428bb0	1
1726	00428bc0	1
71351	00428bd0	2
71352	00428be1	2
1727	00428bfb	5
1728	00428cb6	2
1729	00428d19	2
1730	00428d7b	5
1731	00428e9d	6
1732	00428fea	32
1733	0042930c	50
1734	00429829	2
1735	0042983a	2
1736	00429852	4
71353	004299a5	3
71354	004299bb	2
71355	004299d4	3
71356	004299ea	2
1737	00429a10	0
1738	00429a20	2
1739	00429a60	0
1740	00429a80	0
1741	00429aa0	0
1742	00429ac0	0
1743	00429ae0	0
1744	00429b10	0
1745	00429b40	0
1746	00429b70	0
1747	00429b90	6
1748	00429c00	3
1749	00429c40	0
1750	00429c60	0
1751	00429c80	0
1752	00429ca0	6
1753	00429d10	3
1754	00429d40	0
1755	00429d70	2
1756	00429db0	2
1757	00429e10	2
1758	00429e70	0
1759	00429eb0	0
1760	00429ee0	2
1761	00429f40	0
1762	00429f80	0
1763	00429fc0	2
1764	0042a020	2
1765	0042a080	0
1766	0042a0c0	2
1767	0042a120	2
1768	0042a180	10
1769	0042a240	6
1770	0042a2b0	2
1771	0042a2f0	0
1772	0042a330	0
1773	0042a350	9
1774	0042a3d0	0
1775	0042a420	2
1776	0042a450	2
1777	0042a480	9
1778	0042a570	0
1779	0042a5b0	0
1780	0042a5d0	9
1781	0042a650	0
1782	0042a6a0	2
1783	0042a6d0	2
1784	0042a700	9
1785	0042a7f0	2
1786	0042a820	2
1787	0042a850	6
1788	0042a8d0	24
1789	0042aa80	0
1790	0042aaa0	0
1791	0042aac0	17
1792	0042ad00	5
1793	0042ad70	6
1794	0042adf0	24
1795	0042afa0	0
1796	0042afc0	0
1797	0042afe0	17
1798	0042b210	5
1799	0042b280	0
1800	0042b2a0	0
1801	0042b2f0	0
1802	0042b310	2
1803	0042b360	2
1804	0042b3b0	2
1805	0042b3e0	0
1806	0042b430	0
1807	0042b450	2
1808	0042b4a0	2
1809	0042b4f0	2
1810	0042b520	2
1811	0042b550	2
1812	0042b580	2
1813	0042b5c0	2
1814	0042b630	2
1815	0042b670	2
1816	0042b700	2
1817	0042b750	2
1818	0042b7a0	2
1819	0042b800	2
1820	0042b850	2
1821	0042b8a0	0
1822	0042b8b0	0
1823	0042b8e0	0
1824	0042b8f0	0
1825	0042b920	0
1826	0042b950	0
1827	0042b980	0
1828	0042b9b0	0
1829	0042b9e0	0
1830	0042ba20	0
1831	0042ba50	0
1832	0042ba80	0
1833	0042bac0	2
1834	0042baf0	2
1835	0042bb20	2
1836	0042bb80	2
1837	0042bbe0	3
1838	0042bc80	3
1839	0042bd30	2
1840	0042bd70	2
1841	0042bdb0	3
1842	0042be30	3
71339	0042bea0	2
71340	0042beb1	2
71341	0042becb	3
71342	0042bee1	4
71343	0042bf5d	2
71344	0042bf76	2
1843	0042bf8c	8
1844	0042c05b	15
1845	0042c19d	23
1846	0042c4ac	22
1847	0042c82f	11
1848	0042c9e9	2
1849	0042ca0d	5
1850	0042ca6b	4
1851	0042caf9	4
1852	0042cb77	0
1853	0042cbb1	2
1854	0042cbfc	11
1855	0042cd16	3
1856	0042cd5a	16
1857	0042cf04	6
1858	0042cf97	2
1859	0042cfc7	10
1860	0042d07a	10
1861	0042d12d	4
1862	0042d1c3	11
1863	0042d2a3	14
1864	0042d41f	97
1865	0042dc84	21
1866	0042de84	3
1867	0042def7	11
1868	0042e066	4
1869	0042e0cf	2
1870	0042e11e	12
1871	0042e24b	11
1872	0042e387	3
1873	0042e410	6
1874	0042e4fc	3
1875	0042e564	16
1876	0042e6dc	16
1877	0042e854	16
1878	0042e9cc	4
1879	0042ea46	0
1880	0042ea5a	3
1881	0042ea86	8
1882	0042eb40	3
1883	0042eb73	2
1884	0042ebc4	8
1885	0042ec8a	3
71345	0042ecc3	3
71346	0042ecd9	2
71347	0042ecf2	7
71348	0042ed1c	2
71349	0042ed35	2
71350	0042ed4e	2
1886	0042ed70	2
1887	0042edc0	2
1888	0042ee10	0
1889	0042ee30	0
1890	0042ee50	0
1891	0042ee70	0
1892	0042ee70	3
1893	0042eeb0	0
1894	0042eed0	0
1895	0042eef0	0
1896	0042ef10	0
1897	0042ef30	0
1898	0042ef50	4
1899	0042f0a0	0
1900	0042f0c0	5
1901	0042f200	0
1902	0042f200	3
1903	0042f240	4
1904	0042f280	3
1905	0042f300	0
1906	0042f300	3
1907	0042f340	4
1908	0042f380	2
1909	0042f3b0	0
1910	0042f3b0	3
1911	0042f3f0	0
1912	0042f410	2
1913	0042f440	2
1914	0042f470	3
1915	0042f4e0	3
1916	0042f550	3
1917	0042f590	4
1918	0042f5d0	0
1919	0042f5d0	3
1920	0042f610	3
1921	0042f690	0
1922	0042f6b0	4
1923	0042f840	0
1924	0042f860	0
1925	0042f880	5
1926	0042fa20	5
1927	0042fc20	0
1928	0042fc50	0
1929	0042fc50	3
1930	0042fc90	3
1931	0042fd20	4
1932	0042fd60	0
1933	0042fd60	3
1934	0042fda0	2
1935	0042fdd0	2
1936	0042fe00	0
1937	0042fe20	2
1938	0042fe70	2
1939	0042fea0	0
1940	0042feb0	2
1941	0042fee0	3
1942	0042ff50	3
1943	0042ffc0	2
1944	00430010	2
1945	00430040	0
1946	00430040	3
1947	00430080	3
1948	00430100	3
1949	00430170	3
1950	004301e0	3
1951	00430250	0
1952	00430250	3
1953	00430290	3
1954	00430310	3
1955	00430390	0
1956	004303b0	2
1957	004303e0	2
1958	00430410	3
1959	00430480	3
1960	004304f0	2
1961	00430520	0
1962	00430520	3
1963	00430560	3
1964	004305e0	3
1965	00430660	3
1966	004306d0	3
1967	00430740	4
1968	004307a0	3
1969	00430810	2
1970	00430840	2
1971	00430870	2
1972	004308a0	2
1973	00430940	2
1974	00430970	0
1975	004309b0	3
1976	00430a20	24
1977	00430bd0	7
1978	00430ca0	0
1979	00430cf0	2
1980	00430d20	3
1981	00430d60	9
1982	00430e50	2
1983	00430e90	2
1984	00430ec0	2
1985	00430ef0	2
1986	00430f20	2
1987	00430f50	2
1988	00430f80	3
1989	00430fe0	2
1990	00431010	2
1991	00431050	8
1992	00431120	0
1993	00431140	2
1994	00431170	2
1995	004311c0	2
1996	00431200	2
1997	00431230	0
1998	00431260	0
1999	004312a0	3
2000	00431310	24
2001	004314c0	7
2002	00431590	0
2003	004315e0	2
2004	00431610	3
2005	00431650	9
2006	00431740	0
2007	00431780	3
2008	004317f0	24
2009	004319a0	7
2010	00431a70	0
2011	00431ac0	2
2012	00431af0	3
2013	00431b30	9
2014	00431c20	2
2015	00431c50	2
2016	00431c80	2
2017	00431cb0	2
2018	00431d10	2
2019	00431d70	4
2020	00431df0	3
2021	00431e70	2
2022	00431ea0	3
2023	00431ef0	3
2024	00431f60	0
2025	00431f60	3
2026	00431fa0	2
2027	00431fe0	3
2028	00432070	2
2029	004320a0	3
2030	004320f0	0
2031	004320f0	3
2032	00432130	2
2033	00432170	6
2034	004321f0	0
2035	00432240	0
2036	00432260	0
2037	00432280	0
2038	004322a0	4
2039	00432300	2
2040	00432340	2
2041	00432390	2
2042	004323c0	2
2043	004323f0	0
2044	00432400	2
2045	00432450	3
2046	00432490	3
2047	004324d0	2
2048	00432500	2
2049	00432530	2
2050	00432560	22
2051	00432740	15
2052	00432860	4
2053	004328d0	8
2054	00432990	2
2055	004329c0	2
2056	004329f0	0
2057	00432a20	6
2058	00432aa0	0
2059	00432af0	0
2060	00432b10	0
2061	00432b30	0
2062	00432b50	4
2063	00432bb0	2
2064	00432bf0	2
2065	00432c40	2
2066	00432c70	2
2067	00432ca0	6
2068	00432d20	0
2069	00432d70	0
2070	00432d90	0
2071	00432db0	0
2072	00432dd0	4
2073	00432e30	2
2074	00432e70	2
2075	00432ec0	2
2076	00432ef0	2
2077	00432f20	0
2078	00432f40	2
2079	00432fa0	0
2080	00432fd0	0
2081	00433000	0
2082	00433020	17
2083	00433260	2
2084	00433290	2
2085	004332c0	0
2086	004332e0	3
2087	00433310	0
2088	00433320	0
2089	00433330	0
2090	00433350	134
2091	00433b80	3
2092	00433bc0	4
2093	00433c20	7
2094	00433cb0	10
2095	00433dd0	75
2096	00434280	2
2097	004342b0	2
2098	004342e0	2
2099	00434310	2
2100	00434340	2
2101	00434370	0
2102	00434390	7
2103	00434440	0
2104	00434460	2
2105	00434490	2
2106	004344e0	2
2107	00434510	2
2108	00434550	0
2109	00434580	0
2110	004345a0	17
2111	004347e0	2
2112	00434810	2
2113	00434840	0
2114	00434860	17
2115	00434aa0	2
2116	00434ad0	2
2117	00434b00	0
2118	00434b30	2
2119	00434b80	0
2120	00434b90	0
2121	00434ba0	3
2122	00434be0	6
2123	00434c90	19
2124	00434dd0	3
2125	00434e10	3
2126	00434e50	19
2127	00434f90	4
2128	00434ff0	2
2129	00435020	2
2130	00435050	10
2131	00435140	2
2132	00435170	2
2133	004351c0	2
2134	00435210	0
2135	00435240	2
2136	00435270	6
2137	00435320	2
2138	00435350	4
2139	004353b0	4
2140	00435410	2
2141	00435440	2
2142	00435470	2
2143	004354a0	2
2144	004354d0	2
2145	00435500	0
2146	00435520	0
2147	00435540	2
2148	00435570	0
2149	00435590	0
2150	004355b0	0
2151	004355d0	2
2152	00435600	2
2153	00435640	0
2154	00435660	6
2155	00435750	4
2156	004357b0	7
2157	00435890	4
2158	004358f0	0
2159	00435910	2
2160	00435940	0
2161	00435960	0
2162	00435980	2
2163	004359b0	0
2164	004359d0	2
2165	00435a00	0
2166	00435a20	2
2167	00435a60	0
2168	00435a70	0
2169	00435aa0	2
2170	00435ae0	0
2171	00435af0	0
2172	00435b20	2
2173	00435b60	0
2174	00435b70	0
2175	00435ba0	2
2176	00435bd0	3
2177	00435c10	2
2178	00435c40	2
2179	00435c70	2
2180	00435ca0	2
2181	00435ce0	3
2182	00435d70	2
2183	00435d90	0
2184	00435dc0	2
2185	00435df0	2
2186	00435e30	3
2187	00435ec0	2
2188	00435ee0	2
2189	00435f10	2
2190	00435f50	3
2191	00435fe0	2
2192	00436000	2
2193	00436060	0
2194	00436070	3
2195	004360b0	3
2196	004360f0	3
2197	00436130	2
2198	00436170	2
2199	004361b0	0
2200	004361e0	0
2201	00436210	2
2202	00436240	2
2203	00436270	2
2204	004362a0	2
2205	004362d0	2
2206	00436300	2
2207	00436330	0
2208	00436360	3
2209	004363a0	0
2210	004363d0	2
2211	00436410	2
2212	00436490	3
2213	004364d0	2
2214	00436500	3
2215	00436570	2
2216	004365b0	2
2217	004365e0	2
2218	00436610	0
2219	00436620	1
2220	00436630	1
2221	00436640	1
2222	00436650	1
2223	00436660	1
2224	00436670	1
2225	00436680	1
2226	00436690	1
2227	004366a0	1
2228	004366b0	1
2229	004366c0	0
2230	00436700	1
2231	00436710	1
2232	00436720	1
2233	00436730	1
2234	00436740	1
2235	00436750	1
2236	00436760	1
2237	00436770	1
2238	00436780	1
2239	00436790	1
2240	004367a0	1
2241	004367b0	1
2242	004367c0	1
2243	004367d0	1
2244	004367e0	1
2245	004367f0	1
2246	00436800	1
2247	00436810	1
2248	00436820	1
2249	00436830	1
2250	00436840	1
2251	00436850	1
2252	00436860	1
2253	00436870	1
2254	00436880	1
2255	00436890	1
2256	004368a0	1
2257	004368b0	1
2258	004368c0	1
2259	004368d0	1
2260	004368e0	1
2261	004368f0	1
2262	00436900	1
2263	00436910	1
2264	00436920	1
2265	00436930	1
2266	00436940	1
2267	00436950	1
2268	00436960	1
2269	00436970	0
2270	00436990	1
2271	004369a0	1
2272	004369b0	1
2273	004369c0	1
2274	004369d0	1
2275	004369e0	1
2276	004369f0	1
2277	00436a00	1
2278	00436a10	1
2279	00436a20	1
2280	00436a30	1
2281	00436a40	1
2282	00436a50	1
2283	00436a60	1
2284	00436a70	1
2285	00436a80	1
2286	00436a90	1
2287	00436aa0	1
2288	00436ab0	1
2289	00436ac0	1
2290	00436ad0	1
2291	00436ae0	1
2292	00436af0	1
2293	00436b00	1
2294	00436b10	1
2295	00436b20	1
2296	00436b30	1
2297	00436b40	1
2298	00436b50	1
2299	00436b60	1
2300	00436b70	1
2301	00436b80	1
2302	00436b90	1
2303	00436ba0	1
2304	00436bb0	1
2305	00436bc0	1
2306	00436bd0	1
2307	00436be0	1
2308	00436bf0	1
2309	00436c00	1
2310	00436c10	1
2311	00436c20	1
2312	00436c30	1
2313	00436c40	1
2314	00436c50	1
71335	00436c60	2
71336	00436c71	2
2315	00436c89	4
2316	00436db0	6
2317	00436e86	7
2318	00436f4d	2
2319	00436f7e	8
71337	00437069	3
71338	0043707f	2
2320	004370a0	4
2321	004371e0	0
2322	004371e0	3
2323	00437220	4
2324	00437260	2
2325	00437290	0
2326	00437290	3
2327	004372d0	4
2328	00437310	2
2329	00437340	0
2330	00437380	2
2331	004373e0	2
2332	00437410	3
2333	00437450	2
2334	00437480	3
2335	00437510	0
2336	00437530	1
2337	00437540	1
2338	00437550	1
2339	00437560	1
2340	00437570	1
2341	00437580	1
2342	00437590	1
2343	004375a0	1
2344	004375b0	1
2345	004375c0	1
2346	004375d0	1
2347	004375e0	1
2348	004375f0	1
2349	00437600	1
2350	00437610	1
2351	00437620	1
2352	00437630	1
2353	00437640	1
2354	00437650	1
2355	00437660	1
2356	00437670	1
2357	00437680	1
2358	00437690	1
2359	004376a0	1
2360	004376b0	1
2361	004376c0	1
2362	004376d0	1
2363	004376e0	1
2364	004376f0	1
2365	00437700	1
2366	00437710	1
2367	00437720	1
2368	00437730	1
2369	00437740	1
2370	00437750	1
71327	00437760	2
71328	00437771	2
2371	0043778b	8
2372	0043792c	3
2373	0043797d	3
2374	004379d0	13
2375	00437b25	4
2376	00437b7a	11
2377	00437cb0	0
2378	00437cc4	6
2379	00437d73	5
2380	00437dfe	6
2381	00437ea8	5
2382	00437f2c	4
2383	00437fa9	5
2384	00438033	4
2385	004380b4	5
2386	00438145	5
2387	004381c6	3
2388	00438209	0
2389	00438249	4
2390	0043829d	9
2391	00438372	10
2392	0043845d	3
2393	004384a2	3
2394	004384df	0
2395	00438507	0
71329	0043851b	3
71330	00438531	2
71331	0043854a	7
71332	00438574	2
71333	0043858d	2
71334	004385a6	2
2396	004385c0	0
2397	004385c0	3
2398	00438610	4
2399	00438650	4
2400	004386e0	3
2401	00438750	4
2402	004387c0	3
2403	00438800	2
2404	00438830	19
2405	004389f0	4
2406	00438a50	4
2407	00438ab0	4
2408	00438b10	4
2409	00438b70	4
2410	00438bd0	5
2411	00438c40	4
2412	00438ca0	4
2413	00438d00	0
2414	00438d00	3
2415	00438d40	2
2416	00438d70	7
2417	00438e00	4
2418	00438e80	6
2419	00438ef0	0
2420	00438f10	2
2421	00438f40	0
2422	00438f60	0
2423	00438f80	1
2424	00438f90	1
2425	00438fa0	1
2426	00438fb0	1
2427	00438fc0	1
2428	00438fd0	1
2429	00438fe0	1
2430	00438ff0	1
2431	00439000	1
2432	00439010	1
2433	00439020	1
2434	00439030	1
2435	00439040	1
2436	00439050	1
2437	00439060	1
2438	00439070	1
2439	00439080	1
2440	00439090	1
2441	004390a0	1
2442	004390b0	1
2443	004390c0	1
2444	004390d0	1
2445	004390e0	1
2446	004390f0	1
2447	00439100	1
2448	00439110	1
2449	00439120	1
2450	00439130	1
2451	00439140	1
2452	00439150	1
2453	00439160	1
2454	00439170	1
2455	00439180	1
2456	00439190	1
2457	004391a0	3
2458	00439208	3
2459	0043927d	3
2460	004392e2	13
2461	00439411	3
2462	0043943f	3
2463	0043946d	13
2464	00439559	38
2465	00439970	9
2466	00439a37	4
2467	00439a9b	14
2468	00439c02	3
71323	00439c41	3
71324	00439c57	2
71325	00439c70	3
71326	00439c86	2
2469	00439ca0	0
2470	00439ca0	3
2471	00439ce0	2
2472	00439d10	2
2473	00439d40	0
2474	00439d40	3
2475	00439d80	3
2476	00439de0	2
2477	00439e20	3
2478	00439ea0	0
2479	00439ea0	3
2480	00439ee0	3
2481	00439ff0	2
2482	0043a020	0
2483	0043a020	3
2484	0043a060	2
2485	0043a090	2
2486	0043a0c0	4
2487	0043a120	2
2488	0043a150	6
2489	0043a1e0	0
2490	0043a210	4
2491	0043a270	2
2492	0043a2a0	3
2493	0043a2e0	3
2494	0043a3c0	2
2495	0043a3f0	6
2496	0043a470	24
2497	0043a630	6
2498	0043a6b0	3
2499	0043a720	24
2500	0043a8d0	0
2501	0043a920	6
2502	0043a9a0	24
2503	0043ab60	2
2504	0043ab90	2
2505	0043abc0	2
2506	0043abf0	2
2507	0043ac30	2
2508	0043ac60	2
2509	0043ac90	2
2510	0043acc0	2
2511	0043acf0	2
2512	0043ad20	3
2513	0043ad80	2
2514	0043adc0	2
2515	0043adf0	2
2516	0043ae20	2
2517	0043ae60	8
2518	0043af30	2
2519	0043af60	2
2520	0043af90	2
2521	0043afd0	2
2522	0043b000	2
2523	0043b040	0
2524	0043b080	3
2525	0043b0f0	7
2526	0043b1c0	3
2527	0043b200	9
2528	0043b2f0	0
2529	0043b340	0
2530	0043b360	0
2531	0043b380	0
2532	0043b3d0	2
2533	0043b420	2
2534	0043b450	0
2535	0043b4a0	0
2536	0043b4c0	0
2537	0043b4e0	2
2538	0043b520	2
2539	0043b570	2
2540	0043b5a0	2
2541	0043b5d0	0
2542	0043b620	0
2543	0043b640	0
2544	0043b660	0
2545	0043b6b0	2
2546	0043b6f0	2
2547	0043b740	2
2548	0043b770	2
2549	0043b7a0	0
2550	0043b7c0	2
2551	0043b810	3
2552	0043b850	3
2553	0043b890	2
2554	0043b8c0	2
2555	0043b8f0	0
2556	0043b910	2
2557	0043b940	22
2558	0043bb20	2
2559	0043bb60	134
2560	0043c390	15
2561	0043c4b0	4
2562	0043c510	8
2563	0043c5d0	2
2564	0043c5f0	2
2565	0043c620	2
2566	0043c650	0
2567	0043c680	7
2568	0043c730	2
2569	0043c760	0
2570	0043c790	0
2571	0043c7c0	6
2572	0043c840	24
2573	0043ca00	0
2574	0043ca50	0
2575	0043ca70	0
2576	0043cac0	4
2577	0043cb20	2
2578	0043cb60	2
2579	0043cbb0	2
2580	0043cbe0	2
2581	0043cc10	2
2582	0043cc40	2
2583	0043cc70	2
2584	0043cca0	2
2585	0043ccd0	2
2586	0043cd00	0
2587	0043cd20	0
2588	0043cd30	3
2589	0043cd60	0
2590	0043cd70	0
2591	0043cd80	0
2592	0043cd90	0
2593	0043cda0	3
2594	0043cde0	10
2595	0043cee0	7
2596	0043cf70	10
2597	0043d090	75
2598	0043d540	2
2599	0043d570	2
2600	0043d5a0	19
2601	0043d6e0	3
2602	0043d720	3
2603	0043d760	2
2604	0043d790	2
2605	0043d7c0	19
2606	0043d900	2
2607	0043d930	0
2608	0043d950	0
2609	0043d970	2
2610	0043d9a0	2
2611	0043d9f0	2
2612	0043da20	0
2613	0043da40	0
2614	0043da60	0
2615	0043da80	17
2616	0043dcd0	2
2617	0043dd00	2
2618	0043dd30	3
2619	0043dd90	5
2620	0043de10	6
2621	0043dec0	4
2622	0043df20	2
2623	0043df50	10
2624	0043e040	2
2625	0043e070	2
2626	0043e0c0	14
2627	0043e190	2
2628	0043e1c0	12
2629	0043e2d0	0
2630	0043e300	3
2631	0043e390	5
2632	0043e400	4
2633	0043e460	4
2634	0043e4c0	2
2635	0043e4f0	0
2636	0043e530	2
2637	0043e570	2
2638	0043e5e0	2
2639	0043e620	2
2640	0043e6b0	2
2641	0043e6f0	2
2642	0043e730	2
2643	0043e770	0
2644	0043e7b0	2
2645	0043e7f0	0
2646	0043e800	0
2647	0043e830	2
2648	0043e860	2
2649	0043e890	2
2650	0043e8c0	0
2651	0043e8f0	2
2652	0043e930	2
2653	0043e960	3
2654	0043e9f0	2
2655	0043ea50	0
2656	0043ea60	3
2657	0043eaf0	2
2658	0043eb10	0
2659	0043eb40	0
2660	0043eb50	0
2661	0043eb80	0
2662	0043ebb0	2
2663	0043ebd0	2
2664	0043ec00	2
2665	0043ec40	3
2666	0043ecd0	2
2667	0043ecf0	3
2668	0043ed80	6
2669	0043ee30	3
2670	0043eeb0	2
2671	0043eef0	3
2672	0043ef30	3
2673	0043ef70	3
2674	0043eff0	3
2675	0043f030	3
2676	0043f070	3
2677	0043f0b0	2
2678	0043f0f0	2
2679	0043f120	3
2680	0043f160	0
2681	0043f160	3
2682	0043f1a0	3
2683	0043f220	3
2684	0043f280	2
2685	0043f2b0	5
2686	0043f350	3
2687	0043f3b0	0
2688	0043f3b0	3
2689	0043f3f0	5
2690	0043f4d0	0
2691	0043f4d0	3
2692	0043f510	6
2693	0043f590	3
2694	0043f610	24
2695	0043f7d0	0
2696	0043f810	0
2697	0043f830	2
2698	0043f860	2
2699	0043f890	4
2700	0043f900	0
2701	0043f940	0
2702	0043f980	2
2703	0043f9c0	6
2704	0043fa50	5
2705	0043fad0	13
2706	0043fbd0	0
2707	0043fc20	0
2708	0043fc40	0
2709	0043fc60	0
2710	0043fcb0	2
2711	0043fcf0	2
2712	0043fd40	2
2713	0043fd70	2
2714	0043fda0	0
2715	0043fdc0	3
2716	0043fe00	3
2717	0043fe40	2
2718	0043fe70	2
2719	0043fea0	5
2720	0043ff10	4
2721	0043ff80	4
2722	00440010	2
2723	00440040	2
2724	00440070	2
2725	004400b0	2
2726	004400f0	2
2727	00440120	2
2728	00440160	2
2729	004401a0	2
2730	004401d0	2
2731	00440200	11
2732	004402d0	12
2733	004403b0	0
2734	004403c0	0
2735	004403d0	0
2736	004403e0	2
2737	00440410	2
2738	00440440	0
2739	00440460	0
2740	00440490	2
2741	004404c0	2
2742	00440510	0
2743	00440540	2
2744	00440570	2
2745	004405a0	0
2746	004405c0	4
2747	00440600	0
2748	00440620	6
2749	004406b0	3
2750	004406f0	4
2751	00440730	0
2752	00440750	6
2753	004407e0	3
2754	00440820	3
2755	004408c0	3
2756	00440970	0
2757	004409b0	2
2758	004409f0	2
2759	00440a20	2
2760	00440a80	0
2761	00440a90	2
2762	00440b00	0
2763	00440b10	2
2764	00440b50	2
2765	00440b90	2
2766	00440bd0	2
2767	00440c00	2
2768	00440c30	0
2769	00440c50	2
2770	00440ca0	8
2771	00440d70	0
2772	00440d90	2
2773	00440de0	8
2774	00440eb0	0
2775	00440ee0	2
2776	00440f20	2
71319	00440fa0	2
71320	00440fb1	2
2777	00440fc7	2
2778	00441018	6
2779	0044110e	4
2780	004411b2	2
2781	00441211	2
2782	00441271	6
2783	00441375	4
2784	00441421	3
2785	0044144a	18
2786	004415ea	18
71321	0044179a	3
71322	004417b0	2
2787	004417d0	0
2788	004417d0	3
2789	00441810	2
2790	00441840	2
2791	00441870	2
2792	00441890	2
2793	004418d0	0
2794	004418d0	3
2795	00441910	2
2796	00441940	2
2797	00441970	3
2798	004419d0	0
2799	004419d0	3
2800	00441a10	2
2801	00441a40	2
2802	00441a70	2
2803	00441aa0	0
2804	00441aa0	3
2805	00441ae0	2
2806	00441b10	2
2807	00441b60	0
2808	00441b60	3
2809	00441ba0	2
2810	00441bd0	3
2811	00441c40	2
2812	00441c60	2
2813	00441c90	3
2814	00441d00	2
2815	00441d20	2
2816	00441d50	2
2817	00441d90	2
2818	00441dc0	3
2819	00441e20	3
2820	00441e80	2
2821	00441ec0	2
2822	00441ef0	2
2823	00441f20	2
2824	00441f50	3
2825	00441fb0	3
2826	00442010	2
2827	00442050	2
2828	00442080	3
2829	004420e0	2
2830	00442120	8
2831	004421f0	2
2832	00442220	0
2833	00442250	2
2834	00442290	2
2835	004422c0	3
2836	00442320	2
2837	00442360	8
2838	00442430	2
2839	00442460	0
2840	00442490	2
2841	004424e0	3
2842	00442520	2
2843	00442550	22
2844	00442730	2
2845	00442770	15
2846	00442890	8
2847	00442950	2
2848	00442980	2
2849	004429b0	2
2850	00442a00	3
2851	00442a40	2
2852	00442a70	22
2853	00442c50	2
2854	00442cd0	15
2855	00442df0	8
2856	00442eb0	2
2857	00442ee0	2
2858	00442f10	0
2859	00442f40	0
2860	00442f70	0
2861	00442f90	2
2862	00442fc0	3
2863	00442ff0	0
2864	00443000	0
2865	00443010	0
2866	00443020	0
2867	00443040	134
2868	00443870	3
2869	004438b0	7
2870	00443940	10
2871	00443a60	75
2872	00443f10	2
2873	00443f40	2
2874	00443f70	2
2875	00443fa0	0
2876	00443fc0	2
2877	00443ff0	2
2878	00444040	2
2879	00444070	2
2880	004440b0	0
2881	004440d0	2
2882	00444100	3
2883	00444130	0
2884	00444140	0
2885	00444150	0
2886	00444160	0
2887	00444180	134
2888	004449b0	3
2889	004449f0	7
2890	00444a80	10
2891	00444ba0	75
2892	00445050	2
2893	00445080	2
2894	004450b0	2
2895	004450e0	0
2896	00445100	2
2897	00445130	2
2898	00445180	2
2899	004451b0	2
2900	004451f0	0
2901	00445200	0
2902	00445210	6
2903	004452c0	19
2904	00445400	3
2905	00445440	3
2906	00445480	19
2907	004455c0	4
2908	00445620	2
2909	00445650	2
2910	00445680	0
2911	004456a0	10
2912	00445790	2
2913	004457c0	0
2914	004457d0	0
2915	004457e0	6
2916	00445890	19
2917	004459d0	3
2918	00445a10	3
2919	00445a50	19
2920	00445b90	4
2921	00445bf0	2
2922	00445c20	2
2923	00445c50	0
2924	00445c70	10
2925	00445d60	2
2926	00445d90	2
2927	00445dc0	2
2928	00445df0	7
2929	00445ea0	2
2930	00445ed0	2
2931	00445f00	7
2932	00445fb0	5
2933	00446020	0
2934	00446040	0
2935	00446090	4
2936	004460f0	3
2937	00446130	2
2938	00446160	4
2939	004461c0	3
2940	00446200	2
2941	00446230	4
2942	00446300	2
2943	00446330	2
2944	00446380	2
2945	004463b0	2
2946	00446400	2
2947	00446470	2
2948	004464a0	2
2949	00446500	2
2950	00446540	0
2951	00446560	7
2952	00446660	3
2953	004466d0	2
2954	00446700	6
2955	004467c0	2
2956	004467f0	2
2957	00446820	6
2958	004468e0	2
2959	00446910	2
2960	00446950	3
2961	004469c0	2
2962	00446a00	3
2963	00446a70	0
2964	00446aa0	0
2965	00446ad0	3
2966	00446b60	2
2967	00446b80	3
2968	00446c10	2
2969	00446c30	0
2970	00446c30	3
2971	00446c70	0
2972	00446c70	3
2973	00446cb0	0
2974	00446cb0	3
2975	00446cf0	0
2976	00446cf0	3
2977	00446d30	2
2978	00446d70	2
2979	00446db0	2
2980	00446de0	3
2981	00446e50	3
2982	00446e90	3
2983	00446f00	3
2984	00446f40	4
2985	00446fb0	0
2986	00446fd0	2
2987	00447010	2
2988	00447040	2
2989	00447060	3
2990	004470a0	6
2991	00447160	3
2992	004471d0	3
2993	00447240	0
2994	00447260	3
2995	004472f0	2
2996	00447330	2
2997	00447370	4
2998	004473b0	0
2999	004473d0	0
3000	004473f0	2
3001	00447430	4
3002	00447470	0
3003	00447490	0
3004	004474b0	2
3005	004474f0	2
3006	00447530	3
3007	00447570	2
3008	004475a0	0
3009	004475a0	3
3010	004475e0	8
3011	004476e0	2
3012	00447730	2
3013	00447770	2
3014	004477a0	2
3015	004477f0	2
3016	00447840	2
3017	00447870	2
3018	004478a0	1
3019	004478b0	1
3020	004478c0	1
3021	004478d0	1
3022	004478e0	3
3023	0044796b	4
3024	00447a2b	0
3025	00447a4c	30
71316	00447c9f	2
3026	00447cb5	2
71317	00447d37	3
71318	00447d4d	2
3027	00447d70	0
3028	00447d70	3
3029	00447db0	2
3030	00447df0	4
3031	00447e70	0
3032	00447e90	2
3033	00447ec0	0
3034	00447ee0	3
3035	00447f50	2
3036	00447f90	0
3037	00447f90	3
3038	00447fd0	2
3039	00448010	0
3040	00448010	3
3041	00448050	3
3042	00448090	3
3043	00448110	3
3044	00448170	0
3045	004481b0	7
3046	00448280	3
3047	004482c0	24
3048	00448470	0
3049	004484c0	4
3050	00448530	2
3051	00448580	2
3052	004485b0	2
3053	004485e0	0
3054	00448630	17
3055	00448890	2
3056	004488c0	2
3057	00448910	2
3058	00448940	2
3059	00448970	2
3060	004489a0	0
3061	004489d0	0
3062	00448a00	2
3063	00448a30	2
3064	00448a60	2
3065	00448aa0	3
3066	00448b30	4
3067	00448b70	2
3068	00448bb0	3
3069	00448c3b	4
3070	00448cfb	0
3071	00448d1c	24
71313	00448f2d	2
3072	00448f43	2
71314	00448fc5	3
71315	00448fdb	2
3073	00449000	0
3074	00449000	3
3075	00449040	2
3076	00449070	2
3077	004490b0	0
3078	004490b0	3
3079	004490f0	0
3080	004490f0	3
3081	00449130	2
3082	00449160	2
3083	00449190	2
3084	004491c0	2
3085	004491f0	19
3086	004493b0	4
3087	00449420	0
3088	00449440	0
3089	00449470	7
3090	00449500	2
3091	00449530	0
3092	00449550	0
3093	00449570	4
3094	004495f0	0
71303	00449610	2
71304	00449621	2
71305	0044963b	2
71306	0044964c	2
3095	00449664	15
3096	004498c9	71
3097	00449f6b	6
3098	00449fdf	114
3099	0044a964	41
3100	0044add1	56
3101	0044b26f	4
3102	0044b2d0	21
3103	0044b4d0	0
3104	0044b4e7	9
3105	0044b5f8	62
3106	0044bb24	7
3107	0044bc0c	3
3108	0044bc89	12
3109	0044bdea	4
3110	0044be72	12
3111	0044bfd3	12
3112	0044c134	9
3113	0044c226	3
3114	0044c2a8	3
3115	0044c2e1	3
3116	0044c316	4
3117	0044c375	3
3118	0044c3a6	32
3119	0044c700	37
3120	0044ca41	24
3121	0044cca7	29
3122	0044cf6a	3
3123	0044cf99	3
3124	0044cfc8	2
3125	0044d019	2
71307	0044d040	3
71308	0044d056	2
71309	0044d06f	7
71310	0044d099	2
71311	0044d0b2	2
71312	0044d0cb	2
3126	0044d0f0	0
3127	0044d0f0	3
3128	0044d130	2
3129	0044d170	2
3130	0044d1a0	4
3131	0044d1e0	8
3132	0044d2c0	6
3133	0044d330	2
3134	0044d360	2
3135	0044d390	4
3136	0044d3f0	0
3137	0044d410	4
3138	0044d460	2
3139	0044d4c0	2
3140	0044d520	0
3141	0044d520	3
3142	0044d560	0
3143	0044d560	3
3144	0044d5a0	2
3145	0044d5d0	0
3146	0044d5f0	2
3147	0044d620	2
3148	0044d650	0
3149	0044d680	2
3150	0044d6b0	3
3151	0044d6e0	0
3152	0044d700	3
3153	0044d740	2
3154	0044d770	2
3155	0044d7a0	0
3156	0044d7c0	2
3157	0044d850	0
3158	0044d870	0
3159	0044d890	0
3160	0044d8b0	0
3161	0044d8d0	2
3162	0044d900	4
3163	0044d940	2
3164	0044d970	4
3165	0044d9b0	2
3166	0044d9e0	4
3167	0044da20	2
3168	0044da60	7
3169	0044db20	3
3170	0044db80	5
3171	0044dbf0	5
3172	0044dc60	5
3173	0044dcd0	3
3174	0044dd30	2
3175	0044dd80	3
3176	0044ddf0	2
3177	0044de20	0
3178	0044de30	22
3179	0044e010	3
3180	0044e050	10
3181	0044e170	2
3182	0044e1a0	2
3183	0044e1d0	2
3184	0044e200	2
3185	0044e230	2
3186	0044e260	0
3187	0044e290	0
3188	0044e2b0	3
3189	0044e2e0	0
3190	0044e2f0	0
3191	0044e300	0
3192	0044e310	75
3193	0044e7c0	0
3194	0044e7d0	19
3195	0044e910	19
3196	0044ea50	4
3197	0044eab0	0
3198	0044ead0	0
3199	0044eaf0	2
3200	0044eb20	0
3201	0044eb50	2
3202	0044eb80	2
3203	0044ebb0	10
3204	0044eca0	3
3205	0044ece0	2
3206	0044ed10	2
3207	0044ed40	4
3208	0044edb0	0
3209	0044edd0	3
3210	0044ee10	2
3211	0044ee40	2
3212	0044ee70	2
3213	0044eea0	0
3214	0044eec0	2
3215	0044eef0	2
3216	0044ef20	0
3217	0044ef40	2
3218	0044ef70	2
3219	0044efa0	0
3220	0044efc0	2
3221	0044eff0	2
3222	0044f030	0
3223	0044f070	0
3224	0044f090	2
3225	0044f0c0	2
3226	0044f0f0	2
3227	0044f120	4
3228	0044f180	2
3229	0044f1c0	2
3230	0044f200	2
3231	0044f240	3
3232	0044f2d0	0
3233	0044f2d0	3
3234	0044f310	2
3235	0044f340	2
3236	0044f370	3
3237	0044f400	3
3238	0044f470	1
3239	0044f480	1
3240	0044f490	1
3241	0044f4a0	1
3242	0044f4b0	1
3243	0044f4c0	1
3244	0044f4d0	1
3245	0044f4e0	1
3246	0044f4f0	1
3247	0044f500	1
3248	0044f510	1
3249	0044f520	1
3250	0044f530	1
3251	0044f540	1
3252	0044f550	1
3253	0044f560	1
3254	0044f570	1
3255	0044f580	1
3256	0044f590	1
3257	0044f5a0	1
3258	0044f5b0	1
3259	0044f5c0	1
3260	0044f5d0	1
3261	0044f5e0	1
3262	0044f5f0	1
3263	0044f600	1
3264	0044f610	1
3265	0044f620	1
3266	0044f630	1
3267	0044f640	1
3268	0044f650	1
3269	0044f660	1
3270	0044f670	1
3271	0044f680	1
3272	0044f690	1
3273	0044f6a0	2
3274	0044f6b8	8
71301	0044f73f	3
71302	0044f755	2
3275	0044f770	21
3276	0044f960	2
3277	0044f990	2
3278	0044f9b0	2
3279	0044f9e0	0
71295	0044fa00	2
71296	0044fa11	2
71297	0044fa2b	2
71298	0044fa3c	2
3280	0044fa52	0
3281	0044fa6d	4
3282	0044fb0c	6
3283	0044fbd6	4
3284	0044fc84	2
3285	0044fcb1	3
3286	0044fcfc	0
3287	0044fd10	0
3288	0044fd24	0
3289	0044fd3a	0
3290	0044fd50	2
3291	0044fda9	2
3292	0044fe00	0
3293	0044fe16	3
3294	0044fe69	9
71299	0044ffb1	3
71300	0044ffc7	2
3295	0044ffe0	0
3296	0044ffe0	3
3297	00450020	2
3298	00450050	0
3299	00450050	3
3300	00450090	4
3301	00450170	4
3302	004501f0	0
3303	00450210	2
3304	00450240	0
3305	00450240	3
3306	00450280	0
3307	004502a0	2
3308	004502e0	0
3309	004502e0	3
3310	00450320	4
3311	004503b0	0
3312	004503d0	2
3313	00450410	7
3314	004504a0	4
3315	00450510	0
3316	00450530	3
3317	00450570	2
3318	004505a0	2
3319	004505d0	5
3320	00450670	3
3321	004506d0	4
3322	00450760	4
3323	004507f0	7
3324	004508b0	8
3325	00450970	5
3326	00450a30	4
3327	00450a90	2
3328	00450ab0	0
3329	00450ac0	4
3330	00450b20	2
3331	00450b50	8
3332	00450c30	12
3333	00450d40	5
3334	00450e20	7
3335	00450ee0	8
3336	00450fa0	5
3337	00451060	4
3338	004510c0	4
3339	00451120	8
3340	00451200	12
3341	00451310	5
3342	004513f0	2
3343	00451420	3
3344	00451460	3
3345	004514a0	6
3346	00451560	2
3347	00451590	8
3348	00451670	8
3349	00451760	13
3350	00451890	8
3351	00451980	0
3352	004519c0	13
3353	00451b50	8
3354	00451c40	13
3355	00451d70	8
3356	00451e60	0
3357	00451ea0	4
3358	00451ef0	7
3359	00451fd0	16
3360	00452170	4
3361	00452210	4
3362	00452260	0
3363	00452280	4
3364	004522d0	4
3365	00452320	4
3366	00452370	0
3367	00452390	0
3368	004523b0	4
3369	00452410	0
3370	00452430	4
3371	00452490	3
3372	004524e0	2
3373	00452510	0
3374	00452530	6
3375	004525a0	0
3376	004525c0	0
3377	004525e0	2
3378	00452610	0
3379	00452630	2
3380	00452670	0
3381	00452690	1
71285	004526a0	2
71286	004526b1	2
71287	004526c7	2
71288	004526d8	2
3382	004526f2	5
3383	0045278a	2
3384	004527b1	11
3385	004528c9	0
3386	004528e0	2
3387	00452907	2
3388	00452930	2
3389	00452954	16
3390	00452aa3	32
71289	00452ddd	2
71290	00452df3	2
3391	00452e09	3
3392	00452e67	10
71291	00452fbe	2
3393	00452fdd	4
3394	00453086	12
71292	0045325e	2
71293	0045327d	3
71294	00453293	2
3395	004532b0	0
3396	004532b0	3
3397	004532f0	2
3398	00453320	2
3399	00453350	5
3400	004533f0	0
3401	004533f0	3
3402	00453430	3
3403	004534a0	2
3404	004534c0	2
3405	004534f0	4
3406	00453590	0
3407	00453590	3
3408	004535d0	2
3409	00453600	3
3410	00453660	3
3411	004536c0	2
3412	00453700	3
3413	00453750	9
3414	00453840	2
3415	00453880	2
3416	004538b0	3
3417	00453910	2
3418	00453950	8
3419	00453a20	2
3420	00453a50	0
3421	00453a80	2
3422	00453ad0	3
3423	00453b10	2
3424	00453b40	22
3425	00453d20	15
3426	00453e40	8
3427	00453f00	2
3428	00453f30	2
3429	00453f60	0
3430	00453f90	0
3431	00453fb0	2
3432	00453fe0	3
3433	00454010	0
3434	00454020	0
3435	00454030	0
3436	00454040	0
3437	00454060	134
3438	00454890	3
3439	004548d0	7
3440	00454960	10
3441	00454a80	75
3442	00454f30	2
3443	00454f60	2
3444	00454f90	2
3445	00454fc0	0
3446	00454fe0	2
3447	00455010	2
3448	00455060	2
3449	00455090	2
3450	004550d0	0
3451	004550e0	0
3452	004550f0	6
3453	004551a0	19
3454	004552e0	3
3455	00455320	3
3456	00455360	19
3457	004554a0	4
3458	00455500	2
3459	00455530	2
3460	00455560	0
3461	00455580	10
3462	00455670	2
3463	004556a0	2
3464	004556d0	2
3465	00455700	7
3466	004557b0	2
3467	004557e0	2
3468	00455810	19
3469	004559d0	4
3470	00455a70	2
3471	00455ab0	2
3472	00455b10	0
3473	00455b30	4
3474	00455bd0	2
3475	00455c00	2
3476	00455c40	2
3477	00455c80	2
3478	00455cb0	19
3479	00455e70	2
3480	00455ea0	6
3481	00455f60	2
3482	00455f90	2
3483	00455fd0	3
3484	00456040	4
3485	004560b0	0
3486	004560d0	0
3487	004560f0	0
3488	00456120	0
3489	00456150	3
3490	004561e0	2
3491	00456200	0
3492	00456200	3
3493	00456240	2
3494	00456270	0
3495	00456270	3
3496	004562b0	0
3497	004562b0	3
3498	004562f0	2
3499	00456320	3
3500	00456390	3
3501	004563d0	3
3502	00456440	7
3503	004564d0	4
3504	00456550	2
3505	00456590	2
3506	004565c0	0
3507	004565e0	0
3508	00456600	2
3509	00456640	2
3510	00456690	2
3511	004566c0	2
3512	00456710	2
3513	00456780	2
3514	004567b0	2
3515	00456810	0
3516	00456830	9
3517	00456920	6
3518	004569b0	0
3519	004569d0	0
3520	004569f0	0
3521	00456a10	0
3522	00456a10	3
3523	00456a50	2
3524	00456a80	3
3525	00456b00	2
3526	00456b40	0
3527	00456b40	3
3528	00456b80	0
3529	00456ba0	3
3530	00456c10	0
3531	00456c10	3
3532	00456c50	9
3533	00456d80	2
3534	00456dc0	9
3535	00456ef0	0
3536	00456f10	0
3537	00456f30	5
3538	00456fc0	0
3539	00456ff0	2
3540	00457020	2
3541	00457050	0
3542	00457070	0
3543	00457090	4
3544	00457110	0
3545	00457130	4
3546	00457170	0
3547	00457190	0
3548	004571b0	2
3549	004571f0	2
3550	00457220	5
3551	004572b0	3
3552	004572f0	0
3553	004572f0	3
3554	00457330	2
3555	00457360	4
3556	00457430	2
3557	00457460	0
3558	00457460	3
3559	004574a0	0
3560	004574a0	3
3561	004574e0	0
3562	00457500	0
3563	00457520	3
3564	004575b0	2
3565	004575f0	2
3566	00457650	0
3567	00457680	4
3568	00457720	0
3569	00457740	2
3570	00457790	2
3571	004577c0	0
3572	004577f0	1
3573	00457800	1
3574	00457810	1
71281	00457820	2
71282	00457831	2
3575	0045784b	33
3576	00457ba8	23
71283	00457dac	3
71284	00457dc2	2
3577	00457de0	4
3578	00457e40	0
3579	00457e70	0
3580	00457ea0	2
3581	00457ee0	3
3582	00457f40	0
3583	00457f60	0
3584	00457f80	0
3585	00457fa0	2
3586	00457ff0	4
3587	00458050	2
3588	004580a0	4
3589	00458100	4
3590	00458160	2
3591	00458190	0
3592	004581b0	2
71269	004581f0	2
71270	00458201	2
71271	0045821b	2
71272	0045822c	2
71273	00458244	2
71274	00458255	2
3593	0045826d	7
3594	0045832c	5
3595	00458468	8
3596	004585f2	73
3597	00458c6a	22
3598	00458f3f	2
3599	00458f71	2
3600	00458fb3	15
3601	00459185	7
3602	004592e7	7
3603	0045939c	39
3604	0045966c	4
71275	00459720	3
71276	00459736	2
71277	0045974f	7
71278	00459779	2
71279	00459792	2
71280	004597ab	2
3605	004597d0	0
3606	00459800	0
3607	00459800	3
3608	00459840	4
3609	00459880	2
3610	004598b0	2
3611	004598e0	0
3612	004598e0	3
3613	00459920	4
3614	00459960	3
3615	004599c0	2
3616	004599f0	2
3617	00459a30	2
3618	00459a60	2
3619	00459ab0	0
3620	00459b30	2
3621	00459b60	2
3622	00459ba0	2
3623	00459be0	2
3624	00459c10	0
3625	00459c50	3
3626	00459cc0	0
3627	00459d10	3
3628	00459d50	2
3629	00459dc0	2
3630	00459e60	2
3631	00459ec0	2
3632	00459f20	0
3633	00459f70	2
3634	00459fd0	0
3635	0045a000	0
3636	0045a020	4
3637	0045a080	2
3638	0045a0c0	0
3639	0045a0e0	0
3640	0045a110	4
3641	0045a190	2
3642	0045a1c0	0
3643	0045a1e0	17
3644	0045a420	2
3645	0045a450	2
3646	0045a4a0	2
3647	0045a4f0	2
3648	0045a520	3
3649	0045a560	3
3650	0045a5a0	0
3651	0045a5c0	2
3652	0045a600	2
3653	0045a630	2
3654	0045a660	0
3655	0045a680	7
3656	0045a760	2
3657	0045a790	0
3658	0045a7c0	0
3659	0045a7f0	2
3660	0045a820	2
3661	0045a850	3
3662	0045a8f0	2
3663	0045a920	3
3664	0045a9b0	0
3665	0045a9d0	1
3666	0045a9e0	1
3667	0045a9f0	1
3668	0045aa00	1
3669	0045aa10	1
3670	0045aa20	1
3671	0045aa30	1
3672	0045aa40	1
3673	0045aa50	1
3674	0045aa60	1
3675	0045aa70	1
3676	0045aa80	1
3677	0045aa90	1
3678	0045aaa0	1
3679	0045aab0	1
3680	0045aac0	1
3681	0045aad0	1
3682	0045aae0	1
3683	0045aaf0	1
3684	0045ab00	1
3685	0045ab10	1
3686	0045ab20	1
3687	0045ab30	1
3688	0045ab40	1
3689	0045ab50	1
3690	0045ab60	1
3691	0045ab70	1
3692	0045ab80	1
3693	0045ab90	1
3694	0045aba0	1
3695	0045abb0	1
3696	0045abc0	1
3697	0045abd0	1
3698	0045abe0	1
3699	0045abf0	1
71265	0045ac00	2
71266	0045ac11	2
3700	0045ac29	4
3701	0045ad50	7
3702	0045ae14	2
3703	0045ae3e	5
71267	0045aeec	3
71268	0045af02	2
3704	0045af20	0
3705	0045af20	3
3706	0045af60	4
3707	0045afa0	2
3708	0045afd0	0
3709	0045b000	3
3710	0045b040	2
3711	0045b070	3
3712	0045b100	1
3713	0045b110	1
71232	0045b120	3
71233	0045b136	2
71234	0045b14c	2
71235	0045b165	2
71236	0045b17b	3
71237	0045b191	2
71238	0045b1a7	2
71239	0045b1c0	2
71240	0045b1d6	2
71241	0045b1e7	2
71242	0045b201	2
71243	0045b212	2
71244	0045b22a	2
71245	0045b23b	2
71246	0045b258	2
71247	0045b269	2
3714	0045b283	9
3715	0045b40e	11
71248	0045b5e2	19
71249	0045b7f5	6
71250	0045b8a9	2
3716	0045b8cb	47
3717	0045bcff	3
3718	0045bd33	2
3719	0045bd7e	16
3720	0045bece	2
3721	0045befb	2
3722	0045bf28	4
3723	0045bf7d	13
3724	0045c1d0	11
3725	0045c416	14
71251	0045c5a3	2
71252	0045c5b4	2
3726	0045c5cc	4
3727	0045c6f3	10
71253	0045c7f3	2
71254	0045c804	2
3728	0045c81c	4
3729	0045c943	9
71255	0045ca38	2
71256	0045ca49	2
3730	0045ca61	4
3731	0045cb88	9
71257	0045cc7d	2
71258	0045cc8e	2
3732	0045cca6	4
3733	0045cdcd	9
71259	0045cebb	3
71260	0045ced1	2
71261	0045ceea	7
71262	0045cf14	2
71263	0045cf2d	2
71264	0045cf46	2
3734	0045cf60	6
3735	0045d000	2
3736	0045d030	0
3737	0045d030	3
3738	0045d070	4
3739	0045d0b0	3
3740	0045d110	0
3741	0045d130	3
3742	0045d1b0	2
3743	0045d200	3
3744	0045d280	2
3745	0045d2c0	2
3746	0045d310	0
3747	0045d310	3
3748	0045d350	4
3749	0045d390	2
3750	0045d3c0	0
3751	0045d3c0	3
3752	0045d400	4
3753	0045d440	2
3754	0045d470	2
3755	0045d4a0	0
3756	0045d4a0	3
3757	0045d4e0	4
3758	0045d520	2
3759	0045d550	0
3760	0045d550	3
3761	0045d590	4
3762	0045d5d0	2
3763	0045d600	0
3764	0045d600	3
3765	0045d640	4
3766	0045d680	2
3767	0045d6b0	24
3768	0045d860	0
3769	0045d8b0	2
3770	0045d960	0
3771	0045d9b0	0
3772	0045d9d0	0
3773	0045d9f0	2
3774	0045da40	2
3775	0045da70	4
3776	0045daf0	2
3777	0045db20	4
3778	0045db90	3
3779	0045dbd0	3
3780	0045dc10	0
3781	0045dc50	3
3782	0045dc90	2
3783	0045dcc0	2
3784	0045dcf0	0
3785	0045dd10	3
3786	0045dd50	3
3787	0045dd90	3
3788	0045ddd0	2
3789	0045de10	2
3790	0045de40	3
3791	0045ded0	2
3792	0045df00	3
3793	0045dfa0	2
3794	0045dfd0	3
3795	0045e070	2
3796	0045e0a0	3
3797	0045e130	2
3798	0045e160	3
3799	0045e1f0	2
3800	0045e220	3
3801	0045e2b0	2
3802	0045e2e0	3
3803	0045e370	2
3804	0045e3a0	2
3805	0045e3d0	1
3806	0045e3e0	1
3807	0045e3f0	1
3808	0045e400	1
3809	0045e410	1
3810	0045e420	1
3811	0045e430	1
3812	0045e440	1
3813	0045e450	1
3814	0045e460	1
3815	0045e470	1
3816	0045e480	1
3817	0045e490	1
3818	0045e4a0	1
3819	0045e4b0	1
3820	0045e4c0	1
3821	0045e4d0	1
3822	0045e4e0	1
3823	0045e4f0	1
3824	0045e500	1
3825	0045e510	1
3826	0045e520	1
3827	0045e530	1
3828	0045e540	1
3829	0045e550	1
3830	0045e560	1
3831	0045e570	1
3832	0045e580	1
3833	0045e590	1
3834	0045e5a0	1
3835	0045e5b0	1
3836	0045e5c0	1
3837	0045e5d0	1
3838	0045e5e0	1
3839	0045e5f0	1
3840	0045e600	1
3841	0045e610	1
3842	0045e620	1
3843	0045e630	1
3844	0045e640	1
3845	0045e650	1
3846	0045e660	1
3847	0045e670	1
71221	0045e680	2
71222	0045e691	2
71223	0045e6ab	2
71224	0045e6bc	2
3848	0045e6d4	6
3849	0045e81c	8
3850	0045e9ac	27
3851	0045ed5e	7
3852	0045edbd	5
3853	0045ee38	0
3854	0045ee4c	0
3855	0045ee60	9
3856	0045ef65	8
3857	0045f084	0
3858	0045f098	7
3859	0045f147	10
3860	0045f27c	22
71225	0045f49d	6
71226	0045f612	3
71227	0045f628	2
71228	0045f641	7
71229	0045f66b	2
71230	0045f684	2
71231	0045f69d	2
3861	0045f6c0	0
3862	0045f6c0	3
3863	0045f700	2
3864	0045f740	2
3865	0045f770	4
3866	0045f7b0	4
3867	0045f820	2
3868	0045f850	0
3869	0045f870	3
3870	0045f8b0	2
3871	0045f8e0	0
3872	0045f940	2
3873	0045f990	0
3874	0045f9c0	3
3875	0045fa00	2
3876	0045fa30	2
3877	0045fa60	0
3878	0045fa80	0
3879	0045fab0	2
3880	0045fae0	3
3881	0045fb40	2
3882	0045fb70	3
3883	0045fbd0	2
3884	0045fc00	2
3885	0045fc30	2
3886	0045fc60	2
3887	0045fc90	2
3888	0045fcc0	2
3889	0045fcf0	2
3890	0045fd20	2
3891	0045fd50	0
3892	0045fd90	3
3893	0045fe10	0
3894	0045fe30	0
3895	0045fe50	0
3896	0045fe70	0
3897	0045fec0	2
3898	0045fef0	2
3899	0045ff20	3
3900	0045ff60	18
3901	004601f0	4
3902	00460230	2
3903	00460260	2
3904	00460290	2
3905	004602c0	3
3906	00460340	2
3907	00460380	0
3908	00460380	3
3909	004603c0	3
3910	00460440	3
3911	004604c0	0
3912	004604e0	0
3913	004604e0	3
3914	00460520	3
3915	00460580	0
3916	00460580	3
3917	004605c0	0
3918	004605e0	0
3919	00460600	4
3920	00460670	5
3921	004606e0	2
3922	00460720	2
3923	00460770	2
3924	004607a0	2
3925	004607d0	2
3926	00460800	4
3927	00460870	0
3928	00460890	17
3929	00460af0	2
3930	00460b20	2
3931	00460b50	2
3932	00460ba0	2
3933	00460bd0	0
3934	00460bf0	0
3935	00460c10	2
3936	00460c40	2
3937	00460c70	0
3938	00460c90	8
3939	00460d70	8
3940	00460e50	3
3941	00460e90	2
3942	00460ec0	0
3943	00460ee0	2
3944	00460f10	2
3945	00460f40	2
3946	00460f70	2
3947	00460fa0	4
3948	00461050	6
3949	00461110	3
3950	00461150	2
3951	00461190	2
3952	004611d0	2
3953	00461210	2
3954	00461240	2
3955	00461270	3
3956	00461300	6
3957	004613d0	2
3958	00461400	6
3959	00461480	2
3960	004614a0	2
3961	004614d0	3
3962	00461560	3
3963	004615a0	2
3964	004615d0	2
3965	00461600	2
3966	00461630	2
3967	00461660	2
3968	004616b0	2
3969	004616f0	3
3970	00461780	2
3971	004617c0	0
3972	004617c0	3
3973	00461800	3
3974	00461880	0
3975	00461880	3
3976	004618c0	3
3977	00461940	3
3978	004619c0	0
3979	004619e0	0
3980	004619e0	3
3981	00461a20	2
3982	00461a50	3
3983	00461ad0	0
3984	00461af0	0
3985	00461af0	3
3986	00461b30	0
3987	00461b30	3
3988	00461b70	0
3989	00461b90	3
3990	00461bf0	0
3991	00461bf0	3
3992	00461c30	0
3993	00461c50	0
3994	00461c70	0
3995	00461c90	4
3996	00461d00	2
3997	00461d30	0
3998	00461d50	0
3999	00461d70	0
4000	00461da0	0
4001	00461dc0	1
4002	00461dd0	1
4003	00461de0	1
4004	00461df0	1
4005	00461e00	1
4006	00461e10	1
4007	00461e20	1
4008	00461e30	1
4009	00461e40	1
4010	00461e50	1
4011	00461e60	1
4012	00461e70	1
4013	00461e80	1
4014	00461e90	1
4015	00461ea0	1
4016	00461eb0	1
4017	00461ec0	1
4018	00461ed0	1
4019	00461ee0	1
4020	00461ef0	1
4021	00461f00	1
4022	00461f10	1
4023	00461f20	1
4024	00461f30	1
4025	00461f40	1
4026	00461f50	1
4027	00461f60	1
4028	00461f70	1
4029	00461f80	1
4030	00461f90	1
4031	00461fa0	1
4032	00461fb0	1
4033	00461fc0	1
4034	00461fd0	1
71207	00461fe0	2
71208	00461ff1	2
71209	0046200b	2
71210	0046201c	2
4035	00462034	8
4036	004621e0	23
4037	0046238c	43
71211	004627d6	9
71212	004628bc	2
71213	004628d2	2
71214	004628e8	2
4038	004628fe	0
4039	00462915	6
4040	004629de	3
4041	00462a1d	6
4042	00462aec	39
4043	00462ed5	0
4044	00462ee9	15
4045	00463124	0
71215	0046313e	3
71216	00463154	2
71217	0046316d	7
71218	00463197	2
71219	004631b0	2
71220	004631c9	2
4046	004631f0	0
4047	004631f0	3
4048	00463230	4
4049	00463270	3
4050	004632d0	3
4051	00463310	2
4052	00463340	0
4053	00463360	3
4054	004633c0	2
4055	004633f0	6
4056	00463450	2
4057	00463480	3
4058	004634f0	0
4059	00463530	6
4060	004635b0	3
4061	00463620	3
4062	00463690	7
4063	00463760	0
4064	004637b0	2
4065	004637e0	3
4066	00463820	3
4067	00463880	0
4068	004638b0	2
4069	00463910	2
4070	00463950	2
4071	00463980	0
4072	004639d0	0
4073	004639f0	0
4074	00463a10	0
4075	00463a30	0
4076	00463a50	4
4077	00463ab0	18
4078	00463d10	2
4079	00463d50	2
4080	00463da0	2
4081	00463dd0	2
4082	00463e00	22
4083	00463fe0	0
4084	00464010	2
4085	00464040	17
4086	00464280	2
4087	004642b0	2
4088	004642e0	0
4089	00464300	0
4090	00464350	3
4091	00464380	0
4092	00464390	0
4093	004643a0	3
4094	004643e0	75
4095	00464890	2
4096	004648c0	0
4097	004648e0	2
4098	00464910	2
4099	00464940	0
4100	00464970	2
4101	004649c0	0
4102	004649d0	0
4103	004649e0	0
4104	004649f0	2
4105	00464a20	19
4106	00464b60	2
4107	00464b90	19
4108	00464cd0	4
4109	00464d30	2
4110	00464d60	0
4111	00464d80	10
4112	00464e70	3
4113	00464eb0	3
4114	00464ef0	0
4115	00464f10	0
4116	00464f40	2
4117	00464f70	2
4118	00464fa0	0
4119	00464fc0	2
4120	00465000	3
4121	00465040	0
4122	00465070	0
4123	004650a0	2
4124	004650d0	0
4125	004650e0	2
4126	00465140	0
4127	00465150	2
4128	004651b0	2
4129	004651e0	3
4130	00465270	0
4131	004652a0	0
4132	004652c0	1
4133	004652d0	1
4134	004652e0	1
4135	004652f0	1
4136	00465300	1
4137	00465310	1
4138	00465320	1
4139	00465330	1
4140	00465340	1
4141	00465350	1
4142	00465360	1
4143	00465370	1
4144	00465380	1
4145	00465390	1
4146	004653a0	1
4147	004653b0	1
4148	004653c0	1
4149	004653d0	1
4150	004653e0	1
4151	004653f0	1
4152	00465400	1
4153	00465410	1
4154	00465420	1
4155	00465430	1
4156	00465440	1
4157	00465450	1
4158	00465460	1
4159	00465470	1
4160	00465480	1
4161	00465490	1
4162	004654a0	1
4163	004654b0	1
4164	004654c0	1
71195	004654d0	3
71196	004654e6	2
71197	004654fc	2
71198	00465515	2
71199	0046552b	3
71200	00465541	2
71201	00465557	2
71202	00465570	2
71203	00465586	2
71204	00465597	2
4165	004655af	4
4166	004656d6	46
4167	00465a63	4
4168	00465ac7	4
4169	00465b2b	2
4170	00465b6b	2
71205	00465ba3	3
71206	00465bb9	2
4171	00465be0	0
4172	00465be0	3
4173	00465c20	4
4174	00465c60	2
4175	00465c90	3
4176	00465cd0	2
4177	00465d00	3
4178	00465d90	1
4179	00465da0	1
71177	00465db0	2
71178	00465dc1	2
71179	00465ddb	3
71180	00465df1	2
71181	00465e07	2
71182	00465e20	2
71183	00465e36	3
71184	00465e4c	2
71185	00465e62	2
71186	00465e7b	2
71187	00465e91	2
71188	00465ea2	2
4180	00465eba	5
4181	00465ff6	65
4182	004665b1	33
4183	004668ed	2
4184	0046692d	2
4185	00466965	3
71189	004669bd	3
71190	004669d3	2
71191	004669ec	7
71192	00466a16	2
71193	00466a2f	2
71194	00466a48	2
4186	00466a70	0
4187	00466a70	3
4188	00466ab0	4
4189	00466af0	2
4190	00466b20	2
4191	00466b50	2
4192	00466ba0	5
4193	00466c20	2
4194	00466c50	4
4195	00466c90	3
4196	00466ce0	4
4197	00466d30	3
4198	00466d70	2
4199	00466da0	0
4200	00466dc0	11
4201	00466e90	12
4202	00466f70	4
4203	00466fe0	4
4204	00467070	2
4205	004670a0	2
4206	004670d0	2
4207	00467110	2
4208	00467140	2
4209	00467170	2
4210	004671a0	2
4211	004671d0	0
4212	004671e0	0
4213	004671f0	0
4214	00467200	0
4215	00467220	2
4216	00467250	2
4217	004672a0	2
4218	004672e0	0
4219	00467300	2
4220	00467340	0
4221	00467370	2
4222	004673a0	0
4223	004673c0	3
4224	00467400	3
4225	00467490	2
4226	004674b0	2
4227	004674e0	3
4228	00467580	3
4229	004675c0	2
4230	004675f0	1
4231	00467600	1
71173	00467610	2
71174	00467621	2
4232	00467639	4
71175	00467760	3
71176	00467776	2
4233	00467790	0
4234	00467790	3
4235	004677d0	4
4236	00467810	2
4237	00467840	3
4238	00467880	2
4239	004678b0	3
4240	00467940	1
4241	00467950	1
71156	00467960	2
71157	00467971	2
71158	0046798b	2
71159	0046799c	2
71160	004679b4	2
71161	004679c5	2
4242	004679dd	6
4243	00467ad0	13
71162	00467c4a	2
4244	00467c69	10
4245	00467e25	8
4246	00467fa6	8
4247	0046806c	0
4248	00468083	14
4249	004681e2	4
4250	00468240	5
4251	0046830d	0
4252	00468336	6
71163	004683bf	3
71164	004683d5	4
71165	00468451	2
71166	0046846a	2
4253	00468480	104
4254	00468dec	4
4255	00468e3d	57
4256	0046944d	22
4257	00469641	96
4258	0046a06b	8
4259	0046a107	5
4260	0046a183	5
4261	0046a1f9	4
4262	0046a271	5
4263	0046a2f1	21
4264	0046a5c4	4
4265	0046a64f	2
4266	0046a676	3
4267	0046a6f4	5
4268	0046a83f	6
4269	0046a8e5	10
4270	0046aa08	7
71167	0046aacd	3
71168	0046aae3	2
71169	0046aafc	7
71170	0046ab26	2
71171	0046ab3f	2
71172	0046ab58	2
4271	0046ab80	2
4272	0046abc0	5
4273	0046ad10	0
4274	0046ad10	3
4275	0046ad50	4
4276	0046ad90	3
4277	0046adf0	0
4278	0046adf0	3
4279	0046ae30	4
4280	0046ae70	4
4281	0046af00	2
4282	0046af30	0
4283	0046af40	0
4284	0046af70	5
4285	0046b000	0
4286	0046b020	2
4287	0046b050	2
4288	0046b080	0
4289	0046b0a0	2
4290	0046b0f0	2
4291	0046b120	2
4292	0046b150	3
4293	0046b1b0	3
4294	0046b1f0	0
4295	0046b210	3
4296	0046b250	2
4297	0046b280	3
4298	0046b2e0	0
4299	0046b2e0	3
4300	0046b320	4
4301	0046b360	3
4302	0046b3c0	0
4303	0046b3f0	2
4304	0046b420	2
4305	0046b450	0
4306	0046b490	3
4307	0046b500	0
4308	0046b550	2
4309	0046b580	2
4310	0046b5b0	3
4311	0046b5f0	0
4312	0046b610	0
4313	0046b630	4
4314	0046b690	2
4315	0046b6d0	2
4316	0046b700	0
4317	0046b720	17
4318	0046b960	2
4319	0046b990	2
4320	0046b9e0	2
4321	0046ba30	2
4322	0046ba60	2
4323	0046ba90	0
4324	0046bab0	0
4325	0046bb20	0
4326	0046bb80	2
4327	0046bbb0	0
4328	0046bbd0	0
4329	0046bbf0	2
4330	0046bc20	3
4331	0046bc60	3
4332	0046bca0	2
4333	0046bcd0	2
4334	0046bd00	0
4335	0046bd20	0
4336	0046bd50	0
4337	0046bd80	0
4338	0046bd90	2
4339	0046bdc0	2
4340	0046be20	2
4341	0046be50	3
4342	0046bef0	2
4343	0046bf20	3
4344	0046bfb0	1
4345	0046bfc0	1
4346	0046bfd0	1
4347	0046bfe0	1
4348	0046bff0	1
4349	0046c000	1
4350	0046c010	1
4351	0046c020	1
4352	0046c030	1
4353	0046c040	1
4354	0046c050	1
4355	0046c060	1
4356	0046c070	1
4357	0046c080	1
4358	0046c090	1
4359	0046c0a0	1
4360	0046c0b0	1
4361	0046c0c0	1
4362	0046c0d0	1
4363	0046c0e0	1
4364	0046c0f0	1
4365	0046c100	1
4366	0046c110	1
4367	0046c120	1
4368	0046c130	1
4369	0046c140	1
4370	0046c150	1
4371	0046c160	1
4372	0046c170	1
4373	0046c180	1
4374	0046c190	1
4375	0046c1a0	1
4376	0046c1b0	1
4377	0046c1c0	1
4378	0046c1d0	1
4379	0046c1e0	1
4380	0046c1f0	1
4381	0046c200	1
4382	0046c210	1
4383	0046c220	1
4384	0046c230	1
4385	0046c240	1
4386	0046c250	1
4387	0046c260	1
4388	0046c270	1
4389	0046c280	1
4390	0046c290	1
4391	0046c2a0	1
4392	0046c2b0	1
4393	0046c2c0	1
4394	0046c2d0	1
4395	0046c2e0	1
4396	0046c2f0	1
4397	0046c300	1
4398	0046c310	1
4399	0046c320	1
4400	0046c330	1
4401	0046c340	1
4402	0046c350	1
4403	0046c360	1
4404	0046c370	1
4405	0046c380	1
4406	0046c390	1
4407	0046c3a0	1
4408	0046c3b0	1
4409	0046c3c0	1
4410	0046c3d0	1
4411	0046c3e0	1
4412	0046c3f0	1
4413	0046c400	1
4414	0046c410	1
4415	0046c420	1
4416	0046c430	1
4417	0046c440	1
4418	0046c450	1
4419	0046c460	1
4420	0046c470	1
4421	0046c480	1
4422	0046c490	1
4423	0046c4a0	1
4424	0046c4b0	1
4425	0046c4c0	1
4426	0046c4d0	1
4427	0046c4e0	1
4428	0046c4f0	1
4429	0046c500	1
4430	0046c510	1
4431	0046c520	1
4432	0046c530	1
4433	0046c540	1
4434	0046c550	1
4435	0046c560	1
4436	0046c570	1
4437	0046c580	1
4438	0046c590	1
4439	0046c5a0	1
4440	0046c5b0	1
4441	0046c5c0	1
4442	0046c5d0	1
4443	0046c5e0	1
4444	0046c5f0	1
4445	0046c600	1
4446	0046c610	1
4447	0046c620	1
4448	0046c630	1
4449	0046c640	1
4450	0046c650	1
71146	0046c660	2
71147	0046c671	2
71148	0046c68b	2
71149	0046c69c	2
4451	0046c6b4	4
4452	0046c7db	98
4453	0046cfe6	5
4454	0046d06a	5
4455	0046d0e7	13
71150	0046d20c	3
71151	0046d222	2
71152	0046d23b	7
71153	0046d265	2
71154	0046d27e	2
71155	0046d297	2
4456	0046d2b0	5
4457	0046d400	0
4458	0046d400	3
4459	0046d440	4
4460	0046d480	3
4461	0046d4e0	0
4462	0046d4e0	3
4463	0046d520	4
4464	0046d560	2
4465	0046d590	2
4466	0046d600	2
4467	0046d630	2
4468	0046d660	2
4469	0046d690	2
4470	0046d6d0	2
4471	0046d700	2
4472	0046d730	2
4473	0046d760	2
4474	0046d790	0
4475	0046d7b0	2
4476	0046d7e0	2
4477	0046d810	2
4478	0046d860	6
4479	0046d8f0	5
4480	0046d970	3
4481	0046d9c0	0
4482	0046da00	3
4483	0046da70	0
4484	0046da90	0
4485	0046dab0	0
4486	0046db00	2
4487	0046db30	2
4488	0046db60	3
4489	0046dba0	3
4490	0046dbe0	3
4491	0046dc20	2
4492	0046dc50	2
4493	0046dc80	11
4494	0046dd50	5
4495	0046ddc0	4
4496	0046de30	4
4497	0046dec0	2
4498	0046def0	4
4499	0046df50	2
4500	0046df90	2
4501	0046dfc0	12
4502	0046e0a0	0
4503	0046e0b0	0
4504	0046e0c0	0
4505	0046e0d0	2
4506	0046e100	2
4507	0046e130	2
4508	0046e160	0
4509	0046e180	2
4510	0046e1b0	2
4511	0046e1f0	2
4512	0046e230	0
4513	0046e250	2
4514	0046e280	2
4515	0046e2d0	2
4516	0046e310	17
4517	0046e550	2
4518	0046e580	2
4519	0046e5b0	0
4520	0046e5e0	2
4521	0046e620	0
4522	0046e650	2
4523	0046e6a0	2
4524	0046e6f0	2
4525	0046e720	2
4526	0046e750	2
4527	0046e780	2
4528	0046e7b0	2
4529	0046e7e0	0
4530	0046e800	0
4531	0046e820	0
4532	0046e840	3
4533	0046e880	16
4534	0046ea30	2
4535	0046ea60	2
4536	0046ea90	0
4537	0046eab0	2
4538	0046eb10	2
4539	0046eb40	2
4540	0046eb80	2
4541	0046eba0	0
4542	0046ebb0	2
4543	0046ebe0	3
4544	0046ec70	2
4545	0046eca0	3
4546	0046ed30	3
4547	0046ed70	0
4548	0046edc0	2
4549	0046edf0	0
4550	0046ee10	2
4551	0046ee40	2
4552	0046ee70	0
4553	0046ee90	1
4554	0046eea0	1
4555	0046eeb0	1
4556	0046eec0	1
4557	0046eed0	1
4558	0046eee0	1
4559	0046eef0	1
4560	0046ef00	1
4561	0046ef10	1
4562	0046ef20	1
4563	0046ef30	1
4564	0046ef40	1
4565	0046ef50	1
4566	0046ef60	1
4567	0046ef70	1
4568	0046ef80	1
4569	0046ef90	1
4570	0046efa0	1
4571	0046efb0	1
4572	0046efc0	1
4573	0046efd0	1
4574	0046efe0	1
4575	0046eff0	1
4576	0046f000	1
4577	0046f010	1
4578	0046f020	1
4579	0046f030	1
4580	0046f040	1
4581	0046f050	1
4582	0046f060	1
4583	0046f070	1
4584	0046f080	1
4585	0046f090	1
4586	0046f0a0	1
4587	0046f0b0	1
71142	0046f0c0	2
71143	0046f0d1	2
4588	0046f0e9	4
4589	0046f156	11
4590	0046f240	4
4591	0046f367	77
4592	0046fa62	16
71144	0046fc6d	3
71145	0046fc83	2
4593	0046fca0	0
4594	0046fca0	3
4595	0046fce0	4
4596	0046fd20	2
4597	0046fd50	3
4598	0046fd90	2
4599	0046fdc0	3
4600	0046fe50	1
4601	0046fe60	1
71132	0046fe70	2
71133	0046fe81	2
71134	0046fe9b	2
71135	0046feac	2
4602	0046fec4	0
4603	0046fedb	3
4604	0046ff32	2
4605	0046ff5c	29
4606	00470269	10
4607	0047033b	11
4608	00470436	0
4609	0047044d	8
4610	004704d8	4
4611	00470543	2
4612	00470592	5
4613	00470622	10
4614	0047073b	6
4615	004707e5	11
71136	004708ee	3
71137	00470904	2
71138	0047091d	7
71139	00470947	2
71140	00470960	2
71141	00470979	2
4616	004709a0	0
4617	004709e0	3
4618	00470a40	2
4619	00470ad0	0
4620	00470af0	0
4621	00470b00	2
4622	00470b40	0
4623	00470b60	0
4624	00470b80	0
4625	00470bc0	0
4626	00470be0	0
4627	00470c00	3
4628	00470c40	2
4629	00470c70	3
4630	00470d00	4
4631	00470e50	0
4632	00470e50	3
4633	00470e90	4
4634	00470ed0	2
4635	00470f00	7
4636	00470fd0	1
4637	00470fe0	1
4638	00470ff0	1
4639	00471000	1
4640	00471010	1
4641	00471020	1
4642	00471030	1
4643	00471040	1
4644	00471050	1
4645	00471060	1
71120	00471070	3
71121	00471086	2
71122	0047109c	2
71123	004710b5	2
71124	004710cb	3
71125	004710e1	2
71126	004710f7	2
71127	00471110	2
71128	00471126	2
71129	00471137	2
4646	0047114f	5
4647	0047128b	50
4648	0047165a	16
4649	004717d8	0
4650	004717ec	4
71130	00471846	3
71131	0047185c	2
4651	00471880	0
4652	00471880	3
4653	004718c0	4
4654	00471900	2
4655	00471930	0
4656	00471950	3
4657	00471990	2
4658	004719c0	3
4659	00471a60	1
4660	00471a70	1
4661	00471a80	1
4662	00471a90	1
4663	00471aa0	1
4664	00471ab0	1
4665	00471ac0	1
4666	00471ad0	1
4667	00471ae0	1
4668	00471af0	1
4669	00471b00	1
4670	00471b10	1
4671	00471b20	1
4672	00471b30	1
4673	00471b40	1
4674	00471b50	1
4675	00471b60	1
4676	00471b70	1
4677	00471b80	1
4678	00471b90	1
4679	00471ba0	1
4680	00471bb0	1
4681	00471bc0	1
4682	00471bd0	1
4683	00471be0	1
4684	00471bf0	1
4685	00471c00	1
4686	00471c10	1
4687	00471c20	1
4688	00471c30	1
4689	00471c40	1
4690	00471c50	1
4691	00471c60	1
71096	00471c70	3
71097	00471c86	2
71098	00471c9c	2
71099	00471cb5	2
71100	00471ccb	3
71101	00471ce1	2
71102	00471cf7	2
71103	00471d10	2
71104	00471d26	2
71105	00471d37	2
71106	00471d51	2
71107	00471d62	2
4692	00471d7c	4
4693	00471ea3	58
4694	00472401	2
4695	0047242f	2
4696	00472462	2
4697	00472494	14
4698	00472616	3
71108	00472652	2
71109	00472663	2
4699	0047267b	2
4700	004726a9	0
4701	004726c0	2
71110	004726f8	2
71111	00472709	2
4702	00472723	2
71112	00472751	2
71113	00472762	2
4703	0047277a	2
71114	004727a8	3
71115	004727be	2
71116	004727d7	7
71117	00472801	2
71118	0047281a	2
71119	00472833	2
4704	00472850	0
4705	00472850	3
4706	00472890	4
4707	004728d0	2
4708	00472900	2
4709	00472930	3
4710	00472970	2
4711	004729a0	4
4712	00472a00	4
4713	00472a60	3
4714	00472aa0	3
4715	00472ae0	3
4716	00472b20	2
4717	00472b50	3
4718	00472be0	2
4719	00472c10	3
4720	00472ca0	4
4721	00472dd0	0
4722	00472dd0	3
4723	00472e10	4
4724	00472e50	2
4725	00472e80	2
4726	00472eb0	3
4727	00472f40	4
4728	00473070	0
4729	00473070	3
4730	004730b0	4
4731	004730f0	2
4732	00473120	2
4733	00473150	3
4734	004731e0	4
4735	00473310	0
4736	00473310	3
4737	00473350	4
4738	00473390	2
4739	004733c0	1
4740	004733d0	1
4741	004733e0	1
4742	004733f0	1
4743	00473400	1
4744	00473410	1
4745	00473420	1
4746	00473430	1
71086	00473440	2
71087	00473451	2
71088	0047346b	2
71089	0047347c	2
4747	00473494	3
71090	004734ce	3
71091	004734e4	2
71092	004734fd	7
71093	00473527	2
71094	00473540	2
71095	00473559	2
4748	00473580	3
4749	004735c0	2
4750	004735f0	3
4751	00473680	4
4752	004737b0	0
4753	004737b0	3
4754	004737f0	4
4755	00473830	2
4756	00473860	1
4757	00473870	1
71072	00473880	2
71073	00473891	2
71074	004738ab	2
71075	004738bc	2
71076	004738d4	3
71077	004738ea	4
71078	0047396d	2
71079	00473986	2
4758	0047399c	7
4759	00473a71	5
4760	00473bad	45
4761	00473fd0	2
4762	00474002	2
4763	00474044	3
71080	004740cd	3
71081	004740e3	2
71082	004740fc	7
71083	00474126	2
71084	0047413f	2
71085	00474158	2
4764	00474180	2
4765	004741b0	0
4766	004741b0	3
4767	004741f0	4
4768	00474230	2
4769	00474260	2
4770	00474290	3
4771	004742d0	2
4772	00474300	2
4773	00474330	0
4774	00474350	2
4775	00474380	3
4776	00474420	1
4777	00474430	1
71062	00474440	2
71063	00474451	2
71064	0047446b	2
71065	0047447c	2
4778	00474496	4
4779	004745c7	102
4780	00474ebb	0
4781	00474ee5	0
4782	00474efc	2
4783	00474f3d	2
71066	00474f7f	3
71067	00474f95	2
71068	00474fae	7
71069	00474fd8	2
71070	00474ff1	2
71071	0047500a	2
4784	00475030	0
4785	00475030	3
4786	00475070	4
4787	004750b0	2
4788	004750e0	2
4789	00475120	3
4790	00475150	2
4791	00475180	5
4792	00475200	3
4793	00475240	2
4794	00475260	2
4795	00475290	2
4796	004752c0	0
4797	004752e0	2
4798	00475310	3
4799	004753a0	3
4800	004753e0	4
4801	004754b0	2
4802	004754d0	0
4803	00475500	2
4804	00475530	1
4805	00475540	1
71044	00475550	3
71045	00475566	2
71046	0047557c	2
71047	00475595	2
71048	004755ab	3
71049	004755c1	2
71050	004755d7	2
71051	004755f0	2
71052	00475606	2
71053	00475617	2
71054	00475631	2
71055	00475642	2
4806	0047565a	5
4807	0047579e	94
4808	00475fb3	4
4809	00476024	6
4810	004760b2	4
4811	0047612c	4
71056	00476189	3
71057	0047619f	2
71058	004761b8	7
71059	004761e2	2
71060	004761fb	2
71061	00476214	2
4812	00476230	0
4813	00476230	3
4814	00476270	4
4815	004762b0	3
4816	00476310	2
4817	00476340	2
4818	00476370	2
4819	004763a0	2
4820	004763d0	3
4821	00476440	3
4822	00476480	3
4823	004764c0	2
4824	004764f0	0
4825	00476510	0
4826	00476530	2
4827	00476560	3
4828	004765f0	6
4829	00476660	0
4830	00476680	1
4831	00476690	1
71040	004766a0	2
71041	004766b1	2
4832	004766c9	4
4833	004767f0	7
4834	004768b4	2
4835	004768de	5
71042	00476992	3
71043	004769a8	2
4836	004769d0	0
4837	004769d0	3
4838	00476a10	4
4839	00476a50	2
4840	00476a80	3
4841	00476ac0	2
4842	00476af0	3
4843	00476b80	1
4844	00476b90	1
71028	00476ba0	2
71029	00476bb1	2
71030	00476bcb	2
71031	00476bdc	2
71032	00476bf4	2
71033	00476c05	2
4845	00476c1d	4
4846	00476d44	42
4847	0047704d	8
4848	00477120	15
4849	00477264	3
4850	00477323	9
4851	0047745d	4
4852	00477584	10
4853	004776c4	13
71034	00477816	3
71035	0047782c	2
71036	00477845	7
71037	0047786f	2
71038	00477888	2
71039	004778a1	2
4854	004778c0	0
4855	004778c0	3
4856	00477900	4
4857	00477940	2
4858	00477970	0
4859	004779b0	3
4860	00477a10	0
4861	00477a10	3
4862	00477a50	4
4863	00477a90	2
4864	00477ac0	3
4865	00477b00	3
4866	00477b40	2
4867	00477b70	3
4868	00477c00	2
4869	00477c30	3
4870	00477cc0	1
4871	00477cd0	1
4872	00477ce0	1
4873	00477cf0	1
71018	00477d00	2
71019	00477d11	2
71020	00477d2b	2
71021	00477d3c	2
4874	00477d54	5
4875	00477e8d	0
4876	00477ea4	0
4877	00477eb8	6
4878	00477f3c	7
4879	00477fb3	80
4880	004785a5	78
4881	00478c7e	3
4882	00478cb8	9
71022	00478dbf	3
71023	00478dd5	2
71024	00478dee	7
71025	00478e18	2
71026	00478e31	2
71027	00478e4a	2
4883	00478e70	0
4884	00478e70	3
4885	00478eb0	4
4886	00478ef0	3
4887	00478f50	3
4888	00478fb0	0
4889	00478fd0	2
4890	00479020	2
4891	00479080	2
4892	004790c0	0
4893	004790f0	0
4894	00479110	0
4895	00479140	2
4896	00479170	3
4897	004791b0	6
4898	00479240	5
4899	004792c0	3
4900	00479300	2
4901	00479330	0
4902	00479350	2
4903	00479380	2
4904	004793d0	2
4905	00479410	0
4906	00479450	3
4907	004794d0	0
4908	00479520	2
4909	00479550	3
4910	00479590	0
4911	004795d0	3
4912	00479640	0
4913	00479690	2
4914	004796c0	3
4915	00479700	3
4916	00479740	2
4917	00479770	5
4918	004797e0	11
4919	004798b0	4
4920	00479920	4
4921	004799b0	2
4922	004799e0	0
4923	004799f0	2
4924	00479a20	2
4925	00479a50	2
4926	00479a90	0
4927	00479ac0	0
4928	00479ae0	0
4929	00479b00	4
4930	00479b70	2
4931	00479bb0	0
4932	00479bd0	0
4933	00479bf0	4
4934	00479c50	2
4935	00479c90	2
4936	00479cc0	12
4937	00479da0	0
4938	00479db0	0
4939	00479dc0	2
4940	00479df0	2
4941	00479e20	2
4942	00479e50	0
4943	00479e70	2
4944	00479ea0	2
4945	00479ee0	2
4946	00479f20	0
4947	00479f40	17
4948	0047a1a0	17
4949	0047a3e0	2
4950	0047a410	2
4951	0047a440	2
4952	0047a470	0
4953	0047a4a0	2
4954	0047a4f0	2
4955	0047a540	2
4956	0047a590	2
4957	0047a5e0	2
4958	0047a610	2
4959	0047a640	0
4960	0047a680	3
4961	0047a6c0	2
4962	0047a730	0
4963	0047a760	0
4964	0047a7a0	0
4965	0047a7d0	0
4966	0047a800	0
4967	0047a810	2
4968	0047a840	0
4969	0047a850	2
4970	0047a880	2
4971	0047a8e0	2
4972	0047a910	3
4973	0047a9a0	1
4974	0047a9b0	1
71008	0047a9c0	2
71009	0047a9d1	2
71010	0047a9eb	2
71011	0047a9fc	2
4975	0047aa14	2
4976	0047aa45	3
71012	0047aacc	3
71013	0047aae2	2
71014	0047aafb	7
71015	0047ab25	2
71016	0047ab3e	2
71017	0047ab57	2
4977	0047ab70	3
4978	0047abb0	2
4979	0047abe0	3
4980	0047ac70	5
4981	0047adc0	0
4982	0047adc0	3
4983	0047ae00	4
4984	0047ae40	3
4985	0047aea0	1
4986	0047aeb0	1
4987	0047aec0	25
71004	0047b110	2
4988	0047b12f	5
4989	0047b1db	21
71005	0047b3d2	0
4990	0047b3d7	6
4991	0047b499	3
4992	0047b4fe	4
4993	0047b568	18
4994	0047b6f9	12
4995	0047b7e1	0
4996	0047b7f9	3
4997	0047b82a	3
4998	0047b88b	12
4999	0047b978	12
5000	0047ba5c	0
5001	0047ba70	7
5002	0047bb5d	5
71006	0047bbbd	3
71007	0047bbd3	2
5003	0047bbf0	3
5004	0047bc30	0
5005	0047bc50	6
5006	0047bcc0	3
71001	0047bd98	0
5007	0047bd9d	4
71002	0047be12	3
71003	0047be28	2
5008	0047be50	0
70989	0047be80	2
70990	0047be91	2
70991	0047beab	3
70992	0047bec1	4
70993	0047bf44	2
70994	0047bf5d	2
5009	0047bf73	11
5010	0047c073	12
5011	0047c1f7	6
5012	0047c29e	28
5013	0047c553	28
5014	0047c808	22
5015	0047ca0e	23
70995	0047cbda	3
70996	0047cbf0	2
70997	0047cc09	7
70998	0047cc33	2
70999	0047cc4c	2
71000	0047cc65	2
5016	0047cc80	2
5017	0047ccb0	2
5018	0047cd10	2
5019	0047cd50	2
5020	0047cdb0	0
5021	0047cdd0	2
5022	0047ce00	2
5023	0047ce30	3
5024	0047ceb0	0
5025	0047ced0	0
5026	0047cef0	2
5027	0047cf30	7
5028	0047cfc0	2
5029	0047d020	0
5030	0047d040	2
5031	0047d070	0
5032	0047d090	2
5033	0047d0c0	3
5034	0047d130	3
5035	0047d170	2
5036	0047d1a0	0
5037	0047d1c0	2
5038	0047d1f0	0
5039	0047d210	6
70981	0047d280	2
70982	0047d291	2
5040	0047d2ab	0
5041	0047d2bf	0
5042	0047d2d3	4
5043	0047d34f	4
5044	0047d3a6	0
5045	0047d3bb	2
5046	0047d3e4	2
5047	0047d446	0
5048	0047d45a	0
5049	0047d46e	0
5050	0047d482	0
5051	0047d496	0
5052	0047d4aa	0
5053	0047d4be	0
5054	0047d4d2	0
5055	0047d4e6	0
5056	0047d4fa	0
70983	0047d50e	3
70984	0047d524	2
70985	0047d53d	7
70986	0047d567	2
70987	0047d580	2
70988	0047d599	2
5057	0047d5c0	5
5058	0047d630	0
5059	0047d650	0
70967	0047d6a0	3
70968	0047d6b6	2
70969	0047d6cc	2
70970	0047d6e5	2
70971	0047d6fb	3
70972	0047d711	2
70973	0047d727	2
70974	0047d740	2
70975	0047d756	2
70976	0047d767	2
5060	0047d781	2
5061	0047d7cf	3
5062	0047d86e	3
5063	0047d90d	30
5064	0047db61	2
5065	0047dbb7	2
5066	0047dbdb	0
5067	0047dc03	4
5068	0047dcb9	2
5069	0047dce3	2
5070	0047dd0d	2
5071	0047dd37	13
5072	0047deda	70
70977	0047e68a	13
5073	0047e7c8	14
5074	0047e982	7
5075	0047eaac	12
70978	0047ec6c	12
5076	0047ed98	3
5077	0047edd4	3
5078	0047ee10	3
5079	0047ee4f	3
5080	0047ee8e	2
5081	0047eed5	2
5082	0047ef1b	10
5083	0047f055	7
5084	0047f138	7
70979	0047f20a	3
70980	0047f220	2
5085	0047f240	5
5086	0047f2b0	4
5087	0047f350	4
5088	0047f3f0	4
5089	0047f490	3
5090	0047f530	3
5091	0047f5d0	2
5092	0047f600	2
5093	0047f630	0
5094	0047f630	3
5095	0047f670	2
5096	0047f6a0	2
5097	0047f6d0	0
5098	0047f6d0	3
5099	0047f710	0
5100	0047f730	0
5101	0047f730	3
5102	0047f770	0
5103	0047f770	3
5104	0047f7b0	3
5105	0047f810	8
5106	0047f8c0	0
5107	0047f8c0	3
5108	0047f900	2
5109	0047f930	3
5110	0047f9b0	0
5111	0047f9d0	2
5112	0047fa00	9
5113	0047faf0	3
5114	0047fb70	2
5115	0047fba0	2
5116	0047fbd0	0
5117	0047fc00	2
5118	0047fc40	4
5119	0047fd00	2
5120	0047fd70	0
5121	0047fd90	0
5122	0047fdc0	2
5123	0047fe30	2
5124	0047fe60	0
5125	0047fe80	0
5126	0047feb0	2
5127	0047ff20	2
5128	0047ff50	0
5129	0047ff70	6
5130	0047fff0	24
5131	004801a0	0
5132	004801c0	0
5133	004801e0	0
5134	00480200	0
5135	00480220	0
5136	00480260	4
5137	004802d0	4
5138	00480330	3
5139	004803a0	6
5140	00480460	4
5141	004804a0	4
5142	00480510	2
5143	00480580	6
5144	00480640	4
5145	004806d0	0
5146	004806f0	0
5147	00480710	0
5148	00480730	0
5149	00480750	0
5150	00480770	0
5151	004807b0	0
5152	004807c0	0
5153	004807f0	0
5154	00480820	0
5155	00480820	3
5156	00480860	8
5157	004809b0	0
5158	004809d0	6
5159	00480a50	0
5160	00480a70	0
5161	00480a90	0
5162	00480ab0	3
5163	00480af0	2
5164	00480b20	0
5165	00480b40	2
5166	00480b80	0
5167	00480ba0	2
5168	00480bf0	2
5169	00480c30	8
5170	00480d30	2
70954	00480d80	3
70955	00480d96	2
70956	00480dac	2
70957	00480dc5	2
70958	00480ddb	3
70959	00480df1	2
70960	00480e07	2
70961	00480e20	2
5171	00480e36	3
70962	00480e99	2
5172	00480eaf	39
70963	004811d1	2
70964	004811e7	2
70965	004811fd	3
70966	00481213	2
5173	00481230	2
5174	00481260	2
5175	00481290	3
5176	004812f0	3
5177	00481350	2
5178	00481380	2
5179	004813d0	2
5180	00481410	0
5181	00481410	3
5182	00481450	2
5183	00481490	2
5184	004814d0	2
5185	00481510	2
5186	00481540	3
5187	004815a0	2
5188	004815e0	8
5189	004816b0	2
5190	004816e0	2
5191	00481710	0
5192	00481740	2
5193	00481790	3
5194	004817d0	2
5195	00481800	22
5196	004819e0	15
5197	00481b00	8
5198	00481bc0	2
5199	00481bf0	0
5200	00481c10	2
5201	00481c40	0
5202	00481c70	0
5203	00481c90	2
5204	00481cc0	3
5205	00481cf0	0
5206	00481d00	0
5207	00481d10	0
5208	00481d20	0
5209	00481d40	134
5210	00482570	3
5211	004825b0	7
5212	00482640	10
5213	00482760	75
5214	00482c10	2
5215	00482c40	2
5216	00482c70	2
5217	00482ca0	0
5218	00482cc0	2
5219	00482cf0	2
5220	00482d40	2
5221	00482d70	2
5222	00482db0	0
5223	00482dc0	0
5224	00482dd0	6
5225	00482e80	19
5226	00482fc0	3
5227	00483000	3
5228	00483040	19
5229	00483180	4
5230	004831e0	2
5231	00483210	2
5232	00483240	0
5233	00483260	10
5234	00483350	2
5235	00483380	2
5236	004833b0	2
5237	004833e0	7
5238	00483490	2
5239	004834c0	2
5240	004834f0	5
5241	004835a0	2
5242	004835e0	3
5243	00483650	0
5244	00483680	3
5245	00483710	2
5246	00483730	0
5247	00483730	3
5248	00483770	2
5249	004837b0	3
5250	00483820	3
5251	00483860	3
5252	004838d0	2
5253	00483910	2
5254	00483950	2
5255	00483990	2
5256	004839e0	2
5257	00483a10	2
5258	00483a60	2
5259	00483ad0	2
5260	00483b00	2
5261	00483b60	0
5262	00483b80	6
5263	00483c90	2
5264	00483cb0	0
5265	00483cb0	3
5266	00483cf0	2
5267	00483d20	2
5268	00483d50	2
5269	00483d80	4
5270	00483e50	2
5271	00483e80	0
5272	00483e80	3
5273	00483ec0	0
5274	00483ec0	3
5275	00483f00	0
5276	00483f00	3
5277	00483f40	3
5278	00483fa0	2
5279	00483fe0	2
5280	00484010	3
5281	004840a0	3
5282	00484110	11
5283	00484270	2
5284	004842a0	0
5285	004842a0	3
5286	004842e0	2
5287	00484310	2
5288	00484340	2
5289	00484370	1
5290	00484380	1
5291	00484390	9
5292	00484473	8
5293	0048450a	20
5294	004846a2	9
5295	0048479d	8
5296	0048483c	23
5297	00484a12	34
5298	00484d2a	6
70951	00484df1	2
5299	00484e07	3
70952	00484e6d	3
70953	00484e83	2
5300	00484ea0	0
5301	00484ec0	0
5302	00484ee0	2
5303	00484f40	2
5304	00484f80	2
5305	00484fb0	2
5306	00484fe0	0
5307	00485000	0
5308	00485020	0
5309	00485040	3
5310	004850a0	6
5311	00485140	2
5312	00485170	3
5313	004851d0	7
5314	004852a0	0
5315	004852c0	2
5316	004852f0	0
5317	00485310	0
5318	00485330	2
5319	00485360	2
5320	004853a0	8
5321	00485470	0
5322	00485490	2
5323	004854c0	2
5324	00485500	0
5325	00485540	3
5326	004855b0	9
5327	00485630	0
5328	00485680	2
5329	004856b0	2
5330	004856e0	0
5331	00485720	3
5332	004857a0	0
5333	004857f0	2
5334	00485820	2
5335	00485850	3
5336	00485890	0
5337	004858d0	3
5338	00485950	2
5339	00485980	2
5340	004859b0	3
5341	004859f0	2
5342	00485a20	2
5343	00485a50	15
5344	00485b70	8
5345	00485c30	2
5346	00485c60	0
5347	00485c90	0
5348	00485cb0	0
5349	00485cd0	0
5350	00485cf0	17
5351	00485f40	5
5352	00485fb0	2
5353	00485ff0	2
5354	00486020	0
5355	00486040	0
5356	00486060	0
5357	00486080	4
5358	004860f0	2
5359	00486130	2
5360	00486160	0
5361	00486180	0
5362	004861a0	0
5363	004861c0	4
5364	00486230	2
5365	00486270	2
5366	004862a0	0
5367	004862c0	134
5368	00486af0	3
5369	00486b30	7
5370	00486bc0	2
5371	00486c10	2
5372	00486c50	2
5373	00486ca0	2
5374	00486cf0	2
5375	00486d20	2
5376	00486d50	17
5377	00486fb0	2
5378	00486fe0	17
5379	00487240	2
5380	00487270	6
5381	00487320	3
5382	00487360	2
5383	00487390	2
5384	004873c0	2
5385	004873f0	2
5386	00487440	2
5387	00487490	2
5388	004874c0	0
5389	00487510	2
5390	00487560	2
5391	004875b0	2
5392	004875e0	2
5393	00487610	7
5394	004876c0	2
5395	004876f0	2
5396	00487720	2
5397	00487750	19
5398	00487910	4
5399	004879b0	4
5400	00487a20	0
5401	00487a40	0
5402	00487a60	2
5403	00487a90	2
5404	00487ad0	2
5405	00487b10	0
5406	00487b40	2
5407	00487b70	2
5408	00487b90	2
5409	00487bc0	2
5410	00487c00	2
5411	00487c20	2
5412	00487c50	2
5413	00487c90	2
5414	00487cb0	2
5415	00487cd0	3
5416	00487d60	2
5417	00487d90	2
5418	00487dc0	3
5419	00487e50	3
5420	00487ee0	0
5421	00487ee0	3
5422	00487f20	2
5423	00487f50	0
5424	00487f50	3
5425	00487f90	2
5426	00487fc0	3
5427	00488000	3
5428	00488050	3
5429	00488090	3
5430	004880e0	3
5431	00488120	3
5432	00488160	2
5433	00488190	3
5434	00488210	3
5435	00488290	2
5436	004882c0	2
5437	004882f0	3
5438	00488350	6
5439	004883d0	24
5440	00488590	6
5441	00488610	24
5442	004887d0	7
5443	00488860	5
5444	004888e0	14
5445	004889b0	0
5446	00488a00	0
5447	00488a20	0
5448	00488a70	0
5449	00488a90	12
5450	00488ba0	2
5451	00488be0	2
5452	00488c10	0
5453	00488c30	0
5454	00488c50	4
5455	00488cd0	0
5456	00488cf0	2
5457	00488d30	2
5458	00488d80	2
5459	00488db0	2
5460	00488e00	2
5461	00488e60	2
5462	00488e90	2
5463	00488ef0	0
5464	00488f10	9
5465	00489000	2
5466	00489020	2
5467	00489060	2
5468	004890a0	3
5469	004890e0	0
5470	004890e0	3
5471	00489120	2
5472	00489160	2
5473	00489190	2
5474	004891c0	4
5475	00489290	2
5476	004892c0	0
5477	004892c0	3
5478	00489300	0
5479	00489300	3
5480	00489340	0
5481	00489380	3
5482	004893f0	2
5483	00489430	2
5484	00489460	2
5485	00489490	3
5486	00489520	2
5487	00489560	2
5488	004895c0	0
5489	004895f0	4
5490	00489680	0
5491	004896a0	2
5492	004896c0	2
5493	004896f0	3
5494	00489730	2
5495	00489760	2
5496	00489790	0
5497	004897c0	1
5498	004897d0	1
5499	004897e0	18
70882	00489985	2
5500	004899a4	20
70883	00489b7d	2
5501	00489b9c	20
70884	00489d66	2
5502	00489d85	11
70885	00489ea7	2
5503	00489ec6	20
70886	0048a095	2
5504	0048a0b4	33
70887	0048a3d7	2
70888	0048a3f6	2
5505	0048a415	33
70889	0048a738	2
70890	0048a757	2
5506	0048a776	33
70891	0048aa99	2
70892	0048aab8	2
5507	0048aad7	33
70893	0048adfa	2
70894	0048ae19	2
5508	0048ae38	26
70895	0048b080	2
5509	0048b09f	26
70896	0048b2e7	2
5510	0048b306	401
70897	0048d56d	2
70898	0048d58c	2
70899	0048d5ab	2
70900	0048d5ca	2
70901	0048d5e9	2
70902	0048d608	2
70903	0048d627	2
70904	0048d646	2
70905	0048d665	2
70906	0048d684	2
70907	0048d6a3	2
70908	0048d6c2	2
70909	0048d6e1	2
70910	0048d700	2
70911	0048d71f	2
70912	0048d73e	2
5511	0048d75d	32
70913	0048da22	2
5512	0048da41	17
70914	0048dbc6	2
5513	0048dbe5	23
70915	0048ddf0	2
5514	0048de0f	29
70916	0048e096	2
5515	0048e0b5	17
70917	0048e23a	2
5516	0048e259	20
70918	0048e423	2
5517	0048e442	23
70919	0048e64d	2
5518	0048e66c	68
70920	0048ec19	2
5519	0048ec38	14
70921	0048ed8c	2
5520	0048edab	30
70922	0048f090	2
70923	0048f0af	2
5521	0048f0ce	9
70924	0048f1d4	2
5522	0048f1f3	28
70925	0048f4bc	2
70926	0048f4db	2
5523	0048f4fa	23
70927	0048f705	2
5524	0048f724	39
70928	0048fa99	2
5525	0048fab8	4
5526	0048fb4a	4
5527	0048fbdc	21
70929	0048fdc8	2
5528	0048fde7	13
70930	0048ff5c	2
5529	0048ff7e	11
70931	004900a0	2
5530	004900bf	13
70932	0049022b	2
5531	0049024a	206
70933	0049131a	2
5532	00491339	17
70934	004914be	2
5533	004914dd	21
70935	004916c9	2
5534	004916e8	17
70936	0049186d	2
5535	0049188c	65
70937	00491dfb	2
5536	00491e1a	24
70938	0049204b	2
5537	0049206a	31
70939	0049235b	2
70940	0049237a	2
70941	00492399	2
5538	004923b8	11
70942	004924da	2
5539	004924f9	17
70943	0049267e	2
5540	0049269d	11
70944	004927bf	2
5541	004927de	8
70945	004928c9	2
5542	004928e8	3
70946	0049292d	2
5543	00492943	239
70947	00493bc9	2
5544	00493be8	7
5545	00493d03	5
5546	00493d75	4
5547	00493e07	7
5548	00493f25	5
5549	00493f97	4
5550	00493ffd	9
5551	004940d5	7
70948	0049416f	2
5552	00494185	0
5553	004941b7	12
5554	0049431f	11
5555	004943b0	11
5556	00494441	3
5557	0049449f	3
5558	004944fd	36
5559	00494987	30
70949	00494c18	3
70950	00494c2e	2
5560	00494c50	2
5561	00494c80	2
5562	00494cb0	3
5563	00494d10	3
5564	00494d70	3
5565	00494e10	3
5566	00494e90	3
5567	00494ef0	2
5568	00494f20	3
5569	00494fc0	0
5570	00494fe0	3
5571	00495050	0
5572	00495070	0
5573	00495090	0
5574	004950b0	0
5575	004950d0	2
5576	00495100	2
5577	00495130	2
5578	00495160	7
5579	004951d0	2
5580	00495230	2
5581	00495260	5
5582	00495310	2
5583	00495350	2
5584	00495390	2
5585	004953c0	3
5586	00495420	2
5587	00495460	8
5588	00495530	2
5589	00495570	2
5590	004955a0	0
5591	004955d0	8
5592	00495690	2
5593	004956d0	2
5594	00495720	3
5595	00495760	2
5596	00495790	2
5597	004957c0	22
5598	004959a0	15
5599	00495ac0	8
5600	00495b80	2
5601	00495bb0	2
5602	00495be0	0
5603	00495c10	3
5604	00495c50	0
5605	00495c70	2
5606	00495ca0	3
5607	00495cd0	0
5608	00495ce0	0
5609	00495cf0	0
5610	00495d00	0
5611	00495d20	134
5612	00496550	3
5613	00496590	7
5614	00496620	10
5615	00496740	75
5616	00496bf0	2
5617	00496c20	2
5618	00496c50	2
5619	00496c80	0
5620	00496ca0	0
5621	00496cc0	2
5622	00496cf0	2
5623	00496d40	2
5624	00496d70	0
5625	00496da0	2
5626	00496de0	0
5627	00496df0	0
5628	00496e00	6
5629	00496eb0	19
5630	00496ff0	3
5631	00497030	3
5632	00497070	19
5633	004971b0	4
5634	00497210	2
5635	00497240	2
5636	00497270	10
5637	00497360	2
5638	00497390	2
5639	004973c0	2
5640	004973f0	7
5641	004974a0	0
5642	004974c0	2
5643	004974f0	2
5644	00497510	0
5645	00497540	3
5646	004975d0	2
5647	004975f0	2
5648	00497630	3
5649	00497670	4
70878	004976c0	2
70879	004976d1	2
5650	004976e9	4
5651	00497810	3
70880	0049785c	3
70881	00497872	2
5652	00497890	0
5653	00497890	3
5654	004978d0	4
5655	00497910	2
5656	00497940	4
5657	004979b0	3
5658	004979f0	2
5659	00497a20	3
5660	00497ab0	1
5661	00497ac0	1
70868	00497ad0	2
70869	00497ae1	2
70870	00497afb	2
70871	00497b0c	2
5662	00497b24	7
5663	00497ca8	58
5664	004980f0	0
5665	00498107	3
5666	00498181	4
5667	00498213	3
5668	00498265	4
5669	00498305	4
5670	00498361	6
5671	004983e3	15
5672	0049852b	58
70872	00498a00	3
70873	00498a16	2
70874	00498a2f	7
70875	00498a59	2
70876	00498a72	2
70877	00498a8b	2
5673	00498ab0	0
5674	00498ab0	3
5675	00498af0	4
5676	00498b30	3
5677	00498b90	2
5678	00498bc0	2
5679	00498bf0	0
5680	00498c10	2
5681	00498c40	0
5682	00498c60	0
5683	00498c80	0
5684	00498ca0	0
5685	00498cc0	4
5686	00498d00	2
5687	00498d70	2
5688	00498dd0	0
5689	00498df0	2
5690	00498e40	3
5691	00498e80	4
5692	00498ec0	2
5693	00498ef0	3
5694	00498f80	0
5695	00498fa0	0
5696	00498fb0	1
5697	00498fc0	1
70864	00498fd0	2
70865	00498fe1	2
5698	00498ff9	4
5699	00499120	7
5700	004991e4	2
70866	00499210	3
70867	00499226	2
5701	00499240	0
5702	00499240	3
5703	00499280	4
5704	004992c0	2
5705	004992f0	3
5706	00499330	2
5707	00499360	3
5708	004993f0	1
5709	00499400	1
70846	00499410	3
70847	00499426	2
70848	0049943c	2
70849	00499455	2
70850	0049946b	3
70851	00499481	2
70852	00499497	2
70853	004994b0	2
70854	004994c6	2
70855	004994d7	2
70856	004994f1	2
70857	00499502	2
5710	0049951c	4
5711	0049964d	97
5712	00499f15	3
5713	00499fd4	3
5714	0049a01a	3
5715	0049a05e	4
5716	0049a0d0	15
70858	0049a25b	3
70859	0049a271	2
70860	0049a28a	7
70861	0049a2b4	2
70862	0049a2cd	2
70863	0049a2e6	2
5717	0049a300	0
5718	0049a300	3
5719	0049a340	4
5720	0049a380	2
5721	0049a3b0	3
5722	0049a420	0
5723	0049a440	3
5724	0049a480	2
5725	0049a4b0	2
5726	0049a4e0	3
5727	0049a570	1
5728	0049a580	1
70834	0049a590	2
70835	0049a5a1	2
70836	0049a5bb	2
70837	0049a5cc	2
5729	0049a5e4	4
5730	0049a64c	80
5731	0049acb7	20
5732	0049ae98	9
5733	0049af69	10
70838	0049b179	6
5734	0049b200	3
5735	0049b236	3
5736	0049b276	4
5737	0049b2d3	27
70839	0049b63f	8
70840	0049b6f4	3
70841	0049b70a	2
70842	0049b723	7
70843	0049b74d	2
70844	0049b766	2
70845	0049b77f	2
5738	0049b7a0	0
5739	0049b7b0	2
5740	0049b830	2
5741	0049b860	3
5742	0049b890	0
5743	0049b8b0	0
5744	0049b8d0	0
5745	0049b8f0	0
5746	0049b910	0
5747	0049b930	0
5748	0049b950	2
5749	0049b980	0
5750	0049b9a0	3
5751	0049b9e0	2
5752	0049ba10	3
5753	0049baa0	4
5754	0049bbd0	0
5755	0049bbd0	3
5756	0049bc10	4
5757	0049bc50	2
5758	0049bc80	0
5759	0049bce0	1
5760	0049bcf0	1
70814	0049bd00	3
70815	0049bd16	2
70816	0049bd2c	2
70817	0049bd45	2
70818	0049bd5b	3
70819	0049bd71	2
70820	0049bd87	2
70821	0049bda0	2
70822	0049bdb6	2
70823	0049bdc7	2
70824	0049bde1	2
70825	0049bdf2	2
70826	0049be0a	2
70827	0049be1b	2
5761	0049be33	12
5762	0049bf6b	26
5763	0049c18a	18
5764	0049c3eb	7
5765	0049c54b	2
5766	0049c572	76
5767	0049cc36	36
5768	0049cf99	0
5769	0049cfb0	3
5770	0049cff2	3
5771	0049d039	5
5772	0049d0c9	15
5773	0049d22a	5
5774	0049d288	49
5775	0049d6e4	12
5776	0049d84a	7
5777	0049d9af	7
5778	0049da6e	5
5779	0049db76	10
70828	0049dc8d	3
70829	0049dca3	2
70830	0049dcbc	7
70831	0049dce6	2
70832	0049dcff	2
70833	0049dd18	2
5780	0049dd40	0
5781	0049dd60	0
5782	0049dda0	2
5783	0049ddc0	2
5784	0049ddf0	2
5785	0049de20	0
5786	0049de20	3
5787	0049de60	4
5788	0049dea0	3
5789	0049df00	2
5790	0049df30	2
5791	0049df60	0
5792	0049df60	3
5793	0049dfa0	4
5794	0049dfe0	3
5795	0049e040	2
5796	0049e070	2
5797	0049e0a0	2
5798	0049e0d0	2
5799	0049e110	2
5800	0049e140	2
5801	0049e1b0	2
5802	0049e1e0	0
5803	0049e260	2
5804	0049e290	2
5805	0049e2d0	2
5806	0049e380	2
5807	0049e3b0	2
5808	0049e3e0	2
5809	0049e440	0
5810	0049e490	0
5811	0049e4b0	2
5812	0049e510	4
5813	0049e590	0
5814	0049e5c0	0
5815	0049e5f0	3
5816	0049e630	3
5817	0049e670	0
5818	0049e690	4
5819	0049e6f0	4
5820	0049e750	2
5821	0049e780	2
5822	0049e7b0	0
5823	0049e7d0	2
5824	0049e800	3
5825	0049e8a0	2
5826	0049e8d0	3
5827	0049e960	1
5828	0049e970	1
5829	0049e980	1
5830	0049e990	1
5831	0049e9a0	1
5832	0049e9b0	1
5833	0049e9c0	1
5834	0049e9d0	1
5835	0049e9e0	1
5836	0049e9f0	1
5837	0049ea00	1
5838	0049ea10	1
5839	0049ea20	1
5840	0049ea30	1
5841	0049ea40	1
5842	0049ea50	1
5843	0049ea60	1
5844	0049ea70	1
5845	0049ea80	1
5846	0049ea90	1
5847	0049eaa0	1
5848	0049eab0	1
5849	0049eac0	1
5850	0049ead0	1
5851	0049eae0	1
5852	0049eaf0	1
5853	0049eb00	1
5854	0049eb10	1
5855	0049eb20	1
5856	0049eb30	1
5857	0049eb40	1
5858	0049eb50	1
5859	0049eb60	1
5860	0049eb70	1
5861	0049eb80	1
70800	0049eb90	2
70801	0049eba1	2
70802	0049ebbb	2
70803	0049ebcc	2
70804	0049ebe4	3
70805	0049ebfa	4
70806	0049ec76	2
70807	0049ec8f	2
5862	0049eca5	7
5863	0049edf8	28
5864	0049efe7	0
5865	0049effe	3
5866	0049f064	3
5867	0049f0b2	3
5868	0049f0f4	9
70808	0049f1cf	3
70809	0049f1e5	2
70810	0049f1fe	7
70811	0049f228	2
70812	0049f241	2
70813	0049f25a	2
5869	0049f280	0
5870	0049f280	3
5871	0049f2c0	4
5872	0049f300	3
5873	0049f340	2
5874	0049f370	3
5875	0049f400	1
5876	0049f410	1
70796	0049f420	2
70797	0049f431	2
5877	0049f449	4
5878	0049f570	6
5879	0049f646	11
5880	0049f753	4
5881	0049f796	7
70798	0049f866	3
70799	0049f87c	2
5882	0049f8a0	0
5883	0049f8a0	3
5884	0049f8e0	4
5885	0049f920	2
5886	0049f950	0
5887	0049f970	0
5888	0049f9a0	2
5889	0049f9d0	0
5890	0049f9f0	3
5891	0049fa30	2
5892	0049fa60	3
5893	0049faf0	1
5894	0049fb00	1
70786	0049fb10	2
70787	0049fb21	2
70788	0049fb3b	2
70789	0049fb4c	2
5895	0049fb64	0
5896	0049fb78	5
5897	0049fcb1	3
5898	0049fd80	17
5899	0049ff3f	9
5900	004a011e	35
5901	004a03bc	11
5902	004a0490	0
5903	004a04a7	2
5904	004a04d0	4
5905	004a0528	8
5906	004a0604	4
5907	004a0672	9
5908	004a072b	7
70790	004a07a2	3
70791	004a07b8	2
70792	004a07d1	7
70793	004a07fb	2
70794	004a0814	2
70795	004a082d	2
5909	004a0850	0
5910	004a0850	3
5911	004a0890	4
5912	004a08d0	2
5913	004a0900	11
5914	004a0a30	0
5915	004a0a50	2
5916	004a0ac0	2
5917	004a0af0	3
5918	004a0b50	0
5919	004a0b70	6
5920	004a0c00	2
5921	004a0c30	2
5922	004a0c70	2
5923	004a0ca0	0
5924	004a0cd0	0
5925	004a0cf0	0
5926	004a0d10	0
5927	004a0d60	0
5928	004a0da0	3
5929	004a0e20	7
5930	004a0ef0	0
5931	004a0f10	0
5932	004a0f30	3
5933	004a0f70	2
5934	004a0fa0	8
5935	004a1060	2
5936	004a1090	0
5937	004a10e0	0
5938	004a1130	4
5939	004a11a0	2
5940	004a11e0	2
5941	004a1230	2
5942	004a1260	2
5943	004a1290	0
5944	004a12c0	3
5945	004a12f0	0
5946	004a1300	3
5947	004a1340	0
5948	004a1360	2
5949	004a1390	0
5950	004a13b0	17
5951	004a1610	2
5952	004a1640	2
5953	004a1670	0
5954	004a1690	6
5955	004a1740	2
5956	004a1790	0
5957	004a17a0	0
5958	004a17b0	2
5959	004a17e0	0
5960	004a17f0	2
5961	004a1820	2
5962	004a1850	2
5963	004a1880	0
5964	004a18a0	2
5965	004a18d0	2
5966	004a1900	0
5967	004a1920	0
5968	004a1940	0
5969	004a1960	3
5970	004a19a0	0
5971	004a19b0	3
5972	004a19e0	2
5973	004a1a10	2
5974	004a1a40	2
5975	004a1a80	3
5976	004a1b10	2
5977	004a1b30	2
5978	004a1b60	3
5979	004a1bf0	3
5980	004a1c40	3
5981	004a1cc0	3
5982	004a1d00	0
5983	004a1d10	6
5984	004a1dc0	3
5985	004a1df0	10
5986	004a1f70	5
5987	004a2010	8
5988	004a2110	14
5989	004a22c0	5
5990	004a2390	3
5991	004a23c0	5
5992	004a2450	1
5993	004a2460	1
5994	004a2470	1
5995	004a2480	1
5996	004a2490	1
5997	004a24a0	1
5998	004a24b0	1
5999	004a24c0	1
6000	004a24d0	1
6001	004a24e0	1
6002	004a24f0	1
6003	004a2500	1
6004	004a2510	1
6005	004a2520	1
6006	004a2530	1
6007	004a2540	1
6008	004a2550	1
6009	004a2560	1
6010	004a2570	1
6011	004a2580	1
6012	004a2590	1
6013	004a25a0	1
6014	004a25b0	1
6015	004a25c0	1
6016	004a25d0	1
6017	004a25e0	1
6018	004a25f0	1
6019	004a2600	1
6020	004a2610	1
6021	004a2620	1
6022	004a2630	1
6023	004a2640	1
6024	004a2650	1
70768	004a2660	3
70769	004a2676	2
70770	004a268c	2
70771	004a26a5	2
70772	004a26bb	3
70773	004a26d1	2
70774	004a26e7	2
70775	004a2700	2
70776	004a2716	2
70777	004a2727	2
70778	004a2741	2
70779	004a2752	2
6025	004a276a	4
6026	004a28a2	78
6027	004a2f28	0
6028	004a2f71	3
6029	004a2fc6	3
70780	004a300f	3
70781	004a3025	2
70782	004a303e	7
70783	004a3068	2
70784	004a3081	2
70785	004a309a	2
6030	004a30c0	0
6031	004a30c0	3
6032	004a3100	4
6033	004a3140	2
6034	004a3170	3
6035	004a31d0	0
6036	004a31f0	2
6037	004a3240	2
6038	004a3270	3
6039	004a3310	3
6040	004a3350	2
6041	004a3380	2
6042	004a33b0	0
6043	004a33d0	2
6044	004a3400	3
6045	004a3490	1
6046	004a34a0	1
70758	004a34b0	2
70759	004a34c1	2
70760	004a34db	2
70761	004a34ec	2
6047	004a3504	4
6048	004a362b	84
6049	004a3d2f	12
70762	004a3e42	3
70763	004a3e58	2
70764	004a3e71	7
70765	004a3e9b	2
70766	004a3eb4	2
70767	004a3ecd	2
6050	004a3ef0	0
6051	004a3ef0	3
6052	004a3f30	4
6053	004a3f70	2
6054	004a3fa0	0
6055	004a3fc0	2
6056	004a3ff0	3
6057	004a4060	0
6058	004a40b0	2
6059	004a40e0	2
6060	004a4110	0
6061	004a4130	2
6062	004a4170	2
6063	004a41a0	2
6064	004a41d0	3
6065	004a4210	16
6066	004a43c0	0
6067	004a43e0	0
6068	004a4400	2
6069	004a4420	2
6070	004a4450	3
6071	004a44e0	3
6072	004a4520	2
6073	004a4550	0
6074	004a4570	0
6075	004a4590	1
6076	004a45a0	1
70748	004a45b0	2
70749	004a45c1	2
70750	004a45db	2
70751	004a45ec	2
6077	004a4604	4
6078	004a472b	10
6079	004a4822	5
6080	004a489f	5
70752	004a4923	3
70753	004a4939	2
70754	004a4952	7
70755	004a497c	2
70756	004a4995	2
70757	004a49ae	2
6081	004a49d0	0
6082	004a49d0	3
6083	004a4a10	4
6084	004a4a50	2
6085	004a4a80	3
6086	004a4ac0	2
6087	004a4af0	2
6088	004a4b20	3
6089	004a4bb0	1
6090	004a4bc0	1
70740	004a4bd0	2
70741	004a4be1	2
70742	004a4bf9	2
70743	004a4c0a	2
6091	004a4c22	4
6092	004a4d49	6
6093	004a4ea6	62
70744	004a5441	42
6094	004a58d6	34
70745	004a5c18	13
6095	004a5db0	17
6096	004a5f2b	5
6097	004a6070	4
6098	004a60ec	5
6099	004a61f4	4
70746	004a62a8	3
70747	004a62be	2
6100	004a62e0	0
6101	004a62e0	3
6102	004a6320	4
6103	004a6360	2
6104	004a6390	2
6105	004a63c0	2
6106	004a63f0	2
6107	004a6420	0
6108	004a6460	0
6109	004a64a0	0
6110	004a64a0	3
6111	004a64e0	4
6112	004a6520	3
6113	004a6580	4
6114	004a65f0	3
6115	004a6630	3
6116	004a6670	2
6117	004a66a0	3
6118	004a6730	2
6119	004a6760	3
6120	004a67f0	1
6121	004a6800	1
6122	004a6810	1
6123	004a6820	1
70732	004a6830	2
70733	004a6841	2
6124	004a6859	4
70734	004a6980	3
70735	004a6996	4
70736	004a6a12	2
70737	004a6a2b	2
6125	004a6a41	20
70738	004a6bce	3
70739	004a6be4	2
6126	004a6c00	0
6127	004a6c00	3
6128	004a6c40	4
6129	004a6c80	2
6130	004a6cb0	3
6131	004a6cf0	2
6132	004a6d20	3
6133	004a6db0	1
6134	004a6dc0	1
70728	004a6dd0	2
70729	004a6de1	2
6135	004a6df9	4
6136	004a6f20	7
6137	004a6fe4	2
6138	004a700e	5
70730	004a70be	3
70731	004a70d4	2
6139	004a70f0	0
6140	004a70f0	3
6141	004a7130	4
6142	004a7170	2
6143	004a71a0	3
6144	004a71e0	2
6145	004a7210	3
6146	004a72a0	1
6147	004a72b0	1
70710	004a72c0	3
70711	004a72d6	2
70712	004a72ec	2
70713	004a7305	2
70714	004a731b	3
70715	004a7331	2
70716	004a7347	2
70717	004a7360	2
70718	004a7376	2
70719	004a7387	2
70720	004a73a1	2
70721	004a73b2	2
6148	004a73cc	4
6149	004a74fd	48
6150	004a7940	36
6151	004a7c3d	36
6152	004a7fc7	3
6153	004a8086	3
6154	004a80cc	3
6155	004a8110	4
70722	004a8182	3
70723	004a8198	2
70724	004a81b1	7
70725	004a81db	2
70726	004a81f4	2
70727	004a820d	2
6156	004a8230	0
6157	004a8230	3
6158	004a8270	4
6159	004a82b0	2
6160	004a82e0	2
6161	004a8310	3
6162	004a8350	2
6163	004a8380	0
6164	004a83a0	2
6165	004a83d0	3
6166	004a8460	1
6167	004a8470	1
70706	004a8480	2
70707	004a8491	2
6168	004a84a9	5
6169	004a85e2	77
6170	004a8ca8	86
6171	004a9476	2
6172	004a94ad	2
6173	004a94dd	0
6174	004a94f4	5
6175	004a956f	4
6176	004a95ca	0
70708	004a95de	3
70709	004a95f4	2
6177	004a9610	0
6178	004a9610	3
6179	004a9650	4
6180	004a9690	3
6181	004a96f0	2
6182	004a9720	24
6183	004a98d0	0
6184	004a9920	0
6185	004a9940	3
6186	004a9980	2
6187	004a99b0	2
6188	004a99e0	0
6189	004a9a00	0
6190	004a9a30	2
6191	004a9a60	3
6192	004a9af0	1
6193	004a9b00	1
70696	004a9b10	2
70697	004a9b21	2
70698	004a9b3b	2
70699	004a9b4c	2
6194	004a9b64	4
6195	004a9c8b	44
6196	004aa0fa	39
6197	004aa58b	5
6198	004aa608	5
70700	004aa68c	3
70701	004aa6a2	2
70702	004aa6bb	7
70703	004aa6e5	2
70704	004aa6fe	2
70705	004aa717	2
6199	004aa730	0
6200	004aa730	3
6201	004aa770	4
6202	004aa7b0	2
6203	004aa7e0	2
6204	004aa810	0
6205	004aa850	3
6206	004aa8c0	0
6207	004aa910	2
6208	004aa940	2
6209	004aa970	3
6210	004aa9b0	4
6211	004aa9f0	0
6212	004aaa30	3
6213	004aaaa0	0
6214	004aaaf0	2
6215	004aab20	3
6216	004aab60	0
6217	004aab80	0
6218	004aaba0	4
6219	004aac00	5
6220	004aac70	2
6221	004aacb0	2
6222	004aace0	0
6223	004aad00	0
6224	004aad20	4
6225	004aad80	2
6226	004aadc0	2
6227	004aadf0	17
6228	004ab030	2
6229	004ab060	17
6230	004ab2a0	2
6231	004ab2d0	2
6232	004ab320	2
6233	004ab370	2
6234	004ab3a0	2
6235	004ab3f0	2
6236	004ab440	2
6237	004ab470	2
6238	004ab4a0	2
6239	004ab4d0	3
6240	004ab510	2
6241	004ab540	2
6242	004ab570	0
6243	004ab590	0
6244	004ab5b0	0
6245	004ab5d0	4
6246	004ab690	2
6247	004ab6d0	2
6248	004ab700	2
6249	004ab740	2
6250	004ab760	0
6251	004ab790	0
6252	004ab7d0	0
6253	004ab7e0	2
6254	004ab810	2
6255	004ab840	3
6256	004ab8d0	2
6257	004ab930	2
6258	004ab960	3
6259	004ab9f0	3
6260	004aba30	2
6261	004aba60	2
6262	004abac0	2
6263	004abb20	0
6264	004abb20	3
6265	004abb60	3
6266	004abbe0	2
6267	004abc10	3
6268	004abc90	0
6269	004abcb0	0
6270	004abcb0	3
6271	004abcf0	0
6272	004abcf0	3
6273	004abd30	0
6274	004abd50	2
6275	004abd80	2
6276	004abdb0	1
6277	004abdc0	1
6278	004abdd0	1
6279	004abde0	1
70692	004abdf0	2
70693	004abe01	2
6280	004abe19	6
6281	004abf68	0
6282	004abf80	0
6283	004abf98	0
6284	004abfaf	2
6285	004abfd3	85
6286	004ac7b9	3
6287	004ac7ef	5
6288	004ac89a	3
6289	004ac931	6
6290	004ac9d6	4
6291	004aca3e	5
6292	004acace	7
70694	004acb74	3
70695	004acb8a	2
6293	004acbb0	0
6294	004acbe0	0
6295	004acbe0	3
6296	004acc20	4
6297	004acc60	2
6298	004acc90	0
6299	004accb0	0
6300	004accc0	2
6301	004accf0	0
6302	004acd10	3
6303	004acd50	2
6304	004acd80	3
6305	004ace10	1
6306	004ace20	1
6307	004ace30	1
6308	004ace40	1
6309	004ace50	1
6310	004ace60	1
6311	004ace70	1
6312	004ace80	1
6313	004ace90	1
6314	004acea0	1
6315	004aceb0	1
6316	004acec0	1
6317	004aced0	1
6318	004acee0	1
6319	004acef0	1
6320	004acf00	1
6321	004acf10	1
6322	004acf20	1
6323	004acf30	1
6324	004acf40	1
6325	004acf50	1
6326	004acf60	1
6327	004acf70	1
6328	004acf80	1
6329	004acf90	1
6330	004acfa0	1
6331	004acfb0	1
6332	004acfc0	1
6333	004acfd0	1
6334	004acfe0	1
6335	004acff0	1
6336	004ad000	1
6337	004ad010	1
6338	004ad020	1
6339	004ad030	1
70650	004ad040	2
70651	004ad051	2
70652	004ad06b	2
70653	004ad07c	0
70654	004ad093	2
70655	004ad0a4	2
70656	004ad0ba	2
70657	004ad0cb	0
70658	004ad0e2	2
70659	004ad0f3	0
70660	004ad10a	2
70661	004ad11b	0
70662	004ad132	2
70663	004ad143	0
70664	004ad156	2
70665	004ad167	0
70666	004ad17e	2
70667	004ad18f	0
6340	004ad23a	3
6341	004ad282	4
6342	004ad2f8	13
6343	004ad435	3
70668	004ad494	3
70669	004ad4aa	4
70670	004ad526	2
70671	004ad53f	2
6344	004ad555	4
6345	004ad612	3
6346	004ad695	9
6347	004ad79b	5
6348	004ad86a	28
6349	004ada49	3
6350	004adb28	0
6351	004adb40	0
6352	004adb59	0
6353	004adb72	0
6354	004adb8a	2
6355	004adbe9	2
6356	004adc4b	11
70672	004add84	2
6357	004add9a	19
6358	004adf2e	0
6359	004adf73	4
6360	004adfbf	3
6361	004ae095	2
6362	004ae0bc	0
6363	004ae0d4	3
6364	004ae11e	7
6365	004ae1ce	21
6366	004ae38d	5
6367	004ae3d6	25
6368	004ae730	14
6369	004ae855	61
70673	004aee52	2
6370	004aee68	45
70674	004af171	2
6371	004af187	21
6372	004af36c	56
6373	004af754	8
6374	004af7be	23
6375	004af973	39
6376	004afbec	71
6377	004b02c5	14
6378	004b03e5	26
6379	004b065d	34
6380	004b0a0f	38
6381	004b0db2	23
6382	004b1028	3
6383	004b1072	11
70675	004b11a8	2
6384	004b11be	2
6385	004b1206	7
6386	004b1311	15
6387	004b1524	31
70676	004b18be	2
6388	004b18d4	11
6389	004b19ab	105
70677	004b268b	2
70678	004b26a1	2
6390	004b26b7	8
6391	004b2777	8
6392	004b2879	50
70679	004b2cbf	2
6393	004b2cd5	6
6394	004b2d90	17
6395	004b2f53	55
6396	004b334a	5
6397	004b33b5	14
6398	004b362f	18
6399	004b37f4	15
6400	004b39f5	4
6401	004b3a38	74
70680	004b41f1	2
70681	004b4207	2
6402	004b421d	3
6403	004b426d	3
6404	004b42c9	0
6405	004b42e4	2
6406	004b430e	4
6407	004b4342	5
6408	004b43d9	11
6409	004b456a	5
6410	004b45f8	4
6411	004b4661	0
6412	004b467c	0
6413	004b4697	5
6414	004b4707	0
6415	004b4721	0
6416	004b4739	0
6417	004b4775	9
6418	004b48a2	45
6419	004b4bad	37
6420	004b4fb2	94
6421	004b5ed9	85
6422	004b6851	0
6423	004b6869	2
6424	004b6896	0
6425	004b68b1	0
6426	004b68c9	15
6427	004b69f2	64
6428	004b7034	9
6429	004b715a	12
6430	004b7351	3
6431	004b73ee	10
6432	004b7534	7
6433	004b7663	14
6434	004b7826	0
6435	004b7841	26
6436	004b7a39	65
6437	004b8068	66
6438	004b8659	10
6439	004b872a	0
6440	004b8742	18
6441	004b8989	10
6442	004b8aeb	12
6443	004b8c4c	21
6444	004b8e97	29
6445	004b90fc	4
6446	004b919b	3
6447	004b91f1	15
6448	004b9343	22
6449	004b9547	8
6450	004b9642	17
6451	004b9874	5
6452	004b98d4	0
6453	004b98ef	10
6454	004b99f2	11
6455	004b9b2d	9
6456	004b9ba1	3
6457	004b9bd6	2
6458	004b9bfd	6
6459	004b9c99	20
6460	004b9e8a	12
6461	004b9fc0	24
70682	004ba213	2
6462	004ba229	45
6463	004ba6fa	6
6464	004ba788	6
6465	004ba81b	2
6466	004ba848	2
6467	004ba875	2
6468	004ba8a5	9
6469	004ba9c3	7
6470	004baa6e	7
6471	004bab1d	20
6472	004bad0b	3
6473	004bad4d	16
6474	004baf87	16
6475	004bb0e2	17
6476	004bb362	10
6477	004bb4e5	18
6478	004bb719	16
6479	004bb908	15
6480	004bbae5	7
6481	004bbb8c	0
6482	004bbba4	4
6483	004bbc0b	12
6484	004bbd51	51
6485	004bc2b6	12
6486	004bc3dc	5
6487	004bc495	19
6488	004bc60d	14
6489	004bc6fc	2
6490	004bc763	61
6491	004bcee3	35
6492	004bd226	21
6493	004bd44a	4
6494	004bd4e4	11
6495	004bd666	12
6496	004bd848	28
6497	004bdada	25
6498	004bdc90	31
6499	004bdebd	36
70683	004be147	9
70684	004be17b	2
70685	004be194	2
70686	004be1ad	2
70687	004be1c6	2
70688	004be1df	7
70689	004be209	2
70690	004be222	2
70691	004be23b	2
6500	004be260	0
6501	004be280	0
6502	004be2a0	8
6503	004be3b0	2
6504	004be3f0	2
6505	004be420	0
6506	004be440	0
6507	004be460	0
6508	004be480	0
6509	004be4a0	0
6510	004be4a0	3
6511	004be4e0	3
6512	004be510	2
6513	004be540	0
6514	004be540	3
6515	004be580	2
6516	004be5b0	0
6517	004be5b0	3
6518	004be5f0	11
6519	004be6e0	2
6520	004be710	2
6521	004be740	2
6522	004be770	2
6523	004be7a0	2
6524	004be7d0	2
6525	004be800	3
6526	004be860	0
6527	004be860	3
6528	004be8a0	3
6529	004be8d0	2
6530	004be900	2
6531	004be930	0
6532	004be970	2
6533	004be9a0	2
6534	004be9e0	2
6535	004bea30	11
6536	004beb10	3
6537	004beb50	2
6538	004beb80	4
6539	004bebf0	3
6540	004bec70	2
6541	004beca0	2
6542	004becd0	2
6543	004bed00	2
6544	004bed30	2
6545	004bed60	2
6546	004bed90	2
6547	004bedc0	2
6548	004bedf0	2
6549	004bee20	2
6550	004bee50	0
6551	004bee50	3
6552	004bee90	2
6553	004beec0	2
6554	004beef0	3
6555	004bef70	2
6556	004befc0	2
6557	004beff0	2
6558	004bf020	2
6559	004bf060	2
6560	004bf0a0	2
6561	004bf0e0	2
6562	004bf120	2
6563	004bf150	2
6564	004bf1a0	2
6565	004bf1d0	3
6566	004bf230	2
6567	004bf270	2
6568	004bf2f0	4
6569	004bf360	2
6570	004bf390	0
6571	004bf3b0	2
6572	004bf460	0
6573	004bf480	0
6574	004bf4a0	0
6575	004bf4c0	0
6576	004bf4e0	0
6577	004bf500	0
6578	004bf520	2
6579	004bf570	5
6580	004bf5f0	0
6581	004bf610	2
6582	004bf640	4
6583	004bf6a0	0
6584	004bf6d0	6
6585	004bf7e0	0
6586	004bf800	0
6587	004bf820	0
6588	004bf870	0
6589	004bf890	4
6590	004bf960	0
6591	004bf960	3
6592	004bf9a0	3
6593	004bfa00	0
6594	004bfa10	3
6595	004bfa50	3
6596	004bfa90	2
6597	004bfad0	0
6598	004bfaf0	3
6599	004bfb60	0
6600	004bfba0	0
6601	004bfbc0	2
6602	004bfbf0	0
6603	004bfc20	2
6604	004bfc50	0
6605	004bfc70	0
6606	004bfca0	2
6607	004bfcd0	0
6608	004bfcf0	0
6609	004bfd00	2
6610	004bfd30	0
6611	004bfd50	0
6612	004bfd70	2
6613	004bfda0	2
6614	004bfdd0	0
6615	004bfdf0	2
6616	004bfe30	2
6617	004bfe70	2
6618	004bfeb0	0
6619	004bfed0	2
6620	004bff30	0
6621	004bff40	0
6622	004bff60	3
6623	004bffe0	3
6624	004c0060	0
6625	004c0060	3
6626	004c00a0	0
6627	004c00c0	0
6628	004c00e0	2
6629	004c0110	2
6630	004c0140	2
6631	004c0170	2
6632	004c01a0	2
6633	004c01d0	0
6634	004c01f0	0
6635	004c0220	0
6636	004c0240	0
6637	004c0260	0
6638	004c0280	3
6639	004c02c0	2
6640	004c0320	0
6641	004c0340	2
6642	004c0380	3
6643	004c03f0	2
6644	004c0420	2
6645	004c0450	2
6646	004c0480	0
6647	004c04c0	2
6648	004c0510	2
6649	004c0570	2
6650	004c05a0	2
6651	004c05d0	4
6652	004c0640	0
6653	004c0660	2
6654	004c0690	0
6655	004c0690	3
6656	004c06d0	2
6657	004c0700	0
6658	004c0740	2
6659	004c07a0	0
6660	004c07c0	2
6661	004c0800	3
6662	004c0870	0
6663	004c0890	0
6664	004c08b0	2
6665	004c08f0	3
6666	004c0960	0
6667	004c0980	0
6668	004c09b0	2
6669	004c09e0	3
6670	004c0ac0	0
6671	004c0ae0	2
6672	004c0b10	15
6673	004c0d00	3
6674	004c0d70	3
6675	004c0df0	0
6676	004c0e10	2
6677	004c0e60	2
6678	004c0ea0	3
6679	004c0ef0	3
6680	004c0f30	0
6681	004c0f50	0
6682	004c0f70	5
6683	004c1000	2
6684	004c1030	0
6685	004c1070	3
6686	004c10f0	24
6687	004c12b0	2
6688	004c12e0	5
6689	004c1350	3
6690	004c13c0	0
6691	004c1410	2
6692	004c1460	5
6693	004c14e0	3
6694	004c1520	2
6695	004c1550	2
6696	004c1580	2
6697	004c15b0	2
6698	004c1600	2
6699	004c1640	0
6700	004c1680	3
6701	004c1700	3
6702	004c1770	2
6703	004c17a0	6
6704	004c1800	0
6705	004c1840	3
6706	004c18b0	0
6707	004c18d0	0
6708	004c18f0	9
6709	004c1970	2
6710	004c19a0	4
6711	004c19e0	2
6712	004c1a20	3
6713	004c1a80	2
6714	004c1ab0	8
6715	004c1b80	0
6716	004c1bc0	2
6717	004c1bf0	2
6718	004c1c30	3
6719	004c1c90	2
6720	004c1cc0	2
6721	004c1cf0	8
6722	004c1dc0	0
6723	004c1df0	2
6724	004c1e20	2
6725	004c1e60	3
6726	004c1ec0	2
6727	004c1ef0	8
6728	004c1fc0	0
6729	004c2000	0
6730	004c2030	2
6731	004c2060	2
6732	004c20a0	3
6733	004c2100	2
6734	004c2130	8
6735	004c2200	2
6736	004c2240	2
6737	004c2290	5
6738	004c2310	3
6739	004c2350	3
6740	004c2390	2
6741	004c23c0	2
6742	004c23f0	0
6743	004c2410	3
6744	004c2460	0
6745	004c2480	2
6746	004c24b0	2
6747	004c24f0	2
6748	004c2540	2
6749	004c2580	2
6750	004c25b0	2
6751	004c25e0	2
6752	004c2620	2
6753	004c2660	2
6754	004c2690	2
6755	004c26d0	3
6756	004c2730	2
6757	004c2760	8
6758	004c2830	2
6759	004c2870	2
6760	004c28a0	2
6761	004c28e0	3
6762	004c2940	2
6763	004c2970	2
6764	004c29a0	8
6765	004c2a70	0
6766	004c2aa0	2
6767	004c2ad0	2
6768	004c2b10	3
6769	004c2b70	2
6770	004c2ba0	2
6771	004c2bd0	8
6772	004c2ca0	0
6773	004c2cd0	2
6774	004c2d00	2
6775	004c2d40	3
6776	004c2da0	2
6777	004c2dd0	8
6778	004c2ea0	2
6779	004c2ee0	2
6780	004c2f10	0
6781	004c2f50	3
6782	004c2fc0	3
6783	004c3000	0
6784	004c3040	3
6785	004c30b0	2
6786	004c30e0	6
6787	004c3140	0
6788	004c3180	3
6789	004c31f0	0
6790	004c3210	0
6791	004c3230	0
6792	004c3280	2
6793	004c32b0	2
6794	004c32e0	3
6795	004c3320	4
6796	004c3360	4
6797	004c3420	0
6798	004c3450	3
6799	004c34d0	3
6800	004c3520	5
6801	004c35e0	2
6802	004c3610	2
6803	004c3640	0
6804	004c3650	2
6805	004c3680	0
6806	004c36a0	2
6807	004c36d0	7
6808	004c3760	0
6809	004c3770	0
6810	004c3790	11
6811	004c38c0	0
6812	004c38d0	11
6813	004c3a00	2
6814	004c3a30	2
6815	004c3a60	0
6816	004c3a80	0
6817	004c3aa0	0
6818	004c3ac0	27
6819	004c3cf0	3
6820	004c3d30	2
6821	004c3d60	23
6822	004c3f00	2
6823	004c3f30	8
6824	004c3fb0	22
6825	004c4170	2
6826	004c41b0	5
6827	004c4250	10
6828	004c4350	0
6829	004c4370	2
6830	004c43d0	2
6831	004c4430	2
6832	004c4480	5
6833	004c4500	2
6834	004c4530	4
6835	004c4570	3
6836	004c45c0	4
6837	004c4610	0
6838	004c4650	3
6839	004c46c0	0
6840	004c46e0	0
6841	004c4700	0
6842	004c4750	3
6843	004c4790	4
6844	004c47f0	4
6845	004c4860	2
6846	004c48a0	2
6847	004c4940	2
6848	004c4970	0
6849	004c49b0	3
6850	004c4a30	0
6851	004c4a50	0
6852	004c4a70	2
6853	004c4aa0	3
6854	004c4ae0	4
6855	004c4b50	5
6856	004c4bc0	4
6857	004c4c00	0
6858	004c4c30	2
6859	004c4c70	2
6860	004c4ca0	2
6861	004c4ce0	2
6862	004c4d10	2
6863	004c4d40	4
6864	004c4db0	8
6865	004c4e80	2
6866	004c4eb0	2
6867	004c4ee0	2
6868	004c4f30	2
6869	004c4f70	0
6870	004c4fb0	6
6871	004c5030	3
6872	004c50b0	0
6873	004c5100	2
6874	004c5130	3
6875	004c5170	5
6876	004c51f0	3
6877	004c5230	2
6878	004c5260	2
6879	004c52a0	2
6880	004c52d0	2
6881	004c5370	2
6882	004c53a0	2
6883	004c5400	2
6884	004c5430	2
6885	004c5460	2
6886	004c5490	2
6887	004c54e0	2
6888	004c5520	3
6889	004c5560	2
6890	004c5590	2
6891	004c55c0	2
6892	004c5610	2
6893	004c5650	3
6894	004c5690	2
6895	004c56c0	2
6896	004c56f0	2
6897	004c5730	2
6898	004c5780	2
6899	004c57c0	6
6900	004c5850	5
6901	004c58d0	3
6902	004c5910	2
6903	004c5940	2
6904	004c5970	2
6905	004c59c0	2
6906	004c5a00	3
6907	004c5a40	2
6908	004c5a70	2
6909	004c5aa0	2
6910	004c5af0	2
6911	004c5b30	2
6912	004c5b80	5
6913	004c5c00	13
6914	004c5cf0	2
6915	004c5d20	2
6916	004c5d50	2
6917	004c5d80	2
6918	004c5db0	2
6919	004c5de0	0
6920	004c5e00	0
6921	004c5e20	0
6922	004c5e60	3
6923	004c5ed0	0
6924	004c5ef0	0
6925	004c5f10	0
6926	004c5f60	2
6927	004c5f90	2
6928	004c5fc0	4
6929	004c6020	3
6930	004c6060	2
6931	004c6090	2
6932	004c60c0	2
6933	004c6110	2
6934	004c6150	2
6935	004c61a0	5
6936	004c6220	3
6937	004c6260	2
6938	004c6290	11
6939	004c6360	2
6940	004c6390	2
6941	004c63e0	2
6942	004c6420	0
6943	004c6460	3
6944	004c64d0	0
6945	004c64f0	0
6946	004c6510	0
6947	004c6560	2
6948	004c6590	3
6949	004c65d0	4
6950	004c6630	0
6951	004c6630	3
6952	004c6670	0
6953	004c6670	3
6954	004c66b0	0
6955	004c66b0	3
6956	004c6700	2
6957	004c6760	0
6958	004c6760	3
6959	004c67b0	0
6960	004c67b0	3
6961	004c67f0	3
6962	004c6830	2
6963	004c6860	3
6964	004c68a0	2
6965	004c68e0	0
6966	004c6900	0
6967	004c6920	0
6968	004c6940	0
6969	004c6970	0
6970	004c69b0	0
6971	004c69e0	0
6972	004c6a20	0
6973	004c6a60	0
6974	004c6aa0	0
6975	004c6ae0	3
6976	004c6b50	0
6977	004c6b90	0
6978	004c6bb0	0
6979	004c6bd0	2
6980	004c6c30	0
6981	004c6c50	2
6982	004c6c80	2
6983	004c6cc0	0
6984	004c6ce0	0
6985	004c6ce0	3
6986	004c6d20	3
6987	004c6de0	2
6988	004c6e20	3
6989	004c6e60	0
6990	004c6e80	0
6991	004c6ed0	0
6992	004c6ef0	0
6993	004c6f10	0
6994	004c6f30	2
6995	004c6f70	2
6996	004c6fc0	2
6997	004c6ff0	2
6998	004c7020	2
6999	004c7060	2
7000	004c7090	0
7001	004c70b0	4
7002	004c7120	4
7003	004c71b0	2
7004	004c71e0	0
7005	004c71f0	0
7006	004c7200	2
7007	004c7230	2
7008	004c7270	0
7009	004c72a0	0
7010	004c72c0	0
7011	004c72e0	17
7012	004c7520	5
7013	004c7590	2
7014	004c75d0	2
7015	004c7620	2
7016	004c7650	2
7017	004c7680	6
7018	004c7700	0
7019	004c7720	0
7020	004c7740	0
7021	004c7790	17
7022	004c79d0	5
7023	004c7a40	2
7024	004c7a80	2
7025	004c7ab0	2
7026	004c7b00	3
7027	004c7b40	2
7028	004c7b70	22
7029	004c7d50	15
7030	004c7e70	4
7031	004c7ed0	2
7032	004c7f00	2
7033	004c7f30	2
7034	004c7f80	3
7035	004c7fc0	2
7036	004c7ff0	22
7037	004c81d0	15
7038	004c82f0	4
7039	004c8360	4
7040	004c83c0	2
7041	004c83f0	2
7042	004c8420	2
7043	004c8470	3
7044	004c84b0	2
7045	004c84e0	22
7046	004c86c0	0
7047	004c8700	15
7048	004c8820	4
7049	004c8880	2
7050	004c88b0	2
7051	004c88e0	2
7052	004c8930	3
7053	004c8970	2
7054	004c89a0	22
7055	004c8b80	15
7056	004c8ca0	4
7057	004c8d00	2
7058	004c8d30	6
7059	004c8dc0	11
7060	004c8e90	4
7061	004c8f00	4
7062	004c8f90	2
7063	004c8fc0	0
7064	004c8fd0	0
7065	004c8fe0	2
7066	004c9010	0
7067	004c9030	0
7068	004c9060	2
7069	004c9090	0
7070	004c90c0	2
7071	004c90f0	2
7072	004c9140	3
7073	004c9180	2
7074	004c91b0	22
7075	004c9390	15
7076	004c94b0	4
7077	004c9510	2
7078	004c9540	2
7079	004c9570	2
7080	004c95c0	3
7081	004c9600	2
7082	004c9630	22
7083	004c9810	15
7084	004c9930	4
7085	004c99a0	4
7086	004c9a00	2
7087	004c9a30	2
7088	004c9a60	2
7089	004c9ab0	3
7090	004c9af0	2
7091	004c9b20	22
7092	004c9d00	15
7093	004c9e20	4
7094	004c9e90	4
7095	004c9ef0	2
7096	004c9f20	2
7097	004c9f50	2
7098	004c9fa0	3
7099	004c9fe0	2
7100	004ca010	22
7101	004ca1f0	15
7102	004ca310	4
7103	004ca370	2
7104	004ca3a0	2
7105	004ca3d0	0
7106	004ca3f0	4
7107	004ca450	2
7108	004ca490	2
7109	004ca4c0	0
7110	004ca4e0	0
7111	004ca500	17
7112	004ca730	5
7113	004ca7a0	2
7114	004ca7e0	2
7115	004ca810	4
7116	004ca870	5
7117	004ca8e0	2
7118	004ca920	4
7119	004ca9a0	5
7120	004ca9f0	4
7121	004caa60	3
7122	004caab0	3
7123	004caaf0	2
7124	004cab20	0
7125	004cab40	11
7126	004cac10	12
7127	004cacf0	4
7128	004cad60	4
7129	004cadf0	2
7130	004cae20	2
7131	004cae50	2
7132	004cae90	17
7133	004cb0d0	2
7134	004cb110	2
7135	004cb140	2
7136	004cb1a0	4
7137	004cb220	0
7138	004cb250	0
7139	004cb2a0	4
7140	004cb310	2
7141	004cb350	2
7142	004cb380	0
7143	004cb3a0	3
7144	004cb400	0
7145	004cb410	2
7146	004cb460	3
7147	004cb4a0	2
7148	004cb4d0	15
7149	004cb5f0	2
7150	004cb620	0
7151	004cb650	2
7152	004cb680	0
7153	004cb6b0	0
7154	004cb6d0	0
7155	004cb6f0	0
7156	004cb710	0
7157	004cb730	4
7158	004cb7a0	2
7159	004cb7e0	2
7160	004cb830	2
7161	004cb860	2
7162	004cb890	4
7163	004cb900	2
7164	004cb930	0
7165	004cb940	2
7166	004cb970	2
7167	004cb9d0	4
7168	004cba50	0
7169	004cba80	0
7170	004cba90	3
7171	004cbad0	2
7172	004cbb00	2
7173	004cbb30	0
7174	004cbb60	0
7175	004cbb70	0
7176	004cbb80	2
7177	004cbbb0	2
7178	004cbbe0	0
7179	004cbc00	2
7180	004cbc40	0
7181	004cbc70	0
7182	004cbc80	0
7183	004cbc90	2
7184	004cbcc0	0
7185	004cbcf0	3
7186	004cbd30	2
7187	004cbd60	5
7188	004cbdd0	4
7189	004cbe40	4
7190	004cbed0	2
7191	004cbf00	0
7192	004cbf10	0
7193	004cbf20	2
7194	004cbf50	2
7195	004cbf90	0
7196	004cbfc0	0
7197	004cbfd0	0
7198	004cbfe0	2
7199	004cc010	2
7200	004cc050	0
7201	004cc080	3
7202	004cc0c0	3
7203	004cc100	2
7204	004cc130	2
7205	004cc160	5
7206	004cc1d0	11
7207	004cc2a0	4
7208	004cc310	4
7209	004cc3a0	2
7210	004cc3d0	2
7211	004cc400	2
7212	004cc440	2
7213	004cc480	2
7214	004cc4b0	2
7215	004cc4f0	2
7216	004cc530	3
7217	004cc570	0
7218	004cc590	2
7219	004cc5c0	4
7220	004cc620	3
7221	004cc660	2
7222	004cc690	15
7223	004cc7b0	2
7224	004cc7e0	17
7225	004cca20	2
7226	004cca60	0
7227	004cca70	0
7228	004cca80	0
7229	004ccaa0	2
7230	004ccae0	0
7231	004ccb10	4
7232	004ccb80	4
7233	004ccc10	2
7234	004ccc40	0
7235	004ccc50	0
7236	004ccc60	0
7237	004ccc70	2
7238	004ccca0	0
7239	004cccc0	2
7240	004cccf0	2
7241	004ccd30	0
7242	004ccd60	17
7243	004ccfb0	2
7244	004ccff0	2
7245	004cd020	0
7246	004cd050	0
7247	004cd080	0
7248	004cd0b0	0
7249	004cd0e0	0
7250	004cd110	0
7251	004cd140	0
7252	004cd170	0
7253	004cd1a0	2
7254	004cd1f0	0
7255	004cd220	0
7256	004cd240	2
7257	004cd290	2
7258	004cd2e0	5
7259	004cd370	3
7260	004cd3e0	5
7261	004cd460	6
7262	004cd4e0	2
7263	004cd510	0
7264	004cd530	3
7265	004cd570	2
7266	004cd5a0	2
7267	004cd5d0	2
7268	004cd600	12
7269	004cd6e0	0
7270	004cd6f0	2
7271	004cd720	2
7272	004cd750	0
7273	004cd770	0
7274	004cd7c0	2
7275	004cd810	2
7276	004cd840	2
7277	004cd870	2
7278	004cd8c0	2
7279	004cd910	2
7280	004cd940	2
7281	004cd970	0
7282	004cd990	0
7283	004cd9c0	2
7284	004cd9f0	3
7285	004cda20	0
7286	004cda30	0
7287	004cda40	0
7288	004cda50	0
7289	004cda70	134
7290	004ce2a0	7
7291	004ce330	10
7292	004ce450	75
7293	004ce900	2
7294	004ce930	2
7295	004ce960	2
7296	004ce990	0
7297	004ce9b0	2
7298	004ce9e0	2
7299	004cea30	2
7300	004cea60	0
7301	004cea90	2
7302	004cead0	0
7303	004ceaf0	3
7304	004ceb20	0
7305	004ceb30	0
7306	004ceb40	0
7307	004ceb50	0
7308	004ceb70	134
7309	004cf3a0	4
7310	004cf400	7
7311	004cf490	10
7312	004cf5b0	75
7313	004cfa60	2
7314	004cfa90	2
7315	004cfac0	2
7316	004cfaf0	0
7317	004cfb10	2
7318	004cfb40	2
7319	004cfb90	2
7320	004cfbc0	0
7321	004cfbf0	2
7322	004cfc30	0
7323	004cfc50	3
7324	004cfc80	0
7325	004cfc90	0
7326	004cfca0	0
7327	004cfcb0	0
7328	004cfcd0	134
7329	004d0500	7
7330	004d0590	10
7331	004d06b0	75
7332	004d0b60	2
7333	004d0b90	2
7334	004d0bc0	2
7335	004d0bf0	0
7336	004d0c10	2
7337	004d0c40	2
7338	004d0c90	2
7339	004d0cc0	0
7340	004d0cf0	2
7341	004d0d30	0
7342	004d0d50	2
7343	004d0d80	3
7344	004d0db0	0
7345	004d0dc0	0
7346	004d0dd0	0
7347	004d0de0	0
7348	004d0e00	134
7349	004d1630	7
7350	004d16c0	10
7351	004d17e0	75
7352	004d1c90	2
7353	004d1cc0	2
7354	004d1cf0	2
7355	004d1d20	5
7356	004d1d90	12
7357	004d1e70	0
7358	004d1e80	2
7359	004d1eb0	2
7360	004d1ee0	2
7361	004d1f10	0
7362	004d1f30	2
7363	004d1f80	0
7364	004d1fa0	2
7365	004d1fd0	2
7366	004d2020	2
7367	004d2050	0
7368	004d2080	2
7369	004d20c0	0
7370	004d20e0	2
7371	004d2110	3
7372	004d2140	0
7373	004d2150	0
7374	004d2160	0
7375	004d2170	0
7376	004d2190	134
7377	004d29c0	7
7378	004d2a50	10
7379	004d2b70	75
7380	004d3020	2
7381	004d3050	2
7382	004d3080	2
7383	004d30b0	0
7384	004d30d0	2
7385	004d3100	2
7386	004d3150	2
7387	004d3180	0
7388	004d31b0	2
7389	004d31f0	0
7390	004d3210	0
7391	004d3240	3
7392	004d3270	0
7393	004d3280	0
7394	004d3290	0
7395	004d32a0	0
7396	004d32c0	134
7397	004d3af0	4
7398	004d3b50	7
7399	004d3be0	10
7400	004d3d00	75
7401	004d41b0	2
7402	004d41e0	2
7403	004d4210	2
7404	004d4240	0
7405	004d4260	2
7406	004d4290	2
7407	004d42e0	2
7408	004d4310	0
7409	004d4340	2
7410	004d4380	0
7411	004d43a0	0
7412	004d43d0	3
7413	004d4400	0
7414	004d4410	0
7415	004d4420	0
7416	004d4430	0
7417	004d4450	134
7418	004d4c80	4
7419	004d4ce0	7
7420	004d4d70	10
7421	004d4e90	75
7422	004d5340	2
7423	004d5370	2
7424	004d53a0	2
7425	004d53d0	0
7426	004d53f0	2
7427	004d5420	2
7428	004d5470	2
7429	004d54a0	0
7430	004d54d0	2
7431	004d5510	0
7432	004d5530	0
7433	004d5560	3
7434	004d5590	0
7435	004d55a0	0
7436	004d55b0	0
7437	004d55c0	0
7438	004d55e0	134
7439	004d5e10	7
7440	004d5ea0	10
7441	004d5fc0	75
7442	004d6470	2
7443	004d64a0	2
7444	004d64d0	2
7445	004d6500	0
7446	004d6520	2
7447	004d6550	2
7448	004d65a0	2
7449	004d65d0	0
7450	004d6600	2
7451	004d6640	0
7452	004d6660	17
7453	004d68a0	2
7454	004d68d0	0
7455	004d6920	2
7456	004d6970	2
7457	004d69c0	2
7458	004d69f0	2
7459	004d6a20	0
7460	004d6a30	17
7461	004d6c80	6
7462	004d6d80	11
7463	004d6ed0	4
7464	004d6f60	2
7465	004d6fa0	0
7466	004d6fb0	0
7467	004d6fc0	0
7468	004d6fd0	2
7469	004d7000	2
7470	004d7030	2
7471	004d7060	2
7472	004d7090	0
7473	004d70b0	2
7474	004d70e0	2
7475	004d7130	2
7476	004d7170	2
7477	004d71c0	2
7478	004d7210	2
7479	004d7240	2
7480	004d7270	17
7481	004d74d0	2
7482	004d7500	0
7483	004d7520	22
7484	004d7700	134
7485	004d7f30	7
7486	004d7fc0	10
7487	004d80e0	2
7488	004d8110	2
7489	004d8140	2
7490	004d8170	7
7491	004d8220	2
7492	004d8250	17
7493	004d84b0	2
7494	004d84e0	2
7495	004d8510	12
7496	004d85f0	0
7497	004d8600	0
7498	004d8610	2
7499	004d8640	0
7500	004d8660	0
7501	004d8680	2
7502	004d86d0	2
7503	004d8710	0
7504	004d8740	2
7505	004d8770	0
7506	004d8780	7
7507	004d8830	0
7508	004d8840	3
7509	004d8880	2
7510	004d88b0	2
7511	004d88e0	2
7512	004d8910	0
7513	004d8930	11
7514	004d8a00	12
7515	004d8ae0	0
7516	004d8af0	2
7517	004d8b20	2
7518	004d8b50	0
7519	004d8b70	2
7520	004d8ba0	2
7521	004d8be0	2
7522	004d8c20	2
7523	004d8c50	2
7524	004d8c80	2
7525	004d8cb0	0
7526	004d8cd0	12
7527	004d8db0	0
7528	004d8dc0	0
7529	004d8dd0	0
7530	004d8de0	0
7531	004d8e00	0
7532	004d8e30	0
7533	004d8e50	2
7534	004d8e80	2
7535	004d8ed0	0
7536	004d8f00	0
7537	004d8f10	134
7538	004d9740	2
7539	004d9770	2
7540	004d97a0	7
7541	004d9830	2
7542	004d9860	2
7543	004d9890	2
7544	004d98c0	2
7545	004d98f0	0
7546	004d9910	2
7547	004d9940	2
7548	004d9990	2
7549	004d99d0	2
7550	004d9a20	2
7551	004d9a70	12
7552	004d9b50	2
7553	004d9b80	2
7554	004d9bb0	0
7555	004d9bd0	2
7556	004d9c20	2
7557	004d9c70	2
7558	004d9ca0	2
7559	004d9cd0	0
7560	004d9d00	2
7561	004d9d50	3
7562	004d9dd0	0
7563	004d9e20	2
7564	004d9e50	0
7565	004d9e70	2
7566	004d9ea0	0
7567	004d9eb0	0
7568	004d9ec0	19
7569	004da000	3
7570	004da040	3
7571	004da080	19
7572	004da1c0	4
7573	004da220	2
7574	004da250	2
7575	004da280	0
7576	004da2a0	10
7577	004da390	2
7578	004da3c0	0
7579	004da3d0	0
7580	004da3e0	3
7581	004da420	3
7582	004da460	19
7583	004da5a0	3
7584	004da5e0	3
7585	004da620	19
7586	004da760	4
7587	004da7c0	2
7588	004da7f0	2
7589	004da820	0
7590	004da840	10
7591	004da930	2
7592	004da960	0
7593	004da970	0
7594	004da980	19
7595	004daac0	3
7596	004dab00	3
7597	004dab40	19
7598	004dac80	4
7599	004dace0	2
7600	004dad10	2
7601	004dad40	0
7602	004dad60	10
7603	004dae50	2
7604	004dae80	0
7605	004dae90	0
7606	004daea0	19
7607	004dafe0	3
7608	004db020	3
7609	004db060	19
7610	004db1a0	4
7611	004db200	2
7612	004db230	2
7613	004db260	2
7614	004db290	0
7615	004db2b0	10
7616	004db3a0	2
7617	004db3d0	0
7618	004db3e0	0
7619	004db3f0	19
7620	004db530	3
7621	004db570	3
7622	004db5b0	19
7623	004db6f0	4
7624	004db750	2
7625	004db780	2
7626	004db7b0	0
7627	004db7d0	10
7628	004db8c0	2
7629	004db8f0	0
7630	004db900	0
7631	004db910	3
7632	004db950	3
7633	004db990	19
7634	004dbad0	3
7635	004dbb10	3
7636	004dbb50	19
7637	004dbc90	4
7638	004dbcf0	2
7639	004dbd20	2
7640	004dbd50	0
7641	004dbd70	10
7642	004dbe60	2
7643	004dbe90	0
7644	004dbea0	0
7645	004dbeb0	3
7646	004dbef0	3
7647	004dbf30	19
7648	004dc070	3
7649	004dc0b0	3
7650	004dc0f0	19
7651	004dc230	4
7652	004dc290	2
7653	004dc2c0	2
7654	004dc2f0	0
7655	004dc310	10
7656	004dc400	2
7657	004dc430	0
7658	004dc440	0
7659	004dc450	19
7660	004dc590	3
7661	004dc5d0	3
7662	004dc610	19
7663	004dc750	4
7664	004dc7b0	2
7665	004dc7e0	2
7666	004dc810	0
7667	004dc830	10
7668	004dc920	2
7669	004dc950	0
7670	004dc9a0	2
7671	004dc9f0	2
7672	004dca40	2
7673	004dca70	2
7674	004dcaa0	2
7675	004dcaf0	2
7676	004dcb40	0
7677	004dcb60	2
7678	004dcba0	0
7679	004dcbd0	2
7680	004dcc00	2
7681	004dcc50	2
7682	004dcca0	2
7683	004dccd0	0
7684	004dccf0	0
7685	004dcd20	0
7686	004dcd30	3
7687	004dcd60	0
7688	004dcd70	0
7689	004dcd80	0
7690	004dcd90	75
7691	004dd240	19
7692	004dd380	3
7693	004dd3c0	3
7694	004dd400	19
7695	004dd540	4
7696	004dd5a0	2
7697	004dd5d0	0
7698	004dd5f0	0
7699	004dd610	2
7700	004dd640	2
7701	004dd690	2
7702	004dd6c0	2
7703	004dd700	0
7704	004dd730	0
7705	004dd740	0
7706	004dd760	2
7707	004dd790	2
7708	004dd7c0	2
7709	004dd7f0	0
7710	004dd820	0
7711	004dd840	2
7712	004dd870	0
7713	004dd880	0
7714	004dd890	0
7715	004dd8a0	0
7716	004dd8b0	19
7717	004dd9f0	3
7718	004dda30	3
7719	004dda70	19
7720	004ddbb0	2
7721	004ddbe0	0
7722	004ddc00	2
7723	004ddc30	0
7724	004ddc60	2
7725	004ddc90	2
7726	004ddcc0	0
7727	004ddcf0	0
7728	004ddd20	0
7729	004ddd50	0
7730	004ddd90	0
7731	004dddd0	2
7732	004dde00	2
7733	004dde30	7
7734	004ddee0	6
7735	004ddf90	6
7736	004de040	7
7737	004de0f0	7
7738	004de1a0	2
7739	004de1d0	7
7740	004de280	2
7741	004de2b0	7
7742	004de360	6
7743	004de410	6
7744	004de4c0	7
7745	004de570	6
7746	004de620	6
7747	004de6d0	7
7748	004de780	7
7749	004de830	2
7750	004de860	2
7751	004de890	2
7752	004de8c0	10
7753	004de9b0	7
7754	004dea60	2
7755	004dea90	2
7756	004deac0	2
7757	004deaf0	2
7758	004deb20	2
7759	004deb50	0
7760	004deb70	2
7761	004deba0	2
7762	004debd0	2
7763	004dec00	2
7764	004dec30	0
7765	004dec50	0
7766	004dec70	0
7767	004decd0	0
7768	004ded40	2
7769	004ded70	0
7770	004ded90	0
7771	004dedb0	2
7772	004dede0	0
7773	004dee00	2
7774	004dee30	2
7775	004dee60	2
7776	004dee90	0
7777	004deeb0	2
7778	004deee0	0
7779	004def00	0
7780	004def20	0
7781	004def40	2
7782	004def90	0
7783	004defd0	2
7784	004df020	0
7785	004df060	2
7786	004df0a0	0
7787	004df0c0	0
7788	004df0e0	7
7789	004df1d0	2
7790	004df210	2
7791	004df270	4
7792	004df300	2
7793	004df330	2
7794	004df380	0
7795	004df3c0	0
7796	004df400	0
7797	004df440	0
7798	004df480	2
7799	004df4b0	2
7800	004df4e0	0
7801	004df500	0
7802	004df520	0
7803	004df540	0
7804	004df560	2
7805	004df590	0
7806	004df5b0	2
7807	004df600	0
7808	004df640	4
7809	004df6b0	3
7810	004df740	6
7811	004df820	6
7812	004df8b0	0
7813	004df8d0	0
7814	004df8f0	0
7815	004df920	2
7816	004df950	6
7817	004dfa10	3
7818	004dfa50	6
7819	004dfb20	2
7820	004dfb50	2
7821	004dfb80	6
7822	004dfc40	3
7823	004dfc80	6
7824	004dfd50	2
7825	004dfd80	2
7826	004dfdb0	24
7827	004e0080	0
7828	004e00a0	0
7829	004e00e0	8
7830	004e0180	3
7831	004e01b0	24
7832	004e0480	3
7833	004e04c0	3
7834	004e0500	0
7835	004e0520	2
7836	004e0560	2
7837	004e05a0	4
7838	004e0600	4
7839	004e0660	2
7840	004e06a0	0
7841	004e06d0	3
7842	004e0710	0
7843	004e0750	2
7844	004e07a0	0
7845	004e07e0	4
7846	004e08a0	3
7847	004e08e0	2
7848	004e0920	0
7849	004e0950	3
7850	004e0980	0
7851	004e09a0	11
7852	004e0ae0	2
7853	004e0b20	2
7854	004e0b50	3
7855	004e0ba0	0
7856	004e0ba0	3
7857	004e0be0	2
7858	004e0c20	3
7859	004e0c90	2
7860	004e0cd0	2
7861	004e0d10	3
7862	004e0da0	2
7863	004e0de0	0
7864	004e0e20	2
7865	004e0e50	0
7866	004e0e80	0
7867	004e0eb0	2
7868	004e0ee0	0
7869	004e0f10	0
7870	004e0f50	0
7871	004e0f90	3
7872	004e0fd0	3
7873	004e1010	3
7874	004e1050	0
7875	004e1080	0
7876	004e10b0	0
7877	004e10f0	0
7878	004e1140	2
7879	004e1170	2
7880	004e11b0	2
7881	004e11e0	2
7882	004e1210	2
7883	004e1250	3
7884	004e12e0	0
7885	004e1320	0
7886	004e1360	0
7887	004e1370	3
7888	004e1400	0
7889	004e1410	2
7890	004e1430	2
7891	004e1490	0
7892	004e14a0	2
7893	004e14d0	0
7894	004e14e0	0
7895	004e1510	0
7896	004e1540	0
7897	004e1570	0
7898	004e15a0	2
7899	004e1610	0
7900	004e1620	0
7901	004e1650	0
7902	004e1680	0
7903	004e16b0	0
7904	004e16e0	0
7905	004e1710	0
7906	004e1740	0
7907	004e1750	2
7908	004e1780	0
7909	004e17c0	0
7910	004e1800	11
7911	004e1940	8
7912	004e19f0	2
7913	004e1a50	0
7914	004e1a60	2
7915	004e1a90	2
7916	004e1ab0	0
7917	004e1ae0	0
7918	004e1b20	0
7919	004e1b30	0
7920	004e1b60	2
7921	004e1b90	2
7922	004e1bd0	3
7923	004e1c60	2
7924	004e1c80	2
7925	004e1cb0	2
7926	004e1cd0	2
7927	004e1d30	0
7928	004e1d60	2
7929	004e1d90	0
7930	004e1da0	0
7931	004e1db0	2
7932	004e1e10	2
7933	004e1e70	0
7934	004e1e80	2
7935	004e1ee0	0
7936	004e1ef0	2
7937	004e1f50	0
7938	004e1f60	3
7939	004e1ff0	2
7940	004e2010	2
7941	004e2040	3
7942	004e20d0	2
7943	004e20f0	2
7944	004e2150	0
7945	004e2160	2
7946	004e21c0	0
7947	004e21d0	3
7948	004e2260	2
7949	004e2280	2
7950	004e22b0	2
7951	004e2310	3
7952	004e23a0	2
7953	004e23d0	0
7954	004e23e0	2
7955	004e2400	3
7956	004e2490	3
7957	004e2520	2
7958	004e2540	0
7959	004e2550	2
7960	004e2570	2
7961	004e2590	2
7962	004e2600	2
7963	004e2660	2
7964	004e26c0	2
7965	004e2720	3
7966	004e2760	0
7967	004e2760	3
7968	004e27a0	0
7969	004e2830	0
7970	004e28d0	3
7971	004e2910	3
7972	004e2950	3
7973	004e29c0	3
7974	004e2a00	3
7975	004e2a40	2
7976	004e2a80	3
7977	004e2ac0	2
7978	004e2b00	3
7979	004e2b40	2
7980	004e2b80	3
7981	004e2bc0	3
7982	004e2c00	3
7983	004e2c40	3
7984	004e2c80	3
7985	004e2cc0	2
7986	004e2cf0	2
7987	004e2d20	2
7988	004e2d50	2
7989	004e2d80	2
7990	004e2db0	0
7991	004e2df0	3
7992	004e2e60	0
7993	004e2e80	0
7994	004e2ea0	3
7995	004e2ee0	5
7996	004e2f90	0
7997	004e2fb0	0
7998	004e2fe0	0
7999	004e2fe0	3
8000	004e3020	27
8001	004e3260	5
8002	004e32e0	5
8003	004e3360	8
8004	004e3440	0
8005	004e3460	8
8006	004e3540	10
8007	004e3660	0
8008	004e3660	3
8009	004e36a0	2
8010	004e36d0	0
8011	004e37c0	27
8012	004e3b80	0
8013	004e3c60	23
8014	004e4040	4
8015	004e40a0	5
8016	004e4110	4
8017	004e4160	2
8018	004e41c0	2
8019	004e4220	4
8020	004e42a0	0
8021	004e42c0	0
8022	004e42e0	2
8023	004e4320	2
8024	004e4360	2
8025	004e43c0	11
8026	004e4500	5
8027	004e45b0	2
8028	004e45f0	0
8029	004e4610	0
8030	004e4630	0
8031	004e4650	0
8032	004e4650	3
8033	004e4690	2
8034	004e46c0	0
8035	004e46f0	0
8036	004e4720	0
8037	004e4760	0
8038	004e4760	3
8039	004e47a0	2
8040	004e47d0	0
8041	004e47e0	5
8042	004e4890	0
8043	004e48b0	0
8044	004e48d0	2
8045	004e4930	2
8046	004e4990	2
8047	004e49f0	0
8048	004e49f0	3
8049	004e4a30	5
8050	004e4ab0	2
8051	004e4b10	2
8052	004e4b70	5
8053	004e4c00	5
8054	004e4c90	5
8055	004e4d20	0
8056	004e4d20	3
8057	004e4d60	3
8058	004e4de0	2
8059	004e4e10	3
8060	004e4e90	0
8061	004e4eb0	0
8062	004e4eb0	3
8063	004e4ef0	0
8064	004e4ef0	3
8065	004e4f30	0
8066	004e4f50	2
8067	004e4f90	2
8068	004e4fc0	0
8069	004e4fe0	2
8070	004e5030	2
8071	004e5080	9
8072	004e5130	2
8073	004e5160	0
8074	004e5180	0
8075	004e51a0	5
8076	004e5250	5
8077	004e5300	5
8078	004e53b0	2
8079	004e53e0	0
8080	004e5440	0
8081	004e5470	2
8082	004e54a0	0
8083	004e54c0	8
8084	004e55c0	0
8085	004e55e0	2
8086	004e5620	0
8087	004e5640	8
8088	004e5740	0
8089	004e5760	2
8090	004e57a0	0
8091	004e57b0	6
8092	004e5870	0
8093	004e58c0	0
8094	004e58d0	4
8095	004e5980	7
8096	004e5a10	0
8097	004e5a30	0
8098	004e5a50	0
8099	004e5a60	4
8100	004e5b10	0
8101	004e5b60	0
8102	004e5b70	4
8103	004e5c20	7
8104	004e5cb0	0
8105	004e5cc0	5
8106	004e5d90	0
8107	004e5dc0	3
8108	004e5e00	0
8109	004e5e30	3
8110	004e5e70	0
8111	004e5ea0	3
8112	004e5ee0	2
8113	004e5f10	4
8114	004e5fa0	0
8115	004e5fb0	0
8116	004e5fe0	0
8117	004e6010	0
8118	004e6040	0
8119	004e6050	0
8120	004e6060	0
8121	004e6070	2
8122	004e60c0	2
8123	004e6110	3
8124	004e6150	3
8125	004e6190	3
8126	004e61d0	3
8127	004e6210	3
8128	004e6250	3
8129	004e6290	3
8130	004e62d0	3
8131	004e6310	3
8132	004e6340	7
8133	004e64b0	2
8134	004e6520	0
8135	004e6550	0
8136	004e6580	3
8137	004e65c0	3
8138	004e6610	0
8139	004e6640	0
8140	004e6660	0
8141	004e6680	0
8142	004e66b0	0
8143	004e66d0	0
8144	004e66f0	0
8145	004e6720	0
8146	004e6740	0
8147	004e6760	4
8148	004e6820	6
8149	004e6960	4
8150	004e69e0	2
8151	004e6a20	3
8152	004e6a50	0
8153	004e6aa0	1
8154	004e6ab0	1
8155	004e6ac0	1
8156	004e6ad0	1
8157	004e6ae0	1
8158	004e6af0	1
8159	004e6b00	1
8160	004e6b10	1
8161	004e6b20	1
8162	004e6b30	1
8163	004e6b40	1
8164	004e6b50	1
70641	004e6b60	2
70642	004e6b71	2
8165	004e6b8b	0
8166	004e6c06	0
8167	004e6c85	0
8168	004e6cfc	0
8169	004e6d7c	5
8170	004e6e02	4
8171	004e6e94	6
8172	004e6f82	6
8173	004e7045	17
8174	004e7206	6
8175	004e72a2	2
8176	004e72e8	11
8177	004e74fa	46
8178	004e7fc2	36
70643	004e8499	2
8179	004e84af	0
8180	004e84de	0
70644	004e850f	3
70645	004e8525	2
70646	004e853e	7
70647	004e8568	2
70648	004e8581	2
70649	004e859a	2
8181	004e85c0	0
8182	004e85c0	3
8183	004e8600	2
8184	004e8630	0
8185	004e8650	0
8186	004e8670	0
8187	004e8690	0
8188	004e86a0	0
8189	004e86b0	0
8190	004e86c0	2
8191	004e86f0	2
8192	004e8720	0
8193	004e8740	2
8194	004e8770	2
8195	004e87a0	0
8196	004e87c0	2
8197	004e87f0	2
8198	004e8820	3
8199	004e8860	3
8200	004e8890	4
8201	004e8900	0
8202	004e8940	9
8203	004e89c0	2
8204	004e89f0	4
8205	004e8a30	17
8206	004e8c90	4
8207	004e8d00	0
8208	004e8d20	0
8209	004e8d40	17
8210	004e8f80	5
8211	004e8ff0	2
8212	004e9040	2
8213	004e9090	2
8214	004e90e0	2
8215	004e9110	2
8216	004e9140	2
8217	004e9170	0
8218	004e9190	2
8219	004e91c0	0
8220	004e91e0	0
8221	004e9200	3
8222	004e9240	2
8223	004e9270	2
8224	004e92b0	2
8225	004e92e0	2
8226	004e9320	2
8227	004e9360	2
8228	004e9390	3
8229	004e9420	2
8230	004e9450	2
8231	004e9480	0
8232	004e9490	4
8233	004e9540	0
8234	004e9570	3
8235	004e95b0	3
8236	004e95f0	0
8237	004e9620	0
8238	004e9640	0
70633	004e9660	2
70634	004e9671	2
8239	004e968b	19
8240	004e9847	18
8241	004e99dc	33
8242	004e9d04	11
8243	004e9dee	4
8244	004e9eb0	3
8245	004e9f05	0
8246	004e9f17	0
8247	004e9f2b	0
8248	004e9f3f	2
8249	004e9f73	0
8250	004e9f8b	0
8251	004e9fa3	4
8252	004e9fff	4
8253	004ea058	3
8254	004ea0a5	0
8255	004ea0bd	2
70635	004ea0ea	3
70636	004ea100	2
70637	004ea119	7
70638	004ea143	2
70639	004ea15c	2
70640	004ea175	2
8256	004ea190	2
8257	004ea1c0	4
8258	004ea250	2
8259	004ea280	4
8260	004ea2f0	2
8261	004ea320	2
8262	004ea350	2
8263	004ea390	2
8264	004ea3c0	0
8265	004ea3c0	3
8266	004ea400	4
8267	004ea490	2
8268	004ea4c0	2
8269	004ea4f0	2
8270	004ea520	2
8271	004ea550	4
8272	004ea5c0	2
8273	004ea5f0	2
8274	004ea640	0
8275	004ea680	0
8276	004ea6c0	2
8277	004ea6f0	2
8278	004ea720	0
8279	004ea740	2
8280	004ea770	4
8281	004ea7d0	4
8282	004ea830	1
70625	004ea840	2
70626	004ea851	2
8283	004ea86b	2
8284	004ea8b1	3
8285	004ea936	5
8286	004ea9ba	0
8287	004ea9ce	3
8288	004eaa0e	3
70627	004eaa4b	3
70628	004eaa61	2
70629	004eaa7a	7
70630	004eaaa4	2
70631	004eaabd	2
70632	004eaad6	2
8289	004eaaf0	0
8290	004eaaf0	3
8291	004eab30	2
8292	004eab60	1
70617	004eab70	2
70618	004eab81	2
8293	004eab9b	6
8294	004eac34	15
8295	004eae2a	3
8296	004eae69	8
8297	004eaf66	4
8298	004eafda	6
8299	004eb0d1	3
8300	004eb105	8
8301	004eb1a2	12
8302	004eb2f8	7
70619	004eb38c	3
70620	004eb3a2	2
70621	004eb3bb	7
70622	004eb3e5	2
70623	004eb3fe	2
70624	004eb417	2
8303	004eb430	0
8304	004eb430	3
8305	004eb470	4
8306	004eb4e0	2
8307	004eb510	0
8308	004eb530	2
8309	004eb560	2
8310	004eb5c0	0
8311	004eb600	4
8312	004eb670	4
8313	004eb6d0	5
8314	004eb730	5
8315	004eb7c0	2
8316	004eb7f0	2
8317	004eb840	0
8318	004eb880	1
70609	004eb890	2
70610	004eb8a1	2
8319	004eb8bb	6
8320	004eb985	7
8321	004eba51	6
8322	004ebac2	2
8323	004ebaef	7
8324	004ebb7c	7
70611	004ebc19	3
70612	004ebc2f	2
70613	004ebc48	7
70614	004ebc72	2
70615	004ebc8b	2
70616	004ebca4	2
8325	004ebcc0	0
8326	004ebcc0	3
8327	004ebd00	3
8328	004ebd60	2
8329	004ebd90	0
8330	004ebdd0	2
8331	004ebe00	2
8332	004ebe50	1
70601	004ebe60	2
70602	004ebe71	2
8333	004ebe8b	4
8334	004ebf1b	0
8335	004ebf38	9
8336	004ebff2	10
8337	004ec0b0	0
8338	004ec0cd	7
8339	004ec155	13
70603	004ec23c	3
70604	004ec252	2
70605	004ec26b	7
70606	004ec295	2
70607	004ec2ae	2
70608	004ec2c7	2
8340	004ec2e0	0
8341	004ec2e0	3
8342	004ec320	3
8343	004ec3a0	3
8344	004ec3e0	2
8345	004ec410	0
8346	004ec430	0
8347	004ec450	2
8348	004ec480	2
8349	004ec4d0	0
8350	004ec500	2
8351	004ec540	0
8352	004ec550	2
8353	004ec580	2
8354	004ec5c0	0
8355	004ec5d0	0
8356	004ec5f0	1
70593	004ec600	2
70594	004ec611	2
8357	004ec62b	11
8358	004ec765	9
8359	004ec869	14
8360	004ec9bd	5
8361	004eca13	7
8362	004ecac3	11
8363	004ecba2	13
70595	004eccc0	3
70596	004eccd6	2
70597	004eccef	7
70598	004ecd19	2
70599	004ecd32	2
70600	004ecd4b	2
8364	004ecd70	0
8365	004ecd70	3
8366	004ecdb0	4
8367	004ece20	1
70585	004ece30	2
70586	004ece41	2
8368	004ece5b	2
8369	004ecea1	3
8370	004ecf26	5
8371	004ecfa8	0
8372	004ecfbc	3
8373	004ecffc	3
70587	004ed039	3
70588	004ed04f	2
70589	004ed068	7
70590	004ed092	2
70591	004ed0ab	2
70592	004ed0c4	2
8374	004ed0e0	0
8375	004ed0e0	3
8376	004ed120	2
8377	004ed150	1
70577	004ed160	2
70578	004ed171	2
8378	004ed18b	2
8379	004ed1d1	4
8380	004ed291	4
8381	004ed35b	4
8382	004ed3b2	3
8383	004ed3fe	5
8384	004ed4bf	5
8385	004ed523	5
70579	004ed586	3
70580	004ed59c	2
70581	004ed5b5	7
70582	004ed5df	2
70583	004ed5f8	2
70584	004ed611	2
8386	004ed630	0
8387	004ed630	3
8388	004ed670	2
8389	004ed6a0	1
70569	004ed6b0	2
70570	004ed6c1	2
8390	004ed6db	9
8391	004ed79d	2
8392	004ed7f4	3
8393	004ed88c	18
8394	004eda93	0
8395	004edaa7	5
8396	004edb0b	5
70571	004edb6e	3
70572	004edb84	2
70573	004edb9d	7
70574	004edbc7	2
70575	004edbe0	2
70576	004edbf9	2
8397	004edc20	0
8398	004edc20	3
8399	004edc60	2
8400	004edc90	2
8401	004edcc0	2
8402	004edcf0	0
8403	004edd10	2
8404	004edd40	0
8405	004edd60	2
8406	004edd90	0
8407	004eddb0	1
70561	004eddc0	2
70562	004eddd1	2
8408	004eddeb	4
8409	004ede6a	5
8410	004edf2d	8
8411	004ee026	4
8412	004ee09a	6
8413	004ee14c	4
70563	004ee19c	3
70564	004ee1b2	2
70565	004ee1cb	7
70566	004ee1f5	2
70567	004ee20e	2
70568	004ee227	2
8414	004ee240	0
8415	004ee240	3
8416	004ee280	2
8417	004ee2b0	3
8418	004ee300	3
8419	004ee360	1
70553	004ee370	2
70554	004ee381	2
8420	004ee39b	11
8421	004ee4ce	14
8422	004ee61b	5
8423	004ee68d	4
8424	004ee6f4	12
8425	004ee7cd	12
70555	004ee8d8	3
70556	004ee8ee	2
70557	004ee907	7
70558	004ee931	2
70559	004ee94a	2
70560	004ee963	2
8426	004ee980	0
8427	004ee980	3
8428	004ee9c0	4
8429	004eea30	1
70545	004eea40	2
70546	004eea51	2
8430	004eea6b	3
8431	004eeadf	5
8432	004eeb9c	10
8433	004eecb7	0
8434	004eeccb	5
8435	004eed30	5
70547	004eed93	3
70548	004eeda9	2
70549	004eedc2	7
70550	004eedec	2
70551	004eee05	2
70552	004eee1e	2
8436	004eee40	0
8437	004eee40	3
8438	004eee80	2
8439	004eeeb0	1
69893	004eeec0	2
69894	004eeed1	2
69895	004eeeeb	3
69896	004eef01	2
69897	004eef17	2
69898	004eef30	2
69899	004eef46	3
69900	004eef5c	2
69901	004eef72	2
69902	004eef8b	2
69903	004eefa1	3
69904	004eefb7	4
69905	004ef03a	2
69906	004ef053	2
69907	004ef069	3
69908	004ef07f	4
69909	004ef102	2
69910	004ef11b	2
69911	004ef131	3
69912	004ef147	4
69913	004ef1ca	2
69914	004ef1e3	2
69915	004ef1f9	3
69916	004ef20f	4
69917	004ef292	2
69918	004ef2ab	2
69919	004ef2c1	3
69920	004ef2d7	2
69921	004ef2f2	2
69922	004ef30b	2
69923	004ef321	3
69924	004ef337	2
69925	004ef352	2
69926	004ef36b	2
69927	004ef381	3
69928	004ef397	2
69929	004ef3b2	2
69930	004ef3cb	2
69931	004ef3e1	3
69932	004ef3f7	2
69933	004ef412	2
69934	004ef42b	2
69935	004ef441	3
69936	004ef457	2
69937	004ef472	2
69938	004ef48b	2
69939	004ef4a1	3
69940	004ef4b7	2
69941	004ef4d2	2
69942	004ef4eb	2
69943	004ef501	3
69944	004ef517	2
69945	004ef532	2
69946	004ef54b	2
69947	004ef561	3
69948	004ef577	2
69949	004ef592	2
69950	004ef5ab	2
69951	004ef5c1	3
69952	004ef5d7	2
69953	004ef5f2	2
69954	004ef60b	2
69955	004ef621	3
69956	004ef637	2
69957	004ef652	2
69958	004ef66b	2
69959	004ef681	3
69960	004ef697	2
69961	004ef6b2	2
69962	004ef6cb	2
69963	004ef6e1	3
69964	004ef6f7	2
69965	004ef712	2
69966	004ef72b	2
69967	004ef741	3
69968	004ef757	2
69969	004ef772	2
69970	004ef78b	2
69971	004ef7a1	3
69972	004ef7b7	2
69973	004ef7d2	2
69974	004ef7eb	2
69975	004ef801	3
69976	004ef817	2
69977	004ef832	2
69978	004ef84b	2
69979	004ef861	3
69980	004ef877	2
69981	004ef892	2
69982	004ef8ab	2
69983	004ef8c1	3
69984	004ef8d7	2
69985	004ef8f2	2
69986	004ef90b	2
69987	004ef921	3
69988	004ef937	2
69989	004ef952	2
69990	004ef96b	2
69991	004ef981	3
69992	004ef997	2
69993	004ef9b2	2
69994	004ef9cb	2
69995	004ef9e1	3
69996	004ef9f7	2
69997	004efa12	2
69998	004efa2b	2
69999	004efa41	3
70000	004efa57	2
70001	004efa72	2
70002	004efa8b	2
70003	004efaa1	3
70004	004efab7	2
70005	004efad2	2
70006	004efaeb	2
70007	004efb01	3
70008	004efb17	4
70009	004efb93	2
70010	004efbac	2
70011	004efbc2	3
70012	004efbd8	4
70013	004efc54	2
70014	004efc6d	2
70015	004efc83	3
70016	004efc99	4
70017	004efd15	2
70018	004efd2e	2
70019	004efd44	3
70020	004efd5a	4
70021	004efdd6	2
70022	004efdef	2
70023	004efe05	3
70024	004efe1b	4
70025	004efe97	2
70026	004efeb0	2
70027	004efec6	3
70028	004efedc	4
70029	004eff58	2
70030	004eff71	2
70031	004eff87	3
70032	004eff9d	4
70033	004f0019	2
70034	004f0032	2
70035	004f0048	3
70036	004f005e	4
70037	004f00da	2
70038	004f00f3	2
70039	004f0109	3
70040	004f011f	4
70041	004f019b	2
70042	004f01b4	2
70043	004f01ca	3
70044	004f01e0	4
70045	004f025c	2
70046	004f0275	2
70047	004f028b	3
70048	004f02a1	4
70049	004f031d	2
70050	004f0336	2
70051	004f034c	3
70052	004f0362	4
70053	004f03de	2
70054	004f03f7	2
70055	004f040d	3
70056	004f0423	4
70057	004f049f	2
70058	004f04b8	2
70059	004f04ce	3
70060	004f04e4	4
70061	004f0567	2
70062	004f0580	2
70063	004f0596	3
70064	004f05ac	4
70065	004f0628	2
70066	004f0641	2
70067	004f0657	3
70068	004f066d	4
70069	004f06e9	2
70070	004f0702	2
70071	004f0718	3
70072	004f072e	4
70073	004f07aa	2
70074	004f07c3	2
70075	004f07d9	3
70076	004f07ef	4
70077	004f0872	2
70078	004f088b	2
70079	004f08a1	3
70080	004f08b7	4
70081	004f093a	2
70082	004f0953	2
70083	004f0969	3
70084	004f097f	4
70085	004f09fb	2
70086	004f0a14	2
70087	004f0a2a	3
70088	004f0a40	4
70089	004f0abc	2
70090	004f0ad5	2
70091	004f0aeb	3
70092	004f0b01	4
70093	004f0b7d	2
70094	004f0b96	2
70095	004f0bac	3
70096	004f0bc2	4
70097	004f0c3e	2
70098	004f0c57	2
70099	004f0c6d	3
70100	004f0c83	4
70101	004f0cff	2
70102	004f0d18	2
70103	004f0d2e	3
70104	004f0d44	4
70105	004f0dc0	2
70106	004f0dd9	2
70107	004f0def	3
70108	004f0e05	4
70109	004f0e81	2
70110	004f0e9a	2
70111	004f0eb0	3
70112	004f0ec6	4
70113	004f0f42	2
70114	004f0f5b	2
70115	004f0f71	3
70116	004f0f87	4
70117	004f1003	2
70118	004f101c	2
70119	004f1032	3
70120	004f1048	4
70121	004f10c4	2
70122	004f10dd	2
70123	004f10f3	3
70124	004f1109	4
70125	004f1185	2
70126	004f119e	2
70127	004f11b4	3
70128	004f11ca	4
70129	004f1246	2
70130	004f125f	2
70131	004f1275	3
70132	004f128b	4
70133	004f1307	2
70134	004f1320	2
70135	004f1336	3
70136	004f134c	4
70137	004f13c8	2
70138	004f13e1	2
70139	004f13f7	3
70140	004f140d	4
70141	004f1489	2
70142	004f14a2	2
70143	004f14b8	3
70144	004f14ce	4
70145	004f154a	2
70146	004f1563	2
70147	004f1579	3
70148	004f158f	4
70149	004f160b	2
70150	004f1624	2
70151	004f163a	3
70152	004f1650	4
70153	004f16cc	2
70154	004f16e5	2
70155	004f16fb	3
70156	004f1711	4
70157	004f178d	2
70158	004f17a6	2
70159	004f17bc	3
70160	004f17d2	4
70161	004f184e	2
70162	004f1867	2
70163	004f187d	3
70164	004f1893	4
70165	004f190f	2
70166	004f1928	2
70167	004f193e	3
70168	004f1954	4
70169	004f19d0	2
70170	004f19e9	2
70171	004f19ff	3
70172	004f1a15	4
70173	004f1a91	2
70174	004f1aaa	2
70175	004f1ac0	3
70176	004f1ad6	4
70177	004f1b52	2
70178	004f1b6b	2
70179	004f1b81	3
70180	004f1b97	4
70181	004f1c13	2
70182	004f1c2c	2
70183	004f1c42	3
70184	004f1c58	4
70185	004f1cd4	2
70186	004f1ced	2
70187	004f1d03	3
70188	004f1d19	4
70189	004f1d95	2
70190	004f1dae	2
70191	004f1dc4	3
70192	004f1dda	4
70193	004f1e56	2
70194	004f1e6f	2
70195	004f1e85	3
70196	004f1e9b	4
70197	004f1f17	2
70198	004f1f30	2
70199	004f1f46	3
70200	004f1f5c	2
70201	004f1f72	2
70202	004f1f8b	2
8440	004f1fa1	15
70203	004f2063	3
70204	004f2079	2
70205	004f208f	2
70206	004f20a8	2
8441	004f20be	17
8442	004f22b4	2
8443	004f22de	17
8444	004f24d5	3
8445	004f2528	2
8446	004f254e	56
8447	004f2b2d	9
8448	004f2c1b	61
8449	004f324c	3
8450	004f32a3	19
8451	004f344a	2
8452	004f348b	3
8453	004f34cb	3
8454	004f3514	74
8455	004f3b65	47
8456	004f3f07	3
70207	004f3f6c	3
70208	004f3f82	4
70209	004f3ffe	2
70210	004f4017	2
70211	004f402d	3
70212	004f4043	4
70213	004f40bf	2
70214	004f40d8	2
70215	004f40ee	3
70216	004f4104	4
70217	004f4180	2
70218	004f4199	2
70219	004f41af	3
70220	004f41c5	4
70221	004f4241	2
70222	004f425a	2
70223	004f4270	3
70224	004f4286	4
70225	004f4302	2
70226	004f431b	2
70227	004f4331	3
70228	004f4347	4
70229	004f43c3	2
70230	004f43dc	2
70231	004f43f2	3
70232	004f4408	4
70233	004f4484	2
70234	004f449d	2
70235	004f44b3	3
70236	004f44c9	4
70237	004f4545	2
70238	004f455e	2
8457	004f4574	4
8458	004f45ad	4
8459	004f4618	12
8460	004f46dc	8
8461	004f479a	0
8462	004f47b5	77
8463	004f502b	5
8464	004f5071	52
8465	004f5393	10
8466	004f543d	18
8467	004f5589	17
70239	004f56bc	3
70240	004f56d2	4
70241	004f574e	2
70242	004f5767	2
8468	004f577d	21
8469	004f58f9	20
8470	004f5a6a	12
8471	004f5afe	26
8472	004f5cf5	59
8473	004f6202	2
8474	004f622c	10
70243	004f6302	3
70244	004f6318	4
70245	004f6394	2
70246	004f63ad	2
8475	004f63c3	24
8476	004f667f	287
70247	004f85ff	3
70248	004f8615	4
70249	004f8691	2
70250	004f86aa	2
70251	004f86c0	3
70252	004f86d6	4
70253	004f8752	2
70254	004f876b	2
70255	004f8781	3
70256	004f8797	4
70257	004f8813	2
70258	004f882c	2
70259	004f8842	3
70260	004f8858	4
70261	004f88d4	2
70262	004f88ed	2
8477	004f8903	89
8478	004f8f97	24
8479	004f916f	369
8480	004fb6bc	5
8481	004fb708	5
8482	004fb754	3
8483	004fb790	8
8484	004fb85a	36
8485	004fba9c	55
70263	004fbf1a	19
8486	004fc174	35
70264	004fc43d	3
70265	004fc453	4
70266	004fc4cf	2
70267	004fc4e8	2
70268	004fc4fe	3
70269	004fc514	4
70270	004fc590	2
70271	004fc5a9	2
70272	004fc5bf	3
70273	004fc5d5	4
70274	004fc651	2
70275	004fc66a	2
70276	004fc680	3
70277	004fc696	4
70278	004fc712	2
70279	004fc72b	2
70280	004fc741	3
70281	004fc757	4
70282	004fc7d3	2
70283	004fc7ec	2
70284	004fc802	3
70285	004fc818	4
70286	004fc894	2
70287	004fc8ad	2
70288	004fc8c3	3
70289	004fc8d9	4
70290	004fc955	2
70291	004fc96e	2
70292	004fc984	3
70293	004fc99a	4
70294	004fca16	2
70295	004fca2f	2
70296	004fca45	3
70297	004fca5b	4
70298	004fcad7	2
70299	004fcaf0	2
70300	004fcb06	3
70301	004fcb1c	4
70302	004fcb98	2
70303	004fcbb1	2
70304	004fcbc7	3
70305	004fcbdd	4
70306	004fcc59	2
70307	004fcc72	2
70308	004fcc88	3
70309	004fcc9e	4
70310	004fcd1a	2
70311	004fcd33	2
70312	004fcd49	3
70313	004fcd5f	4
70314	004fcddb	2
70315	004fcdf4	2
70316	004fce0a	3
70317	004fce20	4
70318	004fce9c	2
70319	004fceb5	2
70320	004fcecb	3
70321	004fcee1	4
70322	004fcf5d	2
70323	004fcf76	2
70324	004fcf8c	3
70325	004fcfa2	4
70326	004fd01e	2
70327	004fd037	2
8487	004fd04d	200
8488	004fe1b0	11
8489	004fe281	51
70328	004fe5b5	2
8490	004fe5cb	2
8491	004fe5fb	43
70329	004fe814	3
70330	004fe82a	4
70331	004fe8a6	2
70332	004fe8bf	2
70333	004fe8d5	3
70334	004fe8eb	4
70335	004fe967	2
70336	004fe980	2
70337	004fe996	3
70338	004fe9ac	4
70339	004fea28	2
70340	004fea41	2
70341	004fea57	3
70342	004fea6d	4
70343	004feae9	2
70344	004feb02	2
8492	004feb18	91
8493	004ff185	5
8494	004ff1d6	20
8495	004ff372	4
8496	004ff3bb	3
70345	004ff3ea	3
70346	004ff400	4
70347	004ff47c	2
70348	004ff495	2
70349	004ff4ab	3
70350	004ff4c1	4
70351	004ff53d	2
70352	004ff556	2
8497	004ff56c	51
8498	004ff9f4	13
8499	004ffb12	2
70353	004ffb36	3
70354	004ffb4c	4
70355	004ffbc8	2
70356	004ffbe1	2
70357	004ffbf7	3
70358	004ffc0d	4
70359	004ffc89	2
70360	004ffca2	2
70361	004ffcb8	3
70362	004ffcce	4
70363	004ffd4a	2
70364	004ffd63	2
70365	004ffd79	3
70366	004ffd8f	4
70367	004ffe0b	2
70368	004ffe24	2
8500	004ffe3a	64
8501	005002d8	34
8502	00500547	7
8503	005005d6	4
8504	00500618	5
8505	00500687	67
8506	00500a68	9
8507	00500acf	2
8508	00500b0c	45
8509	00500e99	34
8510	00501177	13
8511	005012a9	22
8512	00501444	22
8513	0050158a	30
8514	0050182e	2
8515	0050185a	13
8516	0050191f	4
8517	00501969	2
70369	0050199f	3
70370	005019b5	4
70371	00501a31	2
70372	00501a4a	2
8518	00501a60	23
8519	00501bff	3
8520	00501c31	5
70373	00501c7d	3
70374	00501c93	4
70375	00501d0f	2
70376	00501d28	2
70377	00501d3e	3
70378	00501d54	4
70379	00501dd0	2
70380	00501de9	2
70381	00501dff	3
70382	00501e15	4
70383	00501e91	2
70384	00501eaa	2
8521	00501ec0	62
8522	005024e8	8
8523	00502583	13
8524	0050267d	139
70385	0050333e	32
70386	00503629	5
70387	005036cc	31
70388	0050397c	37
70389	00503cfb	6
8525	00503d9d	11
8526	00503e81	5
8527	00503ed0	7
70390	00503f3b	3
70391	00503f51	4
70392	00503fcd	2
70393	00503fe6	2
70394	00503ffc	3
70395	00504012	4
70396	0050408e	2
70397	005040a7	2
70398	005040bd	3
70399	005040d3	4
70400	0050414f	2
70401	00504168	2
70402	0050417e	3
70403	00504194	4
70404	00504210	2
70405	00504229	2
70406	0050423f	3
70407	00504255	4
70408	005042d1	2
70409	005042ea	2
70410	00504300	3
70411	00504316	4
70412	00504392	2
70413	005043ab	2
70414	005043c1	3
70415	005043d7	4
70416	00504453	2
70417	0050446c	2
70418	00504482	3
70419	00504498	4
70420	00504514	2
70421	0050452d	2
70422	00504543	3
70423	00504559	4
70424	005045d5	2
70425	005045ee	2
70426	00504604	3
70427	0050461a	4
70428	00504696	2
70429	005046af	2
70430	005046c5	3
70431	005046db	4
70432	00504757	2
70433	00504770	2
70434	00504786	3
70435	0050479c	4
70436	00504818	2
70437	00504831	2
70438	00504847	3
70439	0050485d	4
70440	005048d9	2
70441	005048f2	2
70442	00504908	3
70443	0050491e	4
70444	0050499a	2
70445	005049b3	2
70446	005049c9	3
70447	005049df	4
70448	00504a5b	2
70449	00504a74	2
70450	00504a8a	3
70451	00504aa0	4
70452	00504b1c	2
70453	00504b35	2
70454	00504b4b	3
70455	00504b61	4
70456	00504bdd	2
70457	00504bf6	2
70458	00504c0c	3
70459	00504c22	4
70460	00504c9e	2
70461	00504cb7	2
70462	00504ccd	3
70463	00504ce3	4
70464	00504d5f	2
70465	00504d78	2
8528	00504d8e	81
8529	00505659	6
8530	005056d8	23
8531	00505906	10
8532	005059c8	20
8533	00505c11	9
8534	00505cd2	11
8535	00505dde	36
8536	00506046	29
8537	005062b1	7
8538	00506332	2
8539	00506391	121
8540	00507244	69
8541	0050781f	2
8542	00507849	30
8543	00507a6f	5
8544	00507beb	7
8545	00507cee	0
8546	00507d00	24
8547	00507f57	3
8548	00507fb0	17
8549	00508075	30
8550	005082de	5
8551	00508393	142
8552	00508e84	5
8553	00508ee3	2
8554	00508f1a	2
8555	00508f4d	2
70466	00508f8d	3
70467	00508fa3	4
70468	0050901f	2
70469	00509038	2
70470	0050904e	3
70471	00509064	4
70472	005090e0	2
70473	005090f9	2
70474	0050910f	3
70475	00509125	4
70476	005091a1	2
70477	005091ba	2
8556	005091d0	24
70478	0050939a	3
70479	005093b0	4
70480	0050942c	2
70481	00509445	2
70482	0050945b	3
70483	00509471	4
70484	005094ed	2
70485	00509506	2
8557	0050951c	16
8558	00509675	8
8559	00509743	2
8560	00509769	9
8561	00509842	8
8562	00509910	2
8563	00509936	7
8564	005099f9	2
70486	00509a1f	3
70487	00509a35	4
70488	00509ab1	2
70489	00509aca	2
8565	00509ae0	19
8566	00509c75	10
8567	00509d5d	18
8568	00509ecd	2
8569	00509ef7	6
8570	00509faa	5
8571	0050a056	34
8572	0050a2c9	16
8573	0050a4a7	2
8574	0050a4ed	0
8575	0050a504	2
8576	0050a541	2
8577	0050a57e	0
8578	0050a592	68
8579	0050abf5	21
8580	0050ae56	38
8581	0050b200	6
8582	0050b256	57
8583	0050b7b7	40
8584	0050bb5e	12
8585	0050bc61	2
8586	0050bc8b	31
70490	0050be43	3
70491	0050be59	4
70492	0050bed5	2
70493	0050beee	2
70494	0050bf04	3
70495	0050bf1a	4
70496	0050bf96	2
70497	0050bfaf	2
70498	0050bfc5	3
70499	0050bfdb	4
70500	0050c057	2
70501	0050c070	2
70502	0050c086	3
70503	0050c09c	4
70504	0050c118	2
70505	0050c131	2
70506	0050c147	3
70507	0050c15d	4
70508	0050c1d9	2
70509	0050c1f2	2
70510	0050c208	3
70511	0050c21e	4
70512	0050c29a	2
70513	0050c2b3	2
70514	0050c2c9	3
70515	0050c2df	4
70516	0050c35b	2
70517	0050c374	2
70518	0050c38a	3
70519	0050c3a0	4
70520	0050c41c	2
70521	0050c435	2
70522	0050c44b	3
70523	0050c461	4
70524	0050c4dd	2
70525	0050c4f6	2
70526	0050c50c	3
70527	0050c522	4
70528	0050c59e	2
70529	0050c5b7	2
70530	0050c5cd	3
70531	0050c5e3	4
70532	0050c65f	2
70533	0050c678	2
70534	0050c68e	3
70535	0050c6a4	4
70536	0050c720	2
70537	0050c739	2
8587	0050c74f	126
8588	0050d07d	54
8589	0050d4c6	11
8590	0050d5fc	7
8591	0050d676	15
8592	0050d7af	11
8593	0050d8aa	7
8594	0050d953	13
8595	0050da32	6
70538	0050da95	5
70539	0050dab5	2
70540	0050dace	2
70541	0050dae7	7
70542	0050db11	2
70543	0050db2a	2
70544	0050db43	2
8596	0050db60	4
8597	0050dc00	0
8598	0050dc00	3
8599	0050dc40	2
8600	0050dc70	2
8601	0050dca0	2
8602	0050dcd0	2
8603	0050dd00	2
8604	0050dd30	0
8605	0050dd30	3
8606	0050dd70	2
8607	0050dda0	5
8608	0050de30	4
8609	0050de90	2
8610	0050dec0	2
8611	0050def0	2
8612	0050df20	3
8613	0050df90	2
8614	0050dfc0	0
8615	0050dfc0	3
8616	0050e000	6
8617	0050e090	0
8618	0050e0b0	0
8619	0050e0d0	0
8620	0050e0d0	3
8621	0050e110	2
8622	0050e140	0
8623	0050e160	0
8624	0050e180	2
8625	0050e1c0	5
8626	0050e270	0
8627	0050e270	3
8628	0050e2b0	2
8629	0050e2e0	2
8630	0050e310	2
8631	0050e340	11
8632	0050e430	10
8633	0050e500	2
8634	0050e530	2
8635	0050e560	3
8636	0050e5d0	2
8637	0050e600	2
8638	0050e630	2
8639	0050e660	4
8640	0050e700	2
8641	0050e730	3
8642	0050e790	3
8643	0050e7f0	2
8644	0050e820	2
8645	0050e850	2
8646	0050e880	0
8647	0050e8a0	3
8648	0050e900	4
8649	0050e9b0	0
8650	0050e9d0	0
8651	0050e9f0	2
8652	0050ea20	4
8653	0050ea70	0
8654	0050ea90	2
8655	0050eae0	2
8656	0050eb10	4
8657	0050eb80	0
8658	0050ebc0	3
8659	0050ec30	2
8660	0050ec60	2
8661	0050ecc0	2
8662	0050ecf0	2
8663	0050ed20	2
8664	0050ed50	2
8665	0050ed80	3
8666	0050edb0	2
8667	0050edf0	0
8668	0050ee10	5
8669	0050eea0	2
8670	0050eed0	0
8671	0050eed0	3
8672	0050ef10	2
8673	0050ef40	0
8674	0050ef60	2
8675	0050ef90	4
8676	0050efe0	3
8677	0050f050	2
8678	0050f080	2
8679	0050f0b0	2
8680	0050f0e0	3
8681	0050f150	3
8682	0050f1c0	2
8683	0050f1f0	3
8684	0050f260	0
8685	0050f280	3
8686	0050f2f0	2
8687	0050f320	2
8688	0050f350	2
8689	0050f380	3
8690	0050f3f0	0
8691	0050f410	0
8692	0050f430	2
8693	0050f460	2
8694	0050f490	2
8695	0050f4c0	2
8696	0050f4f0	3
8697	0050f540	0
8698	0050f560	0
8699	0050f580	0
8700	0050f5a0	0
8701	0050f5c0	0
8702	0050f5e0	2
8703	0050f610	0
8704	0050f630	0
8705	0050f650	2
8706	0050f680	0
8707	0050f6a0	0
8708	0050f6c0	2
8709	0050f6f0	2
8710	0050f720	2
8711	0050f750	2
8712	0050f780	0
8713	0050f7a0	2
8714	0050f7d0	2
8715	0050f800	2
8716	0050f830	2
8717	0050f860	2
8718	0050f890	2
8719	0050f8c0	2
8720	0050f8f0	2
8721	0050f920	2
8722	0050f950	0
8723	0050f970	0
8724	0050f9a0	0
8725	0050f9c0	0
8726	0050f9e0	2
8727	0050fa10	0
8728	0050fa50	0
8729	0050fab0	2
8730	0050fae0	2
8731	0050fb10	2
8732	0050fb40	2
8733	0050fb70	2
8734	0050fba0	2
8735	0050fbd0	2
8736	0050fc00	2
8737	0050fc30	2
8738	0050fc60	2
8739	0050fcb0	0
8740	0050fcf0	2
8741	0050fd20	0
8742	0050fd50	0
8743	0050fd50	3
8744	0050fd90	2
8745	0050fdc0	3
8746	0050fe40	0
8747	0050fe40	3
8748	0050fe80	0
8749	0050fea0	0
8750	0050fec0	0
8751	0050fee0	3
8752	0050ff10	2
8753	0050ff40	3
8754	0050ffc0	3
8755	0050fff0	4
8756	00510050	2
8757	00510080	2
8758	005100e0	0
8759	00510100	0
8760	00510130	0
8761	00510150	0
8762	00510170	2
8763	005101a0	3
8764	00510220	3
8765	00510280	2
8766	005102b0	0
8767	005102d0	0
8768	005102f0	0
8769	00510330	2
8770	00510390	0
8771	005103b0	2
8772	00510400	3
8773	00510450	4
8774	005104b0	2
8775	005104e0	2
8776	00510510	2
8777	00510540	0
8778	00510580	3
8779	005105f0	3
8780	00510630	2
8781	00510660	3
8782	005106c0	8
8783	00510790	2
8784	005107c0	2
8785	005107f0	6
8786	00510870	3
8787	005108e0	0
8788	00510930	2
8789	00510960	2
8790	005109b0	5
8791	00510a30	3
8792	00510a80	2
8793	00510ab0	2
8794	00510ae0	3
8795	00510b20	0
8796	00510b70	2
8797	00510ba0	2
8798	00510bd0	2
8799	00510c20	2
8800	00510c50	2
8801	00510c80	0
8802	00510ca0	0
8803	00510cc0	2
8804	00510d10	5
8805	00510d90	2
8806	00510dc0	4
8807	00510e00	3
8808	00510e50	4
8809	00510ea0	2
8810	00510ed0	2
8811	00510f00	0
8812	00510f00	3
8813	00510f40	2
8814	00510f70	11
8815	00511040	4
8816	005110d0	0
8817	005110f0	0
8818	00511110	4
8819	00511170	2
8820	005111b0	15
8821	005112d0	14
8822	005113a0	10
8823	005114c0	2
8824	005114f0	0
8825	00511510	0
8826	00511530	0
8827	00511550	0
8828	00511570	2
8829	005115b0	2
8830	00511600	2
8831	00511630	2
8832	00511660	11
8833	00511730	4
8834	005117a0	4
8835	00511830	2
8836	00511860	0
8837	00511880	0
8838	005118a0	4
8839	00511900	0
8840	00511920	0
8841	00511940	3
8842	00511980	2
8843	005119b0	0
8844	005119d0	11
8845	00511aa0	12
8846	00511b80	4
8847	00511bf0	4
8848	00511c80	2
8849	00511cb0	2
8850	00511ce0	2
8851	00511d20	2
8852	00511d50	2
8853	00511d80	0
8854	00511da0	17
8855	00511fe0	0
8856	00512000	134
8857	00512830	12
8858	00512940	7
8859	005129d0	3
8860	00512a10	2
8861	00512a40	2
8862	00512a70	2
8863	00512aa0	4
8864	00512b00	2
8865	00512b30	0
8866	00512b50	2
8867	00512b80	2
8868	00512bb0	12
8869	00512c90	0
8870	00512ca0	2
8871	00512cd0	2
8872	00512d00	2
8873	00512d30	0
8874	00512d50	17
8875	00512f90	2
8876	00512fd0	2
8877	00513000	2
8878	00513030	2
8879	00513060	2
8880	00513090	0
8881	005130a0	0
8882	005130b0	0
8883	005130c0	0
8884	005130e0	2
8885	00513110	2
8886	00513160	2
8887	005131a0	2
8888	005131d0	0
8889	00513220	2
8890	00513270	2
8891	005132c0	0
8892	005132d0	19
8893	00513410	19
8894	00513550	2
8895	00513580	2
8896	005135b0	2
8897	005135e0	2
8898	00513610	0
8899	00513660	2
8900	005136b0	2
8901	00513700	2
8902	00513730	2
8903	00513760	2
8904	00513790	0
8905	005137b0	2
8906	005137f0	0
8907	00513820	2
8908	00513850	2
8909	00513880	2
8910	005138b0	0
8911	005138d0	2
8912	00513900	2
8913	00513930	2
8914	00513960	2
8915	00513990	0
8916	005139b0	0
8917	005139d0	2
8918	00513a00	2
8919	00513a30	0
8920	00513a50	0
8921	00513a70	2
8922	00513aa0	0
8923	00513ac0	0
8924	00513ae0	2
8925	00513b10	2
8926	00513b40	0
8927	00513b60	0
8928	00513b80	2
8929	00513bb0	2
8930	00513be0	0
8931	00513c00	2
8932	00513c30	2
8933	00513c80	0
8934	00513cc0	0
8935	00513d00	2
8936	00513d30	2
8937	00513d80	2
8938	00513db0	2
8939	00513de0	0
8940	00513e20	2
8941	00513e50	2
8942	00513ea0	0
8943	00513ee0	0
8944	00513f20	0
8945	00513f60	2
8946	00513f90	2
8947	00513fc0	0
8948	00513fe0	0
8949	00514000	2
8950	00514030	2
8951	00514060	0
8952	00514080	0
8953	005140a0	2
8954	005140d0	2
8955	00514100	0
8956	00514120	0
8957	00514140	3
8958	005141b0	2
8959	005141e0	2
8960	00514210	0
8961	00514230	2
8962	00514260	2
8963	00514290	0
8964	005142b0	0
8965	005142d0	2
8966	00514300	2
8967	00514330	0
8968	00514350	0
8969	00514370	2
8970	005143a0	2
8971	005143e0	3
8972	00514430	2
8973	00514460	0
8974	00514480	2
8975	005144b0	3
8976	00514500	2
8977	00514530	3
8978	00514570	0
8979	00514590	0
8980	005145b0	2
8981	005145e0	6
8982	00514690	0
8983	005146b0	6
8984	00514770	2
8985	005147a0	2
8986	005147d0	2
8987	00514800	0
8988	00514820	2
8989	00514850	2
8990	00514880	2
8991	005148b0	4
8992	00514920	2
8993	00514950	2
8994	00514980	2
8995	005149b0	0
8996	005149d0	2
8997	00514a00	19
8998	00514bc0	5
8999	00514c70	0
9000	00514c90	0
9001	00514cb0	2
9002	00514ce0	2
9003	00514d10	2
9004	00514d40	0
9005	00514d60	4
9006	00514e10	4
9007	00514ec0	4
9008	00514f70	4
9009	00515020	4
9010	005150d0	4
9011	00515180	0
9012	005151a0	0
9013	005151c0	2
9014	005151f0	2
9015	00515220	0
9016	00515240	4
9017	00515280	4
9018	00515330	4
9019	005153e0	4
9020	00515490	2
9021	005154d0	2
9022	00515500	2
9023	00515530	0
9024	00515550	2
9025	00515580	0
9026	005155a0	2
9027	005155d0	0
9028	005155f0	2
9029	00515620	0
9030	00515640	2
9031	00515670	0
9032	00515690	2
9033	005156c0	2
9034	005156f0	2
9035	00515720	2
9036	00515750	0
9037	00515770	4
9038	00515820	6
9039	005158e0	2
9040	00515910	2
9041	00515940	0
9042	00515960	6
9043	00515a20	2
9044	00515a50	2
9045	00515a80	2
9046	00515ab0	4
9047	00515b60	6
9048	00515c20	2
9049	00515c50	2
9050	00515c80	2
9051	00515cb0	2
9052	00515ce0	6
9053	00515da0	6
9054	00515e60	2
9055	00515e80	2
9056	00515eb0	0
9057	00515ed0	2
9058	00515f00	0
9059	00515f20	2
9060	00515f50	0
9061	00515f70	2
9062	00515fa0	0
9063	00515fc0	2
9064	00515ff0	0
9065	00516010	2
9066	00516040	0
9067	00516060	2
9068	00516090	0
9069	005160b0	2
9070	005160e0	0
9071	00516100	2
9072	00516130	0
9073	00516150	4
9074	005161b0	4
9075	00516210	2
9076	00516240	2
9077	00516270	0
9078	00516290	2
9079	005162c0	2
9080	005162f0	0
9081	00516310	2
9082	00516340	3
9083	005163d0	2
9084	00516400	2
9085	00516440	0
9086	00516470	3
9087	00516500	2
9088	00516520	3
9089	005165b0	0
9090	005165e0	0
9091	00516620	2
9092	00516680	0
9093	00516690	2
9094	005166c0	3
9095	00516750	2
9096	00516770	2
9097	00516790	2
9098	005167c0	2
9099	005167e0	2
9100	00516840	3
9101	00516880	0
9102	00516880	3
9103	005168c0	2
9104	005168f0	0
9105	005168f0	3
9106	00516930	3
9107	00516970	3
9108	005169b0	3
9109	005169f0	3
9110	00516a30	2
9111	00516a60	2
9112	00516a90	2
9113	00516ac0	7
9114	00516b50	2
9115	00516b80	2
9116	00516bb0	0
9117	00516be0	2
9118	00516c10	2
9119	00516c40	2
9120	00516c70	2
9121	00516ca0	2
9122	00516cd0	2
9123	00516d00	2
9124	00516d30	2
9125	00516d60	2
9126	00516d90	2
9127	00516dc0	2
9128	00516e20	2
9129	00516e60	2
9130	00516ec0	2
9131	00516f00	2
9132	00516f60	2
9133	00516fa0	2
9134	00517000	2
9135	00517040	3
9136	005170c0	2
9137	005170f0	2
9138	00517150	2
9139	00517190	2
9140	005171f0	2
9141	00517230	2
9142	00517290	2
9143	005172e0	2
9144	00517340	2
9145	00517380	2
9146	005173d0	2
9147	00517420	3
9148	005174b0	2
9149	005174f0	3
9150	00517580	2
9151	005175c0	2
9152	00517610	2
9153	00517660	3
9154	005176f0	2
9155	00517730	3
9156	005177c0	2
9157	00517800	3
9158	00517890	2
9159	005178c0	0
9160	005178c0	3
9161	00517900	0
9162	00517900	3
9163	00517940	3
9164	005179c0	0
9165	005179c0	3
9166	00517a00	0
9167	00517a00	3
9168	00517a40	3
9169	00517ac0	3
9170	00517b40	0
9171	00517b60	0
9172	00517b60	3
9173	00517ba0	0
9174	00517ba0	3
9175	00517be0	0
9176	00517be0	3
9177	00517c20	0
9178	00517c20	3
9179	00517c60	3
9180	00517ce0	0
9181	00517ce0	3
9182	00517d20	3
9183	00517da0	0
9184	00517da0	3
9185	00517de0	0
9186	00517de0	3
9187	00517e20	3
9188	00517ea0	0
9189	00517ea0	3
9190	00517ee0	3
9191	00517f60	3
9192	00517fe0	0
9193	00518000	0
9194	00518000	3
9195	00518040	0
9196	00518040	3
9197	00518080	0
9198	00518080	3
9199	005180c0	3
9200	00518140	0
9201	00518140	3
9202	00518180	3
9203	00518200	3
9204	00518280	0
9205	005182a0	0
9206	005182a0	3
9207	005182e0	0
9208	005182e0	3
9209	00518320	3
9210	005183a0	3
9211	00518420	0
9212	00518440	0
9213	00518440	3
9214	00518480	0
9215	00518480	3
9216	005184c0	2
9217	005184f0	2
9218	00518520	3
9219	005185a0	0
9220	005185c0	0
9221	005185c0	3
9222	00518600	0
9223	00518600	3
9224	00518640	0
9225	00518660	2
9226	00518690	2
9227	005186c0	0
9228	005186c0	3
9229	00518700	0
9230	00518720	3
9231	00518780	2
9232	005187b0	2
9233	005187e0	3
9234	00518860	0
9235	00518880	0
9236	00518880	3
9237	005188c0	0
9238	005188c0	3
9239	00518900	0
9240	00518920	2
9241	00518950	3
9242	005189d0	0
9243	005189f0	0
9244	005189f0	3
9245	00518a30	0
9246	00518a30	3
9247	00518a70	0
9248	00518a90	2
9249	00518ac0	2
9250	00518af0	3
9251	00518b70	0
9252	00518b90	0
9253	00518b90	3
9254	00518bd0	0
9255	00518bd0	3
9256	00518c10	0
9257	00518c30	3
9258	00518c90	0
9259	00518c90	3
9260	00518cd0	0
9261	00518cf0	3
9262	00518d50	2
9263	00518d80	3
9264	00518e00	0
9265	00518e20	0
9266	00518e20	3
9267	00518e60	0
9268	00518e60	3
9269	00518ea0	0
9270	00518ec0	3
9271	00518f20	0
9272	00518f20	3
9273	00518f60	0
9274	00518f80	3
9275	00518fe0	0
9276	00518fe0	3
9277	00519020	0
9278	00519040	3
9279	005190a0	4
9280	00519110	4
9281	00519180	4
9282	005191f0	4
9283	00519260	4
9284	005192d0	2
9285	00519300	2
9286	00519330	2
9287	00519360	0
9288	00519380	0
9289	005193a0	2
9290	005193e0	2
9291	00519410	4
9292	00519490	0
9293	005194b0	2
9294	005194e0	2
9295	00519510	0
9296	00519530	0
9297	00519550	2
9298	00519590	2
9299	005195d0	2
9300	00519610	2
9301	00519660	2
9302	00519690	2
9303	005196e0	2
9304	00519750	2
9305	00519780	2
9306	005197e0	0
9307	00519800	6
9308	005198e0	2
9309	00519900	2
9310	00519930	2
9311	00519960	0
9312	00519970	2
9313	005199a0	0
9314	005199c0	0
9315	005199e0	2
9316	00519a10	0
9317	00519a30	0
9318	00519a50	2
9319	00519a80	0
9320	00519aa0	0
9321	00519ac0	2
9322	00519af0	0
9323	00519b10	0
9324	00519b30	2
9325	00519b60	0
9326	00519b80	0
9327	00519ba0	0
9328	00519ba0	3
9329	00519be0	0
9330	00519be0	3
9331	00519c20	2
9332	00519c50	4
9333	00519d20	2
9334	00519d50	0
9335	00519d50	3
9336	00519d90	0
9337	00519d90	3
9338	00519dd0	2
9339	00519e10	2
9340	00519e40	3
9341	00519ed0	2
9342	00519f00	2
9343	00519f30	2
9344	00519f60	1
9345	00519f70	1
9346	00519f80	1
9347	00519f90	1
9348	00519fa0	1
9349	00519fb0	1
9350	00519fc0	1
9351	00519fd0	1
9352	00519fe0	1
9353	00519ff0	1
9354	0051a000	1
9355	0051a010	1
9356	0051a020	1
9357	0051a030	1
9358	0051a040	1
9359	0051a050	1
9360	0051a060	1
9361	0051a070	1
9362	0051a080	1
9363	0051a090	1
9364	0051a0a0	1
9365	0051a0b0	1
9366	0051a0c0	1
9367	0051a0d0	1
9368	0051a0e0	1
9369	0051a0f0	1
9370	0051a100	1
9371	0051a110	1
9372	0051a120	1
69876	0051a130	2
69877	0051a141	2
69878	0051a15b	2
69879	0051a16c	3
9373	0051a194	0
9374	0051a1cf	0
9375	0051a20a	13
9376	0051a32e	0
9377	0051a339	3
9378	0051a394	13
9379	0051a4bb	13
9380	0051a600	8
69880	0051a69a	0
9381	0051a69f	6
69881	0051a74b	0
9382	0051a750	6
9383	0051a7f7	18
9384	0051a982	4
9385	0051a9eb	3
9386	0051aa5c	21
9387	0051abee	26
9388	0051ae84	10
9389	0051afca	9
9390	0051b0cc	6
9391	0051b1b3	9
9392	0051b2e6	71
9393	0051b9e1	72
9394	0051c0fd	62
9395	0051c5f1	5
9396	0051c6f7	8
9397	0051c7fb	33
9398	0051cc37	2
9399	0051cc67	0
9400	0051cc81	2
9401	0051cca8	2
9402	0051cccf	0
9403	0051ccef	0
9404	0051cd0a	2
9405	0051cd3a	2
9406	0051cd6a	2
9407	0051cd9a	2
9408	0051cdca	9
9409	0051cea4	9
9410	0051cf7e	24
9411	0051d20d	22
9412	0051d466	7
9413	0051d4fd	49
9414	0051d8f1	20
9415	0051db35	3
9416	0051db9a	28
69882	0051de57	9
9417	0051df35	4
9418	0051df8f	16
9419	0051e10a	16
9420	0051e285	16
9421	0051e400	15
9422	0051e56b	3
9423	0051e5e2	22
9424	0051e77a	8
9425	0051e88e	16
9426	0051e9b8	6
9427	0051ea6f	15
9428	0051ec60	5
9429	0051ece5	13
9430	0051ee58	108
9431	0051fa36	2
9432	0051fa62	132
9433	00520799	7
9434	0052085d	20
9435	00520a5c	12
9436	00520b85	15
9437	00520ca1	3
9438	00520cf5	62
9439	005211c9	142
9440	005221eb	48
9441	0052272b	5
9442	00522798	6
9443	00522824	6
9444	005228b4	11
9445	00522a30	13
9446	00522c6c	49
9447	00523282	55
9448	0052396e	19
9449	00523b70	10
9450	00523ca5	17
9451	00523e17	17
9452	00523f8c	9
9453	00524068	14
9454	005241d1	22
9455	005243e5	6
9456	00524478	24
69883	00524757	9
69884	00524848	16
9457	005249af	16
9458	00524bdd	5
9459	00524c54	12
9460	00524dad	0
9461	00524dc8	0
9462	00524de3	4
9463	00524e51	5
9464	00524ef6	5
9465	00524f9b	6
9466	00525065	4
9467	005250d3	4
9468	00525111	0
9469	0052512c	3
9470	00525167	3
9471	005251a2	8
9472	00525244	11
9473	0052534b	9
9474	005253fe	6
9475	00525498	5
9476	0052550c	40
69885	0052582f	12
9477	0052595c	21
9478	00525b79	97
9479	00526439	29
9480	00526720	17
9481	005269a1	27
9482	00526c47	30
9483	00526f06	18
9484	0052707e	4
9485	00527108	5
9486	005271e2	5
9487	00527256	25
9488	0052744f	15
9489	00527570	5
9490	005275eb	9
9491	005276ba	4
9492	00527731	10
9493	0052781c	4
9494	00527896	10
9495	0052798d	4
9496	00527a07	10
9497	00527afe	2
9498	00527b32	5
69886	00527ba5	8
9499	00527c61	5
9500	00527cd4	6
9501	00527da2	9
9502	00527e63	23
9503	00528017	91
9504	00528850	12
9505	00528957	2
9506	00528987	7
9507	00528a52	12
9508	00528b59	6
9509	00528bef	13
9510	00528cf4	30
9511	00528f2b	5
9512	00528fd0	15
9513	0052912a	5
9514	005291cf	15
9515	00529329	2
9516	00529374	11
9517	00529475	4
9518	005294e6	12
9519	005295f5	6
9520	00529693	12
9521	005297a2	6
9522	00529840	0
9523	00529869	3
9524	005298c4	0
9525	005298fe	0
9526	00529935	23
9527	00529b64	110
9528	0052a498	0
9529	0052a4b2	11
9530	0052a5c7	8
9531	0052a6a1	8
9532	0052a77b	5
9533	0052a7f9	5
9534	0052a877	34
9535	0052aaf1	23
9536	0052acef	30
9537	0052af45	35
9538	0052b1df	8
9539	0052b2cb	21
9540	0052b565	21
9541	0052b6e4	18
9542	0052b828	18
9543	0052ba2d	16
9544	0052bbda	12
9545	0052bce4	29
9546	0052bf15	7
9547	0052bfde	7
9548	0052c0a7	5
9549	0052c11e	5
9550	0052c195	5
9551	0052c20c	5
9552	0052c283	3
9553	0052c2da	3
9554	0052c32d	3
9555	0052c384	3
9556	0052c3d7	9
9557	0052c4c7	12
9558	0052c5d3	0
9559	0052c5ed	10
9560	0052c6e4	4
9561	0052c76a	7
9562	0052c84b	16
9563	0052c98f	3
9564	0052c9de	17
9565	0052cbd3	2
9566	0052cc00	2
9567	0052cc2d	2
9568	0052cc5a	13
9569	0052cdf2	5
9570	0052ce74	3
9571	0052cee4	25
9572	0052d12b	10
9573	0052d20c	29
9574	0052d4e8	14
9575	0052d619	2
9576	0052d65f	2
9577	0052d6a5	24
9578	0052da2e	19
9579	0052dbf8	3
9580	0052dc4b	3
9581	0052dc9e	10
9582	0052ddaa	12
9583	0052deff	25
9584	0052e134	31
9585	0052e41a	9
9586	0052e52a	8
9587	0052e5fa	15
9588	0052e73c	15
9589	0052e898	11
9590	0052e9ea	54
9591	0052ee44	3
9592	0052ee7b	9
9593	0052ef14	11
9594	0052f043	3
9595	0052f07a	2
9596	0052f0a4	8
9597	0052f1e8	8
9598	0052f30c	9
9599	0052f419	22
9600	0052f676	8
9601	0052f7b4	8
9602	0052f8b9	8
9603	0052f9dd	8
9604	0052fb10	19
9605	0052fd17	8
9606	0052fe43	9
9607	0052ff73	2
9608	0052ffa3	20
9609	005301bb	0
9610	005301d5	2
9611	00530205	18
9612	00530356	0
9613	00530372	0
9614	0053038e	2
9615	005303b8	2
9616	005303e2	4
9617	00530421	0
9618	00530448	8
9619	005304f8	8
9620	00530602	4
9621	0053069c	3
9622	0053070e	13
9623	00530842	19
9624	00530a16	14
9625	00530b1c	11
9626	00530c1b	9
9627	00530d0d	7
9628	00530dc6	7
9629	00530e82	4
9630	00530f0a	9
9631	0053100b	3
9632	0053107b	58
9633	00531578	17
9634	005316e8	2
9635	00531712	2
9636	0053173c	2
9637	00531766	3
9638	005317d7	11
9639	005318b6	6
9640	0053195c	5
9641	005319f7	16
9642	00531b17	5
9643	00531b86	9
9644	00531c25	10
9645	00531d92	9
9646	00531e6b	13
69887	00531f9e	3
69888	00531fb4	2
69889	00531fcd	7
69890	00531ff7	2
69891	00532010	2
69892	00532029	2
9647	00532050	0
9648	00532070	2
9649	005320c0	0
9650	005320e0	3
9651	00532140	2
9652	00532170	2
9653	005321b0	2
9654	005321f0	0
9655	00532210	2
9656	00532240	2
9657	00532280	0
9658	005322a0	0
9659	005322f0	0
9660	00532320	3
9661	00532370	9
9662	00532400	18
9663	00532500	3
9664	00532540	2
9665	00532570	2
9666	005325b0	2
9667	00532600	2
9668	00532630	0
9669	00532630	3
9670	00532670	2
9671	005326b0	2
9672	005326e0	2
9673	00532710	4
9674	00532780	2
9675	005327b0	2
9676	005327e0	2
9677	00532810	2
9678	00532840	2
9679	00532870	2
9680	005328a0	2
9681	005328d0	2
9682	00532900	2
9683	00532930	2
9684	00532970	2
9685	005329b0	2
9686	005329e0	2
9687	00532a10	2
9688	00532a40	2
9689	00532a80	2
9690	00532ab0	2
9691	00532ae0	2
9692	00532b10	2
9693	00532b40	2
9694	00532b70	2
9695	00532ba0	2
9696	00532c00	5
9697	00532cf0	3
9698	00532d50	3
9699	00532df0	2
9700	00532e20	3
9701	00532e80	2
9702	00532ec0	3
9703	00532f30	2
9704	00532f60	2
9705	00532f90	0
9706	00532fb0	2
9707	00532fe0	2
9708	00533010	2
9709	00533040	4
9710	005330d0	2
9711	00533100	2
9712	00533130	0
9713	00533150	2
9714	00533180	0
9715	005331a0	2
9716	005331d0	0
9717	005331f0	3
9718	00533260	3
9719	005332a0	2
9720	005332d0	0
9721	005332d0	3
9722	00533310	3
9723	00533390	0
9724	005333b0	2
9725	005333e0	2
9726	00533410	0
9727	00533410	3
9728	00533450	2
9729	00533480	2
9730	005334b0	2
9731	005334e0	0
9732	005334e0	3
9733	00533520	2
9734	00533550	4
9735	005335e0	2
9736	00533610	0
9737	00533610	3
9738	00533650	4
9739	005336e0	0
9740	00533700	0
9741	00533730	2
9742	00533760	2
9743	00533790	0
9744	005337c0	2
9745	00533810	4
9746	00533880	2
9747	005338d0	9
9748	005339c0	8
9749	00533a70	2
9750	00533aa0	0
9751	00533ac0	2
9752	00533b00	0
9753	00533b30	0
9754	00533b50	2
9755	00533ba0	2
9756	00533bd0	0
9757	00533bf0	2
9758	00533c20	0
9759	00533c40	2
9760	00533c70	0
9761	00533ca0	0
9762	00533cd0	0
9763	00533d10	2
9764	00533d50	0
9765	00533d90	0
9766	00533dd0	3
9767	00533e40	5
9768	00533ed0	0
9769	00533f00	0
9770	00533f40	0
9771	00533f80	0
9772	00533fb0	0
9773	00533fe0	0
9774	00534020	0
9775	00534050	0
9776	00534080	0
9777	005340b0	3
9778	005340f0	0
9779	00534110	0
9780	00534130	0
9781	00534150	2
9782	00534180	6
9783	005341c0	0
9784	005341e0	2
9785	00534210	2
9786	00534240	2
9787	00534270	2
9788	005342a0	0
9789	005342d0	2
9790	00534300	2
9791	00534330	2
9792	00534360	2
9793	00534390	2
9794	005343c0	2
9795	005343f0	2
9796	00534420	2
9797	00534450	2
9798	00534480	2
9799	005344b0	0
9800	005344d0	2
9801	00534560	0
9802	00534580	0
9803	005345a0	3
9804	00534600	2
9805	00534630	2
9806	00534660	2
9807	00534690	6
9808	00534770	0
9809	00534770	3
9810	005347b0	2
9811	005347f0	2
9812	00534830	6
9813	005348e0	2
9814	00534930	0
9815	00534970	3
9816	00534a00	0
9817	00534a30	0
9818	00534a50	0
9819	00534a70	2
9820	00534aa0	2
9821	00534b10	5
9822	00534bb0	2
9823	00534be0	0
9824	00534c10	0
9825	00534c40	0
9826	00534c70	5
9827	00534cd0	0
9828	00534d10	0
9829	00534d50	2
9830	00534db0	10
9831	00534e80	0
9832	00534ea0	4
9833	00534f80	0
9834	00534fa0	0
9835	00534fc0	0
9836	00534fe0	0
9837	00535000	0
9838	00535020	2
9839	00535060	2
9840	00535090	0
9841	005350b0	0
9842	005350e0	7
9843	005351a0	3
9844	005351e0	4
9845	00535220	24
9846	005353e0	0
9847	00535400	2
9848	00535450	5
9849	005354d0	3
9850	00535510	2
9851	00535540	0
9852	00535560	3
9853	005355b0	4
9854	00535620	0
9855	00535650	2
9856	005356a0	2
9857	005356d0	2
9858	00535720	2
9859	00535760	2
9860	005357a0	2
9861	005357d0	2
9862	00535800	2
9863	00535840	8
9864	00535910	2
9865	00535940	0
9866	00535970	2
9867	005359b0	2
9868	005359e0	2
9869	00535a50	2
9870	00535a80	2
9871	00535ab0	2
9872	00535b20	0
9873	00535b70	2
9874	00535ba0	2
9875	00535be0	2
9876	00535c10	2
9877	00535c40	2
9878	00535c70	2
9879	00535ca0	2
9880	00535cf0	2
9881	00535d30	2
9882	00535d70	2
9883	00535da0	2
9884	00535df0	2
9885	00535e30	2
9886	00535e60	3
9887	00535ea0	3
9888	00535ef0	0
9889	00535f10	2
9890	00535f60	2
9891	00535f90	2
9892	00535fc0	3
9893	00536020	2
9894	00536050	2
9895	00536080	3
9896	00536100	0
9897	00536120	0
9898	00536140	0
9899	00536160	0
9900	00536180	0
9901	005361d0	2
9902	00536200	9
9903	005362f0	2
9904	00536320	2
9905	00536350	2
9906	005363b0	2
9907	005363f0	2
9908	00536420	2
9909	00536450	2
9910	00536490	8
9911	00536560	2
9912	00536590	0
9913	005365c0	2
9914	00536610	5
9915	00536690	3
9916	005366d0	2
9917	00536700	3
9918	00536750	4
9919	005367b0	9
9920	00536850	2
9921	00536880	2
9922	005368c0	2
9923	00536900	9
9924	005369a0	0
9925	005369d0	2
9926	00536a00	2
9927	00536a50	2
9928	00536a90	2
9929	00536ac0	2
9930	00536b10	3
9931	00536b60	9
9932	00536c00	2
9933	00536c30	2
9934	00536cd0	2
9935	00536d00	2
9936	00536d60	0
9937	00536da0	3
9938	00536e10	0
9939	00536e30	0
9940	00536e50	0
9941	00536e70	0
9942	00536e90	9
9943	00536f10	0
9944	00536f60	2
9945	00536f90	3
9946	00536fd0	4
9947	00537010	2
9948	00537050	2
9949	00537080	2
9950	005370b0	2
9951	005370e0	3
9952	00537140	2
9953	00537170	2
9954	005371a0	2
9955	005371e0	8
9956	005372b0	2
9957	005372f0	0
9958	00537310	0
9959	00537340	2
9960	00537370	2
9961	005373c0	0
9962	005373f0	2
9963	00537430	2
9964	00537460	2
9965	00537490	2
9966	005374e0	2
9967	00537520	0
9968	00537560	3
9969	005375d0	0
9970	00537620	2
9971	00537650	3
9972	00537690	4
9973	005376d0	0
9974	00537710	3
9975	00537780	9
9976	00537800	2
9977	00537830	2
9978	00537860	4
9979	005378a0	2
9980	005378e0	7
9981	005379a0	2
9982	005379d0	8
9983	00537aa0	0
9984	00537ae0	3
9985	00537b60	3
9986	00537ba0	2
9987	00537bd0	3
9988	00537c30	2
9989	00537c70	2
9990	00537ca0	2
9991	00537cd0	2
9992	00537d00	2
9993	00537d30	3
9994	00537d90	2
9995	00537dd0	2
9996	00537e10	8
9997	00537ee0	2
9998	00537f20	2
9999	00537f50	2
10000	00537f80	2
10001	00537fb0	0
10002	00537fe0	2
10003	00538020	2
10004	00538050	0
10005	00538080	2
10006	005380c0	2
10007	005380f0	2
10008	00538120	2
10009	00538150	2
10010	00538180	3
10011	005381e0	2
10012	00538210	2
10013	00538250	8
10014	00538320	3
10015	00538390	2
10016	005383c0	2
10017	005383f0	2
10018	00538430	2
10019	00538460	2
10020	00538490	0
10021	005384c0	2
10022	00538500	2
10023	00538530	2
10024	00538560	3
10025	005385c0	2
10026	00538600	2
10027	00538640	8
10028	00538710	2
10029	00538750	2
10030	00538780	0
10031	005387b0	2
10032	005387e0	0
10033	00538810	2
10034	00538850	2
10035	00538880	2
10036	005388b0	3
10037	00538910	2
10038	00538950	2
10039	00538990	8
10040	00538a60	2
10041	00538aa0	2
10042	00538ad0	0
10043	00538b00	2
10044	00538b30	0
10045	00538b60	0
10046	00538ba0	6
10047	00538c20	3
10048	00538ca0	0
10049	00538cf0	2
10050	00538d20	3
10051	00538d60	2
10052	00538db0	0
10053	00538dd0	2
10054	00538e00	2
10055	00538e50	0
10056	00538e90	3
10057	00538f10	0
10058	00538f30	0
10059	00538f80	2
10060	00538fb0	3
10061	00538ff0	0
10062	00539030	3
10063	005390a0	0
10064	005390f0	2
10065	00539120	3
10066	00539160	4
10067	005391a0	0
10068	005391e0	3
10069	00539250	7
10070	00539320	0
10071	00539370	2
10072	005393a0	2
10073	005393d0	3
10074	00539410	9
10075	00539500	0
10076	00539540	3
10077	005395c0	2
10078	005395f0	3
10079	00539630	9
10080	00539720	2
10081	00539770	5
10082	005397f0	3
10083	00539830	3
10084	00539870	2
10085	005398a0	2
10086	005398d0	0
10087	005398f0	2
10088	00539920	3
10089	00539970	12
10090	00539a50	0
10091	00539a70	2
10092	00539aa0	2
10093	00539af0	2
10094	00539b30	2
10095	00539b60	2
10096	00539b90	2
10097	00539be0	2
10098	00539c20	2
10099	00539c70	5
10100	00539cf0	3
10101	00539d40	9
10102	00539de0	0
10103	00539e20	3
10104	00539e90	0
10105	00539eb0	0
10106	00539ed0	3
10107	00539f10	4
10108	00539f80	4
10109	00539fc0	0
10110	0053a000	3
10111	0053a070	9
10112	0053a0f0	2
10113	0053a120	2
10114	0053a150	4
10115	0053a190	0
10116	0053a1d0	3
10117	0053a240	7
10118	0053a310	0
10119	0053a360	2
10120	0053a390	2
10121	0053a3c0	3
10122	0053a400	9
10123	0053a4f0	0
10124	0053a530	3
10125	0053a5a0	7
10126	0053a670	0
10127	0053a6c0	2
10128	0053a6f0	2
10129	0053a720	3
10130	0053a760	9
10131	0053a850	0
10132	0053a890	3
10133	0053a900	7
10134	0053a9d0	0
10135	0053aa20	2
10136	0053aa50	2
10137	0053aa80	3
10138	0053aac0	9
10139	0053abb0	0
10140	0053abf0	3
10141	0053ac60	9
10142	0053ace0	0
10143	0053ad30	2
10144	0053ad60	4
10145	0053ada0	2
10146	0053add0	3
10147	0053ae30	6
10148	0053aeb0	0
10149	0053aed0	0
10150	0053aef0	4
10151	0053af60	2
10152	0053af90	2
10153	0053afd0	2
10154	0053b000	2
10155	0053b030	0
10156	0053b0b0	2
10157	0053b0f0	0
10158	0053b130	3
10159	0053b1a0	0
10160	0053b1e0	3
10161	0053b250	0
10162	0053b2a0	3
10163	0053b2e0	0
10164	0053b300	0
10165	0053b320	2
10166	0053b350	2
10167	0053b380	2
10168	0053b3b0	2
10169	0053b3e0	2
10170	0053b410	2
10171	0053b4b0	2
10172	0053b4e0	2
10173	0053b540	2
10174	0053b580	2
10175	0053b5b0	2
10176	0053b5e0	2
10177	0053b610	6
10178	0053b690	3
10179	0053b700	0
10180	0053b740	6
10181	0053b7c0	3
10182	0053b830	0
10183	0053b850	0
10184	0053b870	0
10185	0053b890	0
10186	0053b8b0	0
10187	0053b900	3
10188	0053b940	4
10189	0053b9b0	0
10190	0053b9f0	6
10191	0053ba70	0
10192	0053ba90	0
10193	0053bab0	0
10194	0053bad0	3
10195	0053bb10	4
10196	0053bb80	2
10197	0053bbd0	5
10198	0053bc50	3
10199	0053bc90	2
10200	0053bcc0	3
10201	0053bd10	2
10202	0053bd40	2
10203	0053bd70	2
10204	0053bdb0	2
10205	0053be00	2
10206	0053be40	3
10207	0053bea0	2
10208	0053bef0	5
10209	0053bf70	3
10210	0053bfb0	2
10211	0053bfe0	2
10212	0053c010	3
10213	0053c060	12
10214	0053c140	2
10215	0053c170	2
10216	0053c1b0	2
10217	0053c1f0	0
10218	0053c210	0
10219	0053c230	2
10220	0053c260	0
10221	0053c270	0
10222	0053c290	0
10223	0053c2b0	2
10224	0053c2e0	2
10225	0053c330	5
10226	0053c3b0	3
10227	0053c3f0	0
10228	0053c410	2
10229	0053c440	3
10230	0053c490	2
10231	0053c4c0	6
10232	0053c540	7
10233	0053c610	2
10234	0053c650	3
10235	0053c6b0	2
10236	0053c6f0	8
10237	0053c7c0	2
10238	0053c800	2
10239	0053c830	2
10240	0053c870	2
10241	0053c8a0	2
10242	0053c8f0	2
10243	0053c930	8
10244	0053ca00	0
10245	0053ca40	2
10246	0053ca70	2
10247	0053cac0	2
10248	0053cb00	0
10249	0053cb40	6
10250	0053cbc0	3
10251	0053cc30	7
10252	0053cd00	3
10253	0053cd40	0
10254	0053cd80	6
10255	0053ce00	3
10256	0053ce70	7
10257	0053cf40	3
10258	0053cf80	0
10259	0053cfc0	6
10260	0053d040	3
10261	0053d0b0	7
10262	0053d180	3
10263	0053d1c0	3
10264	0053d200	3
10265	0053d250	3
10266	0053d2c0	2
10267	0053d2f0	4
10268	0053d350	0
10269	0053d3a0	11
10270	0053d470	12
10271	0053d550	4
10272	0053d5e0	2
10273	0053d610	2
10274	0053d650	2
10275	0053d680	2
10276	0053d6b0	2
10277	0053d6f0	0
10278	0053d720	2
10279	0053d770	3
10280	0053d7b0	2
10281	0053d7e0	2
10282	0053d810	15
10283	0053d930	4
10284	0053d990	8
10285	0053da50	2
10286	0053da80	2
10287	0053dab0	2
10288	0053db10	0
10289	0053db30	2
10290	0053db90	0
10291	0053dbc0	2
10292	0053dc10	3
10293	0053dc50	2
10294	0053dc80	2
10295	0053dcb0	22
10296	0053de90	8
10297	0053df50	2
10298	0053df80	0
10299	0053dfb0	0
10300	0053dfd0	3
10301	0053e040	0
10302	0053e060	6
10303	0053e0e0	24
10304	0053e290	2
10305	0053e2e0	2
10306	0053e310	2
10307	0053e370	2
10308	0053e3d0	2
10309	0053e420	3
10310	0053e460	2
10311	0053e490	2
10312	0053e4c0	15
10313	0053e5e0	4
10314	0053e640	8
10315	0053e700	2
10316	0053e730	2
10317	0053e760	11
10318	0053e830	12
10319	0053e910	4
10320	0053e980	4
10321	0053ea10	2
10322	0053ea40	0
10323	0053ea70	2
10324	0053eab0	0
10325	0053eae0	2
10326	0053eb40	4
10327	0053ebc0	4
10328	0053ec20	17
10329	0053ee60	5
10330	0053eed0	2
10331	0053ef10	2
10332	0053ef40	2
10333	0053ef90	3
10334	0053efd0	2
10335	0053f000	0
10336	0053f020	22
10337	0053f200	15
10338	0053f320	4
10339	0053f390	4
10340	0053f3f0	8
10341	0053f4b0	2
10342	0053f4e0	2
10343	0053f510	2
10344	0053f540	2
10345	0053f570	2
10346	0053f5a0	0
10347	0053f5d0	0
10348	0053f5f0	0
10349	0053f610	4
10350	0053f670	5
10351	0053f6e0	2
10352	0053f720	2
10353	0053f750	0
10354	0053f770	0
10355	0053f790	0
10356	0053f7b0	0
10357	0053f800	17
10358	0053fa50	5
10359	0053fac0	2
10360	0053fb00	2
10361	0053fb30	3
10362	0053fb90	2
10363	0053fbe0	3
10364	0053fc20	15
10365	0053fd40	4
10366	0053fdb0	2
10367	0053fde0	2
10368	0053fe20	0
10369	0053fe40	4
10370	0053feb0	2
10371	0053fef0	2
10372	0053ff20	3
10373	0053ffa0	0
10374	0053ffb0	2
10375	00540000	3
10376	00540040	3
10377	00540080	2
10378	005400b0	2
10379	005400e0	0
10380	00540100	22
10381	005402e0	15
10382	00540400	8
10383	005404c0	8
10384	00540580	2
10385	005405b0	7
10386	00540660	0
10387	00540670	2
10388	005406c0	3
10389	00540700	3
10390	00540740	2
10391	00540770	2
10392	005407a0	0
10393	005407c0	22
10394	005409a0	15
10395	00540ac0	4
10396	00540b20	8
10397	00540be0	2
10398	00540c10	2
10399	00540c40	0
10400	00540c70	7
10401	00540d20	2
10402	00540d70	3
10403	00540db0	2
10404	00540de0	2
10405	00540e10	22
10406	00540ff0	15
10407	00541110	8
10408	005411d0	8
10409	00541290	2
10410	005412c0	2
10411	005412f0	2
10412	00541320	2
10413	00541370	3
10414	005413b0	2
10415	005413e0	2
10416	00541410	22
10417	005415f0	15
10418	00541710	8
10419	005417d0	8
10420	00541890	2
10421	005418c0	2
10422	005418f0	2
10423	00541920	0
10424	00541940	0
10425	00541960	0
10426	00541980	0
10427	005419a0	4
10428	00541a10	2
10429	00541a50	2
10430	00541aa0	2
10431	00541ad0	2
10432	00541b00	0
10433	00541b20	4
10434	00541b90	2
10435	00541bd0	2
10436	00541c00	0
10437	00541c20	0
10438	00541c40	4
10439	00541ca0	5
10440	00541d10	2
10441	00541d50	6
10442	00541dd0	24
10443	00541f80	0
10444	00541fd0	0
10445	00541ff0	0
10446	00542010	0
10447	00542030	4
10448	00542090	2
10449	005420d0	2
10450	00542120	2
10451	00542150	2
10452	00542180	6
10453	00542200	24
10454	005423c0	0
10455	005423e0	0
10456	00542400	4
10457	00542470	2
10458	005424b0	2
10459	005424e0	11
10460	005425b0	4
10461	00542620	4
10462	005426b0	2
10463	005426e0	0
10464	005426f0	0
10465	00542700	0
10466	00542710	2
10467	00542740	0
10468	00542760	2
10469	00542790	2
10470	005427d0	0
10471	00542800	0
10472	00542820	2
10473	00542850	2
10474	00542880	2
10475	005428c0	0
10476	005428f0	11
10477	005429c0	12
10478	00542aa0	4
10479	00542b10	4
10480	00542ba0	2
10481	00542bd0	4
10482	00542c30	5
10483	00542ca0	2
10484	00542ce0	2
10485	00542d10	0
10486	00542d30	0
10487	00542d50	0
10488	00542d70	0
10489	00542dc0	17
10490	00543010	5
10491	00543080	2
10492	005430c0	2
10493	005430f0	6
10494	00543170	24
10495	00543320	0
10496	00543370	0
10497	00543390	0
10498	005433b0	0
10499	005433d0	4
10500	00543430	2
10501	00543470	2
10502	005434c0	2
10503	005434f0	2
10504	00543520	6
10505	005435a0	24
10506	00543750	0
10507	005437a0	0
10508	005437c0	0
10509	005437e0	0
10510	00543800	4
10511	00543860	2
10512	005438a0	2
10513	005438f0	2
10514	00543920	2
10515	00543950	6
10516	005439d0	24
10517	00543b80	0
10518	00543bd0	0
10519	00543bf0	0
10520	00543c10	0
10521	00543c30	4
10522	00543c90	2
10523	00543cd0	2
10524	00543d20	2
10525	00543d50	2
10526	00543d80	0
10527	00543da0	0
10528	00543dc0	17
10529	00544010	5
10530	00544080	2
10531	005440c0	2
10532	005440f0	3
10533	00544170	2
10534	005441b0	2
10535	005441e0	0
10536	00544200	4
10537	00544260	2
10538	005442a0	2
10539	005442d0	0
10540	005442f0	0
10541	00544310	0
10542	00544330	2
10543	00544390	2
10544	005443f0	2
10545	00544450	4
10546	005444d0	0
10547	00544510	0
10548	00544530	0
10549	00544550	0
10550	005445a0	2
10551	005445d0	2
10552	00544610	2
10553	00544660	2
10554	00544690	2
10555	005446c0	4
10556	00544720	2
10557	00544760	2
10558	005447b0	2
10559	005447e0	2
10560	00544810	4
10561	00544870	2
10562	005448c0	2
10563	005448f0	11
10564	005449c0	4
10565	00544a30	4
10566	00544ac0	2
10567	00544af0	0
10568	00544b00	0
10569	00544b20	2
10570	00544b50	2
10571	00544b80	0
10572	00544bb0	0
10573	00544bd0	11
10574	00544ca0	4
10575	00544d10	4
10576	00544da0	2
10577	00544dd0	0
10578	00544de0	0
10579	00544df0	0
10580	00544e00	2
10581	00544e30	0
10582	00544e50	2
10583	00544e80	2
10584	00544ed0	0
10585	00544f00	2
10586	00544f30	11
10587	00545000	4
10588	00545070	4
10589	00545100	2
10590	00545130	0
10591	00545140	0
10592	00545150	2
10593	00545180	0
10594	005451b0	0
10595	00545200	0
10596	00545220	0
10597	00545240	2
10598	00545290	3
10599	005452d0	2
10600	00545300	22
10601	005454e0	15
10602	00545600	8
10603	005456c0	2
10604	005456f0	2
10605	00545720	2
10606	00545770	3
10607	005457b0	2
10608	005457e0	22
10609	005459c0	2
10610	00545a40	15
10611	00545b60	8
10612	00545c20	2
10613	00545c50	2
10614	00545c80	2
10615	00545cb0	0
10616	00545ce0	0
10617	00545d10	0
10618	00545d60	0
10619	00545d80	0
10620	00545da0	0
10621	00545dc0	0
10622	00545e10	4
10623	00545e70	2
10624	00545eb0	2
10625	00545f00	2
10626	00545f30	2
10627	00545f60	0
10628	00545fb0	0
10629	00545fd0	0
10630	00545ff0	0
10631	00546010	0
10632	00546060	4
10633	005460c0	2
10634	00546100	2
10635	00546150	2
10636	00546180	2
10637	005461b0	0
10638	00546200	0
10639	00546220	0
10640	00546240	0
10641	00546260	0
10642	005462b0	4
10643	00546310	2
10644	00546350	2
10645	005463a0	2
10646	005463d0	2
10647	00546400	0
10648	00546430	0
10649	00546460	0
10650	00546490	0
10651	005464c0	2
10652	00546500	2
10653	00546530	0
10654	00546540	2
10655	00546570	2
10656	005465a0	2
10657	005465d0	2
10658	00546600	0
10659	00546620	0
10660	00546650	2
10661	00546680	3
10662	005466b0	0
10663	005466c0	0
10664	005466e0	134
10665	00546f10	3
10666	00546f50	7
10667	00546fe0	10
10668	00547100	2
10669	00547130	2
10670	00547160	2
10671	00547190	0
10672	005471b0	0
10673	005471d0	2
10674	00547200	2
10675	00547250	2
10676	00547290	0
10677	005472c0	0
10678	005472e0	3
10679	00547310	3
10680	00547350	75
10681	00547800	2
10682	00547830	2
10683	00547860	2
10684	005478a0	2
10685	005478d0	0
10686	00547920	2
10687	00547970	2
10688	005479a0	0
10689	005479d0	3
10690	00547a00	0
10691	00547a10	0
10692	00547a30	134
10693	00548260	3
10694	005482a0	7
10695	00548330	10
10696	00548450	2
10697	00548480	2
10698	005484b0	2
10699	005484e0	0
10700	00548500	0
10701	00548520	2
10702	00548550	2
10703	005485a0	2
10704	005485e0	0
10705	005485f0	2
10706	00548620	0
10707	00548640	0
10708	00548670	2
10709	005486c0	2
10710	00548710	2
10711	00548740	2
10712	00548770	0
10713	00548790	2
10714	005487c0	0
10715	005487f0	3
10716	00548820	0
10717	00548830	0
10718	00548840	0
10719	00548850	134
10720	00549080	3
10721	005490c0	4
10722	00549120	7
10723	005491b0	10
10724	005492d0	75
10725	00549780	2
10726	005497b0	2
10727	005497e0	2
10728	00549810	7
10729	005498c0	0
10730	005498e0	2
10731	00549910	2
10732	00549940	17
10733	00549b90	2
10734	00549bc0	2
10735	00549c10	2
10736	00549c60	2
10737	00549c90	2
10738	00549cc0	0
10739	00549ce0	22
10740	00549ec0	134
10741	0054a6f0	4
10742	0054a750	7
10743	0054a7e0	10
10744	0054a900	2
10745	0054a930	2
10746	0054a960	2
10747	0054a990	2
10748	0054a9e0	2
10749	0054aa20	0
10750	0054aa40	17
10751	0054aca0	2
10752	0054acd0	2
10753	0054ad10	2
10754	0054ad40	0
10755	0054ad60	3
10756	0054ad90	0
10757	0054ada0	0
10758	0054adb0	0
10759	0054adc0	134
10760	0054b5f0	3
10761	0054b630	3
10762	0054b670	7
10763	0054b700	10
10764	0054b820	75
10765	0054bcd0	2
10766	0054bd00	2
10767	0054bd30	3
10768	0054bd70	2
10769	0054bda0	2
10770	0054bdd0	0
10771	0054bdf0	0
10772	0054be10	2
10773	0054be40	2
10774	0054be90	2
10775	0054bec0	2
10776	0054bf00	0
10777	0054bf20	3
10778	0054bf50	0
10779	0054bf60	0
10780	0054bf70	0
10781	0054bf80	134
10782	0054c7b0	3
10783	0054c7f0	7
10784	0054c880	10
10785	0054c9a0	75
10786	0054ce50	2
10787	0054ce80	2
10788	0054ceb0	3
10789	0054cef0	2
10790	0054cf20	2
10791	0054cf50	0
10792	0054cf70	0
10793	0054cf90	2
10794	0054cfc0	2
10795	0054d010	2
10796	0054d040	2
10797	0054d080	0
10798	0054d0a0	3
10799	0054d0d0	0
10800	0054d0e0	0
10801	0054d0f0	0
10802	0054d100	0
10803	0054d120	134
10804	0054d950	3
10805	0054d990	3
10806	0054d9d0	7
10807	0054da60	10
10808	0054db80	75
10809	0054e030	2
10810	0054e060	2
10811	0054e090	2
10812	0054e0c0	0
10813	0054e0e0	0
10814	0054e100	2
10815	0054e130	2
10816	0054e180	2
10817	0054e1b0	2
10818	0054e1f0	0
10819	0054e210	3
10820	0054e240	0
10821	0054e250	0
10822	0054e260	0
10823	0054e270	0
10824	0054e290	134
10825	0054eac0	3
10826	0054eb00	3
10827	0054eb40	7
10828	0054ebd0	10
10829	0054ecf0	75
10830	0054f1a0	2
10831	0054f1d0	2
10832	0054f200	2
10833	0054f230	0
10834	0054f250	0
10835	0054f270	2
10836	0054f2a0	2
10837	0054f2f0	2
10838	0054f320	2
10839	0054f360	17
10840	0054f5c0	2
10841	0054f5f0	2
10842	0054f620	17
10843	0054f880	2
10844	0054f8b0	17
10845	0054faf0	0
10846	0054fb10	17
10847	0054fd50	2
10848	0054fd80	2
10849	0054fdb0	0
10850	0054fe00	0
10851	0054fe20	17
10852	00550080	2
10853	005500d0	2
10854	00550100	2
10855	00550130	2
10856	00550160	2
10857	00550190	2
10858	005501c0	0
10859	005501d0	2
10860	00550200	2
10861	00550230	2
10862	00550260	2
10863	00550290	0
10864	005502b0	17
10865	005504f0	2
10866	00550520	2
10867	00550570	2
10868	005505c0	2
10869	005505f0	2
10870	00550620	0
10871	00550640	17
10872	00550880	2
10873	005508b0	2
10874	005508e0	0
10875	00550900	17
10876	00550b40	2
10877	00550b70	2
10878	00550ba0	0
10879	00550bc0	17
10880	00550e00	2
10881	00550e30	2
10882	00550e60	2
10883	00550eb0	2
10884	00550f00	2
10885	00550f30	2
10886	00550f60	2
10887	00550fa0	2
10888	00550fd0	2
10889	00551000	0
10890	00551020	17
10891	00551260	2
10892	00551290	0
10893	005512c0	2
10894	005512f0	2
10895	00551320	17
10896	00551560	2
10897	00551590	2
10898	005515c0	17
10899	00551800	2
10900	00551830	12
10901	00551910	0
10902	00551920	0
10903	00551930	2
10904	00551960	2
10905	00551990	2
10906	005519c0	0
10907	005519e0	0
10908	00551a00	2
10909	00551a30	2
10910	00551a60	2
10911	00551a90	0
10912	00551ab0	12
10913	00551b90	0
10914	00551ba0	2
10915	00551bd0	0
10916	00551bf0	0
10917	00551c10	2
10918	00551c60	2
10919	00551ca0	0
10920	00551cc0	0
10921	00551cf0	2
10922	00551d20	3
10923	00551d50	0
10924	00551d60	0
10925	00551d70	0
10926	00551d80	2
10927	00551db0	0
10928	00551dd0	134
10929	00552600	3
10930	00552640	7
10931	005526d0	10
10932	005527f0	75
10933	00552ca0	2
10934	00552cd0	2
10935	00552d00	2
10936	00552d30	0
10937	00552d60	0
10938	00552d80	2
10939	00552db0	2
10940	00552e00	2
10941	00552e30	0
10942	00552e60	2
10943	00552ea0	0
10944	00552ec0	3
10945	00552ef0	0
10946	00552f00	0
10947	00552f10	0
10948	00552f20	0
10949	00552f40	134
10950	00553770	3
10951	005537b0	7
10952	00553840	10
10953	00553960	75
10954	00553e10	2
10955	00553e40	2
10956	00553e70	2
10957	00553ea0	2
10958	00553ed0	7
10959	00553f80	0
10960	00553fa0	2
10961	00553fd0	2
10962	00554000	0
10963	00554020	17
10964	00554260	2
10965	00554290	2
10966	005542c0	0
10967	005542e0	17
10968	00554520	2
10969	00554550	2
10970	00554580	0
10971	005545a0	17
10972	005547e0	2
10973	00554810	2
10974	00554840	2
10975	00554870	0
10976	005548a0	0
10977	005548d0	0
10978	00554900	0
10979	00554920	0
10980	00554930	0
10981	00554940	0
10982	00554950	0
10983	00554960	6
10984	00554a10	19
10985	00554b50	3
10986	00554b90	3
10987	00554bd0	19
10988	00554d10	4
10989	00554d70	2
10990	00554da0	2
10991	00554dd0	0
10992	00554e00	6
10993	00554eb0	10
10994	00554fa0	2
10995	00554fd0	0
10996	00554ff0	0
10997	00555000	0
10998	00555010	0
10999	00555020	0
11000	00555030	6
11001	005550e0	19
11002	00555220	3
11003	00555260	3
11004	005552a0	19
11005	005553e0	4
11006	00555440	2
11007	00555470	2
11008	005554a0	0
11009	005554d0	2
11010	00555500	0
11011	00555510	0
11012	00555520	3
11013	00555560	6
11014	00555610	19
11015	00555750	3
11016	00555790	3
11017	005557d0	19
11018	00555910	4
11019	00555970	2
11020	005559a0	2
11021	005559d0	0
11022	005559f0	10
11023	00555ae0	2
11024	00555b30	2
11025	00555b80	2
11026	00555bb0	2
11027	00555be0	2
11028	00555c10	0
11029	00555c20	3
11030	00555c60	75
11031	00556110	19
11032	00556250	3
11033	00556290	3
11034	005562d0	19
11035	00556410	4
11036	00556470	2
11037	005564a0	2
11038	005564d0	2
11039	00556500	0
11040	00556550	2
11041	005565a0	2
11042	005565f0	2
11043	00556620	2
11044	00556650	0
11045	00556660	6
11046	00556710	19
11047	00556850	3
11048	00556890	19
11049	005569d0	4
11050	00556a30	2
11051	00556a60	2
11052	00556a90	10
11053	00556b80	2
11054	00556bb0	0
11055	00556bc0	6
11056	00556c70	19
11057	00556db0	3
11058	00556df0	19
11059	00556f30	4
11060	00556f90	2
11061	00556fc0	2
11062	00556ff0	10
11063	005570e0	2
11064	00557110	0
11065	00557120	0
11066	00557130	6
11067	005571e0	19
11068	00557320	3
11069	00557360	3
11070	005573a0	19
11071	005574e0	4
11072	00557540	2
11073	00557570	2
11074	005575a0	10
11075	00557690	2
11076	005576c0	0
11077	005576d0	0
11078	005576e0	6
11079	00557790	19
11080	005578d0	3
11081	00557910	3
11082	00557950	19
11083	00557a90	4
11084	00557af0	2
11085	00557b20	2
11086	00557b50	10
11087	00557c40	2
11088	00557c70	2
11089	00557cc0	2
11090	00557d10	2
11091	00557d60	2
11092	00557d90	2
11093	00557de0	2
11094	00557e30	2
11095	00557e80	2
11096	00557ed0	2
11097	00557f00	2
11098	00557f50	2
11099	00557fa0	2
11100	00557fd0	2
11101	00558000	2
11102	00558050	2
11103	005580a0	2
11104	005580f0	2
11105	00558120	2
11106	00558150	2
11107	005581a0	2
11108	005581f0	2
11109	00558220	2
11110	00558270	2
11111	005582c0	2
11112	005582f0	2
11113	00558330	0
11114	00558360	0
11115	00558370	0
11116	00558380	6
11117	00558430	19
11118	00558570	3
11119	005585b0	3
11120	005585f0	19
11121	00558730	4
11122	00558790	2
11123	005587c0	2
11124	005587f0	0
11125	00558810	10
11126	00558900	2
11127	00558930	0
11128	00558940	0
11129	00558950	6
11130	00558a00	19
11131	00558b40	3
11132	00558b80	3
11133	00558bc0	19
11134	00558d00	4
11135	00558d60	2
11136	00558d90	2
11137	00558dc0	0
11138	00558de0	10
11139	00558ed0	2
11140	00558f20	2
11141	00558f70	2
11142	00558fc0	0
11143	00558ff0	0
11144	00559020	2
11145	00559050	2
11146	00559080	2
11147	005590b0	7
11148	00559160	2
11149	00559190	7
11150	00559240	2
11151	00559270	6
11152	00559320	2
11153	00559350	6
11154	00559400	2
11155	00559430	10
11156	00559520	7
11157	005595d0	2
11158	00559600	2
11159	00559630	2
11160	00559660	2
11161	00559690	7
11162	00559740	2
11163	00559770	7
11164	00559820	2
11165	00559850	2
11166	00559880	2
11167	005598b0	2
11168	005598e0	2
11169	00559910	7
11170	005599c0	2
11171	005599f0	2
11172	00559a20	3
11173	00559a60	2
11174	00559a90	2
11175	00559ac0	0
11176	00559ae0	0
11177	00559b00	0
11178	00559b20	2
11179	00559b50	2
11180	00559b80	2
11181	00559bb0	0
11182	00559bd0	0
11183	00559bf0	2
11184	00559c20	8
11185	00559d00	8
11186	00559de0	2
11187	00559e50	2
11188	00559e90	2
11189	00559ed0	2
11190	00559f40	2
11191	00559f80	2
11192	0055a010	0
11193	0055a040	2
11194	0055a070	6
11195	0055a130	2
11196	0055a160	2
11197	0055a190	2
11198	0055a1c0	2
11199	0055a1f0	0
11200	0055a210	2
11201	0055a240	2
11202	0055a270	0
11203	0055a290	0
11204	0055a2b0	2
11205	0055a2f0	2
11206	0055a350	4
11207	0055a3e0	0
11208	0055a400	0
11209	0055a420	0
11210	0055a440	3
11211	0055a4a0	2
11212	0055a510	3
11213	0055a590	2
11214	0055a5d0	2
11215	0055a630	4
11216	0055a6c0	0
11217	0055a6e0	2
11218	0055a710	2
11219	0055a750	2
11220	0055a7b0	0
11221	0055a7d0	4
11222	0055a860	2
11223	0055a890	0
11224	0055a8b0	0
11225	0055a8d0	8
11226	0055a9b0	8
11227	0055aa90	3
11228	0055aaf0	2
11229	0055ab60	3
11230	0055abe0	2
11231	0055ac10	2
11232	0055ac40	0
11233	0055ac60	2
11234	0055ac90	2
11235	0055acc0	8
11236	0055ad80	8
11237	0055ae40	3
11238	0055ae80	2
11239	0055aeb0	0
11240	0055aed0	2
11241	0055af00	0
11242	0055af20	8
11243	0055b000	2
11244	0055b040	2
11245	0055b070	2
11246	0055b0a0	0
11247	0055b0c0	0
11248	0055b0e0	2
11249	0055b110	2
11250	0055b140	0
11251	0055b160	2
11252	0055b190	2
11253	0055b1c0	0
11254	0055b1e0	2
11255	0055b210	2
11256	0055b240	0
11257	0055b260	4
11258	0055b310	2
11259	0055b350	2
11260	0055b390	0
11261	0055b3b0	0
11262	0055b3d0	6
11263	0055b4c0	7
11264	0055b5a0	7
11265	0055b680	4
11266	0055b730	0
11267	0055b750	6
11268	0055b820	3
11269	0055b870	6
11270	0055b940	3
11271	0055b990	3
11272	0055b9d0	5
11273	0055ba30	5
11274	0055ba90	5
11275	0055baf0	0
11276	0055bb00	0
11277	0055bb20	2
11278	0055bb50	2
11279	0055bb80	2
11280	0055bbb0	0
11281	0055bbd0	5
11282	0055bc30	4
11283	0055bcb0	0
11284	0055bcd0	0
11285	0055bcf0	3
11286	0055bd30	6
11287	0055be20	7
11288	0055bf00	2
11289	0055bf40	0
11290	0055bf50	0
11291	0055bf80	0
11292	0055bf90	0
11293	0055bfc0	0
11294	0055bfd0	0
11295	0055c000	2
11296	0055c040	0
11297	0055c050	0
11298	0055c080	0
11299	0055c090	0
11300	0055c0c0	0
11301	0055c0d0	0
11302	0055c100	2
11303	0055c140	2
11304	0055c180	0
11305	0055c1c0	2
11306	0055c1f0	2
11307	0055c220	2
11308	0055c260	2
11309	0055c2a0	3
11310	0055c2e0	2
11311	0055c320	2
11312	0055c350	2
11313	0055c390	2
11314	0055c3d0	3
11315	0055c410	2
11316	0055c440	2
11317	0055c480	2
11318	0055c4c0	2
11319	0055c4f0	2
11320	0055c530	0
11321	0055c540	2
11322	0055c570	2
11323	0055c5b0	2
11324	0055c5f0	2
11325	0055c630	2
11326	0055c660	2
11327	0055c6a0	2
11328	0055c6d0	2
11329	0055c710	2
11330	0055c740	2
11331	0055c770	2
11332	0055c7b0	2
11333	0055c7f0	2
11334	0055c820	2
11335	0055c850	2
11336	0055c880	0
11337	0055c890	2
11338	0055c8c0	2
11339	0055c8f0	2
11340	0055c920	3
11341	0055c9b0	2
11342	0055c9d0	0
11343	0055ca00	2
11344	0055ca60	0
11345	0055ca90	2
11346	0055cac0	2
11347	0055cae0	0
11348	0055cb10	2
11349	0055cb40	2
11350	0055cb80	2
11351	0055cba0	2
11352	0055cbd0	2
11353	0055cbf0	0
11354	0055cc20	2
11355	0055cc50	2
11356	0055cc90	2
11357	0055ccc0	0
11358	0055ccf0	0
11359	0055cd20	0
11360	0055cd50	0
11361	0055cd80	2
11362	0055cdb0	2
11363	0055cdf0	3
11364	0055ce80	2
11365	0055ceb0	2
11366	0055cee0	2
11367	0055cf20	2
11368	0055cf40	2
11369	0055cf70	2
11370	0055cfb0	2
11371	0055cfe0	2
11372	0055d020	3
11373	0055d0b0	2
11374	0055d0d0	2
11375	0055d100	2
11376	0055d140	2
11377	0055d170	2
11378	0055d190	2
11379	0055d1f0	3
11380	0055d280	2
11381	0055d2a0	2
11382	0055d2d0	2
11383	0055d310	2
11384	0055d330	2
11385	0055d360	2
11386	0055d380	2
11387	0055d3b0	2
11388	0055d3f0	3
11389	0055d480	2
11390	0055d4a0	2
11391	0055d4d0	2
11392	0055d510	3
11393	0055d5a0	2
11394	0055d5c0	2
11395	0055d5f0	2
11396	0055d630	3
11397	0055d6c0	2
11398	0055d6e0	2
11399	0055d710	2
11400	0055d730	2
11401	0055d750	0
11402	0055d780	0
11403	0055d7c0	0
11404	0055d7d0	2
11405	0055d830	0
11406	0055d840	2
11407	0055d870	2
11408	0055d8b0	3
11409	0055d940	2
11410	0055d960	2
11411	0055d990	2
11412	0055d9d0	3
11413	0055da60	3
11414	0055daf0	2
11415	0055db50	0
11416	0055db80	0
11417	0055dbb0	2
11418	0055dbe0	2
11419	0055dc20	3
11420	0055dcb0	2
11421	0055dcd0	2
11422	0055dd00	2
11423	0055dd40	3
11424	0055ddd0	2
11425	0055ddf0	2
11426	0055de20	2
11427	0055de60	3
11428	0055def0	2
11429	0055df10	0
11430	0055df20	0
11431	0055df30	2
11432	0055df50	0
11433	0055df60	3
11434	0055dff0	3
11435	0055e080	2
11436	0055e0a0	2
11437	0055e0d0	3
11438	0055e160	2
11439	0055e190	2
11440	0055e1b0	2
11441	0055e1e0	2
11442	0055e200	3
11443	0055e290	2
11444	0055e2b0	3
11445	0055e340	2
11446	0055e360	3
11447	0055e3f0	2
11448	0055e410	3
11449	0055e4a0	2
11450	0055e4c0	2
11451	0055e4f0	3
11452	0055e580	2
11453	0055e5b0	3
11454	0055e640	3
11455	0055e6d0	2
11456	0055e6f0	2
11457	0055e720	2
11458	0055e740	3
11459	0055e7d0	2
11460	0055e7f0	2
11461	0055e860	0
11462	0055e870	3
11463	0055e900	3
11464	0055e990	3
11465	0055ea20	3
11466	0055eab0	3
11467	0055eb40	2
11468	0055eba0	3
11469	0055ebe0	3
11470	0055ec20	3
11471	0055ec60	3
11472	0055eca0	3
11473	0055ece0	3
11474	0055ed20	3
11475	0055ed60	4
11476	0055ee20	5
11477	0055ef00	5
11478	0055f090	2
11479	0055f0e0	3
11480	0055f120	3
11481	0055f160	3
11482	0055f1a0	3
11483	0055f1e0	3
11484	0055f220	3
11485	0055f260	3
11486	0055f2a0	3
11487	0055f2e0	3
11488	0055f320	3
11489	0055f360	3
11490	0055f3a0	3
11491	0055f3e0	2
11492	0055f430	3
11493	0055f470	3
11494	0055f4b0	3
11495	0055f4f0	3
11496	0055f530	2
11497	0055f570	3
11498	0055f5b0	3
11499	0055f5f0	3
11500	0055f630	2
11501	0055f670	3
11502	0055f6b0	3
11503	0055f720	3
11504	0055f760	2
11505	0055f7a0	3
11506	0055f7e0	2
11507	0055f820	3
11508	0055f860	2
11509	0055f890	3
11510	0055f8d0	3
11511	0055f910	2
11512	0055f950	3
11513	0055f990	2
11514	0055f9d0	4
11515	0055fb40	2
11516	0055fb90	4
11517	0055fc00	2
11518	0055fc30	2
11519	0055fc60	0
11520	0055fc80	0
11521	0055fca0	5
11522	0055fd90	2
11523	0055fdc0	2
11524	0055fdf0	5
11525	0055ff40	3
11526	0055ffa0	9
11527	00560090	2
11528	005600c0	2
11529	00560100	2
11530	00560130	2
11531	00560160	2
11532	00560190	2
11533	005601c0	2
11534	00560200	2
11535	00560240	0
11536	00560280	9
11537	00560300	0
11538	00560340	9
11539	005603c0	2
11540	005603f0	2
11541	00560420	0
11542	00560450	2
11543	00560480	0
11544	005604a0	4
11545	00560510	0
11546	00560540	0
11547	00560570	0
11548	00560590	4
11549	005605f0	9
11550	005606e0	0
11551	00560710	24
11552	005608c0	24
11553	00560a70	24
11554	00560c20	3
11555	00560ca0	2
11556	00560cd0	0
11557	00560d00	2
11558	00560d50	2
11559	00560d90	2
11560	00560df0	2
11561	00560e30	0
11562	00560e30	3
11563	00560e70	3
11564	00560ef0	0
11565	00560ef0	3
11566	00560f30	3
11567	00560fb0	2
11568	00560fe0	3
11569	00561060	0
11570	00561080	0
11571	00561080	3
11572	005610c0	0
11573	005610c0	3
11574	00561100	0
11575	00561120	2
11576	00561150	3
11577	005611d0	0
11578	005611f0	0
11579	005611f0	3
11580	00561230	0
11581	00561230	3
11582	00561270	0
11583	00561290	24
11584	00561440	0
11585	00561460	0
11586	00561480	0
11587	005614b0	0
11588	005614d0	0
11589	00561520	17
11590	00561780	5
11591	005617f0	0
11592	00561810	0
11593	00561830	0
11594	00561850	0
11595	005618a0	17
11596	00561b00	5
11597	00561b70	17
11598	00561dd0	24
11599	00561f80	17
11600	005621c0	0
11601	00562210	0
11602	00562260	0
11603	00562280	2
11604	005622d0	2
11605	00562300	0
11606	00562350	2
11607	005623a0	2
11608	005623f0	2
11609	00562420	2
11610	00562470	2
11611	005624c0	2
11612	005624f0	0
11613	00562540	2
11614	00562580	2
11615	005625d0	2
11616	00562620	2
11617	00562650	2
11618	00562680	0
11619	005626d0	2
11620	00562720	2
11621	00562750	2
11622	00562780	2
11623	005627b0	2
11624	005627e0	2
11625	00562810	0
11626	00562840	2
11627	00562870	2
11628	005628a0	4
11629	00562930	3
11630	005629d0	3
11631	00562a80	4
11632	00562ac0	3
11633	00562b00	0
11634	00562b20	2
11635	00562b60	2
11636	00562b90	0
11637	00562bc0	0
11638	00562bf0	0
11639	00562c20	2
11640	00562c50	5
11641	00562cb0	5
11642	00562d10	0
11643	00562d40	4
11644	00562dd0	2
11645	00562e00	2
11646	00562e30	2
11647	00562e60	2
11648	00562e90	2
11649	00562ec0	2
11650	00562ef0	2
11651	00562f20	2
11652	00562f50	0
11653	00562f80	3
11654	00562fd0	2
11655	00563000	2
11656	00563030	2
11657	00563060	2
11658	00563090	2
11659	005630c0	2
11660	005630f0	2
11661	00563120	2
11662	00563150	2
11663	00563180	2
11664	005631b0	7
11665	00563280	0
11666	005632b0	3
11667	005632f0	0
11668	00563320	3
11669	00563360	2
11670	00563390	0
11671	005633a0	0
11672	005633d0	2
11673	00563400	2
11674	00563430	0
11675	00563440	0
11676	00563470	2
11677	005634b0	2
11678	005634f0	2
11679	00563530	0
11680	00563570	2
11681	005635a0	2
11682	005635e0	2
11683	00563620	0
11684	00563650	0
11685	00563690	0
11686	005636d0	0
11687	00563700	0
11688	00563740	0
11689	00563770	0
11690	005637a0	0
11691	005637d0	2
11692	00563800	2
11693	00563830	2
11694	00563860	2
11695	00563890	2
11696	005638f0	3
11697	00563980	2
11698	005639e0	2
11699	00563a40	0
11700	00563a50	3
11701	00563bf0	3
11702	00563d20	3
11703	00563d60	3
11704	00563dd0	2
11705	00563ed0	2
11706	00563fd0	0
11707	00564010	2
11708	00564050	2
11709	00564090	2
11710	005640d0	0
11711	00564110	0
11712	00564150	2
11713	005641e0	3
11714	00564240	8
11715	00564340	2
11716	00564390	3
11717	005643d0	3
11718	00564410	3
11719	00564470	9
11720	005644f0	9
11721	00564570	5
11722	005645e0	0
11723	00564600	0
11724	00564650	17
11725	00564890	5
11726	00564900	2
11727	00564950	2
11728	005649a0	2
11729	005649d0	2
11730	00564a00	0
11731	00564a10	4
11732	00564ac0	0
11733	00564ad0	4
11734	00564b80	2
11735	00564bb0	2
11736	00564bf0	2
11737	00564c30	2
11738	00564c60	3
11739	00564cf0	3
11740	00564d30	3
11741	00564d70	3
11742	00564db0	3
11743	00564df0	0
11744	00564e30	0
11745	00564e60	0
11746	00564e80	0
11747	00564ea0	0
11748	00564ed0	0
11749	00564ef0	0
11750	00564f10	1
11751	00564f20	1
11752	00564f30	1
11753	00564f40	1
11754	00564f50	1
69829	00564f60	2
69830	00564f71	2
69831	00564f8b	3
69832	00564fa1	4
69833	00565024	2
69834	0056503d	2
69835	00565053	3
69836	00565069	4
69837	005650ec	2
69838	00565105	2
69839	0056511b	3
69840	00565131	4
69841	005651b4	2
69842	005651cd	2
69843	005651e3	3
69844	005651f9	4
69845	0056527c	2
69846	00565295	2
69847	005652ab	3
69848	005652c1	4
69849	00565344	2
69850	0056535d	2
69851	00565373	3
69852	00565389	4
69853	0056540c	2
69854	00565425	2
69855	0056543b	3
69856	00565451	4
69857	005654d4	2
69858	005654ed	2
11755	00565503	68
11756	00565b2c	19
11757	00565cbf	8
11758	00565d52	15
11759	00565e33	5
11760	00565f0c	4
11761	00565f6f	4
11762	00565fc2	5
11763	00566057	2
11764	005660a8	35
11765	0056646b	17
69859	00566628	3
69860	0056663e	4
69861	005666ba	2
69862	005666d3	2
69863	005666e9	3
69864	005666ff	4
69865	0056677b	2
69866	00566794	2
11766	005667aa	30
11767	00566998	10
11768	00566aca	25
11769	00566cc3	4
11770	00566d1a	5
11771	00566d92	8
11772	00566e65	12
11773	0056707d	25
11774	0056736f	16
11775	005674fa	26
11776	00567882	10
11777	00567974	7
11778	00567a6d	7
11779	00567b26	58
69867	00568066	2
69868	0056807c	2
11780	00568092	7
11781	0056810e	11
11782	005681ed	22
11783	00568385	73
69869	00568ada	9
11784	00568bf1	2
11785	00568c1d	22
11786	00568e2f	2
11787	00568e59	3
11788	00568e8e	4
11789	00568ed4	8
11790	00568f8d	3
69870	00568ffb	3
69871	00569011	2
69872	0056902a	7
69873	00569054	2
69874	0056906d	2
69875	00569086	2
11791	005690a0	4
11792	005690e0	0
11793	00569110	0
11794	00569110	3
11795	00569150	5
11796	005691f0	2
11797	00569220	2
11798	00569260	7
11799	00569350	3
11800	005693d0	2
11801	00569400	3
11802	00569450	3
11803	005694c0	0
11804	005694c0	3
11805	00569500	0
11806	00569500	3
11807	00569540	3
11808	00569590	2
11809	005695c0	2
11810	00569600	0
11811	00569600	3
11812	00569640	0
11813	00569690	2
11814	005696d0	0
11815	00569730	4
11816	005697c0	2
11817	005697f0	0
11818	00569810	2
11819	00569840	0
11820	00569860	0
11821	00569860	3
11822	005698a0	0
11823	005698a0	3
11824	005698e0	0
11825	00569900	2
11826	00569930	4
11827	005699d0	3
11828	00569a60	2
11829	00569a90	0
11830	00569ae0	2
11831	00569b10	0
11832	00569b30	0
11833	00569b50	0
11834	00569b70	2
11835	00569bd0	5
11836	00569c80	7
11837	00569d10	2
11838	00569d40	6
11839	00569e00	0
11840	00569e20	6
11841	00569ef0	2
11842	00569f20	2
11843	00569f50	0
11844	00569f70	2
11845	00569fa0	0
11846	00569fe0	2
11847	0056a010	2
11848	0056a060	0
11849	0056a0a0	2
11850	0056a0d0	0
11851	0056a0f0	2
11852	0056a120	2
11853	0056a150	0
11854	0056a170	4
11855	0056a1b0	4
11856	0056a260	2
11857	0056a2a0	2
11858	0056a300	0
11859	0056a320	4
11860	0056a3b0	2
11861	0056a410	2
11862	0056a450	0
11863	0056a450	3
11864	0056a490	2
11865	0056a4c0	0
11866	0056a4e0	2
11867	0056a520	0
11868	0056a540	2
11869	0056a590	0
11870	0056a5b0	0
11871	0056a5e0	1
11872	0056a5f0	1
69821	0056a600	2
69822	0056a611	2
11873	0056a62b	7
11874	0056a6ed	2
11875	0056a717	2
11876	0056a741	5
11877	0056a800	7
11878	0056a887	8
11879	0056a959	0
11880	0056a96d	5
11881	0056aa46	0
11882	0056aa5a	0
69823	0056aa6e	3
69824	0056aa84	2
69825	0056aa9d	7
69826	0056aac7	2
69827	0056aae0	2
69828	0056aaf9	2
11883	0056ab20	0
11884	0056ab20	3
11885	0056ab60	1
69812	0056ab70	2
69813	0056ab81	2
11886	0056ab9b	6
11887	0056ad0a	4
11888	0056ae07	2
11889	0056ae4a	0
11890	0056ae5e	0
11891	0056ae76	0
11892	0056ae93	2
11893	0056aee6	0
11894	0056aefa	0
11895	0056af0e	0
11896	0056af22	18
11897	0056b144	0
11898	0056b15a	2
11899	0056b197	0
11900	0056b1a9	13
11901	0056b333	0
11902	0056b347	0
11903	0056b35b	5
11904	0056b3d9	5
11905	0056b45f	22
11906	0056b6c3	0
11907	0056b6d9	0
11908	0056b6ef	0
11909	0056b703	0
11910	0056b717	0
11911	0056b729	0
11912	0056b73b	0
11913	0056b74d	6
11914	0056b85c	22
11915	0056bb70	5
11916	0056bc40	17
69814	0056bdb4	6
11917	0056be93	4
11918	0056bf10	6
11919	0056c0c7	19
11920	0056c39f	2
11921	0056c3c5	2
11922	0056c3f9	3
11923	0056c43e	2
11924	0056c465	0
11925	0056c47d	2
11926	0056c4c0	2
11927	0056c503	2
11928	0056c547	0
11929	0056c55b	0
11930	0056c573	40
11931	0056caa3	24
11932	0056cd40	17
11933	0056cf41	0
11934	0056cf57	0
11935	0056cf6d	0
11936	0056cf83	5
11937	0056d043	5
11938	0056d103	2
11939	0056d17e	3
11940	0056d1e1	0
11941	0056d1f5	0
11942	0056d20d	0
11943	0056d21f	0
11944	0056d231	0
11945	0056d246	0
11946	0056d25a	0
11947	0056d270	0
11948	0056d284	0
11949	0056d299	23
69815	0056d53b	3
69816	0056d551	2
69817	0056d56a	7
69818	0056d594	2
69819	0056d5ad	2
69820	0056d5c6	2
11950	0056d5e0	2
11951	0056d610	2
11952	0056d640	2
11953	0056d670	2
11954	0056d6a0	2
11955	0056d6d0	2
11956	0056d700	2
11957	0056d730	2
11958	0056d760	2
11959	0056d790	0
11960	0056d7b0	2
11961	0056d7e0	2
11962	0056d810	0
11963	0056d840	4
11964	0056d8b0	0
11965	0056d8e0	2
11966	0056d920	2
11967	0056d950	2
11968	0056d980	3
11969	0056da00	0
11970	0056da40	2
11971	0056da70	4
11972	0056dab0	0
11973	0056dad0	5
11974	0056db40	2
11975	0056db70	2
11976	0056dba0	0
11977	0056dbc0	2
11978	0056dbf0	4
11979	0056dca0	6
11980	0056dd60	4
11981	0056de10	0
11982	0056de50	0
11983	0056de70	0
11984	0056deb0	2
11985	0056dee0	2
11986	0056df10	2
11987	0056df40	2
11988	0056df90	2
11989	0056dfd0	3
11990	0056e060	2
11991	0056e0a0	2
11992	0056e0f0	2
11993	0056e130	0
11994	0056e130	3
11995	0056e170	3
11996	0056e1f0	0
11997	0056e1f0	3
11998	0056e230	0
11999	0056e230	3
12000	0056e270	3
12001	0056e2f0	2
12002	0056e320	3
12003	0056e3a0	0
12004	0056e3c0	0
12005	0056e3c0	3
12006	0056e400	0
12007	0056e400	3
12008	0056e440	0
12009	0056e460	3
12010	0056e4c0	2
12011	0056e4f0	3
12012	0056e570	0
12013	0056e590	0
12014	0056e590	3
12015	0056e5d0	0
12016	0056e5d0	3
12017	0056e610	0
12018	0056e630	4
12019	0056e6a0	2
12020	0056e6d0	0
12021	0056e6f0	0
12022	0056e710	2
12023	0056e740	1
12024	0056e750	1
12025	0056e760	1
12026	0056e770	1
12027	0056e780	1
12028	0056e790	2
12029	0056e7bb	2
12030	0056e7ea	0
12031	0056e808	0
12032	0056e82c	0
12033	0056e843	0
12034	0056e861	2
12035	0056e890	2
69804	0056e8d0	2
69805	0056e8e1	2
12036	0056e8fb	4
12037	0056e985	4
12038	0056e9fb	0
12039	0056ea13	6
12040	0056eac3	0
12041	0056eaea	0
12042	0056eb11	9
12043	0056ec1a	7
12044	0056ecc0	5
12045	0056ed53	11
12046	0056ee3e	4
12047	0056ee8a	8
12048	0056ef07	0
12049	0056ef24	3
12050	0056efa4	4
12051	0056f024	15
12052	0056f122	4
12053	0056f189	24
12054	0056f375	3
12055	0056f3b3	5
12056	0056f410	6
12057	0056f47b	5
12058	0056f4dd	13
12059	0056f63a	13
69806	0056f73b	3
69807	0056f751	2
69808	0056f76a	7
69809	0056f794	2
69810	0056f7ad	2
69811	0056f7c6	2
12060	0056f7e0	0
12061	0056f7e0	3
12062	0056f820	0
12063	0056f820	3
12064	0056f860	2
12065	0056f890	2
12066	0056f8d0	2
12067	0056f900	2
12068	0056f930	2
12069	0056f960	7
12070	0056fa20	2
12071	0056fa50	2
12072	0056fa80	2
12073	0056fac0	8
12074	0056fb90	0
12075	0056fbb0	2
12076	0056fbe0	2
12077	0056fc30	2
12078	0056fc70	0
12079	0056fca0	2
12080	0056fcd0	3
12081	0056fd30	2
12082	0056fd80	3
12083	0056fdc0	2
12084	0056fdf0	0
12085	0056fe10	15
12086	0056ff30	4
12087	0056ffa0	4
12088	00570000	8
12089	005700c0	2
12090	005700f0	2
12091	00570130	2
12092	00570160	2
12093	00570190	0
12094	005701c0	2
12095	005701f0	2
12096	00570220	3
12097	00570250	0
12098	00570260	22
12099	00570440	134
12100	00570c70	3
12101	00570cb0	4
12102	00570d10	7
12103	00570da0	10
12104	00570ec0	2
12105	00570ef0	2
12106	00570f20	2
12107	00570f50	7
12108	00571000	0
12109	00571020	2
12110	00571050	2
12111	005710a0	2
12112	005710e0	0
12113	00571110	0
12114	00571130	0
12115	00571140	0
12116	00571150	0
12117	00571160	0
12118	00571170	3
12119	005711b0	75
12120	00571660	6
12121	00571710	19
12122	00571850	3
12123	00571890	3
12124	005718d0	19
12125	00571a10	4
12126	00571a70	2
12127	00571aa0	0
12128	00571ac0	2
12129	00571af0	2
12130	00571b20	0
12131	00571b50	2
12132	00571b80	2
12133	00571bb0	6
12134	00571c60	2
12135	00571c90	10
12136	00571d80	2
12137	00571db0	2
12138	00571de0	2
12139	00571e10	0
12140	00571e30	0
12141	00571e50	3
12142	00571e90	0
12143	00571ec0	2
12144	00571ee0	3
12145	00571f70	3
12146	00571fb0	2
12147	00571ff0	0
12148	00572020	3
69793	00572060	2
69794	00572071	2
69795	0057208b	2
69796	0057209c	2
12149	005720b4	0
12150	005721c3	23
12151	00572412	23
12152	005726eb	3
12153	00572758	20
12154	005729c2	5
12155	00572a6a	6
12156	00572b74	23
12157	005730d4	14
12158	00573492	5
12159	005735d7	2
12160	00573660	0
12161	00573676	22
12162	00573ade	15
12163	00573ea6	78
69797	00574c6d	2
12164	00574c83	5
12165	00574e23	3
12166	00574f61	5
12167	00574fc0	14
12168	0057516a	4
12169	005751e7	5
12170	0057526c	18
12171	0057562e	5
12172	00575703	4
12173	00575792	3
12174	005757fa	11
12175	00575b9f	7
12176	00575c59	3
12177	00575cc5	9
12178	00575dbf	11
12179	00575ed2	8
69798	00575f8d	3
69799	00575fa3	2
69800	00575fbc	7
69801	00575fe6	2
69802	00575fff	2
69803	00576018	2
12180	00576040	2
12181	00576070	4
12182	005760d0	0
12183	005760f0	2
12184	00576130	2
12185	00576160	2
12186	005761a0	0
12187	005761c0	2
12188	005761f0	3
12189	00576230	2
12190	00576260	4
12191	005762c0	2
12192	005762f0	2
12193	00576320	2
12194	00576350	2
12195	00576380	9
12196	00576400	4
12197	00576440	2
12198	00576480	2
12199	005764b0	2
12200	005764e0	5
12201	00576530	5
12202	00576580	2
12203	005765b0	4
12204	00576620	2
12205	00576650	4
12206	005766c0	2
12207	005766f0	4
12208	00576730	4
12209	00576780	2
12210	005767b0	2
12211	005767f0	2
12212	00576820	2
12213	00576850	0
12214	00576870	2
12215	005768a0	2
12216	005768d0	2
12217	00576900	0
12218	00576920	4
12219	00576980	4
12220	005769e0	5
12221	00576a60	4
12222	00576ac0	0
12223	00576ae0	5
12224	00576b50	4
12225	00576c00	4
12226	00576c40	3
12227	00576c70	3
12228	00576cb0	2
12229	00576ce0	2
12230	00576d30	2
12231	00576d80	0
12232	00576d80	3
12233	00576dc0	2
12234	00576df0	0
12235	00576e00	3
12236	00576e50	4
12237	00576eb0	4
12238	00576f50	0
12239	00576f80	4
12240	00576fe0	6
12241	005770e0	1
69767	005770f0	2
69768	00577101	2
69769	0057711b	3
69770	00577131	12
69771	00577227	2
69772	00577240	2
69773	0057725f	3
69774	00577275	34
69775	00577519	2
69776	00577532	2
69777	00577551	3
69778	00577567	2
69779	0057758e	2
69780	005775a7	2
12242	005775bd	15
12243	005777ec	10
69781	00577939	2
12244	00577958	10
69782	00577aa5	2
12245	00577ac4	20
69783	00577c5d	11
69784	00577d2e	8
12246	00577de3	46
12247	005780b6	26
12248	00578288	5
12249	0057831d	4
69785	0057838f	2
12250	005783a5	28
69786	00578656	2
12251	0057866c	9
12252	00578745	26
12253	00578955	14
12254	00578aef	16
12255	00578ccd	9
69787	00578da5	3
69788	00578dbb	2
69789	00578dd4	7
69790	00578dfe	2
69791	00578e17	2
69792	00578e30	2
12256	00578e50	2
12257	00578e80	2
12258	00578ec0	0
12259	00578ec0	3
12260	00578f00	2
12261	00578f30	2
12262	00578f70	3
12263	00578fe0	3
12264	00579040	3
12265	005790b0	3
12266	00579110	5
12267	00579180	2
12268	005791b0	0
12269	005791d0	0
12270	005791f0	2
12271	00579240	0
12272	00579260	0
12273	00579280	6
12274	00579340	0
12275	00579340	3
12276	00579380	3
12277	005793e0	0
12278	00579400	7
12279	00579490	0
12280	005794d0	3
12281	00579540	0
12282	00579560	0
12283	00579580	3
12284	005795c0	4
12285	00579630	0
12286	00579670	3
12287	005796e0	9
12288	00579760	2
12289	00579790	2
12290	005797c0	0
12291	00579800	3
12292	00579880	9
12293	00579900	2
12294	00579930	2
12295	00579960	0
12296	005799a0	3
12297	00579a20	9
12298	00579aa0	2
12299	00579ad0	4
12300	00579b30	2
12301	00579b70	2
12302	00579ba0	0
12303	00579bc0	0
12304	00579be0	0
12305	00579c30	17
12306	00579e70	5
12307	00579ee0	2
12308	00579f20	2
12309	00579f50	0
12310	00579f70	0
12311	00579f90	0
12312	00579fe0	17
12313	0057a240	5
12314	0057a2b0	2
12315	0057a2f0	2
12316	0057a320	0
12317	0057a340	0
12318	0057a360	0
12319	0057a3b0	17
12320	0057a610	5
12321	0057a680	2
12322	0057a6c0	2
12323	0057a6f0	17
12324	0057a930	2
12325	0057a960	2
12326	0057a9b0	2
12327	0057aa00	2
12328	0057aa30	2
12329	0057aa60	2
12330	0057aab0	2
12331	0057ab00	2
12332	0057ab30	2
12333	0057ab60	2
12334	0057abb0	2
12335	0057ac00	2
12336	0057ac30	2
12337	0057ac60	0
12338	0057acb0	2
12339	0057ad00	2
12340	0057ad50	2
12341	0057ad80	2
12342	0057adb0	2
12343	0057ade0	2
12344	0057ae10	2
12345	0057ae40	2
12346	0057ae70	2
12347	0057aeb0	2
12348	0057aee0	19
12349	0057b0a0	2
12350	0057b0d0	2
12351	0057b100	2
12352	0057b130	0
12353	0057b150	0
12354	0057b170	3
12355	0057b1e0	0
12356	0057b200	3
12357	0057b240	2
12358	0057b270	2
12359	0057b2a0	0
12360	0057b2c0	0
12361	0057b2e0	0
12362	0057b300	0
12363	0057b320	2
12364	0057b360	2
12365	0057b390	2
12366	0057b3d0	2
12367	0057b410	2
12368	0057b440	2
12369	0057b480	2
12370	0057b4c0	2
12371	0057b4f0	2
12372	0057b530	2
12373	0057b570	2
12374	0057b5a0	2
12375	0057b5e0	2
12376	0057b600	2
12377	0057b630	2
12378	0057b660	2
12379	0057b690	2
12380	0057b6b0	2
12381	0057b6e0	2
12382	0057b700	2
12383	0057b730	3
12384	0057b7c0	3
12385	0057b850	3
12386	0057b8e0	3
12387	0057b970	3
12388	0057b9b0	3
12389	0057b9f0	3
12390	0057ba30	3
12391	0057ba70	3
12392	0057bab0	2
12393	0057baf0	3
12394	0057bb60	3
12395	0057bbd0	2
12396	0057bc10	6
12397	0057bc90	24
12398	0057be40	6
12399	0057bec0	24
12400	0057c080	0
12401	0057c0d0	0
12402	0057c0f0	0
12403	0057c110	0
12404	0057c160	0
12405	0057c180	0
12406	0057c1a0	2
12407	0057c1d0	2
12408	0057c200	0
12409	0057c220	0
12410	0057c240	4
12411	0057c2c0	6
12412	0057c330	2
12413	0057c360	2
12414	0057c3a0	2
69727	0057c3e0	2
69728	0057c3f1	2
12415	0057c40b	10
12416	0057c508	13
12417	0057c6bf	19
12418	0057c89d	9
12419	0057c962	3
12420	0057c9e3	3
12421	0057ca2f	3
12422	0057ca9e	3
12423	0057caf0	34
12424	0057ce58	16
69729	0057d06f	3
69730	0057d085	4
69731	0057d101	2
69732	0057d11a	2
12425	0057d130	27
69733	0057d3a8	3
69734	0057d3be	4
69735	0057d43a	2
69736	0057d453	2
12426	0057d469	37
69737	0057d787	3
69738	0057d79d	4
69739	0057d819	2
69740	0057d832	2
12427	0057d848	35
12428	0057db12	25
69741	0057dd61	3
69742	0057dd77	4
69743	0057ddf3	2
69744	0057de0c	2
69745	0057de22	3
69746	0057de38	4
69747	0057deb4	2
69748	0057decd	2
12429	0057dee3	23
12430	0057e0e0	9
12431	0057e1eb	35
69749	0057e4be	3
69750	0057e4d4	4
69751	0057e550	2
69752	0057e569	2
12432	0057e57f	9
69753	0057e69b	3
69754	0057e6b1	4
69755	0057e72d	2
69756	0057e746	2
12433	0057e75c	48
12434	0057eb46	18
69757	0057ed0e	3
69758	0057ed24	4
69759	0057eda0	2
69760	0057edb9	2
12435	0057edcf	7
12436	0057ee71	11
69761	0057f097	3
69762	0057f0ad	2
69763	0057f0c6	7
69764	0057f0f0	2
69765	0057f109	2
69766	0057f122	2
12437	0057f140	0
12438	0057f180	0
12439	0057f180	3
12440	0057f1c0	2
12441	0057f1f0	2
12442	0057f220	2
12443	0057f250	0
12444	0057f250	3
12445	0057f290	0
12446	0057f2d0	0
12447	0057f2f0	3
12448	0057f370	6
12449	0057f410	2
12450	0057f440	6
12451	0057f500	0
12452	0057f500	3
12453	0057f540	2
12454	0057f580	0
12455	0057f580	3
12456	0057f5c0	2
12457	0057f5f0	2
12458	0057f620	3
12459	0057f6a0	0
12460	0057f6a0	3
12461	0057f6e0	2
12462	0057f710	2
12463	0057f740	7
12464	0057f810	2
12465	0057f840	0
12466	0057f860	2
12467	0057f890	0
12468	0057f8d0	3
12469	0057f940	2
12470	0057f970	2
12471	0057f9a0	0
12472	0057f9c0	3
12473	0057fa00	2
12474	0057fa40	2
12475	0057fa70	2
12476	0057faa0	0
12477	0057fac0	2
12478	0057faf0	2
12479	0057fb20	2
12480	0057fb50	0
12481	0057fb70	2
12482	0057fba0	2
12483	0057fbd0	0
12484	0057fbf0	2
12485	0057fc20	2
12486	0057fc50	0
12487	0057fc70	2
12488	0057fc90	3
12489	0057fcd0	2
69717	0057fd00	2
69718	0057fd11	2
12490	0057fd2b	3
12491	0057fd8b	2
12492	0057fdb8	3
12493	0057fdf3	2
12494	0057fe19	7
12495	0057fee3	6
12496	00580040	2
12497	0058007b	2
12498	005800b6	0
12499	005800ca	3
12500	0058012b	0
12501	0058013f	3
12502	005801b8	0
12503	005801f2	2
12504	0058023f	2
12505	00580292	2
12506	005802c3	2
12507	00580316	0
12508	0058032d	2
12509	0058036b	3
12510	005803db	3
12511	0058044f	0
12512	00580465	0
12513	0058047b	10
12514	005805c4	3
12515	0058062d	2
12516	0058066e	3
12517	005806df	2
12518	0058071c	2
12519	00580749	0
12520	0058075f	0
12521	00580775	0
12522	0058078b	0
12523	005807a1	0
12524	005807b7	9
12525	0058095c	11
12526	00580a54	6
12527	00580ad2	5
12528	00580b74	11
12529	00580c6d	5
12530	00580ddf	6
69719	00580eab	2
12531	00580ec1	5
12532	00581033	6
69720	005810ff	2
69721	00581115	3
69722	0058112b	2
69723	00581144	7
69724	0058116e	2
69725	00581187	2
69726	005811a0	2
12533	005811c0	0
12534	005811c0	3
12535	00581200	4
12536	00581240	3
12537	005812c0	0
12538	005812c0	3
12539	00581300	4
12540	00581340	4
12541	005813d0	2
12542	00581420	0
12543	00581420	3
12544	00581460	4
12545	005814a0	2
12546	005814d0	0
12547	005814d0	3
12548	00581510	4
12549	00581550	2
12550	00581580	1
12551	00581590	1
12552	005815a0	1
12553	005815b0	1
12554	005815c0	1
12555	005815d0	1
12556	005815e0	1
12557	005815f0	1
12558	00581600	1
12559	00581610	1
12560	00581620	1
12561	00581630	1
12562	00581640	1
12563	00581650	1
12564	00581660	1
12565	00581670	1
12566	00581680	1
12567	00581690	1
12568	005816a0	1
12569	005816b0	1
12570	005816c0	1
12571	005816d0	1
12572	005816e0	1
12573	005816f0	1
12574	00581700	1
12575	00581710	1
12576	00581720	1
12577	00581730	1
12578	00581740	1
12579	00581750	1
12580	00581760	1
12581	00581770	1
12582	00581780	1
12583	00581790	1
12584	005817a0	1
12585	005817b0	1
12586	005817c0	1
12587	005817d0	1
12588	005817e0	1
12589	005817f0	1
12590	00581800	1
12591	00581810	1
12592	00581820	1
12593	00581830	1
12594	00581840	1
12595	00581850	1
12596	00581860	1
12597	00581870	1
12598	00581880	1
12599	00581890	1
12600	005818a0	1
12601	005818b0	1
12602	005818c0	1
12603	005818d0	1
12604	005818e0	1
12605	005818f0	1
12606	00581900	1
12607	00581910	1
12608	00581920	1
12609	00581930	1
12610	00581940	1
12611	00581950	1
69711	00581960	2
69712	00581971	2
12612	0058198b	17
12613	00581b17	24
12614	00581d14	6
12615	00581d96	8
12616	00581ee3	6
12617	00581f5b	0
12618	00581f6f	2
12619	00581fad	0
69713	00581fc1	3
69714	00581fd7	2
69715	00581ff0	3
69716	00582006	2
12620	00582020	0
12621	00582020	3
12622	00582060	3
12623	005820c0	0
12624	00582100	0
12625	00582120	0
12626	00582140	0
12627	00582160	6
12628	00582220	2
12629	00582250	1
69685	00582260	2
69686	00582271	2
69687	0058228b	2
69688	0058229c	2
69689	005822bc	2
69690	005822cd	2
69691	005822e7	2
69692	005822f8	2
69693	00582312	2
69694	00582323	2
69695	0058233d	2
69696	0058234e	2
12630	00582368	15
12631	00582574	2
12632	005825a6	10
12633	0058264d	9
12634	00582792	10
12635	0058288c	16
69697	005829cc	35
12636	00582c4f	14
12637	00582dfd	3
12638	00582e36	3
12639	00582e6f	3
12640	00582ea8	66
69698	0058358f	17
12641	0058375b	9
12642	00583836	9
12643	00583911	11
12644	005839f9	112
12645	005844a8	13
12646	005845d1	25
12647	00584835	12
12648	00584986	5
12649	00584a62	5
12650	00584ad5	42
69699	00584e9a	30
69700	005851ac	18
12651	00585376	7
69701	0058544e	6
12652	00585534	14
69702	005856f1	37
69703	00585aac	23
69704	00585d4e	11
69705	00585ede	21
69706	00586109	11
69707	00586243	20
69708	0058647b	32
69709	00586778	3
69710	0058678e	2
12653	005867b0	2
12654	005867f0	2
12655	00586820	2
12656	00586850	2
12657	00586880	2
12658	005868b0	2
12659	005868e0	2
12660	00586910	2
12661	00586940	2
12662	00586970	2
12663	005869a0	2
12664	005869e0	2
12665	00586a20	2
12666	00586a60	2
12667	00586a90	2
12668	00586ac0	2
12669	00586af0	0
12670	00586b10	0
12671	00586b30	0
12672	00586b50	0
12673	00586b70	0
12674	00586b90	0
12675	00586bb0	2
12676	00586c00	0
12677	00586c30	0
12678	00586c50	3
12679	00586cb0	3
12680	00586d10	2
12681	00586d40	2
12682	00586d90	0
12683	00586dd0	3
12684	00586e20	4
12685	00586e90	2
12686	00586ef0	2
12687	00586f20	0
12688	00586f40	2
12689	00586f70	3
12690	00586fc0	2
12691	00586ff0	2
12692	00587020	4
12693	00587080	0
12694	005870a0	2
12695	005870e0	2
12696	00587110	2
12697	00587140	3
12698	00587190	3
12699	00587210	5
12700	005872b0	0
12701	005872b0	3
12702	005872f0	2
12703	00587330	2
12704	00587360	2
12705	005873a0	4
12706	00587410	2
12707	00587440	2
12708	00587470	2
12709	005874a0	0
12710	005874c0	3
12711	00587510	2
12712	00587540	0
12713	00587560	2
12714	00587590	6
12715	00587640	24
12716	00587960	4
12717	00587a20	4
12718	00587aa0	21
12719	00587f40	2
12720	00587f70	2
12721	00587fb0	2
12722	00587fe0	2
12723	00588020	2
12724	00588050	2
12725	00588080	2
12726	005880b0	2
12727	005880e0	2
12728	00588110	2
12729	00588140	2
12730	00588170	2
12731	005881a0	0
12732	005881d0	0
12733	00588210	0
12734	00588230	2
12735	00588260	2
12736	00588290	2
12737	005882d0	2
12738	00588300	3
12739	00588360	8
12740	00588430	2
12741	00588480	5
12742	00588500	3
12743	00588550	0
12744	00588590	3
12745	00588610	24
12746	005887d0	0
12747	005887f0	0
12748	00588810	0
12749	00588860	2
12750	00588890	2
12751	005888c0	2
12752	005888f0	2
12753	00588920	3
12754	00588960	4
12755	005889d0	4
12756	00588a10	2
12757	00588a60	5
12758	00588ae0	3
12759	00588b20	2
12760	00588b50	2
12761	00588b80	0
12762	00588ba0	3
12763	00588bf0	4
12764	00588c50	0
12765	00588c80	2
12766	00588cb0	2
12767	00588cf0	2
12768	00588d30	2
12769	00588d60	2
12770	00588d90	2
12771	00588dd0	2
12772	00588e20	2
12773	00588e60	3
12774	00588ec0	3
12775	00588f20	2
12776	00588f60	2
12777	00588f90	3
12778	00588ff0	2
12779	00589020	8
12780	005890f0	2
12781	00589120	2
12782	00589160	3
12783	005891c0	2
12784	005891f0	8
12785	005892c0	2
12786	00589310	2
12787	00589340	2
12788	00589380	2
12789	005893b0	8
12790	00589480	2
12791	005894c0	2
12792	005894f0	8
12793	005895c0	2
12794	00589600	3
12795	00589660	2
12796	00589690	8
12797	00589760	2
12798	005897a0	2
12799	005897d0	2
12800	00589800	3
12801	00589860	2
12802	005898a0	4
12803	00589910	2
12804	00589940	8
12805	00589a10	2
12806	00589a50	2
12807	00589a80	3
12808	00589ae0	2
12809	00589b20	8
12810	00589bf0	2
12811	00589c20	0
12812	00589c50	2
12813	00589c90	2
12814	00589cc0	3
12815	00589d20	2
12816	00589d60	8
12817	00589e30	2
12818	00589e60	0
12819	00589e90	2
12820	00589ed0	2
12821	00589f00	5
12822	00589f80	3
12823	00589fc0	2
12824	00589ff0	2
12825	0058a020	2
12826	0058a060	2
12827	0058a0b0	5
12828	0058a130	3
12829	0058a170	2
12830	0058a1a0	3
12831	0058a1f0	2
12832	0058a220	2
12833	0058a260	2
12834	0058a2a0	3
12835	0058a300	2
12836	0058a330	2
12837	0058a360	2
12838	0058a3b0	3
12839	0058a3f0	2
12840	0058a420	2
12841	0058a450	22
12842	0058a630	15
12843	0058a750	2
12844	0058a780	3
12845	0058a7c0	2
12846	0058a7f0	11
12847	0058a8c0	4
12848	0058a930	4
12849	0058a9c0	2
12850	0058a9f0	0
12851	0058aa20	6
12852	0058aaa0	0
12853	0058aaf0	0
12854	0058ab10	0
12855	0058ab30	4
12856	0058aba0	5
12857	0058ac10	2
12858	0058ac50	2
12859	0058aca0	2
12860	0058acd0	2
12861	0058ad00	6
12862	0058ad90	11
12863	0058ae60	4
12864	0058aed0	4
12865	0058af60	2
12866	0058af90	0
12867	0058afa0	0
12868	0058afb0	0
12869	0058afd0	0
12870	0058b000	2
12871	0058b030	0
12872	0058b060	3
12873	0058b0e0	3
12874	0058b150	0
12875	0058b160	2
12876	0058b1b0	3
12877	0058b1f0	2
12878	0058b220	2
12879	0058b250	22
12880	0058b430	14
12881	0058b4d0	0
12882	0058b4f0	15
12883	0058b610	4
12884	0058b670	2
12885	0058b6a0	2
12886	0058b6f0	3
12887	0058b730	2
12888	0058b760	22
12889	0058b940	15
12890	0058ba60	4
12891	0058bac0	2
12892	0058baf0	2
12893	0058bb20	2
12894	0058bb70	3
12895	0058bbb0	2
12896	0058bbe0	15
12897	0058bd00	4
12898	0058bd60	2
12899	0058bd90	2
12900	0058bde0	3
12901	0058be20	2
12902	0058be50	15
12903	0058bf70	4
12904	0058bfd0	2
12905	0058c000	2
12906	0058c050	3
12907	0058c090	2
12908	0058c0c0	22
12909	0058c2a0	15
12910	0058c3c0	4
12911	0058c420	2
12912	0058c450	2
12913	0058c480	3
12914	0058c4f0	3
12915	0058c550	2
12916	0058c5a0	3
12917	0058c5e0	2
12918	0058c610	15
12919	0058c730	4
12920	0058c790	2
12921	0058c7c0	0
12922	0058c7f0	2
12923	0058c820	2
12924	0058c870	3
12925	0058c8b0	2
12926	0058c8e0	22
12927	0058cac0	15
12928	0058cbe0	8
12929	0058cca0	2
12930	0058ccd0	2
12931	0058cd00	2
12932	0058cd50	3
12933	0058cd90	2
12934	0058cdc0	22
12935	0058cfa0	15
12936	0058d0c0	8
12937	0058d180	2
12938	0058d1b0	2
12939	0058d1e0	2
12940	0058d230	4
12941	0058d290	3
12942	0058d2d0	2
12943	0058d300	15
12944	0058d420	4
12945	0058d490	2
12946	0058d4c0	0
12947	0058d4d0	0
12948	0058d4e0	0
12949	0058d510	11
12950	0058d5e0	4
12951	0058d650	4
12952	0058d6e0	2
12953	0058d710	0
12954	0058d720	0
12955	0058d730	2
12956	0058d760	0
12957	0058d790	0
12958	0058d7c0	0
12959	0058d7f0	0
12960	0058d820	0
12961	0058d850	0
12962	0058d870	3
12963	0058d8a0	0
12964	0058d8b0	0
12965	0058d8c0	0
12966	0058d8e0	134
12967	0058e110	7
12968	0058e1a0	10
12969	0058e2c0	75
12970	0058e770	2
12971	0058e7a0	2
12972	0058e7d0	2
12973	0058e800	2
12974	0058e830	2
12975	0058e860	2
12976	0058e890	0
12977	0058e8b0	2
12978	0058e8e0	2
12979	0058e930	2
12980	0058e960	0
12981	0058e990	2
12982	0058e9d0	2
12983	0058ea00	12
12984	0058eae0	0
12985	0058eaf0	0
12986	0058eb00	0
12987	0058eb10	2
12988	0058eb40	0
12989	0058eb60	2
12990	0058eb90	2
12991	0058ebe0	2
12992	0058ec20	17
12993	0058ee80	2
12994	0058eeb0	2
12995	0058eee0	3
12996	0058ef20	2
12997	0058ef50	5
12998	0058efc0	12
12999	0058f0a0	0
13000	0058f0b0	0
13001	0058f0d0	0
13002	0058f0f0	2
13003	0058f130	2
13004	0058f160	2
13005	0058f1a0	2
13006	0058f1d0	0
13007	0058f1f0	3
13008	0058f220	0
13009	0058f230	0
13010	0058f240	0
13011	0058f260	134
13012	0058fa90	7
13013	0058fb20	10
13014	0058fc40	75
13015	005900f0	2
13016	00590120	2
13017	00590150	2
13018	00590180	2
13019	005901b0	0
13020	005901d0	2
13021	00590200	2
13022	00590250	2
13023	00590280	0
13024	005902b0	2
13025	005902f0	0
13026	00590310	2
13027	00590340	0
13028	005903c0	2
13029	005903f0	3
13030	00590420	0
13031	00590430	0
13032	00590440	0
13033	00590450	0
13034	00590470	134
13035	00590ca0	7
13036	00590d30	10
13037	00590e50	75
13038	00591300	2
13039	00591330	2
13040	00591360	2
13041	00591390	0
13042	005913b0	2
13043	005913e0	2
13044	00591430	2
13045	00591460	0
13046	00591490	2
13047	005914d0	0
13048	00591500	2
13049	00591530	0
13050	00591550	134
13051	00591d80	7
13052	00591e10	10
13053	00591f30	2
13054	00591f60	2
13055	00591f90	2
13056	00591fc0	2
13057	00591ff0	2
13058	00592040	2
13059	00592080	0
13060	005920a0	134
13061	005928d0	7
13062	00592960	10
13063	00592a80	2
13064	00592ab0	2
13065	00592ae0	2
13066	00592b10	2
13067	00592b40	2
13068	00592b90	2
13069	00592bd0	0
13070	00592bf0	2
13071	00592c20	3
13072	00592c50	0
13073	00592c60	0
13074	00592c70	0
13075	00592c80	0
13076	00592ca0	134
13077	005934d0	7
13078	00593560	10
13079	00593680	75
13080	00593b30	2
13081	00593b60	2
13082	00593b90	2
13083	00593bc0	0
13084	00593be0	2
13085	00593c10	2
13086	00593c60	2
13087	00593c90	0
13088	00593cc0	2
13089	00593d00	2
13090	00593d40	2
13091	00593d70	0
13092	00593d80	0
13093	00593da0	22
13094	00593f80	134
13095	005947b0	7
13096	00594840	10
13097	00594960	2
13098	00594990	2
13099	005949c0	2
13100	005949f0	2
13101	00594a20	2
13102	00594a70	2
13103	00594ab0	0
13104	00594ad0	2
13105	00594b00	3
13106	00594b30	0
13107	00594b40	0
13108	00594b50	0
13109	00594b60	0
13110	00594b80	134
13111	005953b0	3
13112	005953f0	7
13113	00595480	10
13114	005955a0	75
13115	00595a50	2
13116	00595a80	2
13117	00595ab0	2
13118	00595ae0	0
13119	00595b00	2
13120	00595b30	2
13121	00595b80	2
13122	00595bb0	2
13123	00595bf0	0
13124	00595c10	2
13125	00595c40	3
13126	00595c70	0
13127	00595c80	0
13128	00595c90	0
13129	00595ca0	0
13130	00595cc0	134
13131	005964f0	3
13132	00596530	7
13133	005965c0	10
13134	005966e0	75
13135	00596b90	2
13136	00596bc0	2
13137	00596bf0	2
13138	00596c20	0
13139	00596c40	2
13140	00596c70	2
13141	00596cc0	2
13142	00596cf0	2
13143	00596d30	0
13144	00596d50	134
13145	00597580	2
13146	005975b0	7
13147	00597640	10
13148	00597760	2
13149	00597790	2
13150	005977c0	2
13151	005977f0	2
13152	00597820	2
13153	00597870	2
13154	005978b0	12
13155	00597990	2
13156	005979c0	2
13157	00597a10	12
13158	00597af0	0
13159	00597b00	2
13160	00597b30	2
13161	00597b60	2
13162	00597b90	0
13163	00597bb0	0
13164	00597bd0	2
13165	00597c20	0
13166	00597c50	0
13167	00597c60	0
13168	00597c70	0
13169	00597c80	19
13170	00597dc0	3
13171	00597e00	3
13172	00597e40	19
13173	00597f80	4
13174	00597fe0	2
13175	00598010	2
13176	00598040	2
13177	00598070	0
13178	00598090	10
13179	00598180	2
13180	005981b0	0
13181	005981d0	2
13182	00598210	0
13183	00598240	2
13184	00598290	2
13185	005982c0	2
13186	005982f0	0
13187	00598300	0
13188	00598310	19
13189	00598450	3
13190	00598490	3
13191	005984d0	19
13192	00598610	4
13193	00598670	2
13194	005986a0	2
13195	005986d0	0
13196	005986f0	10
13197	005987e0	2
13198	00598810	0
13199	00598820	0
13200	00598830	19
13201	00598970	3
13202	005989b0	3
13203	005989f0	19
13204	00598b30	4
13205	00598b90	2
13206	00598bc0	2
13207	00598bf0	0
13208	00598c10	10
13209	00598d00	2
13210	00598d30	0
13211	00598d40	0
13212	00598d50	0
13213	00598d60	0
13214	00598d70	0
13215	00598d80	19
13216	00598ec0	3
13217	00598f00	3
13218	00598f40	19
13219	00599080	4
13220	005990e0	2
13221	00599110	0
13222	00599130	0
13223	00599150	2
13224	00599180	0
13225	005991b0	0
13226	005991c0	0
13227	005991d0	0
13228	005991e0	0
13229	005991f0	0
13230	00599200	19
13231	00599340	3
13232	00599380	3
13233	005993c0	19
13234	00599500	4
13235	00599560	2
13236	00599590	0
13237	005995b0	0
13238	005995d0	2
13239	00599600	0
13240	00599630	0
13241	00599640	0
13242	00599650	19
13243	00599790	3
13244	005997d0	3
13245	00599810	19
13246	00599950	4
13247	005999b0	2
13248	005999e0	2
13249	00599a10	0
13250	00599a30	10
13251	00599b20	2
13252	00599b50	2
13253	00599b80	0
13254	00599ba0	0
13255	00599bd0	0
13256	00599be0	3
13257	00599c10	0
13258	00599c20	0
13259	00599c30	0
13260	00599c40	75
13261	0059a0f0	19
13262	0059a230	3
13263	0059a270	3
13264	0059a2b0	19
13265	0059a3f0	4
13266	0059a450	2
13267	0059a480	0
13268	0059a4a0	0
13269	0059a4c0	2
13270	0059a4f0	2
13271	0059a520	0
13272	0059a550	0
13273	0059a560	0
13274	0059a570	6
13275	0059a620	19
13276	0059a760	3
13277	0059a7a0	3
13278	0059a7e0	19
13279	0059a920	4
13280	0059a980	2
13281	0059a9b0	2
13282	0059a9e0	0
13283	0059aa00	10
13284	0059aaf0	2
13285	0059ab20	0
13286	0059ab30	0
13287	0059ab40	6
13288	0059abf0	19
13289	0059ad30	3
13290	0059ad70	3
13291	0059adb0	19
13292	0059aef0	4
13293	0059af50	2
13294	0059af80	2
13295	0059afb0	0
13296	0059afd0	10
13297	0059b0c0	2
13298	0059b0f0	0
13299	0059b100	0
13300	0059b110	0
13301	0059b120	0
13302	0059b130	0
13303	0059b140	19
13304	0059b280	3
13305	0059b2c0	3
13306	0059b300	19
13307	0059b440	4
13308	0059b4a0	2
13309	0059b4d0	0
13310	0059b4f0	0
13311	0059b510	2
13312	0059b540	0
13313	0059b570	0
13314	0059b580	2
13315	0059b5b0	0
13316	0059b5d0	2
13317	0059b600	7
13318	0059b6b0	2
13319	0059b6e0	7
13320	0059b790	2
13321	0059b7c0	7
13322	0059b870	2
13323	0059b8a0	7
13324	0059b950	7
13325	0059ba00	2
13326	0059ba30	7
13327	0059bae0	2
13328	0059bb10	10
13329	0059bc00	7
13330	0059bcb0	2
13331	0059bce0	2
13332	0059bd10	7
13333	0059bdc0	2
13334	0059bdf0	2
13335	0059be20	7
13336	0059bed0	7
13337	0059bf80	2
13338	0059bfb0	2
13339	0059bfe0	0
13340	0059c000	0
13341	0059c020	0
13342	0059c040	2
13343	0059c070	0
13344	0059c090	0
13345	0059c0b0	6
13346	0059c120	2
13347	0059c160	8
13348	0059c220	8
13349	0059c2e0	8
13350	0059c3a0	3
13351	0059c400	2
13352	0059c440	2
13353	0059c470	3
13354	0059c4f0	2
13355	0059c530	2
13356	0059c590	0
13357	0059c5b0	4
13358	0059c640	0
13359	0059c660	0
13360	0059c680	0
13361	0059c6a0	0
13362	0059c6c0	8
13363	0059c7a0	2
13364	0059c7d0	2
13365	0059c800	2
13366	0059c830	2
13367	0059c860	0
13368	0059c880	0
13369	0059c8a0	3
13370	0059c8d0	2
13371	0059c910	2
13372	0059c950	2
13373	0059c990	2
13374	0059c9d0	8
13375	0059ca90	2
13376	0059cad0	0
13377	0059cb10	0
13378	0059cb50	2
13379	0059cb80	0
13380	0059cbb0	3
13381	0059cc40	0
13382	0059cc70	0
13383	0059ccb0	2
13384	0059cd10	0
13385	0059cd20	0
13386	0059cd50	0
13387	0059cd80	0
13388	0059cdb0	0
13389	0059cde0	0
13390	0059ce10	0
13391	0059ce40	0
13392	0059ce70	0
13393	0059cea0	0
13394	0059ced0	3
13395	0059cf60	2
13396	0059cf80	0
13397	0059cf90	0
13398	0059cfa0	3
13399	0059d030	2
13400	0059d050	3
13401	0059d0e0	2
13402	0059d100	0
13403	0059d110	0
13404	0059d120	3
13405	0059d1b0	2
13406	0059d1d0	0
13407	0059d1e0	0
13408	0059d1f0	3
13409	0059d280	2
13410	0059d2a0	3
13411	0059d330	2
13412	0059d350	0
13413	0059d360	2
13414	0059d380	2
13415	0059d3a0	2
13416	0059d400	3
13417	0059d440	2
13418	0059d480	2
13419	0059d4d0	3
13420	0059d540	3
13421	0059d580	3
13422	0059d5c0	2
13423	0059d610	3
13424	0059d650	2
13425	0059d690	3
13426	0059d6d0	2
13427	0059d710	3
13428	0059d750	2
13429	0059d790	3
13430	0059d7d0	3
13431	0059d810	3
13432	0059d850	2
13433	0059d880	2
13434	0059d8b0	3
13435	0059d910	3
13436	0059d980	2
13437	0059d9c0	2
13438	0059d9f0	2
13439	0059da20	0
13440	0059da30	2
13441	0059da60	2
13442	0059da90	3
13443	0059db10	3
13444	0059db90	2
13445	0059dbc0	2
13446	0059dc30	2
13447	0059dc60	2
13448	0059dc90	6
13449	0059dd10	2
13450	0059dd40	6
13451	0059ddc0	0
13452	0059de00	9
13453	0059de80	2
13454	0059deb0	2
13455	0059dee0	2
13456	0059df10	2
13457	0059df50	2
13458	0059df90	3
13459	0059dfd0	2
13460	0059e000	0
13461	0059e020	0
13462	0059e040	0
13463	0059e060	0
13464	0059e0b0	2
13465	0059e100	2
13466	0059e130	0
13467	0059e150	0
13468	0059e170	0
13469	0059e1c0	2
13470	0059e210	2
13471	0059e240	0
13472	0059e260	0
13473	0059e280	0
13474	0059e2a0	0
13475	0059e2f0	17
13476	0059e530	5
13477	0059e5a0	0
13478	0059e5c0	2
13479	0059e5f0	2
13480	0059e620	2
13481	0059e650	2
13482	0059e6a0	2
13483	0059e6f0	2
13484	0059e720	2
13485	0059e750	2
13486	0059e780	13
13487	0059e870	0
13488	0059e8b0	4
13489	0059e940	0
13490	0059e970	2
13491	0059e9a0	0
13492	0059e9b0	5
13493	0059ea80	4
13494	0059eb10	2
13495	0059eb40	2
13496	0059eb70	0
13497	0059eba0	0
13498	0059ebe0	0
13499	0059ec20	2
13500	0059ec80	2
13501	0059ece0	2
13502	0059ed10	2
13503	0059ed70	2
13504	0059eda0	2
13505	0059edd0	0
13506	0059ee00	2
13507	0059ee40	0
13508	0059ee80	3
13509	0059eee0	3
13510	0059ef10	7
13511	0059f060	2
13512	0059f0d0	0
13513	0059f130	3
13514	0059f190	9
13515	0059f210	0
13516	0059f230	0
13517	0059f250	0
13518	0059f2a0	17
13519	0059f4e0	5
13520	0059f550	2
13521	0059f5a0	2
13522	0059f5f0	2
13523	0059f620	2
13524	0059f650	4
13525	0059f710	6
13526	0059f840	4
13527	0059f8c0	0
13528	0059f8f0	0
13529	0059f920	0
13530	0059f950	2
13531	0059f980	2
13532	0059f9e0	3
13533	0059fa10	0
13534	0059fa60	13
13535	0059fb79	12
69683	0059fc4d	3
69684	0059fc63	2
13536	0059fc80	2
13537	0059fcb0	2
13538	0059fce0	2
13539	0059fd10	3
13540	0059fd70	2
13541	0059fdb0	2
13542	0059fe00	2
13543	0059fe40	2
13544	0059fe70	3
13545	0059fec0	3
13546	0059ff10	4
13547	0059ff70	2
13548	0059ffb0	2
13549	0059ffe0	22
13550	005a01c0	2
13551	005a01f0	0
13552	005a0220	2
13553	005a0250	11
13554	005a0320	0
13555	005a0350	0
13556	005a0370	0
13557	005a03a0	3
13558	005a03d0	75
13559	005a0880	2
13560	005a08b0	2
13561	005a08e0	4
13562	005a0940	2
13563	005a0970	10
13564	005a0a60	2
13565	005a0a90	2
13566	005a0af0	3
13567	005a0b80	2
69675	005a0bc0	2
69676	005a0bd1	2
13568	005a0beb	3
13569	005a0c18	5
13570	005a0c8b	0
13571	005a0c92	5
13572	005a0cf0	0
13573	005a0cfe	0
13574	005a0d0c	19
13575	005a0f7e	0
13576	005a0f97	5
13577	005a0ff9	0
13578	005a1007	0
13579	005a1015	0
13580	005a1053	0
13581	005a1091	3
13582	005a10d8	3
13583	005a111f	7
13584	005a1204	7
13585	005a12e5	2
13586	005a130e	2
13587	005a132a	3
13588	005a136b	3
13589	005a13ac	3
13590	005a13df	3
13591	005a1412	4
13592	005a14cd	2
13593	005a1500	6
13594	005a15b5	6
13595	005a1681	6
13596	005a174e	6
13597	005a181a	7
13598	005a18e4	11
13599	005a1a2f	11
13600	005a1c5a	6
13601	005a1d29	8
13602	005a1e19	2
13603	005a1e45	2
13604	005a1e9a	2
13605	005a1eb8	2
13606	005a1ee4	2
13607	005a1f10	13
13608	005a2068	4
13609	005a20c3	5
13610	005a213d	5
13611	005a21b0	3
13612	005a2225	3
13613	005a226c	29
13614	005a24cc	4
13615	005a251e	18
13616	005a26f0	31
13617	005a2ba9	4
13618	005a2c17	10
13619	005a2d86	11
13620	005a2f10	9
13621	005a3049	9
13622	005a317a	11
13623	005a3325	0
13624	005a338e	6
13625	005a3477	7
13626	005a357a	12
13627	005a36f1	4
13628	005a372d	5
13629	005a37a1	8
13630	005a387e	4
13631	005a38ee	4
13632	005a3932	5
13633	005a39c9	10
13634	005a3b0a	9
13635	005a3c2a	2
13636	005a3c46	2
13637	005a3c86	4
13638	005a3d02	7
13639	005a3e60	6
13640	005a409b	11
13641	005a423e	20
13642	005a4634	11
13643	005a4762	9
13644	005a4868	6
13645	005a4946	3
13646	005a49e3	3
13647	005a4a24	3
13648	005a4a65	5
13649	005a4b54	17
13650	005a4ea0	0
13651	005a4eb6	14
13652	005a507c	10
13653	005a5170	3
13654	005a51f7	5
13655	005a5265	7
13656	005a534f	23
13657	005a55f3	5
13658	005a56b5	9
13659	005a5785	4
13660	005a5805	0
13661	005a581b	41
13662	005a5c21	44
13663	005a6094	6
13664	005a61af	5
13665	005a6215	39
13666	005a66a0	5
69677	005a6729	3
69678	005a673f	2
69679	005a6758	7
69680	005a6782	2
69681	005a679b	2
69682	005a67b4	2
13667	005a67d0	2
13668	005a6800	2
13669	005a6830	0
13670	005a6860	0
13671	005a6860	3
13672	005a68a0	0
13673	005a68a0	3
13674	005a68e0	2
13675	005a6910	0
13676	005a6930	0
13677	005a6950	0
13678	005a6970	0
13679	005a6990	0
13680	005a69b0	0
13681	005a69d0	0
13682	005a69f0	0
13683	005a6a10	0
13684	005a6a30	0
13685	005a6a50	0
13686	005a6a70	0
13687	005a6a90	0
13688	005a6ab0	2
13689	005a6ae0	2
13690	005a6b10	7
13691	005a6bd0	0
13692	005a6bf0	0
13693	005a6c10	0
13694	005a6c30	0
13695	005a6c50	3
13696	005a6cd0	2
13697	005a6d00	3
13698	005a6d30	0
13699	005a6d70	24
13700	005a6f20	0
13701	005a6f70	2
13702	005a6fa0	3
13703	005a6fe0	4
13704	005a7020	2
13705	005a7050	2
13706	005a7080	2
13707	005a70b0	2
13708	005a70e0	3
13709	005a7140	8
13710	005a7210	0
13711	005a7240	2
13712	005a7270	2
13713	005a72c0	2
13714	005a7300	0
13715	005a7350	2
13716	005a7380	4
13717	005a73f0	0
13718	005a7440	0
13719	005a7460	0
13720	005a7480	0
13721	005a74a0	0
13722	005a74c0	4
13723	005a7520	5
13724	005a7590	2
13725	005a75e0	2
13726	005a7610	0
13727	005a7630	0
13728	005a7640	3
13729	005a7680	2
13730	005a76b0	15
13731	005a77d0	14
13732	005a78a0	10
13733	005a79c0	2
13734	005a79f0	2
13735	005a7a20	0
13736	005a7a50	17
13737	005a7c90	2
13738	005a7cc0	0
13739	005a7cd0	0
13740	005a7ce0	0
13741	005a7d00	134
13742	005a8530	12
13743	005a8640	7
13744	005a86d0	2
13745	005a8700	3
13746	005a8740	3
13747	005a8780	2
13748	005a87b0	2
13749	005a87e0	2
13750	005a8810	4
13751	005a8870	7
13752	005a8920	0
13753	005a8940	2
13754	005a8970	2
13755	005a89c0	2
13756	005a8a00	0
13757	005a8a30	2
13758	005a8a80	2
13759	005a8ab0	0
13760	005a8ac0	0
13761	005a8ad0	19
13762	005a8c10	19
13763	005a8d50	2
13764	005a8d80	2
13765	005a8db0	0
13766	005a8dd0	2
13767	005a8e00	0
13768	005a8e20	0
13769	005a8e40	0
13770	005a8e80	2
13771	005a8ec0	0
13772	005a8f00	0
13773	005a8f20	2
13774	005a8f60	0
13775	005a8f90	0
13776	005a8fc0	2
13777	005a8ff0	0
13778	005a9020	0
13779	005a9050	2
13780	005a90b0	0
13781	005a90e0	0
13782	005a9100	0
13783	005a9120	0
69673	005a917a	3
69674	005a9190	2
13784	005a91b0	3
13785	005a921f	2
13786	005a9269	2
13787	005a92ae	4
13788	005a9303	3
13789	005a9342	4
13790	005a93d0	17
13791	005a955f	0
13792	005a9571	9
69671	005a9698	3
69672	005a96ae	2
13793	005a96d0	2
13794	005a9710	0
13795	005a9710	3
13796	005a9750	3
13797	005a97b0	5
13798	005a9850	2
13799	005a9880	4
13800	005a98f0	2
13801	005a9920	0
13802	005a9940	7
13803	005a99d0	2
13804	005a9a00	1
13805	005a9a10	3
13806	005a9a9b	19
13807	005a9c93	12
13808	005a9d8a	3
69669	005a9e1d	3
69670	005a9e33	2
13809	005a9e50	2
69650	005a9ec0	2
69651	005a9ed1	2
69652	005a9eeb	2
69653	005a9efc	2
69654	005a9f12	3
69655	005a9f28	4
69656	005a9fa4	2
69657	005a9fbd	2
13810	005a9fd3	14
13811	005aa1e7	14
13812	005aa3fd	16
13813	005aa687	14
13814	005aa8a7	16
13815	005aab57	15
13816	005aadf5	9
13817	005aaf76	5
13818	005ab035	5
13819	005ab0f5	3
13820	005ab193	3
13821	005ab20e	3
13822	005ab28a	3
13823	005ab325	4
13824	005ab371	4
13825	005ab3a5	67
13826	005aba9e	3
13827	005abacf	0
13828	005abae9	0
13829	005abb03	2
13830	005abb2d	11
13831	005abc77	7
13832	005abd49	4
13833	005abe0d	10
13834	005abed7	6
13835	005abf82	20
13836	005ac178	0
13837	005ac195	9
13838	005ac276	118
69658	005ace7d	15
69659	005ad0a9	20
69660	005ad37a	13
13839	005ad4ee	3
13840	005ad569	87
69661	005adec1	2
13841	005aded7	42
13842	005ae254	3
13843	005ae2a8	3
13844	005ae2f9	5
13845	005ae36c	0
13846	005ae384	3
13847	005ae3da	2
13848	005ae404	0
13849	005ae41b	18
13850	005ae5e4	23
13851	005ae8f7	5
13852	005ae970	29
13853	005aed02	11
13854	005aee14	8
13855	005aee90	12
13856	005aefff	23
13857	005af2cf	14
13858	005af4b0	0
13859	005af502	15
13860	005af799	4
69662	005af852	2
13861	005af868	0
13862	005af87c	46
13863	005afd32	34
13864	005b009f	37
13865	005b04aa	2
13866	005b0501	0
13867	005b051c	3
13868	005b05a1	3
13869	005b0625	9
13870	005b07dc	3
13871	005b0815	11
13872	005b0955	4
13873	005b09c5	43
13874	005b0d75	0
13875	005b0d98	3
13876	005b0dc7	3
13877	005b0dfc	3
13878	005b0e31	3
13879	005b0e7b	3
13880	005b0f47	10
13881	005b1148	11
13882	005b126b	5
13883	005b131e	10
13884	005b1439	12
13885	005b1605	0
13886	005b1619	0
13887	005b1634	0
13888	005b1654	31
13889	005b19c7	3
13890	005b19f6	3
13891	005b1a25	2
13892	005b1a5a	0
13893	005b1a71	2
13894	005b1a98	41
13895	005b1e49	0
13896	005b1e5d	0
13897	005b1e71	2
13898	005b1e9e	0
13899	005b1eb4	0
13900	005b1eca	0
13901	005b1ee0	0
13902	005b1ef6	0
13903	005b1f0c	9
69663	005b2003	3
69664	005b2019	2
69665	005b2032	7
69666	005b205c	2
69667	005b2075	2
69668	005b208e	2
13904	005b20b0	0
13905	005b20d0	0
13906	005b20d0	3
13907	005b2120	4
13908	005b2170	2
13909	005b21c0	0
13910	005b21e0	3
13911	005b2210	0
13912	005b2230	0
13913	005b2250	2
13914	005b2280	0
13915	005b22a0	2
13916	005b22d0	3
13917	005b2330	2
13918	005b2360	2
13919	005b2390	0
13920	005b23b0	0
13921	005b23d0	2
13922	005b2400	0
13923	005b2420	5
13924	005b24b0	2
13925	005b24e0	2
13926	005b2510	0
13927	005b2510	3
13928	005b2550	2
13929	005b2580	2
13930	005b25b0	3
13931	005b2620	0
13932	005b2640	3
13933	005b2680	2
13934	005b26b0	2
13935	005b26e0	0
13936	005b2700	2
13937	005b2730	2
13938	005b2760	0
13939	005b2780	2
13940	005b27b0	0
13941	005b27d0	7
13942	005b2870	7
13943	005b2910	7
13944	005b29b0	16
13945	005b2b20	16
13946	005b2c90	16
13947	005b2e00	2
13948	005b2e40	0
13949	005b2e60	0
13950	005b2e80	15
13951	005b2fd0	15
13952	005b3120	15
13953	005b3270	6
13954	005b32e0	3
13955	005b3310	0
13956	005b3320	5
13957	005b33a0	2
13958	005b33d0	1
13959	005b33e0	1
13960	005b33f0	1
13961	005b3400	1
13962	005b3410	1
13963	005b3420	1
13964	005b3430	1
13965	005b3440	1
13966	005b3450	1
13967	005b3460	1
13968	005b3470	1
13969	005b3480	1
13970	005b3490	1
13971	005b34a0	1
13972	005b34b0	1
13973	005b34c0	1
13974	005b34d0	1
13975	005b34e0	1
13976	005b34f0	1
13977	005b3500	1
13978	005b3510	1
13979	005b3520	1
13980	005b3530	1
13981	005b3540	1
13982	005b3550	1
13983	005b3560	1
13984	005b3570	1
13985	005b3580	1
13986	005b3590	1
13987	005b35a0	1
13988	005b35b0	1
13989	005b35c0	1
13990	005b35d0	1
13991	005b35e0	1
13992	005b35f0	1
13993	005b3600	1
13994	005b3610	1
13995	005b3620	1
13996	005b3630	1
13997	005b3640	1
13998	005b3650	1
13999	005b3660	1
14000	005b3670	1
69638	005b3680	2
69639	005b3691	2
69640	005b36ab	3
69641	005b36c1	4
69642	005b373d	2
69643	005b3756	2
14001	005b376c	79
14002	005b3e72	3
14003	005b3ea7	3
14004	005b3edc	25
14005	005b416f	17
14006	005b43f6	42
14007	005b47ce	38
14008	005b4aa6	18
14009	005b4c72	5
14010	005b4d07	32
14011	005b50a1	6
14012	005b51fc	8
14013	005b5297	3
14014	005b52c9	25
14015	005b5449	3
14016	005b54ae	3
69644	005b54e2	3
69645	005b54f8	2
69646	005b5511	7
69647	005b553b	2
69648	005b5554	2
69649	005b556d	2
14017	005b5590	3
14018	005b5600	2
14019	005b5630	2
14020	005b5660	2
14021	005b5690	0
14022	005b5690	3
14023	005b56d0	50
14024	005b5ab0	0
14025	005b5ad0	0
14026	005b5ad0	3
14027	005b5b10	2
14028	005b5b40	9
14029	005b5c10	2
14030	005b5c40	2
14031	005b5c70	2
14032	005b5cb0	0
14033	005b5cd0	2
14034	005b5d00	2
14035	005b5d30	2
14036	005b5d60	2
14037	005b5d90	2
14038	005b5de0	2
14039	005b5e10	3
14040	005b5e80	2
14041	005b5eb0	4
14042	005b5f20	3
14043	005b5f90	3
14044	005b6000	2
14045	005b6040	2
14046	005b6070	2
14047	005b60a0	7
14048	005b6160	2
14049	005b61a0	2
14050	005b61e0	8
14051	005b62b0	2
14052	005b62e0	2
14053	005b6310	2
14054	005b6360	0
14055	005b6390	2
14056	005b63d0	3
14057	005b6430	2
14058	005b6470	2
14059	005b64a0	2
14060	005b64e0	2
14061	005b6510	3
14062	005b6570	2
14063	005b65c0	3
14064	005b6600	2
14065	005b6630	134
14066	005b6e60	15
14067	005b6f80	8
14068	005b7040	2
14069	005b7070	3
14070	005b70e0	0
14071	005b7100	2
14072	005b7130	2
14073	005b7160	2
14074	005b7190	2
14075	005b71c0	2
14076	005b71f0	0
14077	005b7200	3
14078	005b7230	0
14079	005b7240	0
14080	005b7250	0
14081	005b7260	0
14082	005b7270	0
14083	005b7290	22
14084	005b7470	3
14085	005b74b0	7
14086	005b7540	10
14087	005b7660	2
14088	005b7690	19
14089	005b77d0	3
14090	005b7810	3
14091	005b7850	2
14092	005b7880	2
14093	005b78b0	19
14094	005b79f0	2
14095	005b7a20	7
14096	005b7ad0	0
14097	005b7af0	2
14098	005b7b20	0
14099	005b7b50	0
14100	005b7b70	75
14101	005b8020	6
14102	005b80d0	4
14103	005b8130	0
14104	005b8150	2
14105	005b8180	2
14106	005b81b0	2
14107	005b81e0	10
14108	005b82d0	2
14109	005b8300	2
14110	005b8330	0
14111	005b8350	2
14112	005b8380	2
14113	005b83b0	4
14114	005b8460	4
14115	005b8510	4
14116	005b85c0	4
14117	005b8670	4
14118	005b8720	8
14119	005b8820	2
14120	005b8850	2
14121	005b8880	4
14122	005b8930	0
14123	005b8960	0
14124	005b8970	0
14125	005b8980	2
14126	005b89a0	3
14127	005b8a30	3
14128	005b8a70	3
14129	005b8ae0	2
14130	005b8b10	2
14131	005b8b40	2
14132	005b8b70	2
14133	005b8ba0	2
14134	005b8c00	2
14135	005b8c40	2
14136	005b8ca0	2
14137	005b8ce0	2
14138	005b8d40	2
14139	005b8d80	2
14140	005b8de0	2
14141	005b8e20	2
14142	005b8e80	3
14143	005b8f10	5
14144	005b8fb0	3
14145	005b9010	2
14146	005b9070	2
14147	005b90c0	0
14148	005b90c0	3
14149	005b9100	0
14150	005b9100	3
14151	005b9140	0
14152	005b9140	3
14153	005b9180	3
14154	005b9200	0
14155	005b9200	3
14156	005b9240	0
14157	005b9240	3
14158	005b9280	3
14159	005b9300	0
14160	005b9300	3
14161	005b9340	3
14162	005b93c0	3
14163	005b9440	0
14164	005b9460	0
14165	005b9460	3
14166	005b94a0	0
14167	005b94a0	3
14168	005b94e0	2
14169	005b9510	2
14170	005b9540	2
14171	005b9570	3
14172	005b95f0	0
14173	005b9610	0
14174	005b9610	3
14175	005b9650	0
14176	005b9650	3
14177	005b9690	0
14178	005b96b0	2
14179	005b96e0	2
14180	005b9710	3
14181	005b9790	0
14182	005b97b0	0
14183	005b97b0	3
14184	005b97f0	0
14185	005b97f0	3
14186	005b9830	0
14187	005b9850	4
14188	005b98c0	0
14189	005b98c0	3
14190	005b9900	0
14191	005b9920	2
14192	005b9950	5
14193	005b9a10	2
14194	005b9a40	2
14195	005b9a70	2
14196	005b9aa0	0
14197	005b9ac0	0
14198	005b9ae0	1
14199	005b9af0	1
14200	005b9b00	1
14201	005b9b10	1
14202	005b9b20	1
14203	005b9b30	1
14204	005b9b40	1
14205	005b9b50	1
14206	005b9b60	1
14207	005b9b70	1
14208	005b9b80	1
69552	005b9b90	2
69553	005b9ba1	2
69554	005b9bbb	3
69555	005b9bd1	4
69556	005b9c54	2
69557	005b9c6d	2
69558	005b9c83	3
69559	005b9c99	2
69560	005b9cb4	2
69561	005b9ccd	2
69562	005b9ce3	3
69563	005b9cf9	2
69564	005b9d14	2
69565	005b9d2d	2
69566	005b9d43	3
69567	005b9d59	2
69568	005b9d74	2
69569	005b9d8d	2
69570	005b9da3	3
69571	005b9db9	2
69572	005b9dd4	2
69573	005b9ded	2
69574	005b9e03	3
69575	005b9e19	4
69576	005b9e95	2
69577	005b9eae	2
69578	005b9ec4	3
69579	005b9eda	4
69580	005b9f5d	2
69581	005b9f76	2
69582	005b9f8c	3
69583	005b9fa2	4
69584	005ba01e	2
69585	005ba037	2
69586	005ba04d	3
69587	005ba063	4
69588	005ba0df	2
69589	005ba0f8	2
69590	005ba10e	3
69591	005ba124	4
69592	005ba1a0	2
69593	005ba1b9	2
69594	005ba1cf	3
69595	005ba1e5	4
69596	005ba261	2
69597	005ba27a	2
69598	005ba290	3
69599	005ba2a6	4
69600	005ba322	2
69601	005ba33b	2
69602	005ba351	3
69603	005ba367	4
69604	005ba3e3	2
69605	005ba3fc	2
69606	005ba412	3
69607	005ba428	4
69608	005ba4a4	2
69609	005ba4bd	2
14209	005ba4d3	54
14210	005baa8f	118
14211	005bb5af	2
14212	005bb5d0	0
14213	005bb5f6	125
14214	005bc400	39
14215	005bc8bb	33
14216	005bcc89	178
14217	005bdfff	249
14218	005bfbfc	3
14219	005bfc3b	3
14220	005bfc7a	3
14221	005bfcb9	12
14222	005bfdf8	10
14223	005bff71	10
14224	005c00e6	8
14225	005c015c	9
14226	005c02a8	47
14227	005c06fc	49
14228	005c0c3d	293
14229	005c2de2	3
69610	005c2e20	3
69611	005c2e36	4
69612	005c2eb2	2
69613	005c2ecb	2
14230	005c2ee1	123
14231	005c3a31	187
69614	005c49a4	18
69615	005c4bf1	2
69616	005c4c10	3
69617	005c4c26	4
69618	005c4ca2	2
69619	005c4cbb	2
69620	005c4cd1	3
69621	005c4ce7	4
69622	005c4d63	2
69623	005c4d7c	2
69624	005c4d92	3
69625	005c4da8	4
69626	005c4e24	2
69627	005c4e3d	2
14232	005c4e53	56
14233	005c53e6	49
14234	005c5994	0
14235	005c59a8	14
14236	005c5b29	12
14237	005c5be7	9
14238	005c5cde	8
14239	005c5de8	47
14240	005c61e5	22
14241	005c6425	13
14242	005c6545	19
14243	005c676a	11
14244	005c685e	3
14245	005c68c9	4
14246	005c6962	3
14247	005c69ca	3
14248	005c6a45	40
14249	005c6ded	5
14250	005c6e7b	23
14251	005c705b	6
69628	005c70f7	3
69629	005c710d	4
69630	005c7189	2
69631	005c71a2	2
14252	005c71b8	25
14253	005c73c9	10
14254	005c7471	30
14255	005c7720	5
14256	005c784a	2
14257	005c78b7	29
14258	005c7b5f	7
14259	005c7bd7	12
14260	005c7cd3	6
69632	005c7e79	3
69633	005c7e8f	2
69634	005c7ea8	7
69635	005c7ed2	2
69636	005c7eeb	2
69637	005c7f04	2
14261	005c7f20	2
14262	005c7f50	4
14263	005c7fa0	4
14264	005c7ff0	4
14265	005c8040	0
14266	005c8040	3
14267	005c8080	0
14268	005c80a0	2
14269	005c80f0	0
14270	005c80f0	3
14271	005c8130	2
14272	005c8160	2
14273	005c8190	3
14274	005c8200	2
14275	005c8230	2
14276	005c8260	2
14277	005c8290	0
14278	005c82b0	0
14279	005c82d0	0
14280	005c8300	3
14281	005c8360	4
14282	005c83c0	3
14283	005c8420	4
14284	005c8470	0
14285	005c8490	0
14286	005c84b0	0
14287	005c84d0	2
14288	005c8500	2
14289	005c8550	2
14290	005c8590	0
14291	005c8590	3
14292	005c85d0	2
14293	005c8600	2
14294	005c8640	2
14295	005c8680	2
14296	005c86b0	2
14297	005c86e0	2
14298	005c8710	0
14299	005c8730	0
14300	005c8750	2
14301	005c8780	0
14302	005c87a0	2
14303	005c87f0	2
14304	005c8820	0
14305	005c8840	0
14306	005c8860	0
14307	005c8880	0
14308	005c8880	3
14309	005c88c0	2
14310	005c88f0	4
14311	005c8930	0
14312	005c8970	0
14313	005c89b0	0
14314	005c8a00	2
14315	005c8a30	0
14316	005c8a70	3
14317	005c8af0	2
14318	005c8b20	3
14319	005c8b60	5
14320	005c8bd0	0
14321	005c8bf0	0
14322	005c8c10	0
14323	005c8c30	4
14324	005c8ca0	2
14325	005c8ce0	2
14326	005c8d10	17
14327	005c8f70	2
14328	005c8fa0	0
14329	005c8ff0	2
14330	005c9040	2
14331	005c9090	2
14332	005c90c0	2
14333	005c90f0	0
14334	005c9110	0
14335	005c9130	2
14336	005c9160	0
14337	005c9180	2
14338	005c91b0	0
14339	005c91d0	0
14340	005c91f0	0
14341	005c9210	2
14342	005c9240	0
14343	005c9260	2
14344	005c9290	2
14345	005c92c0	0
14346	005c92e0	0
14347	005c9300	0
14348	005c9320	2
14349	005c9350	2
14350	005c9390	2
14351	005c93c0	0
14352	005c93e0	2
14353	005c9410	4
14354	005c94c0	4
14355	005c9570	4
14356	005c9620	4
14357	005c96d0	0
14358	005c96f0	0
14359	005c9730	2
14360	005c9760	2
14361	005c97a0	2
14362	005c97c0	2
14363	005c97f0	3
14364	005c9880	2
14365	005c98c0	3
14366	005c9900	2
14367	005c9940	2
14368	005c9970	2
14369	005c99d0	2
14370	005c9a10	2
14371	005c9a70	2
14372	005c9ac0	2
14373	005c9b20	2
14374	005c9b70	2
14375	005c9bd0	2
14376	005c9c10	0
14377	005c9c10	3
14378	005c9c50	0
14379	005c9c50	3
14380	005c9c90	0
14381	005c9c90	3
14382	005c9cd0	3
14383	005c9d50	0
14384	005c9d50	3
14385	005c9d90	2
14386	005c9dc0	2
14387	005c9df0	2
14388	005c9e20	3
14389	005c9ea0	0
14390	005c9ec0	0
14391	005c9ec0	3
14392	005c9f00	0
14393	005c9f00	3
14394	005c9f40	0
14395	005c9f60	2
14396	005c9f90	2
14397	005c9fc0	1
14398	005c9fd0	1
14399	005c9fe0	1
14400	005c9ff0	1
14401	005ca000	1
14402	005ca010	1
14403	005ca020	1
14404	005ca030	18
14405	005ca1aa	12
14406	005ca465	3
69550	005ca4b6	3
69551	005ca4cc	2
14407	005ca4f0	0
14408	005ca510	0
14409	005ca530	0
14410	005ca530	3
14411	005ca570	2
14412	005ca5a0	1
69522	005ca5b0	2
69523	005ca5c1	2
69524	005ca5db	3
69525	005ca5f1	4
69526	005ca66d	2
69527	005ca686	2
69528	005ca69c	3
69529	005ca6b2	4
69530	005ca735	2
69531	005ca74e	2
14413	005ca764	47
14414	005cac5a	143
14415	005cbd02	69
69532	005cc59f	3
69533	005cc5b5	4
69534	005cc631	2
69535	005cc64a	2
69536	005cc660	3
69537	005cc676	4
69538	005cc6f2	2
69539	005cc70b	2
69540	005cc721	3
69541	005cc737	4
69542	005cc7b3	2
69543	005cc7cc	2
14416	005cc7e2	265
14417	005cea37	2
14418	005cea5f	40
14419	005cee86	22
14420	005cf08f	7
14421	005cf193	6
14422	005cf28c	15
14423	005cf472	135
14424	005d012d	9
69544	005d0230	3
69545	005d0246	2
69546	005d025f	7
69547	005d0289	2
69548	005d02a2	2
69549	005d02bb	2
14425	005d02e0	3
14426	005d0350	2
14427	005d0380	2
14428	005d03b0	2
14429	005d03e0	0
14430	005d03e0	3
14431	005d0420	6
14432	005d04c0	0
14433	005d04e0	0
14434	005d0500	2
14435	005d0530	6
14436	005d05b0	3
14437	005d0620	2
14438	005d0650	3
14439	005d06c0	2
14440	005d06f0	0
14441	005d0710	0
14442	005d0730	2
14443	005d0770	2
14444	005d07c0	2
14445	005d07f0	2
14446	005d0820	0
14447	005d0840	2
14448	005d0880	2
14449	005d08b0	2
14450	005d08e0	2
14451	005d0910	4
14452	005d09c0	4
14453	005d0a70	2
14454	005d0aa0	0
14455	005d0ac0	2
14456	005d0af0	2
14457	005d0b50	0
14458	005d0b60	2
14459	005d0b90	2
14460	005d0bf0	2
14461	005d0c40	2
14462	005d0ca0	2
14463	005d0ce0	0
14464	005d0ce0	3
14465	005d0d20	3
14466	005d0da0	0
14467	005d0da0	3
14468	005d0de0	2
14469	005d0e10	3
14470	005d0e90	0
14471	005d0eb0	0
14472	005d0eb0	3
14473	005d0ef0	0
14474	005d0ef0	3
14475	005d0f30	0
14476	005d0f50	2
14477	005d0f80	2
14478	005d0fb0	1
14479	005d0fc0	1
14480	005d0fd0	1
14481	005d0fe0	0
14482	005d1000	0
14483	005d1000	3
69507	005d1040	3
69508	005d1056	4
69509	005d10d9	2
69510	005d10f2	2
14484	005d1108	49
14485	005d1571	65
14486	005d1d13	13
14487	005d1e7f	5
14488	005d1f02	13
14489	005d2013	2
14490	005d203c	2
14491	005d209c	9
14492	005d2192	2
14493	005d2219	8
69511	005d230c	3
69512	005d2322	4
69513	005d239e	2
69514	005d23b7	2
69515	005d23cd	3
69516	005d23e3	4
69517	005d245f	2
69518	005d2478	2
14494	005d248e	139
69519	005d300c	6
14495	005d30ac	9
14496	005d31c1	9
14497	005d3273	8
14498	005d3313	2
14499	005d3355	14
14500	005d3477	4
14501	005d34ce	6
14502	005d3571	17
14503	005d36d2	6
69520	005d3756	3
69521	005d376c	2
14504	005d3790	0
14505	005d3790	3
14506	005d37d0	0
14507	005d37f0	3
14508	005d3860	11
14509	005d3940	11
14510	005d3a20	3
14511	005d3a70	2
14512	005d3aa0	4
14513	005d3af0	0
14514	005d3b10	2
14515	005d3b40	2
14516	005d3b70	4
14517	005d3be0	2
14518	005d3c10	4
14519	005d3c80	0
14520	005d3cc0	3
14521	005d3d40	0
14522	005d3d90	2
14523	005d3dc0	3
14524	005d3e00	0
14525	005d3e20	0
14526	005d3e40	4
14527	005d3eb0	2
14528	005d3ef0	2
14529	005d3f20	17
14530	005d4180	2
14531	005d41b0	2
14532	005d4200	2
14533	005d4250	2
14534	005d4280	2
14535	005d42b0	6
14536	005d4320	6
14537	005d4390	0
14538	005d43b0	2
14539	005d43e0	0
14540	005d4400	2
14541	005d4430	2
14542	005d4460	0
14543	005d4480	0
14544	005d44a0	4
14545	005d4550	6
14546	005d4610	2
14547	005d4640	2
14548	005d4670	4
14549	005d4720	2
14550	005d4750	2
14551	005d4790	2
14552	005d47b0	2
14553	005d47e0	3
14554	005d4870	11
14555	005d4960	3
14556	005d49a0	11
14557	005d4ae0	3
14558	005d4b20	4
14559	005d4b90	2
14560	005d4bc0	2
14561	005d4bf0	2
14562	005d4c50	2
14563	005d4ca0	3
14564	005d4d30	2
14565	005d4d70	2
14566	005d4dd0	2
14567	005d4e20	0
14568	005d4e20	3
14569	005d4e60	3
14570	005d4ee0	0
14571	005d4ee0	3
14572	005d4f20	0
14573	005d4f20	3
14574	005d4f60	2
14575	005d4f90	3
14576	005d5010	0
14577	005d5030	0
14578	005d5030	3
14579	005d5070	0
14580	005d5070	3
14581	005d50b0	0
14582	005d50d0	3
14583	005d5130	2
14584	005d5160	4
14585	005d51c0	4
14586	005d5230	17
14587	005d5470	0
14588	005d54c0	2
14589	005d5510	2
14590	005d5560	2
14591	005d5590	2
14592	005d55c0	0
14593	005d55f0	2
14594	005d5620	2
14595	005d5650	2
14596	005d5680	2
14597	005d56b0	0
14598	005d56e0	2
14599	005d5710	0
14600	005d5730	0
14601	005d5750	0
14602	005d5780	0
14603	005d57b0	2
14604	005d57e0	2
14605	005d5840	1
14606	005d5850	1
14607	005d5860	1
14608	005d5870	1
14609	005d5880	1
69481	005d5890	2
69482	005d58a1	2
14610	005d58bb	14
14611	005d59ea	13
14612	005d5afd	83
69483	005d6a00	3
14613	005d6a82	8
14614	005d6b63	2
14615	005d6b8a	12
14616	005d6cfc	51
14617	005d7479	3
14618	005d74e9	12
14619	005d761e	8
14620	005d76ea	45
69484	005d7c63	2
69485	005d7c79	2
14621	005d7c8f	46
69486	005d8192	2
69487	005d81a8	2
14622	005d81be	53
69488	005d8720	2
69489	005d8736	2
14623	005d874c	69
69490	005d8f6e	2
14624	005d8f84	20
69491	005d91b7	2
14625	005d91cd	26
69492	005d94b0	3
69493	005d94c6	4
69494	005d9542	2
69495	005d955b	2
69496	005d9571	3
69497	005d9587	4
69498	005d9603	2
69499	005d961c	2
14626	005d9632	40
14627	005d9920	32
69500	005d9bab	2
14628	005d9bc1	13
14629	005d9d3c	17
14630	005d9ef9	12
14631	005da050	0
14632	005da068	0
14633	005da080	0
14634	005da098	0
14635	005da0aa	2
14636	005da0f2	2
14637	005da129	0
14638	005da13d	8
14639	005da233	4
14640	005da2c8	3
14641	005da33a	13
14642	005da49a	14
69501	005da5f7	3
69502	005da60d	2
69503	005da626	7
69504	005da650	2
69505	005da669	2
69506	005da682	2
14643	005da6a0	0
14644	005da6a0	3
14645	005da6e0	2
14646	005da710	0
14647	005da730	0
14648	005da750	2
14649	005da7b0	2
14650	005da800	0
14651	005da840	0
14652	005da860	0
14653	005da880	0
14654	005da8a0	0
14655	005da8c0	0
14656	005da8e0	0
14657	005da8f0	0
14658	005da910	0
14659	005da940	0
14660	005da940	3
14661	005da980	0
14662	005da980	3
14663	005da9c0	6
14664	005daa40	0
14665	005daa80	3
14666	005daaf0	0
14667	005dab40	2
14668	005dab70	2
14669	005daba0	3
14670	005dabe0	4
14671	005dac20	0
14672	005dac40	0
14673	005dac60	4
14674	005dacc0	5
14675	005dad30	2
14676	005dad70	2
14677	005dada0	17
14678	005dafe0	2
14679	005db010	2
14680	005db060	2
14681	005db0b0	2
14682	005db0e0	2
14683	005db110	2
14684	005db140	2
14685	005db170	0
14686	005db190	0
14687	005db1d0	0
14688	005db200	0
14689	005db240	0
14690	005db250	2
14691	005db280	2
14692	005db2e0	1
14693	005db2f0	1
14694	005db300	1
14695	005db310	6
14696	005db3c8	19
14697	005db5f6	18
14698	005db7a0	5
14699	005db82c	2
14700	005db865	2
69479	005db893	3
69480	005db8a9	2
14701	005db8d0	2
14702	005db910	0
14703	005db950	7
14704	005dba20	3
14705	005dba60	4
14706	005dbaa0	0
14707	005dbac0	0
14708	005dbae0	4
14709	005dbb40	5
14710	005dbbb0	17
14711	005dbdf0	2
14712	005dbe40	2
14713	005dbe80	2
14714	005dbeb0	2
14715	005dbef0	7
14716	005dc002	13
14717	005dc0f0	2
14718	005dc120	2
14719	005dc150	3
14720	005dc1b0	0
14721	005dc1e0	0
14722	005dc200	2
14723	005dc250	2
14724	005dc290	3
14725	005dc2d0	22
14726	005dc4b0	2
14727	005dc4e0	0
14728	005dc510	75
14729	005dc9c0	2
14730	005dc9f0	2
14731	005dca20	2
14732	005dca50	10
14733	005dcb40	2
14734	005dcba0	10
14735	005dccf9	2
14736	005dcd26	4
14737	005dcd7b	2
14738	005dcdb3	4
14739	005dce25	0
14740	005dce39	5
14741	005dceb3	2
14742	005dceeb	5
14743	005dcf7d	4
14744	005dcfda	2
14745	005dd012	4
14746	005dd071	3
14747	005dd0b4	3
14748	005dd0f7	3
14749	005dd13d	2
14750	005dd175	3
14751	005dd1bb	3
14752	005dd241	3
14753	005dd2ca	3
14754	005dd318	2
14755	005dd350	3
14756	005dd39e	3
14757	005dd427	3
14758	005dd4ad	4
14759	005dd514	0
14760	005dd52a	4
14761	005dd5a7	6
14762	005dd63f	2
14763	005dd677	6
14764	005dd725	3
14765	005dd7ae	3
14766	005dd834	3
14767	005dd882	2
14768	005dd8ba	3
14769	005dd908	3
14770	005dd958	2
14771	005dd990	3
14772	005dd9ed	2
14773	005dda18	3
14774	005dda68	2
14775	005ddaa0	3
14776	005ddafd	2
14777	005ddb6b	4
14778	005ddbd0	2
14779	005ddc08	4
14780	005ddc85	6
14781	005ddd32	2
14782	005ddd6a	11
14783	005dde48	3
14784	005dde96	2
14785	005ddece	3
14786	005ddf29	3
14787	005ddf6f	2
14788	005ddfa7	3
69477	005ddfed	3
69478	005de003	2
14789	005de020	0
14790	005de020	3
14791	005de060	2
14792	005de090	0
14793	005de090	3
14794	005de0d0	2
14795	005de100	2
14796	005de150	2
14797	005de180	2
14798	005de1b0	0
14799	005de1b0	3
14800	005de1f0	2
14801	005de250	2
14802	005de290	2
14803	005de2e0	2
14804	005de330	0
14805	005de330	3
14806	005de370	2
14807	005de3a0	2
14808	005de3d0	2
14809	005de410	0
14810	005de410	3
14811	005de450	2
14812	005de480	2
14813	005de4b0	2
14814	005de500	0
14815	005de500	3
14816	005de540	2
14817	005de570	2
14818	005de5a0	2
14819	005de5e0	0
14820	005de5e0	3
14821	005de620	3
14822	005de690	2
14823	005de6c0	2
14824	005de6f0	2
14825	005de720	2
14826	005de750	3
14827	005de7b0	2
14828	005de7e0	0
14829	005de800	3
14830	005de840	2
14831	005de870	22
14832	005dea50	4
14833	005deab0	0
14834	005deae0	0
14835	005deb00	3
14836	005deb30	75
14837	005defe0	2
14838	005df010	2
14839	005df040	10
14840	005df130	3
14841	005df1c0	0
14842	005df1e0	0
14843	005df200	0
14844	005df220	3
14845	005df2b0	3
14846	005df340	3
14847	005df3d0	3
14848	005df460	3
14849	005df4f0	3
14850	005df580	3
14851	005df610	3
14852	005df6a0	3
14853	005df730	3
14854	005df7c0	3
14855	005df850	3
14856	005df8e0	3
14857	005df970	3
14858	005dfa00	3
14859	005dfa90	3
14860	005dfb20	3
14861	005dfbb0	3
14862	005dfc40	3
14863	005dfcd0	3
14864	005dfd60	3
14865	005dfdf0	3
14866	005dfe80	3
14867	005dff10	3
14868	005dffa0	3
14869	005e0030	3
14870	005e00c0	3
14871	005e0150	3
14872	005e01e0	3
14873	005e0270	3
14874	005e0300	3
14875	005e0390	3
14876	005e0420	3
14877	005e04b0	3
14878	005e0540	3
14879	005e05d0	3
14880	005e0660	3
14881	005e06f0	3
14882	005e0780	3
14883	005e0810	3
14884	005e08a0	3
14885	005e0930	3
14886	005e09c0	3
14887	005e0a50	3
14888	005e0ae0	3
14889	005e0b70	3
14890	005e0c00	3
14891	005e0c90	3
14892	005e0d20	3
14893	005e0db0	3
14894	005e0e40	3
14895	005e0ed0	3
14896	005e0f60	3
14897	005e0ff0	2
14898	005e1020	2
14899	005e1050	0
14900	005e1050	3
14901	005e1090	2
14902	005e10c0	2
14903	005e10f0	2
14904	005e1120	0
14905	005e1120	3
14906	005e1160	3
14907	005e11f0	0
14908	005e1210	2
14909	005e1250	2
14910	005e12b0	2
14911	005e12e0	2
14912	005e1310	0
14913	005e1310	3
14914	005e1350	2
14915	005e1380	0
14916	005e1380	3
14917	005e13c0	2
14918	005e13f0	3
14919	005e1480	0
14920	005e14a0	2
14921	005e14e0	2
14922	005e1530	2
14923	005e1560	0
14924	005e1560	3
14925	005e15a0	2
14926	005e15d0	2
14927	005e1600	2
14928	005e1630	0
14929	005e1630	3
14930	005e1670	3
14931	005e1700	0
14932	005e1720	2
14933	005e1760	2
14934	005e17b0	2
14935	005e17e0	0
14936	005e17e0	3
14937	005e1820	2
14938	005e1850	2
14939	005e1880	2
14940	005e18b0	0
14941	005e18b0	3
14942	005e18f0	2
14943	005e1920	2
14944	005e1950	0
14945	005e1950	3
14946	005e1990	3
14947	005e1a20	0
14948	005e1a40	2
14949	005e1a80	2
14950	005e1af0	2
14951	005e1b40	2
14952	005e1b70	0
14953	005e1b70	3
14954	005e1bb0	2
14955	005e1be0	2
14956	005e1c10	2
14957	005e1c40	0
14958	005e1c40	3
14959	005e1c80	3
14960	005e1d10	0
14961	005e1d30	2
14962	005e1d70	2
14963	005e1dc0	2
14964	005e1df0	2
14965	005e1e20	0
14966	005e1e20	3
14967	005e1e60	2
14968	005e1e90	3
14969	005e1f20	0
14970	005e1f40	2
14971	005e1f80	0
14972	005e1f80	3
14973	005e1fc0	2
14974	005e2030	2
14975	005e2060	2
14976	005e2090	3
14977	005e2120	0
14978	005e2140	2
14979	005e2180	0
14980	005e2180	3
14981	005e21c0	2
14982	005e21f0	2
14983	005e2220	3
14984	005e22b0	0
14985	005e22d0	2
14986	005e2310	0
14987	005e2310	3
14988	005e2350	2
14989	005e2380	2
14990	005e23b0	3
14991	005e2440	0
14992	005e2460	2
14993	005e24a0	0
14994	005e24a0	3
14995	005e24e0	2
14996	005e2510	2
14997	005e2540	3
14998	005e25d0	0
14999	005e25f0	2
15000	005e2630	0
15001	005e2630	3
15002	005e2670	2
15003	005e26a0	2
15004	005e26d0	3
15005	005e2760	0
15006	005e2780	2
15007	005e27c0	0
15008	005e27c0	3
15009	005e2800	2
15010	005e2830	2
15011	005e2860	3
15012	005e28f0	0
15013	005e2910	2
15014	005e2950	0
15015	005e2950	3
15016	005e2990	2
15017	005e2a20	2
15018	005e2a50	2
15019	005e2a80	0
15020	005e2a80	3
15021	005e2ac0	2
15022	005e2af0	3
15023	005e2b80	0
15024	005e2ba0	2
15025	005e2be0	0
15026	005e2be0	3
15027	005e2c20	2
15028	005e2c50	2
15029	005e2c80	3
15030	005e2d10	0
15031	005e2d30	2
15032	005e2d70	0
15033	005e2d70	3
15034	005e2db0	2
15035	005e2de0	2
15036	005e2e10	3
15037	005e2ea0	0
15038	005e2ec0	2
15039	005e2f00	0
15040	005e2f00	3
15041	005e2f40	2
15042	005e2f70	2
15043	005e2fa0	3
15044	005e3030	0
15045	005e3050	2
15046	005e3090	0
15047	005e3090	3
15048	005e30d0	2
15049	005e3100	2
15050	005e3130	3
15051	005e31c0	0
15052	005e31e0	2
15053	005e3220	0
15054	005e3220	3
15055	005e3260	2
15056	005e3290	2
15057	005e32c0	3
15058	005e3350	0
15059	005e3370	2
15060	005e33b0	0
15061	005e33b0	3
15062	005e33f0	2
15063	005e3420	2
15064	005e3450	3
15065	005e34e0	0
15066	005e3500	2
15067	005e3540	0
15068	005e3540	3
15069	005e3580	3
15070	005e3600	2
15071	005e3630	3
15072	005e3690	0
15073	005e3690	3
15074	005e36d0	2
15075	005e3700	3
15076	005e3790	0
15077	005e37b0	2
15078	005e37f0	0
15079	005e37f0	3
15080	005e3830	2
15081	005e3860	2
15082	005e3890	3
15083	005e3920	0
15084	005e3940	2
15085	005e3980	0
15086	005e3980	3
15087	005e39c0	2
15088	005e39f0	2
15089	005e3a20	3
15090	005e3ab0	0
15091	005e3ad0	2
15092	005e3b10	0
15093	005e3b10	3
15094	005e3b50	2
15095	005e3b80	2
15096	005e3bb0	3
15097	005e3c40	0
15098	005e3c60	2
15099	005e3ca0	0
15100	005e3ca0	3
15101	005e3ce0	2
15102	005e3d10	2
15103	005e3d40	3
15104	005e3dd0	0
15105	005e3df0	2
15106	005e3e30	0
15107	005e3e30	3
15108	005e3e70	2
15109	005e3ea0	2
15110	005e3ed0	3
15111	005e3f60	0
15112	005e3f80	2
15113	005e3fc0	0
15114	005e3fc0	3
15115	005e4000	2
15116	005e4030	2
15117	005e4060	3
15118	005e40f0	0
15119	005e4110	2
15120	005e4150	0
15121	005e4150	3
15122	005e4190	2
15123	005e41c0	2
15124	005e41f0	3
15125	005e4280	0
15126	005e42a0	2
15127	005e42e0	0
15128	005e42e0	3
15129	005e4320	2
15130	005e4350	2
15131	005e4380	3
15132	005e4410	0
15133	005e4430	2
15134	005e4470	0
15135	005e4470	3
15136	005e44b0	2
15137	005e44e0	2
15138	005e4510	3
15139	005e45a0	0
15140	005e45c0	2
15141	005e4600	0
15142	005e4600	3
15143	005e4640	2
15144	005e4670	2
15145	005e46a0	3
15146	005e4730	0
15147	005e4750	2
15148	005e4790	0
15149	005e4790	3
15150	005e47d0	2
15151	005e4800	2
15152	005e4830	3
15153	005e48c0	0
15154	005e48e0	2
15155	005e4920	0
15156	005e4920	3
15157	005e4960	2
15158	005e4990	2
15159	005e49c0	3
15160	005e4a50	0
15161	005e4a70	2
15162	005e4ab0	0
15163	005e4ab0	3
15164	005e4af0	2
15165	005e4b20	2
15166	005e4b50	3
15167	005e4be0	0
15168	005e4c00	2
15169	005e4c40	0
15170	005e4c40	3
15171	005e4c80	2
15172	005e4cb0	2
15173	005e4ce0	3
15174	005e4d70	0
15175	005e4d90	2
15176	005e4dd0	0
15177	005e4dd0	3
15178	005e4e10	2
15179	005e4e40	2
15180	005e4e70	3
15181	005e4f00	0
15182	005e4f20	2
15183	005e4f60	0
15184	005e4f60	3
15185	005e4fa0	2
15186	005e4fd0	2
15187	005e5000	3
15188	005e5090	0
15189	005e50b0	2
15190	005e50f0	0
15191	005e50f0	3
15192	005e5130	2
15193	005e5160	2
15194	005e5190	3
15195	005e5220	0
15196	005e5240	2
15197	005e5280	0
15198	005e5280	3
15199	005e52c0	2
15200	005e52f0	2
15201	005e5320	3
15202	005e53b0	0
15203	005e53d0	2
15204	005e5410	0
15205	005e5410	3
15206	005e5450	2
15207	005e5480	2
15208	005e54b0	3
15209	005e5540	0
15210	005e5560	2
15211	005e55a0	0
15212	005e55a0	3
15213	005e55e0	2
15214	005e5610	2
15215	005e5640	3
15216	005e56d0	0
15217	005e56f0	2
15218	005e5730	0
15219	005e5730	3
15220	005e5770	2
15221	005e57a0	2
15222	005e57d0	3
15223	005e5860	0
15224	005e5880	2
15225	005e58c0	0
15226	005e58c0	3
15227	005e5900	2
15228	005e5930	2
15229	005e5960	3
15230	005e59f0	0
15231	005e5a10	2
15232	005e5a50	0
15233	005e5a50	3
15234	005e5a90	2
15235	005e5ac0	2
15236	005e5af0	3
15237	005e5b80	0
15238	005e5ba0	2
15239	005e5be0	0
15240	005e5be0	3
15241	005e5c20	2
15242	005e5c50	2
15243	005e5c80	3
15244	005e5d10	0
15245	005e5d30	2
15246	005e5d70	0
15247	005e5d70	3
15248	005e5db0	2
15249	005e5de0	2
15250	005e5e10	3
15251	005e5ea0	0
15252	005e5ec0	2
15253	005e5f00	0
15254	005e5f00	3
15255	005e5f40	2
15256	005e5f70	2
15257	005e5fa0	3
15258	005e6030	0
15259	005e6050	2
15260	005e6090	0
15261	005e6090	3
15262	005e60d0	2
15263	005e6100	2
15264	005e6130	3
15265	005e61c0	0
15266	005e61e0	2
15267	005e6220	0
15268	005e6220	3
15269	005e6260	2
15270	005e62b0	2
15271	005e62e0	2
15272	005e6310	0
15273	005e6310	3
15274	005e6350	2
15275	005e6380	3
15276	005e6410	0
15277	005e6430	2
15278	005e6470	0
15279	005e6470	3
15280	005e64b0	2
15281	005e64e0	2
15282	005e6510	3
15283	005e65a0	0
15284	005e65c0	2
15285	005e6600	0
15286	005e6600	3
15287	005e6640	2
15288	005e6670	2
15289	005e66a0	3
15290	005e6730	0
15291	005e6750	2
15292	005e6790	0
15293	005e6790	3
15294	005e67d0	2
15295	005e6800	2
15296	005e6830	3
15297	005e68c0	0
15298	005e68e0	2
15299	005e6920	0
15300	005e6920	3
15301	005e6960	2
15302	005e6990	2
15303	005e69c0	3
15304	005e6a50	0
15305	005e6a70	2
15306	005e6ab0	0
15307	005e6ab0	3
15308	005e6af0	2
15309	005e6b20	2
15310	005e6b50	3
15311	005e6be0	0
15312	005e6c00	2
15313	005e6c40	0
15314	005e6c40	3
15315	005e6c80	2
15316	005e6cb0	2
15317	005e6ce0	3
15318	005e6d70	0
15319	005e6d90	2
15320	005e6dd0	0
15321	005e6dd0	3
15322	005e6e10	2
15323	005e6e40	2
15324	005e6e70	3
15325	005e6ef0	2
15326	005e6f20	2
15327	005e6f60	2
15328	005e6fb0	0
15329	005e6fcb	0
15330	005e6fe1	0
15331	005e6ff7	0
15332	005e700d	0
15333	005e7023	0
15334	005e7039	0
15335	005e704f	0
15336	005e7065	0
15337	005e707b	0
15338	005e7091	0
15339	005e70a7	0
15340	005e70bd	0
15341	005e70d3	0
15342	005e70e9	0
15343	005e7100	6
15344	005e71c3	8
15345	005e72a9	6
15346	005e739a	46
69475	005e77db	3
69476	005e77f1	2
15347	005e7810	0
15348	005e7810	3
15349	005e7850	3
15350	005e78b0	3
69467	005e7903	2
69468	005e7919	3
69469	005e792f	2
69470	005e7956	2
69471	005e796f	2
15351	005e7985	3
69472	005e79d8	2
15352	005e79ee	5
15353	005e7a7c	5
15354	005e7b13	4
15355	005e7b9f	4
15356	005e7c23	5
15357	005e7cb1	5
69473	005e7d48	3
69474	005e7d5e	2
15358	005e7d80	2
15359	005e7db0	2
15360	005e7de0	2
15361	005e7e10	2
15362	005e7e50	5
15363	005e7f10	3
15364	005e7f70	2
15365	005e7fb0	5
15366	005e8070	3
15367	005e80d0	2
15368	005e8110	5
15369	005e81d0	3
15370	005e8230	2
15371	005e8260	7
15372	005e8320	7
15373	005e83e0	7
15374	005e84a0	2
15375	005e84d8	3
15376	005e8561	3
15377	005e85e7	3
15378	005e8637	3
15379	005e86a0	2
15380	005e86f0	0
15381	005e86f0	3
15382	005e8730	2
15383	005e8760	2
15384	005e8790	2
15385	005e87d0	0
15386	005e87d0	3
15387	005e8810	2
15388	005e8840	2
15389	005e8870	0
69452	005e8890	3
69453	005e88a6	4
69454	005e8922	2
69455	005e893b	2
69456	005e8951	3
69457	005e8967	4
69458	005e89e3	2
69459	005e89fc	2
15390	005e8a12	34
69460	005e8d52	57
69461	005e9356	6
69462	005e9415	2
69463	005e9437	2
69464	005e9456	2
15391	005e946c	4
15392	005e94b3	4
15393	005e94fa	4
15394	005e9541	7
15395	005e95e3	8
15396	005e969c	5
15397	005e970b	5
15398	005e977a	5
15399	005e97e9	4
15400	005e9830	3
15401	005e9a70	3
69465	005e9ab1	3
69466	005e9ac7	2
15402	005e9ae0	6
15403	005e9ba0	6
15404	005e9c30	3
15405	005e9c90	2
15406	005e9cd0	2
15407	005e9d00	3
15408	005e9d40	3
15409	005e9d90	3
15410	005e9e10	24
15411	005e9fd0	3
15412	005ea050	3
15413	005ea0d0	0
15414	005ea0f0	0
15415	005ea110	2
15416	005ea140	0
15417	005ea190	0
15418	005ea1b0	0
15419	005ea1d0	0
15420	005ea220	2
15421	005ea260	2
15422	005ea2b0	2
15423	005ea2e0	2
15424	005ea310	2
15425	005ea350	2
15426	005ea3a0	2
15427	005ea3d0	2
15428	005ea400	2
15429	005ea430	2
15430	005ea460	2
15431	005ea490	2
15432	005ea4c0	0
15433	005ea4e0	2
15434	005ea520	2
15435	005ea550	2
15436	005ea580	3
15437	005ea610	2
15438	005ea660	0
15439	005ea660	3
15440	005ea6a0	2
15441	005ea6d0	2
15442	005ea710	0
15443	005ea710	3
15444	005ea750	2
15445	005ea780	2
15446	005ea7b0	2
15447	005ea7e0	2
15448	005ea810	3
15449	005ea8a0	2
15450	005ea8c0	2
15451	005ea900	2
15452	005ea940	3
15453	005ea980	2
15454	005ea9c0	2
15455	005ea9f0	4
15456	005eaa60	7
15457	005eab34	15
15458	005eacc9	12
69450	005eae68	3
69451	005eae7e	2
15459	005eaea0	2
15460	005eaed0	2
15461	005eaf00	0
15462	005eaf20	4
15463	005eaf90	0
69411	005eafb0	2
69412	005eafc1	2
69413	005eafdb	2
69414	005eafec	2
69415	005eb00c	2
69416	005eb01d	2
69417	005eb037	2
69418	005eb048	2
69419	005eb062	2
69420	005eb073	2
69421	005eb08d	2
69422	005eb09e	2
69423	005eb0b8	3
69424	005eb0ce	4
69425	005eb14a	2
69426	005eb163	2
69427	005eb179	3
69428	005eb18f	4
69429	005eb20b	2
69430	005eb224	2
69431	005eb23a	3
69432	005eb250	4
69433	005eb2cc	2
69434	005eb2e5	2
15464	005eb2fb	3
15465	005eb38e	5
15466	005eb433	2
15467	005eb493	10
15468	005eb5a5	6
15469	005eb665	15
15470	005eb7ac	18
15471	005eb93d	6
15472	005eb9fe	23
69435	005ebc9c	3
69436	005ebcb2	4
69437	005ebd2e	2
69438	005ebd47	2
15473	005ebd5d	23
69439	005ebff5	25
15474	005ec1ad	139
69440	005ed216	7
69441	005ed2d9	30
69442	005ed51c	21
69443	005ed6aa	23
15475	005ed8a7	3
69444	005ed8ef	3
69445	005ed905	4
69446	005ed981	2
69447	005ed99a	2
15476	005ed9b0	37
69448	005edd18	3
69449	005edd2e	2
15477	005edd50	0
15478	005edd50	3
15479	005edd90	3
15480	005ede10	2
15481	005ede40	3
15482	005edea0	3
15483	005edf00	0
15484	005edf00	3
15485	005edf40	2
15486	005edf70	0
15487	005edf70	3
15488	005edfb0	2
15489	005edff0	2
15490	005ee020	4
15491	005ee090	0
15492	005ee090	3
15493	005ee0d0	2
15494	005ee100	2
15495	005ee130	0
15496	005ee160	4
15497	005ee200	2
15498	005ee230	2
15499	005ee290	0
15500	005ee290	3
15501	005ee2d0	2
15502	005ee300	2
15503	005ee350	5
15504	005ee3d0	3
15505	005ee410	2
15506	005ee440	2
15507	005ee470	3
15508	005ee4c0	2
15509	005ee4f0	2
15510	005ee520	2
15511	005ee570	2
15512	005ee5b0	0
15513	005ee5d0	11
15514	005ee6a0	4
15515	005ee710	4
15516	005ee7a0	2
15517	005ee7d0	0
15518	005ee7f0	2
15519	005ee820	2
15520	005ee860	0
15521	005ee890	12
15522	005ee970	0
15523	005ee980	0
15524	005ee9a0	2
15525	005ee9d0	2
15526	005eea00	0
15527	005eea20	2
15528	005eea50	0
15529	005eea70	2
15530	005eeaa0	2
15531	005eead0	0
15532	005eeaf0	0
15533	005eeb10	4
15534	005eebc0	8
15535	005eecc0	2
15536	005eecf0	2
15537	005eed20	2
15538	005eed50	2
15539	005eed80	8
15540	005eee80	2
15541	005eeeb0	0
15542	005eeed0	0
15543	005eeef0	4
15544	005eefa0	8
15545	005ef0a0	2
15546	005ef0d0	2
15547	005ef100	2
15548	005ef130	2
15549	005ef160	8
15550	005ef260	6
15551	005ef320	2
15552	005ef350	2
15553	005ef380	2
15554	005ef3b0	2
15555	005ef3e0	2
15556	005ef410	2
15557	005ef440	2
15558	005ef470	2
15559	005ef4a0	2
15560	005ef4d0	2
15561	005ef520	5
15562	005ef5d0	5
15563	005ef670	5
15564	005ef720	5
15565	005ef7c0	3
15566	005ef810	2
15567	005ef860	5
15568	005ef910	5
15569	005ef9b0	5
15570	005efa60	5
15571	005efb00	3
15572	005efb60	3
15573	005efbf0	2
15574	005efc20	0
15575	005efc20	3
15576	005efc60	3
15577	005efce0	0
15578	005efce0	3
15579	005efd20	3
15580	005efda0	3
15581	005efe20	0
15582	005efe40	0
15583	005efe40	3
15584	005efe80	0
15585	005efe80	3
15586	005efec0	0
15587	005efec0	3
15588	005eff00	3
15589	005eff80	0
15590	005eff80	3
15591	005effc0	3
15592	005f0040	3
15593	005f00c0	0
15594	005f00e0	0
15595	005f00e0	3
15596	005f0120	0
15597	005f0120	3
15598	005f0160	0
15599	005f0160	3
15600	005f01a0	2
15601	005f01d0	3
15602	005f0250	0
15603	005f0270	0
15604	005f0270	3
15605	005f02b0	0
15606	005f02b0	3
15607	005f02f0	0
15608	005f0310	4
15609	005f0380	0
15610	005f0380	3
15611	005f03c0	0
15612	005f03e0	4
15613	005f0450	2
15614	005f0480	3
15615	005f0500	0
15616	005f0520	0
15617	005f0520	3
15618	005f0560	0
15619	005f0560	3
15620	005f05a0	0
15621	005f05c0	4
15622	005f0630	0
15623	005f0630	3
15624	005f0670	0
15625	005f0690	4
15626	005f0700	3
15627	005f0760	7
15628	005f0840	5
15629	005f08f0	7
15630	005f09e0	5
15631	005f0aa0	2
15632	005f0ad0	0
15633	005f0af0	0
15634	005f0b10	2
15635	005f0b40	0
15636	005f0b60	0
15637	005f0b80	2
15638	005f0bb0	0
15639	005f0bd0	0
15640	005f0bf0	2
15641	005f0c20	0
15642	005f0c40	0
15643	005f0c60	0
15644	005f0c80	1
15645	005f0c90	1
15646	005f0ca0	1
15647	005f0cb0	1
15648	005f0cc0	1
15649	005f0cd0	1
15650	005f0ce0	1
15651	005f0cf0	1
15652	005f0d00	1
15653	005f0d10	1
15654	005f0d20	1
15655	005f0d30	1
15656	005f0d40	1
15657	005f0d50	1
15658	005f0d60	1
15659	005f0d70	1
69397	005f0d80	2
69398	005f0d91	2
69399	005f0dab	2
69400	005f0dbc	2
69401	005f0ddc	2
69402	005f0ded	2
69403	005f0e07	2
69404	005f0e18	2
69405	005f0e32	2
69406	005f0e43	2
69407	005f0e5d	2
69408	005f0e6e	2
15660	005f0e88	0
15661	005f0e9c	0
15662	005f0eae	4
15663	005f0eea	0
15664	005f0f07	0
15665	005f0f1b	0
15666	005f0f2f	0
15667	005f0f43	6
15668	005f0ff6	0
15669	005f100c	0
15670	005f1022	5
15671	005f1128	2
15672	005f114f	0
15673	005f1163	0
15674	005f1177	0
69409	005f118b	3
69410	005f11a1	2
15675	005f11c0	3
15676	005f1210	2
69379	005f1240	2
69380	005f1251	2
69381	005f126b	2
69382	005f127c	2
69383	005f129c	2
69384	005f12ad	2
69385	005f12c7	2
69386	005f12d8	2
69387	005f12f2	2
69388	005f1303	2
69389	005f131d	2
69390	005f132e	2
15677	005f1348	5
15678	005f147e	0
15679	005f14ab	0
15680	005f14df	0
15681	005f14fa	9
15682	005f15e0	0
15683	005f15fa	0
15684	005f1614	6
15685	005f16a7	6
15686	005f1746	17
15687	005f18fd	4
15688	005f196a	3
15689	005f19b1	10
69391	005f1b15	3
69392	005f1b2b	4
69393	005f1ba7	2
69394	005f1bc0	2
15690	005f1bd6	3
69395	005f1c22	3
69396	005f1c38	2
15691	005f1c60	4
15692	005f1d40	0
15693	005f1d40	3
15694	005f1d90	3
15695	005f1dd0	2
15696	005f1e00	0
15697	005f1e00	3
15698	005f1e50	3
15699	005f1e90	3
15700	005f1f10	6
15701	005f1fc0	2
15702	005f2000	2
15703	005f2030	0
15704	005f2050	0
15705	005f2070	0
15706	005f2090	0
15707	005f20b0	2
15708	005f2100	6
15709	005f2190	3
15710	005f21d0	2
15711	005f2200	3
15712	005f2250	3
15713	005f22c0	0
15714	005f2310	2
15715	005f2340	2
15716	005f2370	11
15717	005f2440	5
15718	005f24b0	4
15719	005f2540	0
15720	005f2560	0
15721	005f2580	2
15722	005f25c0	2
15723	005f25f0	2
15724	005f2620	2
15725	005f2650	2
15726	005f2680	2
15727	005f26c0	2
15728	005f2700	2
15729	005f2730	0
15730	005f2760	4
15731	005f27d0	0
15732	005f27f0	3
15733	005f2880	0
15734	005f2890	1
15735	005f28a0	1
15736	005f28b0	1
15737	005f28c0	1
15738	005f28d0	16
69375	005f2a81	7
69376	005f2b34	2
69377	005f2b4a	3
69378	005f2b60	2
15739	005f2b80	3
15740	005f2c00	3
15741	005f2c60	0
15742	005f2ca0	3
15743	005f2ce0	0
15744	005f2d20	3
15745	005f2d90	3
15746	005f2dd0	0
15747	005f2df0	4
15748	005f2e50	0
15749	005f2e70	4
15750	005f2ed0	2
15751	005f2f10	2
15752	005f2f40	17
15753	005f3180	0
15754	005f31a0	17
15755	005f33f0	2
15756	005f3420	2
15757	005f3470	2
15758	005f34c0	2
15759	005f34f0	0
15760	005f3540	2
15761	005f3590	2
15762	005f35e0	2
15763	005f3610	2
15764	005f3640	0
15765	005f3670	0
15766	005f36b0	2
15767	005f36e0	2
15768	005f3720	2
15769	005f3740	2
15770	005f3770	2
15771	005f37a0	3
15772	005f3830	3
15773	005f3870	3
15774	005f38b0	3
15775	005f3920	6
15776	005f39a0	24
15777	005f3b50	6
15778	005f3bd0	24
15779	005f3d80	0
15780	005f3dd0	0
15781	005f3e20	0
15782	005f3e40	0
15783	005f3e80	0
69305	005f3eb0	3
69306	005f3ec6	2
69307	005f3ee1	2
69308	005f3efa	2
69309	005f3f10	3
69310	005f3f26	2
69311	005f3f41	2
69312	005f3f5a	2
69313	005f3f70	3
69314	005f3f86	4
69315	005f4009	2
69316	005f4022	2
69317	005f4038	3
69318	005f404e	4
69319	005f40d1	2
69320	005f40ea	2
15784	005f4100	17
15785	005f42a8	4
15786	005f4322	2
15787	005f434a	2
15788	005f437b	14
15789	005f44dd	21
69321	005f46c4	3
69322	005f46da	4
69323	005f475d	2
69324	005f4776	2
15790	005f478c	36
15791	005f4b3a	6
69325	005f4ba5	2
69326	005f4bb6	2
69327	005f4bd0	2
69328	005f4be1	2
69329	005f4bfb	2
69330	005f4c0c	2
15792	005f4c26	3
15793	005f4c73	59
69331	005f50df	11
69332	005f51aa	25
69333	005f53ab	16
69334	005f55cf	32
69335	005f588e	28
15794	005f5aec	22
15795	005f5c51	7
15796	005f5cd7	6
15797	005f5d6e	35
69336	005f6011	13
15798	005f6147	4
15799	005f61bf	4
15800	005f6235	15
15801	005f63e7	15
15802	005f6599	30
15803	005f687e	4
69337	005f68ee	3
69338	005f6904	4
69339	005f6980	2
69340	005f6999	2
69341	005f69af	3
69342	005f69c5	4
69343	005f6a48	2
69344	005f6a61	2
15804	005f6a77	5
69345	005f6b0a	3
69346	005f6b20	4
69347	005f6ba3	2
69348	005f6bbc	2
15805	005f6bd2	70
15806	005f7259	17
69349	005f73ef	3
69350	005f7405	4
69351	005f7481	2
69352	005f749a	2
15807	005f74b0	5
15808	005f7543	5
69353	005f75d6	3
69354	005f75ec	4
69355	005f7668	2
69356	005f7681	2
15809	005f7697	27
15810	005f795f	22
69357	005f7b43	3
69358	005f7b59	4
69359	005f7bd5	2
69360	005f7bee	2
15811	005f7c04	5
69361	005f7c97	3
69362	005f7cad	4
69363	005f7d29	2
69364	005f7d42	2
15812	005f7d58	5
69365	005f7deb	3
69366	005f7e01	4
69367	005f7e7d	2
69368	005f7e96	2
15813	005f7eac	5
69369	005f7f3f	3
69370	005f7f55	4
69371	005f7fd1	2
69372	005f7fea	2
15814	005f8000	5
15815	005f8095	5
15816	005f8128	56
15817	005f85f4	31
15818	005f8966	4
15819	005f8a03	27
15820	005f8d18	40
15821	005f90f2	4
15822	005f918d	5
15823	005f921a	32
15824	005f9599	7
15825	005f9688	7
69373	005f9777	3
69374	005f978d	2
15826	005f97b0	4
15827	005f9850	0
15828	005f9850	3
15829	005f9890	2
15830	005f98c0	2
15831	005f98f0	2
15832	005f9920	0
15833	005f9940	0
15834	005f9940	3
15835	005f9980	0
15836	005f99a0	2
15837	005f99e0	0
15838	005f9a00	0
15839	005f9a20	0
15840	005f9a40	0
15841	005f9a60	2
15842	005f9a90	0
15843	005f9ac0	2
15844	005f9af0	2
15845	005f9b40	2
15846	005f9b80	2
15847	005f9bc0	2
15848	005f9c00	0
15849	005f9c30	3
15850	005f9ca0	3
15851	005f9ce0	3
15852	005f9d50	0
15853	005f9d70	3
15854	005f9db0	2
15855	005f9de0	2
15856	005f9e10	0
15857	005f9e30	2
15858	005f9e60	19
15859	005fa020	5
15860	005fa0d0	4
15861	005fa180	2
15862	005fa1b0	2
15863	005fa1e0	0
15864	005fa200	0
15865	005fa220	0
15866	005fa220	3
15867	005fa260	2
15868	005fa290	0
15869	005fa290	3
15870	005fa2d0	7
15871	005fa360	2
15872	005fa3c0	2
15873	005fa410	0
15874	005fa410	3
15875	005fa450	2
15876	005fa480	4
15877	005fa500	6
15878	005fa570	0
15879	005fa590	6
15880	005fa600	0
15881	005fa620	2
15882	005fa650	0
15883	005fa670	0
15884	005fa690	2
15885	005fa6d0	2
15886	005fa710	2
15887	005fa750	2
15888	005fa7a0	2
15889	005fa7d0	2
15890	005fa820	2
15891	005fa890	2
15892	005fa8c0	2
15893	005fa920	0
15894	005fa940	6
15895	005faa20	0
15896	005faa20	3
15897	005faa60	0
15898	005faa60	3
15899	005faaa0	2
15900	005faad0	4
15901	005faba0	2
15902	005fabd0	0
15903	005fabd0	3
15904	005fac10	0
15905	005fac10	3
15906	005fac50	2
15907	005fac90	2
15908	005facc0	3
15909	005fad50	2
15910	005fad80	2
15911	005fadb0	2
15912	005fade0	1
15913	005fadf0	1
15914	005fae00	1
69068	005fae10	2
69069	005fae21	2
69070	005fae3b	2
69071	005fae4c	2
69072	005fae6c	2
69073	005fae7d	2
69074	005fae97	2
69075	005faea8	2
69076	005faec2	2
69077	005faed3	2
69078	005faeed	2
69079	005faefe	2
15915	005faf18	3
15916	005faf8d	3
15917	005fb002	2
15918	005fb03a	0
15919	005fb051	0
15920	005fb069	2
15921	005fb0aa	0
15922	005fb0c1	0
15923	005fb0d9	0
69080	005fb0f1	3
69081	005fb107	4
69082	005fb183	2
69083	005fb19c	2
69084	005fb1b2	3
69085	005fb1c8	4
69086	005fb24b	2
69087	005fb264	2
69088	005fb27a	3
69089	005fb290	4
69090	005fb313	2
69091	005fb32c	2
69092	005fb342	3
69093	005fb358	4
69094	005fb3db	2
69095	005fb3f4	2
69096	005fb40a	3
69097	005fb420	4
69098	005fb4a3	2
69099	005fb4bc	2
69100	005fb4d2	3
69101	005fb4e8	4
69102	005fb56b	2
69103	005fb584	2
69104	005fb59a	3
69105	005fb5b0	4
69106	005fb633	2
69107	005fb64c	2
69108	005fb662	3
69109	005fb678	4
69110	005fb6fb	2
69111	005fb714	2
69112	005fb72a	3
69113	005fb740	4
69114	005fb7c3	2
69115	005fb7dc	2
69116	005fb7f2	3
69117	005fb808	49
69118	005fbc90	2
69119	005fbca9	2
69120	005fbcc8	3
69121	005fbcde	4
69122	005fbd5a	2
69123	005fbd73	2
69124	005fbd89	3
69125	005fbd9f	4
69126	005fbe1b	2
69127	005fbe34	2
69128	005fbe4a	3
69129	005fbe60	4
69130	005fbedc	2
69131	005fbef5	2
15924	005fbf0b	50
15925	005fc2f9	102
69132	005fcbc6	24
69133	005fce20	2
69134	005fce3f	10
69135	005fcf1d	7
69136	005fcf9f	14
69137	005fd0b5	11
69138	005fd1c8	5
69139	005fd267	8
15926	005fd30d	67
15927	005fdbfe	44
15928	005fdf69	27
15929	005fe119	56
69140	005fe5b3	15
15930	005fe6d0	36
15931	005fe9b2	9
15932	005fea8a	12
15933	005febac	28
15934	005fedb8	8
15935	005fee57	5
15936	005feecb	3
15937	005fef01	9
15938	005ff004	4
15939	005ff066	4
15940	005ff0d7	7
15941	005ff1a5	7
15942	005ff273	2
15943	005ff2a4	2
15944	005ff2d2	12
15945	005ff3ca	37
15946	005ff797	37
15947	005ffa8a	2
15948	005ffac6	9
15949	005ffbcf	9
15950	005ffcdb	38
15951	005fff46	27
15952	00600145	26
15953	00600350	28
15954	00600548	26
15955	006006d5	7
15956	0060075a	8
15957	006007f8	12
15958	006008e3	5
15959	00600934	52
69141	00600e57	0
69142	00600e5c	0
69143	00600e61	0
69144	00600e66	0
15960	00600e6b	10
15961	00600f39	10
15962	00601013	2
15963	0060103f	10
15964	0060111c	8
15965	006011c5	19
15966	00601314	21
15967	00601489	8
15968	00601532	10
15969	0060168e	4
15970	006016e2	11
15971	00601831	11
15972	00601960	14
15973	00601b15	38
15974	00601db4	5
69145	00601e0d	3
69146	00601e23	4
69147	00601e9f	2
69148	00601eb8	2
69149	00601ece	3
69150	00601ee4	4
69151	00601f60	2
69152	00601f79	2
69153	00601f8f	3
69154	00601fa5	4
69155	00602021	2
69156	0060203a	2
69157	00602050	3
69158	00602066	4
69159	006020e2	2
69160	006020fb	2
69161	00602111	3
69162	00602127	4
69163	006021a3	2
69164	006021bc	2
15975	006021d2	50
15976	00602663	45
69165	00602af0	15
69166	00602c6f	16
69167	00602e0f	2
69168	00602e25	2
15977	00602e3b	28
15978	00603111	39
15979	00603479	4
15980	006034f3	4
15981	0060356d	25
15982	00603795	8
15983	0060382e	19
69169	00603a36	3
69170	00603a4c	4
69171	00603ac8	2
69172	00603ae1	2
15984	00603af7	26
15985	00603d94	2
15986	00603dd9	2
15987	00603e1e	3
15988	00603e60	107
15989	00604839	6
15990	006048e5	3
69173	00604971	3
69174	00604987	4
69175	00604a03	2
69176	00604a1c	2
69177	00604a32	3
69178	00604a48	4
69179	00604ac4	2
69180	00604add	2
15991	00604af3	33
15992	00604de6	9
15993	00604f16	7
15994	00604fff	3
15995	00605032	17
15996	00605231	21
15997	00605386	24
15998	0060555b	13
15999	00605672	27
16000	00605902	43
16001	00605ce1	13
16002	00605e26	18
16003	00606005	30
16004	006062e1	4
69181	0060638f	3
69182	006063a5	4
69183	00606421	2
69184	0060643a	2
16005	00606450	38
16006	00606784	34
16007	00606a2d	29
16008	00606c9e	2
16009	00606cc4	2
16010	00606cea	9
16011	00606d9f	26
16012	00606ffa	2
16013	00607020	28
16014	0060728c	95
69185	00607b58	9
69186	00607c4a	4
16015	00607cde	14
16016	00607e23	9
69187	00607f22	4
16017	00607fb6	11
16018	006080d1	18
16019	00608219	11
16020	00608347	4
16021	006083d8	26
16022	00608695	24
16023	006088bd	46
69188	00608d7b	3
69189	00608d91	4
69190	00608e0d	2
69191	00608e26	2
16024	00608e3c	26
16025	006090ca	17
16026	00609229	24
69192	006093e1	3
69193	006093f7	4
69194	00609473	2
69195	0060948c	2
69196	006094a2	3
69197	006094b8	4
69198	00609534	2
69199	0060954d	2
16027	00609563	45
16028	00609a28	4
16029	00609a66	2
16030	00609a96	2
16031	00609ac0	42
16032	00609ff5	48
16033	0060a614	14
16034	0060a784	3
16035	0060a7b2	11
16036	0060a8c0	13
16037	0060a9d4	12
16038	0060aad3	50
69200	0060aeda	4
16039	0060af13	13
69201	0060b06b	3
69202	0060b081	4
69203	0060b0fd	2
69204	0060b116	2
16040	0060b12c	32
69205	0060b471	24
16041	0060b6e6	29
16042	0060bb69	18
16043	0060bd71	5
16044	0060bdd3	2
16045	0060be0e	9
16046	0060bf1f	4
16047	0060bf84	4
16048	0060bfe6	3
16049	0060c05f	3
16050	0060c0c3	5
16051	0060c19b	8
69206	0060c2c6	3
69207	0060c2dc	4
69208	0060c358	2
69209	0060c371	2
16052	0060c387	26
16053	0060c66f	3
16054	0060c6a3	9
16055	0060c796	21
16056	0060c962	17
69210	0060cb06	3
69211	0060cb1c	4
69212	0060cb98	2
69213	0060cbb1	2
69214	0060cbc7	3
69215	0060cbdd	4
69216	0060cc59	2
69217	0060cc72	2
16057	0060cc88	10
16058	0060cd2b	2
16059	0060cd55	28
16060	0060d01d	4
16061	0060d098	8
16062	0060d17c	13
16063	0060d285	3
16064	0060d2bf	3
16065	0060d2fe	13
16066	0060d462	12
16067	0060d5af	22
16068	0060d798	3
16069	0060d7e6	30
16070	0060daf7	14
16071	0060dc76	4
69218	0060dcd1	3
69219	0060dce7	4
69220	0060dd63	2
69221	0060dd7c	2
16072	0060dd92	37
69222	0060e09a	3
69223	0060e0b0	4
69224	0060e12c	2
69225	0060e145	2
16073	0060e15b	10
69226	0060e229	3
69227	0060e23f	4
69228	0060e2bb	2
69229	0060e2d4	2
16074	0060e2ea	10
16075	0060e3b8	74
69230	0060e949	11
69231	0060e9ee	9
16076	0060eaca	3
16077	0060eb5b	5
16078	0060ec41	5
16079	0060ecc1	19
16080	0060ee8e	24
16081	0060f02b	36
16082	0060f30e	32
16083	0060f5ee	2
16084	0060f637	2
16085	0060f65e	2
16086	0060f685	2
16087	0060f6af	2
16088	0060f6d9	2
16089	0060f703	2
16090	0060f72d	2
16091	0060f757	40
16092	0060fa1f	24
16093	0060fbe1	9
69232	0060fcd9	4
69233	0060fd36	3
16094	0060fd93	29
16095	0060ffab	53
16096	006103dc	8
16097	006104bd	14
16098	006105dd	2
16099	0061060a	2
16100	00610631	55
16101	00610a53	9
16102	00610b43	13
16103	00610c75	8
16104	00610cf2	0
16105	00610d06	4
69234	00610d8b	3
69235	00610da1	4
69236	00610e1d	2
69237	00610e36	2
16106	00610e4c	9
16107	00610f4a	5
16108	00610fdf	17
16109	0061120b	15
16110	006112fe	14
16111	0061143e	20
16112	006116a0	38
69238	00611962	16
16113	00611b01	17
16114	00611c64	0
16115	00611c8a	2
16116	00611cdb	21
16117	00611eaf	33
16118	00612071	8
16119	0061212c	7
16120	006121d0	24
16121	00612396	32
16122	0061267e	3
16123	006126af	16
16124	0061284e	3
16125	0061288f	24
16126	00612a91	22
16127	00612c7b	9
16128	00612d84	13
16129	00612e90	4
16130	00612ede	11
16131	00612fae	8
16132	00613082	11
16133	00613194	4
16134	006131fd	4
16135	00613256	3
16136	00613290	4
16137	00613307	4
16138	0061337e	3
16139	006133ac	11
16140	0061345e	0
16141	00613481	2
16142	006134b6	0
16143	006134e6	10
16144	006135f5	12
16145	00613745	48
69239	00613b8c	13
69240	00613cd1	13
16146	00613dfb	63
69241	00614367	9
69242	00614437	10
16147	00614510	3
16148	0061455e	26
16149	006147d2	11
69243	00614892	3
69244	006148a8	4
69245	00614924	2
69246	0061493d	2
16150	00614953	18
69247	00614ad2	3
69248	00614ae8	4
69249	00614b64	2
69250	00614b7d	2
69251	00614b93	3
69252	00614ba9	4
69253	00614c25	2
69254	00614c3e	2
69255	00614c54	3
69256	00614c6a	4
69257	00614ce6	2
69258	00614cff	2
69259	00614d15	3
69260	00614d2b	4
69261	00614da7	2
69262	00614dc0	2
69263	00614dd6	3
69264	00614dec	4
69265	00614e68	2
69266	00614e81	2
69267	00614e97	3
69268	00614ead	4
69269	00614f29	2
69270	00614f42	2
69271	00614f58	3
69272	00614f6e	4
69273	00614fea	2
69274	00615003	2
16151	00615019	44
69275	00615421	3
69276	00615437	4
69277	006154b3	2
69278	006154cc	2
69279	006154e2	3
69280	006154f8	4
69281	00615574	2
69282	0061558d	2
69283	006155a3	3
69284	006155b9	4
69285	00615635	2
69286	0061564e	2
69287	00615664	3
69288	0061567a	4
69289	006156f6	2
69290	0061570f	2
69291	00615725	3
69292	0061573b	4
69293	006157b7	2
69294	006157d0	2
69295	006157e6	3
69296	006157fc	4
69297	00615878	2
69298	00615891	2
16152	006158a7	42
16153	00615c8f	0
16154	00615cc2	13
16155	00615dd4	4
16156	00615e4e	4
16157	00615ec8	2
16158	00615f02	7
69299	00615fa5	3
69300	00615fbb	2
69301	00615fd4	7
69302	00615ffe	2
69303	00616017	2
69304	00616030	2
16159	00616050	2
16160	00616080	2
16161	006160c0	2
16162	006160f0	2
16163	00616120	2
16164	00616150	0
16165	00616150	3
16166	00616190	2
16167	006161c0	2
16168	006161f0	2
16169	00616220	2
16170	00616250	14
16171	00616380	2
16172	006163b0	7
16173	00616470	2
16174	006164a0	0
16175	006164a0	3
16176	006164e0	0
16177	00616500	0
16178	00616520	2
16179	00616550	2
16180	00616590	0
16181	006165b0	2
16182	006165e0	2
16183	00616610	3
16184	00616670	3
16185	006166d0	2
16186	00616700	2
16187	00616730	2
16188	00616770	2
16189	006167b0	7
16190	00616860	0
16191	00616890	0
16192	006168b0	2
16193	006168e0	0
16194	006168e0	3
16195	00616920	0
16196	00616940	0
16197	00616960	2
16198	00616990	2
16199	006169c0	2
16200	006169f0	2
16201	00616a30	2
16202	00616a70	0
16203	00616aa0	0
16204	00616ad0	2
16205	00616b00	0
16206	00616b20	0
16207	00616b40	0
16208	00616b60	2
16209	00616ba0	2
16210	00616c00	0
16211	00616c20	2
16212	00616c50	0
16213	00616c70	3
16214	00616cc0	3
16215	00616d10	7
16216	00616da0	0
16217	00616dc0	0
16218	00616de0	0
16219	00616e00	2
16220	00616e30	2
16221	00616e60	2
16222	00616e90	2
16223	00616ec0	0
16224	00616ee0	0
16225	00616f00	2
16226	00616f40	0
16227	00616f60	3
16228	00616fd0	0
16229	00617000	3
16230	00617070	2
16231	006170a0	0
16232	006170c0	0
16233	006170e0	0
16234	00617160	0
16235	00617180	0
16236	006171a0	0
16237	006171c0	0
16238	006171e0	0
16239	00617200	3
16240	00617270	2
16241	006172a0	0
16242	006172c0	0
16243	006172e0	0
16244	00617300	0
16245	00617320	2
16246	00617380	2
16247	006173b0	3
16248	00617420	3
16249	00617490	2
16250	006174c0	4
16251	00617520	0
16252	00617540	0
16253	00617560	2
16254	00617590	0
16255	006175e0	2
16256	00617610	2
16257	00617640	2
16258	00617680	2
16259	006176b0	2
16260	006176e0	2
16261	00617710	4
16262	006177b0	0
16263	006177b0	3
16264	006177f0	2
16265	00617820	2
16266	00617850	5
16267	00617910	3
16268	00617990	3
16269	00617a10	0
16270	00617a10	3
16271	00617a50	0
16272	00617a70	0
16273	00617a70	3
16274	00617ab0	0
16275	00617ab0	3
16276	00617af0	4
16277	00617b60	3
16278	00617bc0	2
16279	00617bf0	4
16280	00617c80	2
16281	00617cd0	3
16282	00617d20	3
16283	00617d50	4
16284	00617e40	2
16285	00617e70	2
16286	00617ea0	2
16287	00617ed0	2
16288	00617f00	2
16289	00617f40	2
16290	00617f70	3
16291	00617fd0	2
16292	00618010	5
16293	006180d0	0
16294	006180d0	3
16295	00618110	4
16296	00618180	3
16297	006181c0	3
16298	00618200	0
16299	00618220	2
16300	00618260	0
16301	00618280	3
16302	006182a0	2
16303	006182f0	0
16304	00618330	0
16305	00618360	3
16306	006183b0	3
16307	00618400	4
16308	00618480	2
16309	006184b0	0
16310	006184d0	0
16311	006184f0	0
16312	00618510	0
16313	00618530	2
16314	00618560	2
16315	00618590	2
16316	006185c0	2
16317	006185f0	0
16318	00618610	0
16319	00618660	0
16320	00618660	3
16321	006186a0	6
16322	00618750	2
16323	00618780	2
16324	006187d0	2
16325	00618800	4
16326	00618870	2
16327	006188c0	2
16328	006188e0	0
16329	00618910	0
16330	00618980	2
16331	006189b0	0
16332	006189d0	0
16333	006189f0	2
16334	00618a20	2
16335	00618a50	2
16336	00618a80	3
16337	00618ae0	0
16338	00618b10	0
16339	00618b40	2
16340	00618b70	2
16341	00618bc0	2
16342	00618bf0	3
16343	00618c40	2
16344	00618c70	2
16345	00618ce0	2
16346	00618d10	3
16347	00618d60	2
16348	00618d90	2
16349	00618dc0	2
16350	00618e20	2
16351	00618e50	2
16352	00618e80	0
16353	00618ea0	0
16354	00618ec0	2
16355	00618ee0	2
16356	00618f10	4
16357	00618f60	4
16358	00618fb0	4
16359	00619000	4
16360	00619050	3
16361	006190a0	3
16362	006190f0	0
16363	00619110	4
16364	00619170	5
16365	00619210	9
16366	006192b0	2
16367	006192e0	2
16368	00619310	2
16369	00619350	6
16370	006193e0	2
16371	00619410	2
16372	00619440	2
16373	00619470	2
16374	006194a0	14
16375	00619590	3
16376	006195e0	3
16377	00619630	3
16378	00619680	3
16379	006196d0	2
16380	00619700	2
16381	00619750	2
16382	00619780	2
16383	006197c0	0
16384	00619800	3
16385	00619880	0
16386	006198d0	2
16387	00619900	2
16388	00619930	2
16389	00619960	2
16390	00619990	3
16391	006199d0	8
16392	00619aa0	7
16393	00619b30	2
16394	00619b60	2
16395	00619b90	2
16396	00619be0	5
16397	00619c60	2
16398	00619cb0	2
16399	00619d00	5
16400	00619d80	3
16401	00619dc0	3
16402	00619e00	2
16403	00619e30	2
16404	00619e60	0
16405	00619e80	3
16406	00619ed0	4
16407	00619f30	9
16408	00619fd0	0
16409	00619ff0	2
16410	0061a020	2
16411	0061a060	2
16412	0061a0a0	2
16413	0061a0d0	2
16414	0061a120	2
16415	0061a160	2
16416	0061a190	5
16417	0061a250	2
16418	0061a2a0	5
16419	0061a320	3
16420	0061a360	2
16421	0061a390	0
16422	0061a3b0	3
16423	0061a400	4
16424	0061a460	9
16425	0061a500	2
16426	0061a530	2
16427	0061a570	2
16428	0061a5b0	2
16429	0061a600	5
16430	0061a680	3
16431	0061a6c0	2
16432	0061a6f0	2
16433	0061a720	3
16434	0061a770	4
16435	0061a7d0	2
16436	0061a800	2
16437	0061a830	2
16438	0061a880	2
16439	0061a8c0	2
16440	0061a8f0	3
16441	0061a950	24
16442	0061ab10	2
16443	0061ab40	3
16444	0061aba0	24
16445	0061ad50	2
16446	0061ada0	5
16447	0061ae20	3
16448	0061ae60	2
16449	0061ae90	3
16450	0061aee0	12
16451	0061afc0	4
16452	0061b020	2
16453	0061b050	2
16454	0061b090	2
16455	0061b0d0	2
16456	0061b120	5
16457	0061b1a0	2
16458	0061b1d0	3
16459	0061b210	3
16460	0061b260	3
16461	0061b2b0	3
16462	0061b300	4
16463	0061b360	2
16464	0061b3b0	5
16465	0061b430	2
16466	0061b460	3
16467	0061b4a0	3
16468	0061b4f0	8
16469	0061b590	6
16470	0061b610	0
16471	0061b660	2
16472	0061b690	0
16473	0061b6b0	2
16474	0061b700	5
16475	0061b780	3
16476	0061b7e0	0
16477	0061b820	3
16478	0061b890	2
16479	0061b8d0	8
16480	0061b9a0	0
16481	0061b9f0	0
16482	0061ba10	7
16483	0061baa0	0
16484	0061bae0	3
16485	0061bb60	7
16486	0061bc30	0
16487	0061bc80	2
16488	0061bcb0	2
16489	0061bce0	3
16490	0061bd20	4
16491	0061bd60	0
16492	0061bda0	3
16493	0061be10	2
16494	0061be40	3
16495	0061be80	0
16496	0061bed0	2
16497	0061bf00	2
16498	0061bf30	3
16499	0061bf70	2
16500	0061bfa0	2
16501	0061bfd0	2
16502	0061c000	0
16503	0061c040	3
16504	0061c0b0	2
16505	0061c0e0	3
16506	0061c120	2
16507	0061c150	3
16508	0061c190	2
16509	0061c1c0	3
16510	0061c200	2
16511	0061c230	2
16512	0061c260	2
16513	0061c2b0	6
16514	0061c340	5
16515	0061c3c0	13
16516	0061c4b0	3
16517	0061c4f0	2
16518	0061c520	3
16519	0061c570	2
16520	0061c5a0	2
16521	0061c5d0	2
16522	0061c610	2
16523	0061c650	0
16524	0061c690	3
16525	0061c700	3
16526	0061c740	30
16527	0061c8c0	2
16528	0061c900	3
16529	0061c940	2
16530	0061c970	0
16531	0061c990	5
16532	0061ca00	0
16533	0061ca20	2
16534	0061ca60	0
16535	0061ca80	0
16536	0061caa0	0
16537	0061cac0	2
16538	0061cb00	2
16539	0061cb30	4
16540	0061cb90	3
16541	0061cbd0	2
16542	0061cc00	4
16543	0061cc70	4
16544	0061cd00	2
16545	0061cd30	4
16546	0061cdc0	11
16547	0061ce90	12
16548	0061cf70	4
16549	0061cfe0	4
16550	0061d070	2
16551	0061d0a0	0
16552	0061d0b0	0
16553	0061d0c0	0
16554	0061d0e0	0
16555	0061d110	2
16556	0061d140	2
16557	0061d180	0
16558	0061d1b0	3
16559	0061d1f0	2
16560	0061d220	11
16561	0061d2f0	12
16562	0061d3d0	4
16563	0061d440	4
16564	0061d4d0	2
16565	0061d500	0
16566	0061d510	0
16567	0061d520	0
16568	0061d540	0
16569	0061d570	2
16570	0061d5a0	2
16571	0061d5e0	2
16572	0061d630	2
16573	0061d670	0
16574	0061d690	11
16575	0061d760	4
16576	0061d7d0	4
16577	0061d860	2
16578	0061d890	0
16579	0061d8a0	0
16580	0061d8c0	2
16581	0061d8f0	2
16582	0061d920	2
16583	0061d960	0
16584	0061d990	3
16585	0061da10	0
16586	0061da60	0
16587	0061da80	0
16588	0061daa0	0
16589	0061daf0	2
16590	0061db30	2
16591	0061db80	2
16592	0061dbb0	2
16593	0061dbe0	3
16594	0061dc50	0
16595	0061dc90	0
16596	0061dcb0	0
16597	0061dcd0	0
16598	0061dd10	2
16599	0061dd50	2
16600	0061dda0	2
16601	0061ddd0	2
16602	0061de00	11
16603	0061ded0	4
16604	0061df40	4
16605	0061dfd0	2
16606	0061e000	0
16607	0061e010	0
16608	0061e020	0
16609	0061e030	2
16610	0061e060	0
16611	0061e080	2
16612	0061e0b0	2
16613	0061e0e0	2
16614	0061e130	0
16615	0061e160	3
16616	0061e1a0	2
16617	0061e1d0	0
16618	0061e1f0	11
16619	0061e2c0	12
16620	0061e3a0	4
16621	0061e410	4
16622	0061e4a0	2
16623	0061e4d0	2
16624	0061e500	3
16625	0061e540	2
16626	0061e570	0
16627	0061e590	11
16628	0061e660	12
16629	0061e740	4
16630	0061e7b0	4
16631	0061e840	2
16632	0061e870	2
16633	0061e8a0	2
16634	0061e8e0	2
16635	0061e930	2
16636	0061e970	0
16637	0061e990	3
16638	0061e9d0	2
16639	0061ea00	4
16640	0061ea70	4
16641	0061eb00	2
16642	0061eb30	3
16643	0061ebb0	2
16644	0061ebf0	2
16645	0061ec20	2
16646	0061ec70	3
16647	0061ecb0	2
16648	0061ece0	15
16649	0061ee00	2
16650	0061ee30	0
16651	0061ee80	0
16652	0061eea0	0
16653	0061eec0	0
16654	0061eee0	4
16655	0061ef50	5
16656	0061efc0	2
16657	0061f000	2
16658	0061f050	2
16659	0061f080	2
16660	0061f0b0	0
16661	0061f0d0	0
16662	0061f0f0	4
16663	0061f150	2
16664	0061f190	2
16665	0061f1c0	0
16666	0061f1e0	0
16667	0061f200	0
16668	0061f220	0
16669	0061f240	4
16670	0061f2a0	2
16671	0061f2e0	2
16672	0061f310	0
16673	0061f330	0
16674	0061f350	3
16675	0061f390	2
16676	0061f3c0	11
16677	0061f490	5
16678	0061f500	4
16679	0061f570	4
16680	0061f600	2
16681	0061f630	0
16682	0061f640	0
16683	0061f650	0
16684	0061f670	2
16685	0061f6a0	2
16686	0061f6e0	2
16687	0061f720	2
16688	0061f750	0
16689	0061f780	0
16690	0061f7a0	4
16691	0061f800	2
16692	0061f840	0
16693	0061f870	2
16694	0061f8a0	2
16695	0061f8e0	2
16696	0061f920	2
16697	0061f950	12
16698	0061fa30	0
16699	0061fa40	0
16700	0061fa50	2
16701	0061fa80	2
16702	0061fab0	2
16703	0061fae0	2
16704	0061fb30	2
16705	0061fb70	0
16706	0061fb80	0
16707	0061fb90	2
16708	0061fbc0	0
16709	0061fbd0	2
16710	0061fc00	2
16711	0061fc30	2
16712	0061fc60	2
16713	0061fc90	0
16714	0061fcb0	0
16715	0061fcc0	2
16716	0061fcf0	2
16717	0061fd20	2
16718	0061fd50	2
16719	0061fd80	0
16720	0061fda0	2
16721	0061fdd0	0
16722	0061fe00	12
16723	0061fee0	0
16724	0061fef0	0
16725	0061ff00	2
16726	0061ff30	2
16727	0061ff60	2
16728	0061ff90	0
16729	0061ffb0	0
16730	0061ffd0	2
16731	00620000	2
16732	00620030	2
16733	00620060	2
16734	00620090	2
16735	006200c0	2
16736	006200f0	2
16737	00620120	0
16738	00620140	0
16739	00620150	0
16740	00620160	0
16741	00620170	2
16742	006201a0	2
16743	006201d0	2
16744	00620200	2
16745	00620230	0
16746	00620250	2
16747	00620280	2
16748	006202d0	2
16749	00620310	0
16750	00620320	0
16751	00620330	0
16752	00620340	2
16753	00620370	2
16754	006203a0	2
16755	006203d0	2
16756	00620400	0
16757	00620420	2
16758	00620450	0
16759	00620480	12
16760	00620560	0
16761	00620570	0
16762	00620580	2
16763	006205b0	2
16764	006205e0	2
16765	00620610	2
16766	00620660	2
16767	006206a0	2
16768	006206f0	2
16769	00620720	2
16770	00620750	0
16771	00620770	134
16772	00620fa0	7
16773	00621030	10
16774	00621150	2
16775	00621180	2
16776	006211b0	2
16777	006211e0	2
16778	00621210	2
16779	00621260	2
16780	006212a0	17
16781	00621500	2
16782	00621530	2
16783	00621560	0
16784	00621580	17
16785	006217c0	2
16786	006217f0	17
16787	00621a30	2
16788	00621a60	12
16789	00621b40	0
16790	00621b50	2
16791	00621b80	2
16792	00621bb0	2
16793	00621be0	0
16794	00621c00	0
16795	00621c30	0
16796	00621c50	2
16797	00621ca0	0
16798	00621cc0	17
16799	00621f10	0
16800	00621f40	0
16801	00621f50	2
16802	00621f80	0
16803	00621fa0	0
16804	00621fc0	2
16805	00622000	0
16806	00622030	2
16807	00622060	0
16808	00622080	2
16809	006220c0	0
16810	006220f0	0
16811	00622110	2
16812	00622140	0
16813	00622150	2
16814	00622180	0
16815	006221a0	0
16816	006221c0	2
16817	00622200	0
16818	00622230	2
16819	00622260	0
16820	00622270	0
16821	00622280	0
16822	00622290	0
16823	006222a0	0
16824	006222b0	19
16825	006223f0	3
16826	00622430	3
16827	00622470	19
16828	006225b0	4
16829	00622610	2
16830	00622640	0
16831	00622660	0
16832	00622680	2
16833	006226b0	0
16834	006226e0	2
16835	00622730	0
16836	00622780	2
16837	006227d0	2
16838	00622820	2
16839	00622850	0
16840	006228a0	2
16841	006228f0	2
16842	00622940	2
16843	00622970	2
16844	006229a0	2
16845	006229f0	2
16846	00622a40	7
16847	00622af0	2
16848	00622b20	2
16849	00622b50	0
16850	00622b80	0
16851	00622bb0	3
16852	00622c40	3
16853	00622cd0	3
16854	00622d70	4
16855	00622e30	3
16856	00622e70	0
16857	00622e90	0
16858	00622eb0	2
16859	00622f40	8
16860	00623000	0
16861	00623020	3
16862	00623090	4
16863	00623100	0
16864	00623120	0
16865	00623140	3
16866	00623180	0
16867	006231b0	2
16868	006231e0	2
16869	00623210	2
16870	00623240	2
16871	00623270	2
16872	006232a0	2
16873	006232d0	2
16874	00623300	2
16875	00623330	2
16876	00623360	2
16877	00623390	0
16878	006233b0	0
16879	006233d0	0
16880	00623400	2
16881	00623430	0
16882	00623450	0
16883	00623470	2
16884	006234a0	2
16885	006234d0	2
16886	00623500	0
16887	00623520	0
16888	00623540	0
16889	00623560	2
16890	006235b0	0
16891	006235f0	8
16892	006236b0	8
16893	00623770	2
16894	006237e0	3
16895	00623860	2
16896	006238a0	8
16897	00623980	8
16898	00623a60	8
16899	00623b20	8
16900	00623be0	3
16901	00623c60	2
16902	00623ca0	2
16903	00623cd0	2
16904	00623d00	0
16905	00623d20	0
16906	00623d40	2
16907	00623d70	2
16908	00623da0	2
16909	00623dd0	0
16910	00623df0	0
16911	00623e10	2
16912	00623e50	2
16913	00623eb0	4
16914	00623f50	0
16915	00623f70	2
16916	00623fa0	0
16917	00623fc0	2
16918	00623ff0	0
16919	00624030	2
16920	00624080	0
16921	006240c0	0
16922	00624100	2
16923	00624140	2
16924	006241a0	4
16925	00624240	0
16926	00624260	3
16927	006242d0	0
16928	006242f0	3
16929	00624330	2
16930	00624360	0
16931	00624380	2
16932	006243b0	2
16933	006243e0	19
16934	006245a0	2
16935	006245e0	0
16936	00624600	2
16937	00624630	2
16938	00624660	2
16939	00624690	0
16940	006246b0	3
16941	00624720	4
16942	00624790	0
16943	006247b0	0
16944	006247d0	3
16945	00624810	2
16946	00624840	2
16947	00624870	19
16948	00624a30	4
16949	00624ad0	2
16950	00624b10	0
16951	00624b30	4
16952	00624be0	4
16953	00624c90	0
16954	00624cb0	2
16955	00624d00	0
16956	00624d40	0
16957	00624d80	0
16958	00624dc0	2
16959	00624de0	2
16960	00624e00	6
16961	00624e70	10
16962	00624f50	3
16963	00624f80	2
16964	00624fb0	2
16965	00624fe0	2
16966	00625010	2
16967	00625040	4
16968	006250f0	6
16969	006251b0	4
16970	00625260	3
16971	00625290	2
16972	006252c0	2
16973	006252f0	2
16974	00625320	0
16975	00625340	0
16976	00625360	4
16977	00625410	6
16978	006254d0	2
16979	00625500	2
16980	00625530	2
16981	00625560	2
16982	00625590	6
16983	00625660	4
16984	00625710	4
16985	006257c0	8
16986	006258c0	2
16987	006258f0	2
16988	00625920	2
16989	00625950	2
16990	00625980	0
16991	006259a0	0
16992	006259c0	4
16993	00625a70	8
16994	00625b70	2
16995	00625ba0	2
16996	00625bd0	2
16997	00625c00	0
16998	00625c20	2
16999	00625c50	0
17000	00625c70	2
17001	00625ca0	2
17002	00625cd0	0
17003	00625cf0	0
17004	00625d10	2
17005	00625d40	2
17006	00625d70	0
17007	00625d90	0
17008	00625db0	2
17009	00625de0	2
17010	00625e10	0
17011	00625e30	0
17012	00625e50	2
17013	00625e80	4
17014	00625ed0	4
17015	00625f50	4
17016	00626000	6
17017	006260c0	2
17018	006260f0	2
17019	00626120	4
17020	006261d0	6
17021	00626290	4
17022	00626340	2
17023	00626370	4
17024	00626420	6
17025	006264e0	2
17026	00626510	2
17027	00626540	5
17028	006265a0	11
17029	00626650	2
17030	00626690	0
17031	006266c0	0
17032	006266d0	2
17033	00626700	2
17034	00626730	2
17035	00626750	2
17036	00626790	2
17037	006267c0	0
17038	006267d0	3
17039	00626860	2
17040	00626880	3
17041	00626910	2
17042	00626930	3
17043	006269c0	3
17044	00626a50	2
17045	00626a70	2
17046	00626ad0	0
17047	00626ae0	3
17048	00626b70	3
17049	00626c00	2
17050	00626c20	2
17051	00626c80	0
17052	00626c90	2
17053	00626cb0	0
17054	00626ce0	2
17055	00626d10	2
17056	00626d50	3
17057	00626de0	2
17058	00626e10	2
17059	00626e40	2
17060	00626e80	2
17061	00626ea0	2
17062	00626ed0	2
17063	00626f10	2
17064	00626f40	2
17065	00626fa0	0
17066	00626fe0	0
17067	00627020	2
17068	00627050	2
17069	00627070	2
17070	006270a0	2
17071	006270c0	0
17072	006270d0	2
17073	006270f0	2
17074	00627120	2
17075	00627150	0
17076	00627160	3
17077	006271f0	3
17078	00627280	0
17079	00627280	3
17080	006272c0	2
17081	006272f0	0
17082	006272f0	3
17083	00627330	0
17084	00627330	3
17085	00627370	2
17086	006273a0	0
17087	006273a0	3
17088	006273e0	3
17089	00627520	3
17090	00627560	3
17091	006275a0	3
17092	006275e0	3
17093	00627680	3
17094	006277f0	3
17095	00627830	3
17096	00627870	3
17097	006278b0	2
17098	006278f0	3
17099	00627930	3
17100	00627970	3
17101	006279b0	3
17102	006279f0	2
17103	00627a30	2
17104	00627a60	2
17105	00627a90	2
17106	00627ae0	2
17107	00627b10	2
17108	00627b40	2
17109	00627b80	2
17110	00627bb0	14
17111	00627ca0	2
17112	00627cd0	2
17113	00627d00	2
17114	00627d30	0
17115	00627d70	2
17116	00627da0	0
17117	00627de0	2
17118	00627e10	2
17119	00627e40	7
17120	00627ed0	2
17121	00627f00	2
17122	00627f30	2
17123	00627f60	2
17124	00627f90	2
17125	00627fc0	2
17126	00627ff0	2
17127	00628020	2
17128	00628050	2
17129	00628080	2
17130	006280b0	2
17131	006280e0	2
17132	00628110	2
17133	00628140	2
17134	00628170	2
17135	006281d0	2
17136	00628210	2
17137	00628270	2
17138	006282b0	2
17139	00628310	2
17140	00628350	3
17141	006283e0	2
17142	00628410	2
17143	00628470	2
17144	006284b0	2
17145	00628510	2
17146	00628570	3
17147	00628600	2
17148	00628650	3
17149	006286e0	2
17150	00628730	2
17151	00628790	2
17152	006287d0	2
17153	00628830	5
17154	006288f0	5
17155	00628990	5
17156	00628a40	2
17157	00628aa0	3
17158	00628b30	5
17159	00628bd0	3
17160	00628c30	2
17161	00628c90	2
17162	00628ce0	3
17163	00628d70	2
17164	00628db0	2
17165	00628e00	2
17166	00628e40	3
17167	00628ed0	2
17168	00628f00	3
17169	00628f80	2
17170	00628fb0	2
17171	00629010	2
17172	00629060	3
17173	006290f0	2
17174	00629130	0
17175	00629130	3
17176	00629170	0
17177	00629170	3
17178	006291b0	0
17179	006291b0	3
17180	006291f0	3
17181	00629270	0
17182	00629270	3
17183	006292b0	0
17184	006292b0	3
17185	006292f0	0
17186	006292f0	3
17187	00629330	3
17188	006293b0	0
17189	006293b0	3
17190	006293f0	3
17191	00629470	3
17192	006294f0	0
17193	00629510	0
17194	00629510	3
17195	00629550	0
17196	00629550	3
17197	00629590	0
17198	00629590	3
17199	006295d0	0
17200	006295d0	3
17201	00629610	3
17202	00629690	0
17203	00629690	3
17204	006296d0	3
17205	00629750	3
17206	006297d0	0
17207	006297f0	0
17208	006297f0	3
17209	00629830	0
17210	00629830	3
17211	00629870	3
17212	006298f0	0
17213	006298f0	3
17214	00629930	0
17215	00629930	3
17216	00629970	3
17217	006299f0	0
17218	006299f0	3
17219	00629a30	0
17220	00629a30	3
17221	00629a70	0
17222	00629a70	3
17223	00629ab0	0
17224	00629ab0	3
17225	00629af0	0
17226	00629af0	3
17227	00629b30	3
17228	00629bb0	0
17229	00629bb0	3
17230	00629bf0	2
17231	00629c20	2
17232	00629c50	2
17233	00629c80	3
17234	00629d00	0
17235	00629d20	0
17236	00629d20	3
17237	00629d60	0
17238	00629d60	3
17239	00629da0	0
17240	00629dc0	3
17241	00629e20	2
17242	00629e50	2
17243	00629e80	3
17244	00629f00	0
17245	00629f20	0
17246	00629f20	3
17247	00629f60	0
17248	00629f60	3
17249	00629fa0	0
17250	00629fc0	3
17251	0062a020	0
17252	0062a020	3
17253	0062a060	0
17254	0062a080	3
17255	0062a0e0	2
17256	0062a110	2
17257	0062a140	3
17258	0062a1c0	0
17259	0062a1e0	0
17260	0062a1e0	3
17261	0062a220	0
17262	0062a220	3
17263	0062a260	0
17264	0062a280	4
17265	0062a2f0	0
17266	0062a2f0	3
17267	0062a330	0
17268	0062a350	2
17269	0062a380	3
17270	0062a400	0
17271	0062a420	0
17272	0062a420	3
17273	0062a460	0
17274	0062a460	3
17275	0062a4a0	0
17276	0062a4c0	4
17277	0062a530	2
17278	0062a560	3
17279	0062a5e0	0
17280	0062a600	0
17281	0062a600	3
17282	0062a640	0
17283	0062a640	3
17284	0062a680	0
17285	0062a6a0	3
17286	0062a700	2
17287	0062a730	3
17288	0062a790	3
17289	0062a7f0	2
17290	0062a820	3
17291	0062a8a0	0
17292	0062a8c0	0
17293	0062a8c0	3
17294	0062a900	0
17295	0062a900	3
17296	0062a940	0
17297	0062a960	3
17298	0062a9c0	0
17299	0062a9e0	4
17300	0062aa50	0
17301	0062aa70	4
17302	0062aae0	4
17303	0062ab60	4
17304	0062abe0	7
17305	0062acd0	5
17306	0062ad90	4
17307	0062ae00	4
17308	0062ae70	0
17309	0062ae90	0
17310	0062aeb0	3
17311	0062af50	2
17312	0062af80	0
17313	0062afd0	2
17314	0062b000	6
17315	0062b070	0
17316	0062b090	0
17317	0062b0b0	2
17318	0062b0e0	2
17319	0062b110	2
17320	0062b140	4
17321	0062b1d0	4
17322	0062b260	0
17323	0062b290	2
17324	0062b2c0	0
17325	0062b2f0	4
17326	0062b370	6
17327	0062b3e0	0
17328	0062b400	2
17329	0062b430	2
17330	0062b460	0
17331	0062b480	0
17332	0062b4a0	2
17333	0062b4e0	4
17334	0062b560	6
17335	0062b5d0	2
17336	0062b600	0
17337	0062b620	0
17338	0062b640	2
17339	0062b680	2
17340	0062b6c0	2
17341	0062b710	2
17342	0062b740	2
17343	0062b790	2
17344	0062b7f0	2
17345	0062b820	2
17346	0062b880	0
17347	0062b8a0	9
17348	0062b990	2
17349	0062b9b0	4
17350	0062ba00	2
17351	0062ba30	0
17352	0062ba50	0
17353	0062ba70	4
17354	0062bac0	4
17355	0062bb10	2
17356	0062bb40	0
17357	0062bb60	0
17358	0062bb80	2
17359	0062bbb0	0
17360	0062bbd0	0
17361	0062bbf0	2
17362	0062bc20	0
17363	0062bc40	0
17364	0062bc60	2
17365	0062bc90	0
17366	0062bcb0	0
17367	0062bcd0	2
17368	0062bd00	0
17369	0062bd20	0
17370	0062bd40	2
17371	0062bd70	0
17372	0062bd90	0
17373	0062bdb0	3
17374	0062bdf0	0
17375	0062bdf0	3
17376	0062be30	2
17377	0062be70	2
17378	0062bea0	2
17379	0062bed0	4
17380	0062bfa0	2
17381	0062bfd0	0
17382	0062bfd0	3
17383	0062c010	0
17384	0062c010	3
17385	0062c050	0
17386	0062c090	3
17387	0062c110	0
17388	0062c140	0
17389	0062c170	0
17390	0062c1a0	2
17391	0062c1e0	2
17392	0062c210	2
17393	0062c240	3
17394	0062c2a0	3
17395	0062c300	2
17396	0062c330	3
17397	0062c3c0	2
17398	0062c400	2
17399	0062c460	0
17400	0062c490	4
17401	0062c520	0
17402	0062c540	2
17403	0062c560	2
17404	0062c590	3
17405	0062c5d0	2
17406	0062c600	9
17407	0062c680	9
17408	0062c700	0
17409	0062c720	17
17410	0062c980	5
17411	0062c9f0	0
17412	0062ca10	17
17413	0062cc20	5
17414	0062cc90	2
17415	0062cce0	2
17416	0062cd30	0
17417	0062cd60	2
17418	0062cd90	2
17419	0062cdd0	2
17420	0062ce10	0
17421	0062ce40	0
17422	0062ce70	0
17423	0062cea0	0
17424	0062ceb0	1
17425	0062cec0	1
17426	0062ced0	1
17427	0062cee0	1
17428	0062cef0	1
17429	0062cf00	1
17430	0062cf10	1
17431	0062cf20	1
17432	0062cf30	1
17433	0062cf40	1
17434	0062cf50	1
17435	0062cf60	1
17436	0062cf70	1
17437	0062cf80	1
17438	0062cf90	1
17439	0062cfa0	1
17440	0062cfb0	1
17441	0062cfc0	1
17442	0062cfd0	1
17443	0062cfe0	1
17444	0062cff0	1
17445	0062d000	1
17446	0062d010	1
17447	0062d020	1
17448	0062d030	1
17449	0062d040	1
17450	0062d050	1
17451	0062d060	1
17452	0062d070	1
17453	0062d080	1
17454	0062d090	1
17455	0062d0a0	1
17456	0062d0b0	1
17457	0062d0c0	1
17458	0062d0d0	1
17459	0062d0e0	1
17460	0062d0f0	1
69052	0062d100	2
69053	0062d111	2
69054	0062d12b	2
69055	0062d13c	2
69056	0062d15c	2
69057	0062d16d	2
69058	0062d187	2
69059	0062d198	2
69060	0062d1b2	2
69061	0062d1c3	2
69062	0062d1dd	2
69063	0062d1ee	2
17461	0062d208	3
17462	0062d2e1	4
17463	0062d358	9
17464	0062d400	15
17465	0062d564	4
17466	0062d5f8	5
17467	0062d677	10
17468	0062d753	9
17469	0062d806	10
17470	0062d8c8	10
17471	0062d99c	10
17472	0062da4c	16
17473	0062dbbc	14
17474	0062dd07	10
17475	0062de84	4
17476	0062df07	0
17477	0062df22	2
69064	0062df6e	3
69065	0062df84	2
69066	0062df9d	3
69067	0062dfb3	2
17478	0062dfd0	2
17479	0062e000	2
69039	0062e050	2
69040	0062e061	2
69041	0062e07b	2
69042	0062e08c	2
69043	0062e0ac	2
69044	0062e0bd	2
69045	0062e0d7	2
69046	0062e0e8	2
69047	0062e102	2
69048	0062e113	2
69049	0062e12d	2
69050	0062e13e	2
17480	0062e158	4
17481	0062e1cc	9
69051	0062e2a4	0
17482	0062e2a9	8
17483	0062e370	2
17484	0062e3b0	3
17485	0062e418	3
17486	0062e492	3
17487	0062e515	13
17488	0062e614	11
69037	0062e6f7	3
69038	0062e70d	2
17489	0062e730	0
17490	0062e730	3
17491	0062e770	2
17492	0062e7a0	2
17493	0062e7d0	3
17494	0062e830	3
17495	0062e8a0	2
17496	0062e8e0	2
17497	0062e910	2
17498	0062e940	3
17499	0062e9a0	3
17500	0062ea20	2
17501	0062ea60	0
17502	0062ea70	0
17503	0062eab0	9
17504	0062eb30	0
17505	0062eb50	0
17506	0062eb90	17
17507	0062eda0	5
17508	0062ee10	2
17509	0062ee60	2
17510	0062eeb0	2
17511	0062eee0	2
17512	0062ef10	4
17513	0062efa0	0
17514	0062efd0	0
17515	0062f000	0
17516	0062f030	2
17517	0062f060	2
17518	0062f0c0	19
17519	0062f389	3
17520	0062f3e4	0
17521	0062f3fb	0
17522	0062f415	0
17523	0062f485	3
17524	0062f4f1	2
17525	0062f528	2
17526	0062f55f	13
17527	0062f7b1	6
17528	0062f870	3
17529	0062f8d8	5
17530	0062f98f	5
17531	0062fa24	25
17532	0062fce1	5
17533	0062fd44	5
69035	0062fd9c	3
69036	0062fdb2	2
17534	0062fdd0	0
17535	0062fdf0	2
17536	0062fe20	2
17537	0062fe50	2
17538	0062fe80	0
17539	0062fe80	3
17540	0062fec0	3
17541	0062ff40	3
17542	0062ffb0	6
17543	00630060	0
17544	00630080	0
17545	006300c0	9
17546	00630140	3
17547	00630180	4
17548	006301f0	17
17549	00630450	5
17550	006304c0	2
17551	00630510	2
17552	00630540	2
17553	00630570	2
17554	006305a0	2
17555	006305d0	4
17556	00630640	2
17557	00630670	2
17558	006306b0	0
17559	006306e0	0
17560	006306f7	6
17561	006307c4	5
69033	00630876	3
69034	0063088c	2
17562	006308b0	0
17563	006308b0	3
17564	006308f0	2
17565	00630920	2
17566	00630960	0
17567	00630960	3
17568	006309a0	2
17569	006309d0	2
17570	00630a10	2
17571	00630a40	2
17572	00630a70	3
17573	00630b00	2
17574	00630b30	4
17575	00630c00	2
17576	00630c50	2
17577	00630c80	2
17578	00630cd0	2
17579	00630d40	2
17580	00630d70	2
17581	00630dd0	0
17582	00630dd0	3
17583	00630e10	2
17584	00630e40	0
17585	00630e40	3
17586	00630e80	0
17587	00630e80	3
17588	00630ec0	2
17589	00630ef0	2
17590	00630f20	2
17591	00630f50	1
17592	00630f60	1
17593	00630f70	4
17594	00630fe7	4
17595	0063106e	4
17596	006310e2	2
17597	0063112b	2
69031	00631154	3
69032	0063116a	2
17598	00631190	0
17599	00631190	3
17600	006311d0	2
69015	00631200	2
69016	00631211	2
69017	0063122b	2
69018	0063123c	2
69019	0063125c	2
69020	0063126d	2
69021	00631287	2
69022	00631298	2
69023	006312b2	2
69024	006312c3	2
69025	006312dd	2
69026	006312ee	2
17601	00631308	15
17602	0063144e	2
17603	00631485	5
17604	006314f8	2
17605	00631513	5
17606	006315c0	6
17607	0063167b	3
17608	006316e0	9
17609	006317e3	3
17610	00631814	3
17611	00631852	3
17612	00631883	3
17613	006318b4	4
17614	00631902	4
17615	00631950	3
17616	00631987	3
17617	006319be	4
17618	00631a0c	4
17619	00631a5a	8
17620	00631b2d	8
17621	00631c00	3
17622	00631c37	3
17623	00631c6e	3
17624	00631ca5	27
17625	00631eb4	5
17626	00631f56	25
17627	0063214a	12
17628	0063228e	18
17629	00632431	17
69027	006325be	3
69028	006325d4	2
69029	006325ed	3
69030	00632603	2
17630	00632620	4
17631	00632690	0
17632	006326b0	2
17633	006326e0	0
17634	00632700	2
17635	00632730	2
17636	00632760	2
17637	00632790	2
17638	006327c0	2
17639	006327f0	0
17640	006327f0	3
17641	00632830	5
17642	006328e0	0
17643	00632900	2
17644	00632930	2
17645	00632960	3
17646	006329e0	3
17647	00632a60	2
17648	00632a90	3
17649	00632ad0	3
17650	00632b20	3
17651	00632b80	6
17652	00632c00	3
17653	00632c70	3
17654	00632cd0	6
17655	00632d50	3
17656	00632dc0	0
17657	00632de0	0
17658	00632e00	0
17659	00632e50	2
17660	00632e90	2
17661	00632ee0	2
17662	00632f10	2
17663	00632f40	0
17664	00632f60	0
17665	00632f80	0
17666	00632fd0	2
17667	00633010	2
17668	00633060	2
17669	00633090	2
17670	006330c0	2
17671	006330f0	2
17672	00633120	2
17673	00633150	2
17674	00633180	2
17675	006331c0	2
17676	00633220	4
17677	006332b0	0
17678	006332d0	0
17679	006332f0	8
17680	006333d0	2
17681	00633400	2
17682	00633440	8
17683	00633520	8
17684	00633600	2
17685	00633640	4
17686	00633680	2
17687	006336b0	6
17688	00633770	6
17689	00633840	2
17690	00633870	4
17691	00633900	0
17692	00633940	0
17693	00633980	2
17694	006339b0	2
17695	006339e0	3
17696	00633a70	2
17697	00633a90	2
17698	00633af0	2
17699	00633b10	3
17700	00633b50	2
17701	00633b80	0
17702	00633ba0	2
17703	00633bd0	3
17704	00633c10	3
17705	00633c50	5
17706	00633cd0	2
17707	00633d00	2
17708	00633d30	2
17709	00633d60	0
17710	00633d80	0
17711	00633da0	0
17712	00633dd0	4
17713	00633e60	4
17714	00633ef0	0
17715	00633f10	0
17716	00633f30	2
17717	00633f80	2
17718	00633fc0	2
17719	00634000	2
17720	00634030	2
17721	00634060	2
17722	00634090	2
17723	006340c0	2
17724	006340f0	2
17725	00634120	2
17726	00634150	3
17727	006341a0	8
17728	00634280	2
17729	006342b0	2
17730	006342e0	3
17731	00634330	2
17732	00634360	2
17733	00634390	0
17734	006343c0	2
17735	006343f0	3
17736	00634440	2
17737	006344b0	2
17738	006344e0	0
17739	00634500	0
17740	00634540	0
17741	00634580	3
17742	006345d0	3
17743	00634620	9
17744	006346a0	9
17745	00634720	0
17746	00634740	17
17747	00634980	5
17748	006349f0	0
17749	00634a10	17
17750	00634c50	5
17751	00634cc0	2
17752	00634d10	2
17753	00634d60	2
17754	00634d90	2
17755	00634dd0	2
17756	00634e10	0
17757	00634e40	0
17758	00634e70	0
17759	00634ea0	2
68992	00634ed0	2
68993	00634ee1	2
68994	00634efb	2
68995	00634f0c	2
68996	00634f2c	2
68997	00634f3d	2
68998	00634f57	2
68999	00634f68	2
69000	00634f82	2
69001	00634f93	2
69002	00634fad	2
69003	00634fbe	2
69004	00634fd8	2
69005	00634fe9	2
17760	00635009	0
17761	00635039	16
17762	00635232	16
17763	006353ee	5
17764	00635581	5
17765	00635670	4
17766	00635710	54
17767	00635b1d	8
17768	00635bd8	4
69006	00635c1a	22
17769	00635dc7	7
17770	00635e51	36
69007	0063617c	0
69008	00636217	9
69009	0063634e	32
17771	006365a4	3
17772	006365f7	54
69010	006369d8	17
17773	00636b2e	3
17774	00636b65	3
17775	00636b9c	3
17776	00636bd3	4
17777	00636c3b	5
17778	00636cb3	5
17779	00636d17	3
69011	00636d66	3
69012	00636d7c	2
69013	00636d95	3
69014	00636dab	2
17780	00636dd0	0
17781	00636e10	0
17782	00636e60	0
17783	00636e80	0
17784	00636ea0	4
17785	00636f30	2
17786	00636f60	0
17787	00636f60	3
17788	00636fa0	3
17789	00637010	2
17790	00637040	0
17791	00637070	0
17792	00637090	0
17793	006370b0	0
17794	006370d0	0
17795	006370f0	0
17796	00637130	0
17797	00637170	2
17798	006371a0	0
17799	00637200	2
17800	00637250	2
17801	006372a0	0
17802	006372c0	4
17803	00637320	0
17804	00637340	2
17805	00637390	2
17806	006373e0	0
17807	00637420	0
17808	00637440	0
17809	00637460	0
17810	006374a0	3
17811	00637520	0
17812	00637540	0
17813	00637560	9
17814	006375e0	0
17815	00637610	2
17816	00637650	2
17817	006376c0	2
17818	006376f0	3
17819	00637770	3
17820	006377f0	0
17821	00637810	0
17822	00637830	2
17823	00637860	2
17824	006378b0	0
17825	006378d0	0
17826	00637920	17
17827	00637b80	5
17828	00637bf0	2
17829	00637c30	2
17830	00637c60	0
17831	00637c80	0
17832	00637ca0	2
17833	00637ce0	2
17834	00637d30	2
17835	00637d60	2
17836	00637d90	2
17837	00637de0	2
17838	00637e30	2
17839	00637e60	2
17840	00637e90	2
17841	00637ec0	2
17842	00637ef0	2
17843	00637f20	2
17844	00637f50	2
17845	00637f80	0
17846	00637fa0	0
17847	00637fc0	2
17848	00638000	2
17849	00638060	0
17850	00638080	4
17851	00638120	0
17852	00638140	7
17853	00638230	3
17854	006382a0	4
17855	00638320	3
17856	00638380	2
17857	006383b0	2
17858	006383e0	2
17859	00638420	2
17860	00638460	2
17861	00638490	2
17862	006384c0	2
17863	006384e0	2
17864	00638540	0
17865	00638550	3
17866	006385e0	0
17867	006385e0	3
17868	00638620	3
17869	00638660	0
17870	00638690	5
17871	00638710	0
17872	00638740	22
17873	00638b20	2
17874	00638b70	0
17875	00638bc0	25
17876	00638d70	0
17877	00638db0	11
17878	00638ef0	0
17879	00638f10	4
17880	00638f90	2
17881	00638fd0	0
17882	00638ff0	26
17883	00639250	0
17884	00639270	52
17885	00639840	2
17886	00639890	2
17887	006398e0	3
17888	00639930	0
17889	00639970	0
17890	006399a0	14
17891	00639e30	2
17892	00639e50	0
17893	00639e60	2
17894	00639e80	2
17895	00639ea0	2
17896	00639ed0	13
17897	0063a030	4
17898	0063a0b0	0
17899	0063a0d0	3
17900	0063a160	2
17901	0063a190	0
17902	0063a1b0	11
17903	0063a310	11
17904	0063a430	3
17905	0063a4a0	7
17906	0063a590	4
17907	0063a600	0
68980	0063a620	2
68981	0063a631	2
68982	0063a64b	2
68983	0063a65c	2
68984	0063a676	2
68985	0063a687	2
17908	0063a6a1	9
17909	0063a817	20
17910	0063a97c	106
17911	0063b3f0	10
17912	0063b522	44
17913	0063b8e1	2
17914	0063b90d	0
17915	0063b924	5
17916	0063b9ae	6
17917	0063ba73	11
17918	0063bb74	3
17919	0063bbc3	11
17920	0063bd11	4
17921	0063be38	2
68986	0063be64	3
68987	0063be7a	2
68988	0063be93	7
68989	0063bebd	2
68990	0063bed6	2
68991	0063beef	2
17922	0063bf10	0
17923	0063bf10	3
17924	0063bf50	4
17925	0063bf90	3
17926	0063bff0	2
17927	0063c040	2
17928	0063c070	0
17929	0063c090	0
17930	0063c090	3
17931	0063c0d0	4
17932	0063c110	2
17933	0063c140	2
17934	0063c170	2
17935	0063c1a0	2
17936	0063c1f0	6
17937	0063c270	2
17938	0063c2e0	0
17939	0063c330	0
17940	0063c350	3
17941	0063c390	3
17942	0063c3d0	2
17943	0063c400	2
17944	0063c430	0
17945	0063c450	2
17946	0063c480	5
17947	0063c560	2
17948	0063c590	5
17949	0063c670	1
17950	0063c680	1
17951	0063c690	1
17952	0063c6a0	1
17953	0063c6b0	13
17954	0063c7c6	41
17955	0063cbc8	8
17956	0063cca9	2
17957	0063ccf8	29
17958	0063cf8c	2
17959	0063cfb6	2
17960	0063cfdd	10
17961	0063d0f8	8
68978	0063d17f	3
68979	0063d195	2
17962	0063d1b0	0
17963	0063d1b0	3
17964	0063d1f0	0
17965	0063d220	0
17966	0063d250	0
17967	0063d270	0
17968	0063d290	2
17969	0063d2e0	0
17970	0063d300	0
17971	0063d320	1
17972	0063d330	3
17973	0063d3a9	8
17974	0063d476	10
17975	0063d560	8
17976	0063d610	2
17977	0063d66a	0
17978	0063d680	13
17979	0063d8d7	2
17980	0063d918	2
17981	0063d959	3
17982	0063d9bb	5
17983	0063da2f	2
17984	0063dac8	3
17985	0063db5e	7
17986	0063dc1d	3
17987	0063dcfd	35
68975	0063e07f	0
17988	0063e0d6	7
17989	0063e162	3
68976	0063e1cb	3
68977	0063e1e1	2
17990	0063e200	0
17991	0063e200	3
17992	0063e240	2
17993	0063e270	2
17994	0063e2a0	3
17995	0063e2f0	2
17996	0063e330	2
17997	0063e390	4
17998	0063e430	0
17999	0063e450	2
18000	0063e480	0
18001	0063e4a0	2
18002	0063e4d0	2
18003	0063e500	0
18004	0063e520	2
18005	0063e550	2
18006	0063e580	0
18007	0063e5a0	0
18008	0063e5d0	20
18009	0063e768	14
68973	0063e875	3
68974	0063e88b	2
18010	0063e8b0	2
18011	0063e900	2
18012	0063e930	10
18013	0063ea2f	4
18014	0063ea89	12
18015	0063eb9d	6
18016	0063ec27	9
18017	0063ed16	2
18018	0063ed64	8
18019	0063ee24	5
18020	0063ee8b	12
18021	0063ef67	12
18022	0063f011	12
18023	0063f0bb	12
18024	0063f16a	12
68971	0063f219	3
68972	0063f22f	2
18025	0063f250	2
18026	0063f280	2
18027	0063f2b0	0
18028	0063f2d0	3
18029	0063f350	0
18030	0063f370	3
18031	0063f3a0	2
18032	0063f440	5
18033	0063f490	2
18034	0063f530	0
18035	0063f540	6
18036	0063f600	3
18037	0063f630	10
18038	0063f7c0	5
18039	0063f860	6
18040	0063f8b0	8
18041	0063f9b0	14
18042	0063fb90	5
18043	0063fc60	3
18044	0063fc90	5
18045	0063fd10	0
18046	0063fd27	6
18047	0063fdf8	8
18048	0063fefb	8
68969	00640014	3
68970	0064002a	2
18049	00640050	2
18050	00640090	0
18051	00640090	3
18052	006400d0	2
18053	00640100	2
18054	00640150	0
18055	00640150	3
18056	00640190	2
18057	006401c0	2
18058	006401f0	3
18059	00640280	4
18060	00640350	2
18061	006403a0	2
18062	006403d0	2
18063	00640420	2
18064	00640490	2
18065	006404c0	2
18066	00640520	0
18067	00640520	3
18068	00640560	2
18069	00640590	1
18070	006405a0	1
18071	006405b0	1
18072	006405c0	13
18073	006406f2	16
18074	0064084d	3
18075	00640881	5
18076	00640915	8
18077	006409fd	22
18078	00640b8c	13
18079	00640c9e	8
18080	00640d30	11
68967	00640df6	3
68968	00640e0c	2
18081	00640e30	0
18082	00640e30	3
18083	00640e70	0
18084	00640e90	5
18085	00640f16	7
18086	0064102d	4
18087	0064109d	6
18088	00641262	14
18089	006413a3	11
18090	006414db	13
18091	0064161e	11
18092	00641756	48
18093	0064205b	0
18094	00642071	9
68955	0064216a	19
68956	00642390	22
18095	00642871	8
68957	00642966	19
68958	00642bce	26
18096	00642f8f	2
18097	00642fc8	10
18098	006430b0	16
18099	00643216	8
18100	00643321	10
18101	0064343a	8
18102	00643545	47
18103	00643e4f	15
68959	00643fca	18
68960	0064420f	18
68961	0064445f	30
18104	00644d20	14
68962	00644e9b	19
68963	00645108	19
68964	00645374	26
18105	00645752	26
18106	00645935	13
18107	00645a38	8
18108	00645b69	10
18109	00645ca5	8
18110	00645dd6	4
18111	00645e94	39
18112	0064614f	23
18113	00646308	16
18114	006464a7	16
18115	00646668	0
68965	0064667e	3
68966	00646694	2
18116	006466b0	0
18117	006466b0	3
18118	006466f0	3
18119	00646750	5
18120	006467b0	3
18121	00646830	0
18122	00646850	0
18123	00646870	0
18124	00646870	3
18125	006468b0	3
18126	00646910	3
18127	00646990	0
18128	006469c0	0
18129	006469e0	2
18130	00646a20	7
18131	00646aa0	0
18132	00646ac0	9
18133	00646b40	6
18134	00646bc0	24
18135	00646d70	7
18136	00646e40	9
18137	00646ec0	3
18138	00646f00	0
18139	00646f40	3
18140	00646fb0	7
18141	00647080	0
18142	006470a0	0
18143	006470f0	2
18144	00647120	3
18145	00647160	0
18146	006471b0	2
18147	006471e0	0
18148	00647200	0
18149	00647220	0
18150	00647250	0
18151	00647280	0
18152	006472b0	0
18153	006472e0	0
18154	00647300	17
18155	00647560	5
18156	006475d0	0
18157	00647620	0
18158	00647640	4
18159	006476a0	0
18160	006476f0	0
18161	00647710	4
18162	00647770	2
18163	006477b0	2
18164	00647800	2
18165	00647830	2
18166	00647860	0
18167	00647880	2
18168	006478d0	17
18169	00647b10	2
18170	00647b40	2
18171	00647b70	2
18172	00647bc0	6
18173	00647c60	2
18174	00647c90	6
18175	00647d30	2
18176	00647d60	4
18177	00647da0	2
18178	00647dd0	6
18179	00647e60	0
18180	00647e80	6
18181	00647f20	2
18182	00647f50	19
18183	00648180	19
18184	006483b0	19
18185	006485e0	19
18186	00648810	19
18187	00648a40	19
18188	00648c70	0
18189	00648cb0	0
18190	00648ce0	0
18191	00648d20	0
18192	00648d60	2
18193	00648d90	0
18194	00648dc0	0
18195	00648e00	2
18196	00648e60	0
18197	00648e70	2
18198	00648ee0	2
18199	00648f20	2
18200	00648f90	5
18201	00649110	3
18202	00649170	2
18203	006491e0	3
18204	00649240	2
18205	006492b0	5
18206	00649430	4
18207	006494a0	2
18208	006494e0	2
18209	00649520	0
18210	00649540	2
18211	00649590	2
18212	006495d0	5
18213	0064967e	0
18214	0064969f	13
18215	006497eb	4
68953	0064988d	3
68954	006498a3	2
18216	006498c0	0
18217	006498c0	3
18218	00649900	2
18219	00649930	5
18220	006499b0	0
18221	006499b0	3
18222	006499f0	2
18223	00649a20	0
18224	00649a50	4
18225	00649ada	4
18226	00649b1f	4
18227	00649b70	0
18228	00649b70	3
18229	00649bb0	3
18230	00649c10	10
18231	00649d19	12
18232	00649de7	0
18233	00649df9	13
18234	00649f3d	7
18235	00649fef	10
68951	0064a0fd	3
68952	0064a113	2
18236	0064a130	0
18237	0064a130	3
18238	0064a170	3
18239	0064a1e7	13
18240	0064a31f	11
18241	0064a445	13
18242	0064a57b	4
68949	0064a5e8	3
68950	0064a5fe	2
18243	0064a620	5
18244	0064a6f0	0
18245	0064a710	2
18246	0064a760	2
18247	0064a7b0	0
18248	0064a7d0	0
18249	0064a810	2
18250	0064a840	3
18251	0064a880	0
18252	0064a8a0	4
18253	0064a910	0
18254	0064a930	17
18255	0064ab90	2
18256	0064abe0	2
18257	0064ac20	19
18258	0064ade0	2
18259	0064ae10	3
18260	0064ae40	3
18261	0064ae80	2
18262	0064aeb0	2
18263	0064aef0	2
18264	0064af20	2
18265	0064af50	0
18266	0064af70	0
18267	0064af90	4
18268	0064b010	0
18269	0064b020	5
18270	0064b0c0	4
18271	0064b170	6
18272	0064b230	3
18273	0064b280	3
18274	0064b2b0	7
18275	0064b390	2
18276	0064b3f0	10
18277	0064b4f0	4
18278	0064b590	6
18279	0064b680	4
18280	0064b710	3
18281	0064b740	0
18282	0064b770	2
18283	0064b7a0	2
18284	0064b7cd	11
18285	0064b8fd	9
18286	0064b9d4	8
18287	0064bae5	2
18288	0064bb15	12
18289	0064bc77	2
18290	0064bca4	2
68947	0064bcda	3
68948	0064bcf0	2
18291	0064bd10	0
18292	0064bd10	3
18293	0064bd50	0
18294	0064bd50	3
18295	0064bd90	0
18296	0064bdb0	0
18297	0064bdd0	0
18298	0064bdf0	2
18299	0064be30	2
18300	0064be70	2
18301	0064beb0	2
18302	0064bef0	0
18303	0064bf00	0
18304	0064bf10	5
18305	0064bfc0	2
18306	0064bff0	4
18307	0064c070	0
18308	0064c090	6
18309	0064c180	2
18310	0064c1b0	0
18311	0064c1b0	3
18312	0064c1f0	2
18313	0064c250	0
18314	0064c267	6
18315	0064c338	7
18316	0064c420	5
68945	0064c4d2	3
68946	0064c4e8	2
18317	0064c510	0
18318	0064c510	3
18319	0064c550	2
18320	0064c580	2
18321	0064c5c0	0
18322	0064c5c0	3
18323	0064c600	2
18324	0064c630	2
18325	0064c670	2
18326	0064c6a0	2
18327	0064c6d0	3
18328	0064c760	2
18329	0064c790	4
18330	0064c860	2
18331	0064c8b0	2
18332	0064c8e0	2
18333	0064c930	2
18334	0064c9a0	2
18335	0064c9d0	2
18336	0064ca30	0
18337	0064ca30	3
18338	0064ca70	2
18339	0064caa0	0
18340	0064caa0	3
18341	0064cae0	0
18342	0064cae0	3
18343	0064cb20	2
18344	0064cb50	2
18345	0064cb80	2
18346	0064cbb0	1
18347	0064cbc0	1
18348	0064cbd0	12
18349	0064ccdc	12
18350	0064cdaa	0
18351	0064cdbc	12
18352	0064cee8	3
18353	0064cf3d	10
68943	0064d04b	3
68944	0064d061	2
18354	0064d080	0
18355	0064d080	3
18356	0064d0c0	2
18357	0064d0f0	0
18358	0064d110	0
18359	0064d130	0
68903	0064d160	2
68904	0064d171	2
68905	0064d18b	3
68906	0064d1a1	2
68907	0064d1b7	2
68908	0064d1d0	2
68909	0064d1e6	3
68910	0064d1fc	2
68911	0064d212	2
68912	0064d22b	2
68913	0064d241	3
68914	0064d257	4
68915	0064d2d3	2
68916	0064d2ec	2
68917	0064d302	3
68918	0064d318	2
68919	0064d333	2
68920	0064d34c	2
68921	0064d362	3
68922	0064d378	2
68923	0064d393	2
68924	0064d3ac	2
68925	0064d3c2	3
68926	0064d3d8	4
68927	0064d45b	2
68928	0064d474	2
68929	0064d48a	3
68930	0064d4a0	4
68931	0064d523	2
68932	0064d53c	2
68933	0064d552	3
68934	0064d568	22
68935	0064d768	2
68936	0064d781	2
18360	0064d7a0	53
18361	0064dd45	175
18362	0064f2a7	127
18363	006501f7	54
18364	006509b1	7
18365	00650ab8	7
18366	00650bbf	8
18367	00650cb2	8
18368	00650da2	27
18369	006511f7	7
18370	006512b2	10
18371	006513e4	4
18372	00651436	13
18373	006515a5	2
18374	006515d1	2
18375	006515f9	2
18376	0065164b	3
18377	006516ab	4
18378	0065170e	4
68937	0065178d	3
68938	006517a3	2
68939	006517bc	7
68940	006517e6	2
68941	006517ff	2
68942	00651818	2
18379	00651840	0
18380	00651840	3
18381	00651880	4
18382	00651900	4
18383	00651970	6
18384	00651a20	0
18385	00651a20	3
18386	00651a60	2
18387	00651a90	14
18388	00651bc0	4
18389	00651c30	3
18390	00651ca0	0
18391	00651cc0	0
18392	00651ce0	4
18393	00651d90	4
18394	00651e40	6
18395	00651f00	2
18396	00651f30	2
18397	00651f60	4
18398	00652010	2
18399	00652040	2
18400	00652070	2
18401	006520d0	2
18402	00652110	2
18403	00652170	2
18404	006521c0	3
18405	00652250	2
18406	00652290	2
18407	006522f0	2
18408	00652340	0
18409	00652340	3
18410	00652380	0
18411	00652380	3
18412	006523c0	3
18413	00652440	0
18414	00652440	3
18415	00652480	0
18416	00652480	3
18417	006524c0	2
18418	006524f0	2
18419	00652520	3
18420	006525a0	0
18421	006525c0	0
18422	006525c0	3
18423	00652600	0
18424	00652600	3
18425	00652640	0
18426	00652660	3
18427	006526c0	2
18428	006526f0	4
18429	00652760	2
18430	00652790	0
18431	006527b0	0
18432	006527d0	1
18433	006527e0	1
18434	006527f0	1
18435	00652800	1
18436	00652810	1
18437	00652820	4
18438	006528e6	13
68901	00652a1a	3
68902	00652a30	2
18439	00652a50	0
18440	00652a50	3
18441	00652a90	2
18442	00652ac0	0
18443	00652ae0	3
18444	00652b6c	10
18445	00652c8f	2
18446	00652d1b	5
68899	00652daf	3
68900	00652dc5	2
18447	00652de0	0
18448	00652de0	3
18449	00652e20	2
18450	00652e50	5
18451	00652ec7	7
18452	00652f40	2
18453	00652f67	2
18454	00652f94	2
18455	00652fb8	2
18456	00652fe5	4
18457	00653094	2
18458	006530b8	2
18459	006530dc	4
18460	00653177	11
18461	0065321c	6
68897	0065329b	3
68898	006532b1	2
18462	006532d0	0
18463	006532d0	3
18464	00653310	3
18465	00653370	2
18466	006533a0	4
18467	006533e0	2
18468	00653410	3
18469	00653450	8
18470	00653550	2
68881	006535a0	3
68882	006535b6	2
68883	006535dd	2
68884	006535f6	2
68885	00653618	3
68886	0065362e	4
68887	006536aa	2
68888	006536c3	2
18471	006536d9	4
68889	00653779	2
18472	0065378f	2
68890	006537b6	27
68891	00653a12	8
68892	00653b15	0
68893	00653b53	3
68894	00653be5	2
18473	00653c6f	0
18474	00653c7e	0
68895	00653c99	3
68896	00653caf	2
18475	00653cd0	4
18476	00653d60	3
18477	00653dc0	2
18478	00653df0	85
18479	00654522	22
18480	0065470a	16
18481	0065484b	25
18482	00654a3a	14
18483	00654ba2	3
18484	00654bf0	9
18485	00654cd5	3
18486	00654d37	4
18487	00654d87	3
18488	00654dd1	3
18489	00654e40	5
18490	00654ed2	16
18491	0065501e	17
18492	0065513b	7
18493	006551e3	34
18494	006554da	2
18495	00655525	2
18496	00655570	101
18497	00656056	23
18498	0065623f	62
18499	0065683b	18
68879	006569fa	3
68880	00656a10	2
18500	00656a30	0
18501	00656a50	0
18502	00656a70	0
18503	00656a90	0
18504	00656ab0	0
18505	00656ad0	0
18506	00656af0	0
18507	00656b10	0
18508	00656b30	0
18509	00656b50	0
18510	00656b70	0
18511	00656b70	3
18512	00656bb0	2
18513	00656be0	2
18514	00656c10	2
18515	00656c40	2
18516	00656c70	0
18517	00656c90	3
18518	00656cf0	4
18519	00656d40	3
18520	00656d90	3
18521	00656de0	2
18522	00656e10	3
18523	00656e50	2
18524	00656ea0	2
18525	00656ed0	0
18526	00656f10	3
18527	00656f50	2
18528	00656f80	2
18529	00656fc0	0
18530	00656fe0	0
18531	00657000	3
18532	00657070	0
18533	00657090	0
18534	006570c0	2
18535	006570f0	4
18536	00657140	0
18537	00657170	42
68877	006575a5	3
68878	006575bb	2
18538	006575e0	0
18539	006575e0	3
18540	00657620	2
18541	00657650	11
18542	00657751	9
18543	0065780f	5
18544	0065786e	4
18545	006578aa	5
18546	006578f9	4
18547	00657935	5
68875	00657994	3
68876	006579aa	2
18548	006579d0	2
18549	00657a20	2
18550	00657a50	0
18551	00657a70	0
18552	00657a90	0
18553	00657ae0	2
18554	00657b10	3
18555	00657b50	4
18556	00657bb0	17
18557	00657df0	2
18558	00657e40	2
18559	00657e90	2
18560	00657ec0	2
18561	00657ef0	2
18562	00657f20	4
18563	00657fd0	8
18564	006580d0	2
18565	00658100	2
18566	00658130	2
18567	00658160	0
18568	00658180	2
18569	006581b0	2
18570	006581f0	2
18571	00658220	3
18572	006582b0	2
18573	006582e0	2
18574	00658310	2
18575	00658360	3
18576	006583f0	5
18577	00658490	3
18578	006584f0	0
18579	006584f0	3
18580	00658530	3
18581	006585b0	0
18582	006585b0	3
18583	006585f0	2
18584	00658620	3
18585	006586a0	0
18586	006586c0	0
18587	006586c0	3
18588	00658700	0
18589	00658700	3
18590	00658740	0
18591	00658760	4
18592	006587d0	5
18593	00658890	2
18594	006588c0	2
18595	006588f0	2
18596	00658920	0
18597	00658940	0
18598	00658960	1
18599	00658970	1
18600	00658980	1
68843	00658990	2
68844	006589a1	2
68845	006589bb	3
68846	006589d1	4
68847	00658a54	2
68848	00658a6d	2
68849	00658a83	3
68850	00658a99	2
68851	00658ab4	2
68852	00658acd	2
68853	00658ae3	3
68854	00658af9	4
68855	00658b75	2
68856	00658b8e	2
68857	00658ba4	3
68858	00658bba	4
68859	00658c36	2
68860	00658c4f	2
68861	00658c65	3
68862	00658c7b	4
68863	00658cf7	2
68864	00658d10	2
68865	00658d26	3
68866	00658d3c	4
68867	00658db8	2
68868	00658dd1	2
18601	00658de7	200
18602	0065a165	2
18603	0065a197	2
18604	0065a1c9	59
68869	0065a7f0	3
68870	0065a806	2
68871	0065a81f	7
68872	0065a849	2
68873	0065a862	2
68874	0065a87b	2
18605	0065a8a0	0
18606	0065a8a0	3
18607	0065a8e0	5
18608	0065a970	4
18609	0065aa20	2
18610	0065aa80	2
18611	0065aac0	0
18612	0065aac0	3
18613	0065ab00	2
18614	0065ab30	1
68799	0065ab40	2
68800	0065ab51	2
68801	0065ab6b	3
68802	0065ab81	4
68803	0065ac04	2
68804	0065ac1d	2
68805	0065ac33	3
68806	0065ac49	4
68807	0065accc	2
68808	0065ace5	2
68809	0065acfb	3
68810	0065ad11	4
68811	0065ad94	2
68812	0065adad	2
68813	0065adc3	3
68814	0065add9	4
68815	0065ae5c	2
68816	0065ae75	2
68817	0065ae8b	3
68818	0065aea1	4
68819	0065af24	2
68820	0065af3d	2
68821	0065af53	3
68822	0065af69	4
68823	0065afec	2
68824	0065b005	2
68825	0065b01b	3
68826	0065b031	4
68827	0065b0b4	2
68828	0065b0cd	2
68829	0065b0e3	3
68830	0065b0f9	4
68831	0065b175	2
68832	0065b18e	2
68833	0065b1a4	3
68834	0065b1ba	4
68835	0065b236	2
68836	0065b24f	2
18615	0065b265	71
18616	0065b9c3	10
18617	0065bb93	130
18618	0065cc7c	2
18619	0065ccae	9
18620	0065cda5	14
18621	0065cea2	17
68837	0065cfd2	3
68838	0065cfe8	2
68839	0065d001	7
68840	0065d02b	2
68841	0065d044	2
68842	0065d05d	2
18622	0065d080	0
18623	0065d080	3
18624	0065d0c0	5
18625	0065d150	2
18626	0065d180	4
18627	0065d230	4
18628	0065d2e0	2
18629	0065d340	2
18630	0065d380	2
18631	0065d3e0	2
18632	0065d430	0
18633	0065d430	3
18634	0065d470	0
18635	0065d470	3
18636	0065d4b0	2
18637	0065d4e0	2
18638	0065d510	1
18639	0065d520	1
68797	0065d530	2
68798	0065d541	3
18640	0065d585	11
18641	0065d675	4
18642	0065d6ea	2
18643	0065d71e	10
18644	0065d7f2	10
18645	0065d8cb	8
18646	0065d980	0
18647	0065d980	3
18648	0065d9c0	2
18649	0065d9f0	2
18650	0065da20	3
18651	0065da70	2
18652	0065da90	3
18653	0065db00	2
18654	0065db50	5
18655	0065dbd0	3
18656	0065dc10	2
18657	0065dc40	2
18658	0065dc70	4
18659	0065dcb0	3
18660	0065dd00	4
18661	0065dd50	12
18662	0065de30	2
18663	0065de60	2
18664	0065de90	2
18665	0065dec0	2
18666	0065df10	0
18667	0065df40	2
18668	0065df80	0
18669	0065dfa0	11
18670	0065e070	4
18671	0065e0e0	4
18672	0065e170	2
18673	0065e1a0	0
18674	0065e1b0	0
18675	0065e1c0	0
18676	0065e1d0	2
18677	0065e200	0
18678	0065e220	0
18679	0065e240	0
18680	0065e260	2
18681	0065e2a0	2
18682	0065e2e0	2
18683	0065e310	2
18684	0065e340	2
18685	0065e370	0
18686	0065e380	2
18687	0065e3e0	9
68795	0065e49c	3
68796	0065e4b2	2
68784	0065e4d0	3
68785	0065e4e6	2
68786	0065e4fc	2
68787	0065e515	2
68788	0065e52b	3
68789	0065e541	2
68790	0065e557	2
68791	0065e570	2
18688	0065e586	4
18689	0065e625	2
18690	0065e655	4
18691	0065e6bc	4
18692	0065e72f	2
18693	0065e778	9
18694	0065e833	13
18695	0065e93a	3
68792	0065e96e	5
68793	0065e98e	2
68794	0065e9a7	2
18696	0065e9c0	0
18697	0065e9c0	3
68773	0065ea00	3
68774	0065ea16	2
68775	0065ea2c	2
68776	0065ea45	2
68777	0065ea5b	3
68778	0065ea71	2
68779	0065ea87	2
68780	0065eaa0	2
18698	0065eab6	6
18699	0065ebdb	6
18700	0065ec6b	2
18701	0065ec95	4
18702	0065ed22	11
18703	0065ee10	22
18704	0065ef9f	4
18705	0065f02a	2
18706	0065f062	0
18707	0065f076	2
18708	0065f0ad	0
18709	0065f0c1	7
18710	0065f18f	3
18711	0065f1f4	2
18712	0065f22c	2
18713	0065f263	0
18714	0065f27a	2
18715	0065f2cc	2
18716	0065f31e	3
18717	0065f364	2
18718	0065f38b	0
18719	0065f39f	9
18720	0065f525	3
18721	0065f559	5
18722	0065f5dc	2
18723	0065f614	2
18724	0065f64c	2
18725	0065f673	4
18726	0065f6e3	4
18727	0065f750	5
18728	0065f7b4	0
18729	0065f7cc	0
18730	0065f7e4	0
18731	0065f7f8	45
18732	0065fcba	22
18733	0065fe7c	17
18734	0065ffe8	17
18735	00660154	4
68781	006601e1	5
68782	00660201	2
68783	0066021a	2
18736	00660240	5
18737	006602b0	2
18738	006602e0	2
18739	00660310	2
18740	00660350	0
18741	00660350	3
18742	00660390	3
18743	006603d0	2
18744	00660400	0
18745	00660400	3
18746	00660440	8
18747	00660620	0
18748	00660620	3
18749	00660660	4
18750	006606b0	2
18751	006606e0	2
18752	00660710	2
18753	00660740	2
18754	00660770	3
18755	006607e0	0
18756	00660800	3
18757	00660860	0
18758	00660880	2
18759	006608e0	2
18760	00660930	2
18761	00660990	3
18762	00660a10	3
18763	00660a80	0
18764	00660ad0	2
18765	00660b00	2
18766	00660b30	9
18767	00660c20	0
18768	00660c50	2
18769	00660c90	2
18770	00660d00	3
18771	00660d80	3
18772	00660df0	2
18773	00660e20	0
18774	00660e50	6
18775	00660ed0	24
18776	00661090	0
18777	006610b0	0
18778	006610d0	2
18779	00661110	2
18780	00661160	2
18781	00661190	2
18782	006611c0	0
18783	006611e0	0
18784	00661200	2
18785	00661240	2
18786	00661290	2
18787	006612c0	2
18788	006612f0	0
18789	00661340	0
18790	00661360	2
18791	006613b0	2
18792	006613e0	2
18793	00661410	2
18794	00661440	2
18795	00661470	0
18796	00661490	0
18797	006614b0	2
18798	006614f0	2
18799	00661550	0
18800	00661570	0
18801	00661590	2
18802	006615c0	6
18803	00661670	6
18804	00661730	2
18805	00661760	0
18806	006617a0	4
18807	006617e0	2
18808	00661820	2
18809	00661880	0
18810	006618a0	0
18811	006618d0	4
18812	00661970	0
18813	00661990	2
18814	006619d0	2
18815	00661a30	0
18816	00661a60	0
18817	00661a80	2
18818	00661ab0	2
18819	00661ae0	19
18820	00661ca0	4
18821	00661d40	2
18822	00661d80	3
18823	00661df0	4
18824	00661e60	0
18825	00661e80	3
18826	00661ec0	2
18827	00661ef0	10
18828	00661ff0	2
18829	00662020	4
18830	00662060	10
18831	00662160	2
18832	00662190	4
18833	006621d0	0
18834	006621e0	0
18835	00662210	2
18836	00662250	2
18837	00662280	2
18838	006622b0	3
18839	00662340	2
18840	00662360	2
18841	006623c0	0
18842	006623d0	3
18843	00662410	0
18844	00662410	3
18845	00662450	2
18846	00662480	0
18847	00662480	3
18848	006624c0	5
18849	00662560	2
18850	006625c0	2
18851	00662620	3
18852	00662660	0
18853	006626a0	7
18854	00662730	4
18855	00662770	0
18856	00662790	3
18857	006627d0	0
18858	006627f0	2
18859	00662830	0
18860	00662860	2
18861	00662890	0
18862	006628b0	0
18863	006628d0	2
18864	00662910	4
18865	00662990	6
18866	00662a00	0
18867	00662a20	2
18868	00662a60	2
18869	00662ab0	2
18870	00662ae0	2
18871	00662b30	2
18872	00662ba0	2
18873	00662bd0	2
18874	00662c30	0
18875	00662c50	9
18876	00662d40	2
18877	00662d60	2
18878	00662d90	2
18879	00662dc0	0
18880	00662de0	0
18881	00662e00	0
18882	00662e10	2
18883	00662e40	2
18884	00662e70	0
18885	00662e90	0
18886	00662eb0	0
18887	00662eb0	3
18888	00662ef0	2
18889	00662f20	4
18890	00662ff0	2
18891	00663020	0
18892	00663020	3
18893	00663060	0
18894	00663060	3
18895	006630a0	8
18896	00663190	2
18897	006631e0	3
18898	00663270	2
18899	006632b0	2
18900	00663310	0
18901	00663340	4
18902	006633e0	0
18903	00663400	2
18904	00663430	0
18905	00663460	1
18906	00663470	1
18907	00663480	3
18908	006634ee	2
18909	00663529	3
18910	00663584	2
18911	006635be	2
18912	006635f9	2
18913	0066363e	3
18914	006636a1	4
18915	0066370d	0
18916	00663721	0
18917	00663735	4
18918	006637cc	4
18919	00663863	18
18920	00663a49	7
68771	00663af1	3
68772	00663b07	2
18921	00663b20	0
18922	00663b20	3
18923	00663b60	2
18924	00663b90	2
18925	00663bc0	3
18926	00663c20	0
18927	00663c20	3
18928	00663c60	0
18929	00663c60	3
18930	00663ca0	2
18931	00663cd0	2
18932	00663d00	2
18933	00663d30	2
18934	00663d60	0
68767	00663d80	2
68768	00663d91	2
18935	00663da9	7
18936	00663f3c	43
18937	006642c4	3
18938	0066430c	3
18939	00664353	5
68769	006643cf	3
68770	006643e5	2
18940	00664400	0
18941	00664400	3
18942	00664440	4
18943	00664480	2
18944	006644b0	3
18945	006644f0	2
18946	00664530	2
18947	00664560	5
18948	00664640	1
18949	00664650	1
68498	00664660	2
68499	00664671	2
68500	0066468b	2
68501	0066469c	2
68502	006646bc	2
68503	006646cd	2
68504	006646e7	2
68505	006646f8	2
68506	00664712	2
68507	00664723	2
68508	0066473d	2
68509	0066474e	2
68510	00664768	3
68511	0066477e	4
68512	006647fa	2
68513	00664813	2
68514	00664829	3
68515	0066483f	4
68516	006648bb	2
68517	006648d4	2
68518	006648ea	3
68519	00664900	4
68520	0066497c	2
68521	00664995	2
68522	006649ab	3
68523	006649c1	4
68524	00664a3d	2
68525	00664a56	2
68526	00664a6c	3
68527	00664a82	4
68528	00664afe	2
68529	00664b17	2
68530	00664b2d	3
68531	00664b43	4
68532	00664bbf	2
68533	00664bd8	2
68534	00664bee	3
68535	00664c04	4
68536	00664c80	2
68537	00664c99	2
68538	00664caf	3
68539	00664cc5	4
68540	00664d41	2
68541	00664d5a	2
68542	00664d70	3
68543	00664d86	4
68544	00664e02	2
68545	00664e1b	2
68546	00664e31	3
68547	00664e47	4
68548	00664ec3	2
68549	00664edc	2
68550	00664ef2	3
68551	00664f08	4
68552	00664f84	2
68553	00664f9d	2
68554	00664fb3	3
68555	00664fc9	4
68556	00665045	2
68557	0066505e	2
68558	00665074	3
68559	0066508a	4
68560	00665106	2
68561	0066511f	2
68562	00665135	3
68563	0066514b	4
68564	006651c7	2
68565	006651e0	2
68566	006651f6	3
68567	0066520c	4
68568	00665288	2
68569	006652a1	2
68570	006652b7	3
68571	006652cd	4
68572	00665349	2
68573	00665362	2
68574	00665378	3
68575	0066538e	4
68576	0066540a	2
68577	00665423	2
68578	00665439	3
68579	0066544f	4
68580	006654cb	2
68581	006654e4	2
68582	006654fa	3
68583	00665510	4
68584	0066558c	2
68585	006655a5	2
68586	006655bb	3
68587	006655d1	4
68588	0066564d	2
68589	00665666	2
68590	0066567c	3
68591	00665692	4
68592	0066570e	2
68593	00665727	2
68594	0066573d	3
68595	00665753	4
68596	006657cf	2
68597	006657e8	2
18950	006657fe	10
68598	00665959	3
68599	0066596f	4
68600	006659eb	2
68601	00665a04	2
68602	00665a1a	3
68603	00665a30	4
68604	00665aac	2
68605	00665ac5	2
68606	00665adb	3
68607	00665af1	4
68608	00665b6d	2
68609	00665b86	2
68610	00665b9c	3
68611	00665bb2	4
68612	00665c2e	2
68613	00665c47	2
68614	00665c5d	3
68615	00665c73	4
68616	00665cef	2
68617	00665d08	2
68618	00665d1e	3
68619	00665d34	4
68620	00665db0	2
68621	00665dc9	2
68622	00665ddf	3
68623	00665df5	4
68624	00665e71	2
68625	00665e8a	2
68626	00665ea0	3
68627	00665eb6	4
68628	00665f32	2
68629	00665f4b	2
68630	00665f61	3
68631	00665f77	4
68632	00665ff3	2
68633	0066600c	2
68634	00666022	3
68635	00666038	4
68636	006660b4	2
68637	006660cd	2
68638	006660e3	3
68639	006660f9	4
68640	00666175	2
68641	0066618e	2
68642	006661a4	3
68643	006661ba	4
68644	00666236	2
68645	0066624f	2
68646	00666265	3
68647	0066627b	4
68648	006662f7	2
68649	00666310	2
68650	00666326	3
68651	0066633c	4
68652	006663b8	2
68653	006663d1	2
68654	006663e7	3
68655	006663fd	4
68656	00666479	2
68657	00666492	2
18951	006664a8	25
68658	0066672f	3
68659	00666745	4
68660	006667c1	2
68661	006667da	2
68662	006667f0	3
68663	00666806	4
68664	00666882	2
68665	0066689b	2
68666	006668b1	3
68667	006668c7	4
68668	00666943	2
68669	0066695c	2
68670	00666972	3
68671	00666988	4
68672	00666a04	2
68673	00666a1d	2
68674	00666a33	3
68675	00666a49	4
68676	00666ac5	2
68677	00666ade	2
18952	00666af4	18
68678	00666c60	3
68679	00666c76	4
68680	00666cf2	2
68681	00666d0b	2
68682	00666d21	3
68683	00666d37	4
68684	00666db3	2
68685	00666dcc	2
68686	00666de2	3
68687	00666df8	4
68688	00666e74	2
68689	00666e8d	2
68690	00666ea3	3
68691	00666eb9	4
68692	00666f35	2
68693	00666f4e	2
68694	00666f64	3
68695	00666f7a	4
68696	00666ff6	2
68697	0066700f	2
68698	00667025	3
68699	0066703b	4
68700	006670b7	2
68701	006670d0	2
68702	006670e6	3
68703	006670fc	4
68704	00667178	2
68705	00667191	2
68706	006671a7	3
68707	006671bd	4
68708	00667239	2
68709	00667252	2
68710	00667268	3
68711	0066727e	4
68712	006672fa	2
68713	00667313	2
68714	00667329	3
68715	0066733f	4
68716	006673bb	2
68717	006673d4	2
68718	006673ea	3
68719	00667400	4
68720	0066747c	2
68721	00667495	2
18953	006674ab	2
68722	006674cd	8
68723	006676ad	33
68724	006679b6	20
68725	00667bac	10
68726	00667cb7	17
68727	00667e96	107
68728	00668985	12
68729	00668af2	2
68730	00668b42	9
68731	00668c37	8
18954	00668d13	2
68732	00668d33	13
68733	00668fbe	5
68734	00669126	16
18955	00669292	2
68735	006692b4	3
68736	006692ca	4
68737	00669346	2
68738	0066935f	2
68739	00669375	3
68740	0066938b	4
68741	00669407	2
68742	00669420	2
18956	00669436	39
68743	006697f0	3
68744	00669806	4
68745	00669882	2
68746	0066989b	2
18957	006698b1	5
68747	0066996f	6
68748	006699e2	3
68749	006699f8	4
68750	00669a74	2
68751	00669a8d	2
18958	00669aa3	8
68752	00669b7c	3
68753	00669b92	4
68754	00669c0e	2
68755	00669c27	2
68756	00669c3d	3
68757	00669c53	4
68758	00669ccf	2
68759	00669ce8	2
18959	00669cfe	15
68760	00669e5f	3
68761	00669e75	4
68762	00669ef1	2
68763	00669f0a	2
18960	00669f20	9
68764	0066a07f	17
68765	0066a272	3
68766	0066a288	2
18961	0066a2b0	2
18962	0066a2d0	2
18963	0066a2f0	4
18964	0066a340	2
18965	0066a360	2
18966	0066a380	2
18967	0066a3a0	2
18968	0066a3c0	2
18969	0066a3e0	2
18970	0066a400	9
18971	0066a4f0	2
18972	0066a510	2
18973	0066a530	2
18974	0066a550	2
18975	0066a570	2
18976	0066a590	2
18977	0066a5b0	2
18978	0066a5d0	9
18979	0066a6c0	0
18980	0066a720	9
18981	0066a810	8
18982	0066a8e0	8
18983	0066a950	0
18984	0066a970	7
18985	0066aa50	2
18986	0066aa70	7
18987	0066ab60	0
18988	0066ab80	2
18989	0066aba0	2
68490	0066abf0	2
68491	0066ac01	2
18990	0066ac1b	11
18991	0066adfc	19
18992	0066b039	0
18993	0066b042	0
18994	0066b05a	4
18995	0066b0cb	2
18996	0066b0f4	36
18997	0066b50d	8
68492	0066b5bd	3
68493	0066b5d3	2
68494	0066b5ec	7
68495	0066b616	2
68496	0066b62f	2
68497	0066b648	2
18998	0066b670	0
18999	0066b670	3
19000	0066b6b0	3
19001	0066b6e0	5
19002	0066b780	1
19003	0066b790	1
19004	0066b7a0	1
19005	0066b7b0	1
19006	0066b7c0	0
19007	0066b7e0	5
19008	0066b897	8
19009	0066b9bc	8
68488	0066bae1	3
68489	0066baf7	2
19010	0066bb10	5
19011	0066bb80	0
19012	0066bba0	10
19013	0066bc70	15
19014	0066be30	13
19015	0066bf50	2
19016	0066bfa0	5
19017	0066c060	2
19018	0066c0a0	2
19019	0066c0e0	3
19020	0066c120	2
19021	0066c150	2
19022	0066c170	3
19023	0066c1cf	15
19024	0066c324	7
19025	0066c3b6	8
19026	0066c451	11
19027	0066c527	15
19028	0066c65b	14
19029	0066c782	9
19030	0066c8ff	37
19031	0066cdec	24
19032	0066d0a9	14
19033	0066d254	5
19034	0066d305	4
19035	0066d38c	3
19036	0066d3c5	20
19037	0066d64d	17
19038	0066d7ea	3
19039	0066d864	2
19040	0066d8b3	14
19041	0066da1d	18
68486	0066dc2a	3
68487	0066dc40	2
19042	0066dc60	2
19043	0066dcb0	0
19044	0066dcd0	0
19045	0066dcf0	6
19046	0066dee0	0
19047	0066dee0	3
19048	0066df20	6
19049	0066dfc0	7
19050	0066e090	9
19051	0066e180	6
19052	0066e200	7
19053	0066e2d0	0
19054	0066e2f0	0
19055	0066e310	0
19056	0066e330	0
19057	0066e350	0
19058	0066e3a0	2
19059	0066e3d0	2
19060	0066e400	3
19061	0066e440	3
19062	0066e470	9
19063	0066e560	6
19064	0066e5e0	7
19065	0066e6b0	0
19066	0066e6d0	0
19067	0066e6f0	9
19068	0066e7e0	24
19069	0066e990	0
19070	0066e9e0	4
19071	0066ea40	4
19072	0066eab0	2
19073	0066eb00	2
19074	0066eb30	24
19075	0066ece0	0
19076	0066ed30	17
19077	0066ef70	2
19078	0066efa0	2
19079	0066eff0	2
19080	0066f020	0
19081	0066f040	2
19082	0066f070	0
19083	0066f090	4
19084	0066f0d0	3
19085	0066f100	4
19086	0066f170	0
19087	0066f1a0	0
19088	0066f1c0	2
19089	0066f200	2
19090	0066f220	4
19091	0066f270	0
19092	0066f280	0
19093	0066f2b0	0
19094	0066f2c0	0
19095	0066f2f0	0
19096	0066f300	0
19097	0066f330	2
19098	0066f370	2
19099	0066f3b0	2
19100	0066f3e0	0
19101	0066f420	2
19102	0066f450	2
19103	0066f490	3
19104	0066f520	0
19105	0066f540	2
19106	0066f570	0
19107	0066f590	0
19108	0066f5b0	0
19109	0066f5c0	0
19110	0066f5d0	3
19111	0066f630	4
19112	0066f6a0	3
19113	0066f6d0	6
19114	0066f780	5
19115	0066f7d0	0
19116	0066f7e0	5
19117	0066f8b0	5
19118	0066f950	5
19119	0066f9d0	5
19120	0066fa80	6
19121	0066fbc0	0
19122	0066fbd0	7
68476	0066fd00	2
68477	0066fd11	2
68478	0066fd2b	2
68479	0066fd3c	2
19123	0066fd54	20
19124	0066fef0	15
19125	00670138	66
19126	0067060a	8
19127	006706f2	11
68480	00670874	3
68481	0067088a	2
68482	006708a3	7
68483	006708cd	2
68484	006708e6	2
68485	006708ff	2
19128	00670920	0
19129	00670920	3
19130	00670960	4
19131	006709a0	8
19132	00670a60	0
19133	00670a80	0
19134	00670aa0	2
19135	00670ad0	3
19136	00670b10	2
19137	00670b50	2
19138	00670b80	3
19139	00670c10	1
19140	00670c20	1
19141	00670c30	1
19142	00670c40	1
19143	00670c50	1
19144	00670c60	1
19145	00670c70	1
19146	00670c80	1
19147	00670c90	1
19148	00670ca0	1
19149	00670cb0	1
19150	00670cc0	1
19151	00670cd0	1
19152	00670ce0	1
19153	00670cf0	1
19154	00670d00	1
19155	00670d10	1
19156	00670d20	1
19157	00670d30	1
19158	00670d40	1
19159	00670d50	1
19160	00670d60	1
19161	00670d70	1
19162	00670d80	1
19163	00670d90	1
19164	00670da0	1
19165	00670db0	1
19166	00670dc0	1
19167	00670dd0	1
19168	00670de0	1
19169	00670df0	1
19170	00670e00	1
19171	00670e10	1
68454	00670e20	2
68455	00670e31	2
68456	00670e4b	2
68457	00670e5c	2
68458	00670e7c	2
68459	00670e8d	2
68460	00670ea7	2
68461	00670eb8	2
68462	00670ed2	2
68463	00670ee3	2
68464	00670efd	2
68465	00670f0e	2
19172	00670f28	6
19173	006710a0	3
19174	0067117e	16
19175	006712e5	11
19176	006713ca	8
19177	0067157d	12
68466	006717c6	13
19178	006718f1	10
68467	00671a17	2
19179	00671a2d	0
19180	00671a44	0
19181	00671a5b	14
19182	00671b8a	16
19183	00671d25	2
19184	00671d64	7
19185	00671e10	5
19186	00671e8a	0
19187	00671e9e	0
19188	00671eb5	7
19189	00671f82	7
19190	00672035	19
19191	006721a9	13
68468	00672305	2
68469	0067231b	2
68470	00672331	3
68471	00672347	4
68472	006723c3	2
68473	006723dc	2
19192	006723f2	3
68474	0067243e	3
68475	00672454	2
19193	00672470	5
19194	006725a0	0
19195	006725a0	3
19196	006725f0	3
19197	00672630	2
19198	00672660	4
19199	006726a0	0
19200	006726c0	4
19201	00672700	2
19202	00672730	2
19203	00672760	0
19204	00672780	5
19205	006727f0	0
19206	00672810	0
19207	00672840	2
19208	00672890	0
19209	006728b0	0
19210	006728e0	1
19211	006728f0	1
19212	00672900	1
19213	00672910	1
19214	00672920	1
19215	00672930	1
68418	00672940	2
68419	00672951	2
68420	0067296b	3
68421	00672981	4
68422	00672a04	2
68423	00672a1d	2
68424	00672a33	3
68425	00672a49	4
68426	00672acc	2
68427	00672ae5	2
68428	00672afb	3
68429	00672b11	4
68430	00672b8d	2
68431	00672ba6	2
68432	00672bbc	3
68433	00672bd2	4
68434	00672c4e	2
68435	00672c67	2
68436	00672c7d	3
68437	00672c93	4
68438	00672d0f	2
68439	00672d28	2
68440	00672d3e	3
68441	00672d54	4
68442	00672dd0	2
68443	00672de9	2
68444	00672dff	3
68445	00672e15	4
68446	00672e91	2
68447	00672eaa	2
19216	00672ec0	188
19217	00674472	10
19218	00674595	348
19219	00676f9e	13
19220	006770c5	62
19221	006776ce	40
19222	00677a28	49
19223	00677dd3	67
19224	0067841f	2
68448	00678447	3
68449	0067845d	2
68450	00678476	7
68451	006784a0	2
68452	006784b9	2
68453	006784d2	2
19225	006784f0	0
19226	00678510	0
19227	00678510	3
19228	00678550	2
19229	00678590	2
19230	006785d0	4
19231	00678650	0
19232	00678670	2
19233	006786a0	2
19234	006786d0	4
19235	00678780	4
19236	00678830	2
19237	00678860	2
19238	00678890	0
19239	006788b0	2
19240	00678910	2
19241	00678960	2
19242	006789c0	2
19243	00678a00	0
19244	00678a00	3
19245	00678a40	0
19246	00678a40	3
19247	00678a80	2
19248	00678ab0	2
19249	00678ae0	1
19250	00678af0	1
68399	00678b00	2
68400	00678b11	2
68401	00678b2b	2
68402	00678b3c	2
68403	00678b5c	2
68404	00678b6d	2
68405	00678b87	2
68406	00678b98	2
68407	00678bb2	2
68408	00678bc3	2
68409	00678bdd	2
68410	00678bee	2
68411	00678c08	2
68412	00678c19	2
19251	00678c31	9
19252	00678d13	2
19253	00678d3c	42
68413	00679040	27
68414	006791f9	5
19254	0067925a	13
19255	0067937c	2
19256	006793b6	6
68415	00679479	28
19257	00679735	0
19258	0067974f	30
68416	00679a0a	3
68417	00679a20	2
19259	00679a40	0
19260	00679a40	3
19261	00679a80	5
19262	00679b00	2
19263	00679b60	2
19264	00679b90	2
19265	00679bc0	3
19266	00679c40	0
19267	00679c40	3
19268	00679c80	4
19269	00679cf0	3
19270	00679d50	0
19271	00679d50	3
19272	00679d90	2
19273	00679dc0	2
19274	00679e00	4
19275	00679e40	3
19276	00679e80	2
19277	00679eb0	0
19278	00679ed0	4
19279	00679f80	8
19280	0067a080	2
19281	0067a0b0	2
19282	0067a0e0	2
19283	0067a110	3
19284	0067a1a0	0
19285	0067a1c0	2
19286	0067a1f0	2
19287	0067a220	2
19288	0067a270	5
19289	0067a330	5
19290	0067a3d0	5
19291	0067a480	0
19292	0067a480	3
19293	0067a4c0	3
19294	0067a540	0
19295	0067a540	3
19296	0067a580	2
19297	0067a5b0	3
19298	0067a630	0
19299	0067a650	0
19300	0067a650	3
19301	0067a690	0
19302	0067a690	3
19303	0067a6d0	0
19304	0067a6f0	4
19305	0067a760	7
19306	0067a850	2
19307	0067a880	2
19308	0067a8b0	0
19309	0067a8d0	0
19310	0067a8f0	1
19311	0067a900	1
19312	0067a910	1
19313	0067a920	1
68223	0067a930	2
68224	0067a941	2
68225	0067a95b	3
68226	0067a971	4
68227	0067a9ed	2
68228	0067aa06	2
68229	0067aa1c	3
68230	0067aa32	4
68231	0067aaae	2
68232	0067aac7	2
68233	0067aadd	3
68234	0067aaf3	4
68235	0067ab6f	2
68236	0067ab88	2
68237	0067ab9e	3
68238	0067abb4	4
68239	0067ac30	2
68240	0067ac49	2
68241	0067ac5f	3
68242	0067ac75	4
68243	0067acf1	2
68244	0067ad0a	2
68245	0067ad20	3
68246	0067ad36	4
68247	0067adb2	2
68248	0067adcb	2
68249	0067ade1	3
68250	0067adf7	4
68251	0067ae73	2
68252	0067ae8c	2
68253	0067aea2	3
68254	0067aeb8	4
68255	0067af34	2
68256	0067af4d	2
68257	0067af63	3
68258	0067af79	4
68259	0067aff5	2
68260	0067b00e	2
68261	0067b024	3
68262	0067b03a	4
68263	0067b0b6	2
68264	0067b0cf	2
68265	0067b0e5	3
68266	0067b0fb	4
68267	0067b177	2
68268	0067b190	2
68269	0067b1a6	3
68270	0067b1bc	4
68271	0067b238	2
68272	0067b251	2
68273	0067b267	3
68274	0067b27d	4
68275	0067b2f9	2
68276	0067b312	2
68277	0067b328	3
68278	0067b33e	4
68279	0067b3ba	2
68280	0067b3d3	2
68281	0067b3e9	3
68282	0067b3ff	4
68283	0067b47b	2
68284	0067b494	2
68285	0067b4aa	3
68286	0067b4c0	4
68287	0067b53c	2
68288	0067b555	2
68289	0067b56b	3
68290	0067b581	4
68291	0067b5fd	2
68292	0067b616	2
68293	0067b62c	3
68294	0067b642	4
68295	0067b6be	2
68296	0067b6d7	2
68297	0067b6ed	3
68298	0067b703	4
68299	0067b77f	2
68300	0067b798	2
68301	0067b7ae	3
68302	0067b7c4	4
68303	0067b840	2
68304	0067b859	2
68305	0067b86f	3
68306	0067b885	4
68307	0067b901	2
68308	0067b91a	2
68309	0067b930	3
68310	0067b946	4
68311	0067b9c2	2
68312	0067b9db	2
68313	0067b9f1	3
68314	0067ba07	4
68315	0067ba83	2
68316	0067ba9c	2
68317	0067bab2	3
68318	0067bac8	4
68319	0067bb44	2
68320	0067bb5d	2
68321	0067bb73	3
68322	0067bb89	4
68323	0067bc05	2
68324	0067bc1e	2
68325	0067bc34	3
68326	0067bc4a	4
68327	0067bcc6	2
68328	0067bcdf	2
68329	0067bcf5	3
68330	0067bd0b	4
68331	0067bd87	2
68332	0067bda0	2
68333	0067bdb6	3
68334	0067bdcc	4
68335	0067be48	2
68336	0067be61	2
68337	0067be77	3
68338	0067be8d	4
68339	0067bf09	2
68340	0067bf22	2
68341	0067bf38	3
68342	0067bf4e	4
68343	0067bfca	2
68344	0067bfe3	2
68345	0067bff9	3
68346	0067c00f	4
68347	0067c08b	2
68348	0067c0a4	2
68349	0067c0ba	3
68350	0067c0d0	4
68351	0067c14c	2
68352	0067c165	2
68353	0067c17b	3
68354	0067c191	4
68355	0067c20d	2
68356	0067c226	2
68357	0067c23c	3
68358	0067c252	4
68359	0067c2ce	2
68360	0067c2e7	2
68361	0067c2fd	3
68362	0067c313	4
68363	0067c38f	2
68364	0067c3a8	2
68365	0067c3be	3
68366	0067c3d4	4
68367	0067c450	2
68368	0067c469	2
68369	0067c47f	3
68370	0067c495	4
68371	0067c511	2
68372	0067c52a	2
68373	0067c540	3
68374	0067c556	4
68375	0067c5d2	2
68376	0067c5eb	2
68377	0067c601	3
68378	0067c617	4
68379	0067c693	2
68380	0067c6ac	2
68381	0067c6c2	3
68382	0067c6d8	4
68383	0067c754	2
68384	0067c76d	2
68385	0067c783	3
68386	0067c799	4
68387	0067c815	2
68388	0067c82e	2
68389	0067c844	3
68390	0067c85a	4
68391	0067c8d6	2
68392	0067c8ef	2
19314	0067c905	42
19315	0067cd14	0
19316	0067cd28	135
19317	0067d543	3
68393	0067d597	3
68394	0067d5ad	2
68395	0067d5c6	7
68396	0067d5f0	2
68397	0067d609	2
68398	0067d622	2
19318	0067d640	3
19319	0067d6b0	2
19320	0067d6e0	2
19321	0067d710	2
19322	0067d740	3
19323	0067d7b0	0
19324	0067d7b0	3
19325	0067d7f0	2
19326	0067d820	2
19327	0067d850	3
19328	0067d8b0	2
19329	0067d900	0
19330	0067d920	2
19331	0067d950	2
19332	0067d980	2
19333	0067d9b0	0
19334	0067d9d0	2
19335	0067da00	2
19336	0067da30	2
19337	0067da60	4
19338	0067db10	2
19339	0067db40	2
19340	0067dba0	2
19341	0067dbe0	0
19342	0067dbe0	3
19343	0067dc20	3
19344	0067dca0	2
19345	0067dcd0	3
19346	0067dd50	0
19347	0067dd70	0
19348	0067dd70	3
19349	0067ddb0	0
19350	0067ddb0	3
19351	0067ddf0	0
19352	0067de10	2
19353	0067de40	1
19354	0067de50	1
68209	0067de60	2
68210	0067de71	2
68211	0067de8b	2
68212	0067de9c	2
68213	0067debc	2
68214	0067decd	2
68215	0067dee7	2
68216	0067def8	2
68217	0067df12	2
68218	0067df23	2
68219	0067df3d	2
68220	0067df4e	2
19355	0067df68	3
19356	0067e034	6
19357	0067e147	13
19358	0067e332	4
19359	0067e38e	4
19360	0067e402	7
19361	0067e4a5	4
19362	0067e519	16
19363	0067e66a	5
19364	0067e70d	2
19365	0067e748	10
19366	0067e7fb	5
19367	0067e84e	8
19368	0067e943	17
19369	0067ea9b	5
19370	0067eb26	2
19371	0067eb73	17
19372	0067eceb	5
68221	0067ed84	3
68222	0067ed9a	2
19373	0067edc0	0
19374	0067edc0	3
19375	0067ee00	2
19376	0067ee30	0
19377	0067ee50	0
19378	0067ee50	3
19379	0067ee90	2
19380	0067eec0	0
19381	0067eef0	0
19382	0067ef10	0
19383	0067ef30	0
19384	0067ef70	0
19385	0067ef70	3
19386	0067efb0	2
19387	0067efe0	0
19388	0067f010	3
19389	0067f050	3
19390	0067f090	0
19391	0067f0b0	4
19392	0067f110	0
19393	0067f130	4
19394	0067f1a0	17
19395	0067f3e0	0
19396	0067f400	17
19397	0067f660	2
19398	0067f690	2
19399	0067f6e0	0
19400	0067f730	2
19401	0067f770	2
19402	0067f7c0	2
19403	0067f810	2
19404	0067f840	2
19405	0067f870	0
19406	0067f8a0	0
19407	0067f8d0	2
19408	0067f900	2
19409	0067f940	2
19410	0067f970	3
19411	0067fa00	2
19412	0067fa20	3
19413	0067fa60	6
68208	0067fb37	2
19414	0067fb4d	4
19415	0067fbd9	4
19416	0067fc4d	7
19417	0067fd0a	9
19418	0067fdfa	16
19419	0067ff52	13
19420	00680085	5
19421	006800fd	4
19422	0068016a	6
19423	0068020e	8
19424	006802b9	9
19425	00680354	11
19426	0068045f	37
19427	00680729	3
19428	00680767	11
19429	00680842	4
19430	00680888	10
19431	0068096d	36
19432	00680bc9	10
19433	00680cbc	24
19434	00680e61	25
19435	0068100e	41
19436	006812d2	20
19437	0068145d	25
19438	006815f0	2
19439	00681620	0
19440	00681620	3
19441	00681660	11
19442	00681760	6
19443	006817e0	2
19444	00681810	0
19445	006818b0	0
19446	00681910	11
19447	00681a10	3
19448	00681a60	2
19449	00681a90	2
19450	00681ac0	0
19451	00681ae0	2
19452	00681b10	3
19453	00681b30	4
19454	00681ba0	7
19455	00681c20	0
19456	00681c40	2
19457	00681c70	3
19458	00681cb0	3
19459	00681cf0	4
19460	00681d50	5
19461	00681df0	4
19462	00681e90	0
19463	00681ec0	2
19464	00681f10	2
19465	00681f40	2
19466	00681f70	4
19467	00681fc0	2
19468	00682010	30
19469	00682190	2
19470	006821d0	2
19471	00682200	2
19472	00682230	2
19473	00682260	2
19474	00682290	2
19475	006822c0	0
19476	006822e0	0
19477	006822f0	3
19478	00682330	0
19479	00682360	3
19480	006823a0	2
19481	00682400	0
19482	00682400	3
19483	00682440	2
19484	00682470	3
19485	006824f0	22
19486	006826b1	20
19487	006828a8	14
19488	00682a44	6
19489	00682bc3	27
19490	00682e44	8
19491	00682ee0	2
19492	00682f20	0
19493	00682f40	2
19494	00682f80	2
19495	00682fc0	2
19496	006830a0	0
19497	006830c0	2
19498	00683110	5
19499	00683190	14
19500	00683280	3
19501	006832c0	3
19502	00683300	2
19503	00683330	2
19504	00683360	3
19505	006833a0	3
19506	006833f0	12
19507	006834d0	0
19508	006834f0	2
19509	00683520	2
19510	00683570	2
19511	006835b0	2
19512	006835e0	2
19513	00683610	2
19514	00683660	2
19515	006836a0	0
19516	006836c0	0
19517	006836e0	11
19518	006837b0	5
19519	00683820	4
19520	00683890	4
19521	00683920	2
19522	00683950	0
19523	00683960	0
19524	00683970	0
19525	00683980	2
19526	006839b0	0
19527	006839d0	2
19528	00683a10	0
19529	00683a40	0
19530	00683a60	2
19531	00683a90	2
19532	00683ad0	0
19533	00683b00	2
19534	00683b30	2
19535	00683b60	2
19536	00683b90	2
19537	00683bc0	0
19538	00683be0	0
19539	00683c00	3
19540	00683c30	2
19541	00683c50	3
19542	00683ce0	3
19543	00683d20	2
19544	00683d50	2
19545	00683d80	0
19546	00683d90	6
19547	00683e50	3
19548	00683e80	10
19549	00683ff0	7
19550	006840a0	0
19551	006840e0	10
19552	006841e0	24
19553	006843c0	9
19554	006844a0	0
19555	006844c0	2
19556	00684500	3
19557	00684530	5
19558	006845b0	2
19559	0068460d	3
19560	006846ae	2
19561	0068471d	0
19562	006847a0	0
68194	00684830	2
68195	00684841	2
68196	0068485b	2
68197	0068486c	2
68198	0068488c	2
68199	0068489d	2
68200	006848b7	2
68201	006848c8	2
68202	006848e2	2
68203	006848f3	2
68204	0068490d	2
68205	0068491e	2
19563	00684938	4
19564	006849b0	3
19565	00684a22	3
19566	00684a65	2
19567	00684a89	0
19568	00684aa1	0
19569	00684ab9	3
19570	00684b18	2
19571	00684b42	2
19572	00684b6f	0
68206	00684b8c	3
68207	00684ba2	2
19573	00684bc0	2
19574	00684bf0	2
19575	00684c20	2
19576	00684c50	0
68180	00684c70	2
68181	00684c81	2
68182	00684c9b	2
68183	00684cac	2
68184	00684ccc	2
68185	00684cdd	2
68186	00684cf7	2
68187	00684d08	2
68188	00684d22	2
68189	00684d33	2
68190	00684d4d	2
68191	00684d5e	2
19577	00684d78	3
19578	00684dc8	3
19579	00684e39	5
19580	00684eb6	4
68192	00684f19	3
68193	00684f2f	2
19581	00684f50	0
19582	00684f50	3
68166	00684f90	2
68167	00684fa1	2
68168	00684fbb	2
68169	00684fcc	2
68170	00684fec	2
68171	00684ffd	2
68172	00685017	2
68173	00685028	2
68174	00685042	2
68175	00685053	2
68176	0068506d	2
68177	0068507e	2
19583	00685098	7
19584	0068514a	10
19585	00685244	0
19586	0068529b	3
19587	00685300	5
19588	00685390	10
19589	00685458	10
19590	00685518	4
19591	00685586	4
19592	006855f0	3
19593	00685621	3
19594	00685652	3
19595	00685683	3
19596	006856b4	3
19597	006856f3	3
19598	0068572a	3
19599	00685768	3
19600	006857a0	3
19601	006857d7	3
19602	00685808	2
19603	00685832	3
19604	00685881	3
19605	006858d0	3
19606	0068591f	3
19607	0068596e	3
19608	006859a9	3
19609	006859f5	0
19610	00685a09	0
19611	00685a1d	0
19612	00685a33	2
19613	00685a86	3
19614	00685afb	3
19615	00685b4c	2
19616	00685b79	0
19617	00685b8d	3
19618	00685be7	12
19619	00685db2	12
19620	00685f38	5
19621	00685f8e	3
19622	00686001	6
19623	00686094	0
19624	006860a8	13
19625	006861f1	12
19626	00686338	0
19627	0068634f	2
19628	0068638c	2
68178	006863c9	3
68179	006863df	2
19629	00686400	2
19630	00686430	0
19631	00686430	3
19632	00686470	3
19633	006864a0	3
19634	006864d0	3
19635	00686500	3
19636	00686540	0
19637	00686570	3
19638	006865a0	0
19639	006865c0	2
19640	00686620	2
19641	00686660	3
19642	006866a0	0
19643	006866d0	0
19644	006866f0	2
19645	00686720	2
19646	00686750	2
19647	00686790	2
19648	006867f0	0
19649	00686810	4
19650	006868b0	0
19651	006868e0	1
68160	006868f0	3
68161	00686906	2
68162	0068692a	2
68163	00686943	2
19652	00686959	2
19653	00686997	5
68164	00686a05	3
68165	00686a1b	2
19654	00686a40	2
19655	00686a70	2
19656	00686ab0	5
19657	00686b70	3
19658	00686bd0	7
68144	00686c90	2
68145	00686ca1	2
68146	00686cbb	2
68147	00686ccc	2
68148	00686cec	2
68149	00686cfd	2
68150	00686d17	2
68151	00686d28	2
68152	00686d42	2
68153	00686d53	2
68154	00686d6d	2
68155	00686d7e	2
68156	00686d98	2
68157	00686da9	2
19659	00686dbf	3
19660	00686e4e	5
19661	00686eff	3
19662	00686f67	5
19663	00687006	9
68158	00687121	3
68159	00687137	2
19664	00687150	0
19665	00687150	3
19666	00687190	4
19667	00687270	4
19668	006872f0	0
19669	006872f0	3
19670	00687330	7
19671	006873c0	4
19672	00687430	0
19673	00687450	5
19674	006874f0	3
19675	00687550	4
19676	006875e0	7
19677	006876a0	8
19678	00687780	7
19679	00687840	8
19680	00687920	2
19681	00687950	3
19682	00687990	3
19683	006879d0	6
19684	00687a90	8
19685	00687b70	8
19686	00687c60	8
19687	00687d50	13
19688	00687ee0	8
19689	00687fd0	8
19690	006880c0	4
19691	00688110	7
19692	006881f0	4
19693	00688290	4
19694	006882e0	4
19695	00688330	4
19696	00688380	4
19697	006883d0	0
19698	006883f0	4
19699	00688450	4
19700	006884b0	0
19701	006884d0	0
19702	006884f0	2
19703	00688530	0
68125	00688550	2
68126	00688561	2
68127	0068857b	2
68128	0068858c	2
68129	006885ac	2
68130	006885bd	2
68131	006885d7	2
68132	006885e8	2
68133	00688602	2
68134	00688613	2
68135	0068862d	2
68136	0068863e	2
19704	00688658	2
19705	0068868a	4
19706	00688732	5
19707	006887d9	2
19708	00688800	11
19709	00688926	0
19710	0068893d	2
19711	00688964	2
19712	0068898d	8
19713	00688a85	23
68137	00688cd6	2
19714	00688cec	12
19715	00688e76	23
68138	00689103	2
19716	00689119	12
19717	00689262	20
68139	0068946c	2
19718	00689482	4
19719	0068950e	10
19720	00689631	6
68140	00689703	2
19721	00689719	6
68141	006897eb	2
68142	00689801	3
68143	00689817	2
19722	00689830	0
19723	00689830	3
19724	00689870	2
19725	006898a0	0
19726	006898a0	3
19727	006898e0	2
19728	00689910	2
19729	00689940	5
19730	006899e0	0
19731	006899e0	3
19732	00689a20	2
19733	00689a50	2
19734	00689a90	2
19735	00689ae0	2
19736	00689b10	2
19737	00689b40	2
19738	00689b70	2
19739	00689be0	2
19740	00689c10	2
19741	00689c40	2
19742	00689c70	0
19743	00689c90	2
19744	00689ce0	2
19745	00689d10	4
19746	00689d80	0
19747	00689dc0	3
19748	00689e30	2
19749	00689e60	3
19750	00689ea0	2
19751	00689ee0	2
19752	00689f10	3
19753	00689f70	2
19754	00689fb0	8
19755	0068a080	2
19756	0068a0c0	2
19757	0068a0f0	2
19758	0068a120	0
19759	0068a150	2
19760	0068a190	2
19761	0068a1c0	3
19762	0068a220	2
19763	0068a260	8
19764	0068a330	2
19765	0068a370	2
19766	0068a3a0	2
19767	0068a3d0	0
19768	0068a400	0
19769	0068a440	3
19770	0068a4c0	0
19771	0068a510	2
19772	0068a550	3
19773	0068a590	2
19774	0068a600	2
19775	0068a670	2
19776	0068a6b0	2
19777	0068a6f0	0
19778	0068a6f0	3
19779	0068a730	0
19780	0068a750	0
19781	0068a770	4
19782	0068a7d0	2
19783	0068a810	2
19784	0068a840	2
19785	0068a890	3
19786	0068a8d0	2
19787	0068a900	22
19788	0068aae0	15
19789	0068ac00	8
19790	0068acc0	2
19791	0068acf0	0
19792	0068ad10	2
19793	0068ad40	0
19794	0068ad70	2
19795	0068adc0	3
19796	0068ae00	2
19797	0068ae30	22
19798	0068b010	15
19799	0068b130	8
19800	0068b1f0	2
19801	0068b220	0
19802	0068b240	2
19803	0068b270	0
19804	0068b2a0	0
19805	0068b2c0	0
19806	0068b2e0	4
19807	0068b350	2
19808	0068b3a0	2
19809	0068b3d0	17
19810	0068b610	2
19811	0068b640	0
19812	0068b660	0
19813	0068b6b0	2
19814	0068b6e0	3
19815	0068b710	0
19816	0068b720	0
19817	0068b730	0
19818	0068b740	0
19819	0068b760	134
19820	0068bf90	3
19821	0068bfd0	7
19822	0068c060	10
19823	0068c180	75
19824	0068c630	2
19825	0068c660	2
19826	0068c690	2
19827	0068c6c0	0
19828	0068c6e0	2
19829	0068c710	2
19830	0068c760	2
19831	0068c790	2
19832	0068c7d0	0
19833	0068c7f0	2
19834	0068c820	3
19835	0068c850	0
19836	0068c860	0
19837	0068c870	0
19838	0068c880	0
19839	0068c8a0	134
19840	0068d0d0	3
19841	0068d110	7
19842	0068d1a0	10
19843	0068d2c0	75
19844	0068d770	2
19845	0068d7a0	2
19846	0068d7d0	2
19847	0068d800	0
19848	0068d820	2
19849	0068d850	2
19850	0068d8a0	2
19851	0068d8d0	2
19852	0068d910	17
19853	0068db90	2
19854	0068dbc0	0
19855	0068dc10	2
19856	0068dc60	2
19857	0068dcb0	2
19858	0068dce0	0
19859	0068dcf0	0
19860	0068dd00	6
19861	0068ddb0	19
19862	0068def0	3
19863	0068df30	3
19864	0068df70	19
19865	0068e0b0	4
19866	0068e110	2
19867	0068e140	2
19868	0068e170	0
19869	0068e190	10
19870	0068e280	2
19871	0068e2b0	0
19872	0068e2c0	0
19873	0068e2d0	6
19874	0068e380	19
19875	0068e4c0	3
19876	0068e500	3
19877	0068e540	19
19878	0068e680	4
19879	0068e6e0	2
19880	0068e710	2
19881	0068e740	0
19882	0068e760	10
19883	0068e850	2
19884	0068e880	2
19885	0068e8e0	2
19886	0068e930	2
19887	0068e960	2
19888	0068e990	2
19889	0068e9c0	2
19890	0068e9f0	7
19891	0068eaa0	2
19892	0068ead0	2
19893	0068eb00	7
19894	0068ebb0	2
19895	0068ebe0	2
19896	0068ec10	2
19897	0068ec40	2
19898	0068ec80	2
19899	0068ecb0	2
19900	0068ece0	19
19901	0068eea0	2
19902	0068eed0	2
19903	0068ef00	19
19904	0068f0c0	4
19905	0068f160	2
19906	0068f1a0	2
19907	0068f200	0
19908	0068f220	4
19909	0068f2c0	0
19910	0068f2f0	0
19911	0068f310	0
19912	0068f330	2
19913	0068f360	2
19914	0068f3a0	2
19915	0068f3d0	0
19916	0068f400	0
19917	0068f430	2
19918	0068f460	2
19919	0068f4a0	2
19920	0068f4c0	2
19921	0068f4f0	3
19922	0068f580	2
19923	0068f5a0	3
19924	0068f630	2
19925	0068f650	2
19926	0068f680	3
19927	0068f710	3
19928	0068f7a0	0
19929	0068f7a0	3
19930	0068f7e0	2
19931	0068f810	0
19932	0068f810	3
19933	0068f850	2
19934	0068f8d0	3
19935	0068f910	2
19936	0068f960	3
19937	0068f9a0	2
19938	0068f9f0	3
19939	0068fa30	2
19940	0068fac0	2
19941	0068faf0	0
19942	0068fb10	0
19943	0068fb30	4
19944	0068fbb0	4
19945	0068fc30	2
19946	0068fc70	2
19947	0068fca0	0
19948	0068fcc0	0
19949	0068fce0	2
19950	0068fd20	2
19951	0068fd70	2
19952	0068fda0	2
19953	0068fdf0	2
19954	0068fe60	2
19955	0068fe90	2
19956	0068fef0	0
19957	0068ff10	9
19958	00690000	7
19959	006900c0	0
19960	006900c0	3
19961	00690100	2
19962	00690130	3
19963	006901b0	3
19964	00690220	0
19965	00690220	3
19966	00690260	9
19967	00690390	5
19968	00690420	0
19969	00690450	0
19970	00690450	3
19971	00690490	2
19972	006904c0	4
19973	00690590	2
19974	006905c0	0
19975	006905c0	3
19976	00690600	0
19977	00690600	3
19978	00690640	0
19979	00690660	0
19980	00690680	3
19981	00690710	2
19982	00690750	2
19983	006907b0	0
19984	006907e0	4
19985	00690880	0
19986	006908a0	2
19987	006908d0	0
19988	00690900	1
19989	00690910	1
19990	00690920	1
68111	00690930	2
68112	00690941	2
68113	0069095b	2
68114	0069096c	2
68115	0069098c	2
68116	0069099d	2
68117	006909b7	2
68118	006909c8	2
68119	006909e2	2
68120	006909f3	2
68121	00690a0d	2
68122	00690a1e	2
19991	00690a38	37
19992	00690e99	29
68123	00691129	3
68124	0069113f	2
19993	00691160	0
19994	00691190	2
19995	006911e0	0
19996	00691220	2
19997	00691270	4
19998	006912d0	4
19999	00691330	0
20000	00691350	2
68069	00691390	2
68070	006913a1	2
68071	006913bb	2
68072	006913cc	2
68073	006913ec	2
68074	006913fd	2
68075	00691417	2
68076	00691428	2
68077	00691442	2
68078	00691453	2
68079	0069146d	2
68080	0069147e	2
20001	00691498	3
20002	00691506	2
20003	0069153a	126
20004	00691ff1	20
20005	006921a9	6
20006	00692233	20
20007	00692398	20
20008	0069256f	41
20009	00692844	18
20010	00692ac6	25
20011	00692ce4	18
68081	00692ea3	3
68082	00692eb9	4
68083	00692f35	2
68084	00692f4e	2
68085	00692f64	3
68086	00692f7a	4
68087	00692ff6	2
68088	0069300f	2
68089	00693025	3
68090	0069303b	4
68091	006930b7	2
68092	006930d0	2
68093	006930e6	3
68094	006930fc	4
68095	00693178	2
68096	00693191	2
68097	006931a7	3
68098	006931bd	4
68099	00693239	2
68100	00693252	2
20012	00693268	55
68101	006936dd	25
68102	0069395b	42
68103	00693d26	10
68104	00693deb	17
68105	00693fb1	3
68106	00693fc7	2
68107	00693fe0	7
68108	0069400a	2
68109	00694023	2
68110	0069403c	2
20013	00694060	4
20014	006940f0	0
20015	00694100	0
20016	00694120	0
20017	00694140	5
20018	006941e0	3
20019	00694260	3
20020	006942f0	0
20021	006942f0	3
20022	00694330	2
20023	00694360	0
20024	00694360	3
20025	006943a0	3
20026	00694400	4
20027	006944a0	0
20028	006944a0	3
20029	006944e0	3
20030	00694540	2
20031	00694570	2
20032	006945a0	3
20033	00694600	2
20034	00694640	3
20035	00694690	2
20036	006946e0	0
20037	006946e0	3
20038	00694720	2
20039	00694750	2
20040	006947a0	0
20041	006947a0	3
20042	006947e0	2
20043	00694810	0
20044	00694840	0
20045	00694870	2
20046	006948c0	0
20047	006948e0	2
20048	00694930	2
20049	00694980	2
20050	006949b0	2
20051	006949e0	2
20052	00694a10	2
20053	00694a40	2
20054	00694a80	0
20055	00694aa0	2
20056	00694ad0	2
20057	00694b20	2
20058	00694b60	2
20059	00694b90	2
20060	00694bd0	2
20061	00694c00	2
20062	00694c30	3
20063	00694c90	8
20064	00694d60	2
20065	00694da0	2
20066	00694dd0	2
20067	00694e20	2
20068	00694e60	2
20069	00694eb0	5
20070	00694f30	14
20071	00695020	3
20072	00695060	2
20073	00695090	2
20074	006950c0	2
20075	006950f0	2
20076	00695120	2
20077	00695170	2
20078	006951b0	3
20079	006951f0	2
20080	00695220	2
20081	00695250	0
20082	00695280	2
20083	006952d0	3
20084	00695310	2
20085	00695340	22
20086	00695520	15
20087	00695640	2
20088	00695670	2
20089	006956a0	2
20090	006956d0	0
20091	00695700	0
20092	00695730	3
20093	00695770	2
20094	006957a0	0
20095	006957c0	5
20096	00695830	4
20097	006958a0	4
20098	00695930	2
20099	00695960	0
20100	00695970	0
20101	00695980	0
20102	006959a0	2
20103	006959d0	2
20104	00695a10	2
20105	00695a50	2
20106	00695a80	2
20107	00695ac0	0
20108	00695af0	2
20109	00695b20	0
20110	00695b40	3
20111	00695b70	0
20112	00695b80	0
20113	00695b90	0
20114	00695ba0	0
20115	00695bc0	134
20116	006963f0	7
20117	00696480	10
20118	006965a0	75
20119	00696a50	2
20120	00696a80	2
20121	00696ab0	2
20122	00696ae0	7
20123	00696b90	0
20124	00696bb0	2
20125	00696be0	2
20126	00696c10	11
20127	00696ce0	12
20128	00696dc0	0
20129	00696dd0	2
20130	00696e00	2
20131	00696e30	0
20132	00696e50	0
20133	00696e80	0
20134	00696e90	0
20135	00696ea0	19
20136	00696fe0	3
20137	00697020	3
20138	00697060	19
20139	006971a0	4
20140	00697200	2
20141	00697230	2
20142	00697260	0
20143	00697280	10
20144	00697370	2
20145	006973a0	2
20146	006973d0	0
20147	006973f0	2
20148	00697420	2
20149	00697450	2
20150	00697480	2
20151	006974b0	2
20152	006974e0	2
20153	00697510	2
20154	00697540	0
20155	00697560	0
20156	00697590	3
20157	00697620	2
20158	00697640	3
20159	006976d0	2
20160	006976f0	2
20161	00697730	3
20162	00697770	3
68047	006977b0	2
68048	006977c1	2
68049	006977db	2
68050	006977ec	2
68051	0069780c	2
68052	0069781d	2
68053	00697837	2
68054	00697848	2
68055	00697862	2
68056	00697873	2
68057	0069788d	2
68058	0069789e	2
68059	006978b8	3
68060	006978ce	2
68061	006978e4	2
68062	006978fd	2
68063	00697913	3
68064	00697929	2
68065	0069793f	2
68066	00697958	2
20163	0069796e	0
20164	00697989	2
68067	006979b0	3
68068	006979c6	2
68013	006979e0	2
68014	006979f1	2
68015	00697a0b	2
68016	00697a1c	2
68017	00697a3c	2
68018	00697a4d	2
68019	00697a67	2
68020	00697a78	2
68021	00697a92	2
68022	00697aa3	2
68023	00697abd	2
68024	00697ace	2
20165	00697ae8	24
68025	00697de8	35
68026	006981f6	14
20166	00698397	8
20167	00698468	21
68027	00698703	37
68028	00698a8d	7
68029	00698b02	19
68030	00698c6c	11
20168	00698d37	40
68031	0069910f	5
68032	00699182	9
68033	0069924f	19
68034	0069947b	19
68035	0069968f	22
68036	00699932	16
68037	00699ad0	9
68038	00699bd7	9
68039	00699cb7	8
68040	00699da6	9
68041	00699ea9	16
20169	0069a06a	8
20170	0069a13c	49
68042	0069a588	45
68043	0069a9ba	3
68044	0069aa6b	12
68045	0069ab67	3
68046	0069ab7d	2
20171	0069aba0	0
20172	0069aba0	3
20173	0069abe0	4
20174	0069ac50	0
20175	0069ac70	3
20176	0069acc0	4
20177	0069ad80	2
20178	0069add0	2
20179	0069ae00	2
20180	0069ae30	2
20181	0069ae60	0
20182	0069ae80	2
20183	0069aed0	0
20184	0069aef0	0
20185	0069af10	0
20186	0069af30	2
20187	0069af60	2
20188	0069af90	2
20189	0069afc0	0
20190	0069afe0	0
20191	0069b000	0
20192	0069b020	2
20193	0069b050	4
20194	0069b090	0
20195	0069b0b0	0
67990	0069b0c0	2
67991	0069b0d1	2
67992	0069b0eb	2
67993	0069b0fc	2
67994	0069b11c	2
67995	0069b12d	2
67996	0069b147	2
67997	0069b158	2
67998	0069b172	2
67999	0069b183	2
68000	0069b19d	2
68001	0069b1ae	2
68002	0069b1c8	3
68003	0069b1de	2
68004	0069b1f4	2
68005	0069b20d	2
68006	0069b223	3
68007	0069b239	2
68008	0069b24f	2
68009	0069b268	2
20196	0069b27e	0
20197	0069b292	2
20198	0069b2c8	24
20199	0069b57f	26
68010	0069b8ab	11
20200	0069b994	32
20201	0069bd01	27
20202	0069c03f	22
68011	0069c1b7	3
68012	0069c1cd	2
20203	0069c1f0	3
20204	0069c230	3
20205	0069c270	2
20206	0069c2c0	0
20207	0069c2c0	3
20208	0069c300	2
20209	0069c330	0
20210	0069c350	2
20211	0069c390	2
67968	0069c3d0	2
67969	0069c3e1	2
67970	0069c3fb	2
67971	0069c40c	2
67972	0069c42c	2
67973	0069c43d	2
67974	0069c457	2
67975	0069c468	2
67976	0069c482	2
67977	0069c493	2
67978	0069c4ad	2
67979	0069c4be	2
67980	0069c4d8	3
67981	0069c4ee	2
67982	0069c504	2
67983	0069c51d	2
67984	0069c533	3
67985	0069c549	2
67986	0069c55f	2
67987	0069c578	2
20212	0069c58e	17
20213	0069c6fd	14
67988	0069c7fc	3
67989	0069c812	2
67945	0069c830	2
67946	0069c841	2
67947	0069c85b	2
67948	0069c86c	2
67949	0069c88c	2
67950	0069c89d	2
67951	0069c8b7	2
67952	0069c8c8	2
67953	0069c8e2	2
67954	0069c8f3	2
67955	0069c90d	2
67956	0069c91e	2
67957	0069c938	3
67958	0069c94e	2
67959	0069c964	2
67960	0069c97d	2
67961	0069c993	3
67962	0069c9a9	2
67963	0069c9bf	2
67964	0069c9d8	2
20214	0069c9ee	13
20215	0069cb15	4
20216	0069cb80	7
67965	0069cbf2	7
67966	0069cc86	3
67967	0069cc9c	2
67923	0069ccc0	2
67924	0069ccd1	2
67925	0069cceb	2
67926	0069ccfc	2
67927	0069cd1c	2
67928	0069cd2d	2
67929	0069cd47	2
67930	0069cd58	2
67931	0069cd72	2
67932	0069cd83	2
67933	0069cd9d	2
67934	0069cdae	2
67935	0069cdc8	3
67936	0069cdde	2
67937	0069cdf4	2
67938	0069ce0d	2
67939	0069ce23	3
67940	0069ce39	2
67941	0069ce4f	2
67942	0069ce68	2
20217	0069ce7e	10
20218	0069cf70	7
67943	0069cffa	3
67944	0069d010	2
20219	0069d030	3
67901	0069d0a0	2
67902	0069d0b1	2
67903	0069d0cb	2
67904	0069d0dc	2
67905	0069d0fc	2
67906	0069d10d	2
67907	0069d127	2
67908	0069d138	2
67909	0069d152	2
67910	0069d163	2
67911	0069d17d	2
67912	0069d18e	2
67913	0069d1a8	3
67914	0069d1be	2
67915	0069d1d4	2
67916	0069d1ed	2
67917	0069d203	3
67918	0069d219	2
67919	0069d22f	2
67920	0069d248	2
20220	0069d25e	0
20221	0069d279	2
67921	0069d2a0	3
67922	0069d2b6	2
20222	0069d2d0	14
20223	0069d439	9
67899	0069d4ed	3
67900	0069d503	2
20224	0069d520	3
20225	0069d590	9
20226	0069d610	2
20227	0069d640	4
20228	0069d680	0
20229	0069d6a0	0
20230	0069d6c0	17
20231	0069d920	5
20232	0069d990	2
20233	0069d9e0	2
20234	0069da30	2
20235	0069da60	2
20236	0069da90	2
20237	0069dac0	2
20238	0069db00	2
20239	0069db40	2
20240	0069db70	3
20241	0069dc00	2
20242	0069dc40	2
67891	0069dc80	2
67892	0069dc91	2
20243	0069dcab	4
20244	0069dd32	6
20245	0069de58	0
20246	0069de6f	13
20247	0069e000	6
20248	0069e0b7	4
67893	0069e126	3
67894	0069e13c	2
67895	0069e155	7
67896	0069e17f	2
67897	0069e198	2
67898	0069e1b1	2
20249	0069e1d0	0
20250	0069e1d0	3
20251	0069e210	3
20252	0069e270	3
20253	0069e2d0	0
67837	0069e300	2
67838	0069e311	2
67839	0069e32b	2
67840	0069e33c	2
67841	0069e35c	2
67842	0069e36d	2
67843	0069e387	2
67844	0069e398	2
67845	0069e3b2	2
67846	0069e3c3	2
67847	0069e3dd	2
67848	0069e3ee	2
20254	0069e408	2
20255	0069e451	3
20256	0069e4d0	2
20257	0069e5d1	24
20258	0069e8b1	67
20259	0069f093	4
20260	0069f2a5	6
20261	0069f363	7
20262	0069f4c3	2
20263	0069f4f4	3
20264	0069f525	18
20265	0069f6e0	16
20266	0069f9a5	4
20267	0069fa1e	17
20268	0069fc1c	19
20269	0069fe5d	21
20270	006a0110	21
67849	006a03c6	13
67850	006a05aa	18
67851	006a0794	18
20271	006a0a00	16
20272	006a0c2d	24
20273	006a0f45	8
20274	006a1040	9
20275	006a1317	5
67852	006a13d3	9
20276	006a14af	6
20277	006a1544	3
20278	006a15b7	6
20279	006a165f	14
20280	006a179f	4
20281	006a1832	12
20282	006a196f	13
20283	006a1a80	3
20284	006a1ac0	12
20285	006a1d0a	2
20286	006a1d34	2
20287	006a1d64	2
20288	006a1d92	2
20289	006a1dc0	2
20290	006a1dee	7
20291	006a1e94	9
20292	006a1f4a	17
20293	006a245d	2
20294	006a248b	8
67853	006a254e	6
20295	006a2729	2
20296	006a2757	8
20297	006a281a	19
20298	006a2c11	29
20299	006a319c	6
20300	006a32c8	3
20301	006a3338	3
20302	006a33a8	5
20303	006a3551	6
67854	006a363f	9
20304	006a37a7	9
20305	006a3922	38
20306	006a3ca3	10
20307	006a3e47	4
20308	006a3e93	0
20309	006a3f0b	0
20310	006a3f34	7
20311	006a411c	28
20312	006a465d	3
20313	006a46fb	20
20314	006a48dc	0
20315	006a48ff	3
20316	006a4979	4
20317	006a49d7	4
20318	006a4a35	4
20319	006a4a93	4
20320	006a4af1	2
20321	006a4b44	3
20322	006a4ba6	2
20323	006a4bcc	10
20324	006a4d54	11
20325	006a4faf	19
20326	006a531a	7
20327	006a5418	2
20328	006a5444	3
20329	006a5493	2
20330	006a54c0	5
20331	006a55d4	3
20332	006a5669	7
20333	006a5853	3
20334	006a58e4	3
20335	006a5975	5
20336	006a59ef	16
20337	006a5b41	18
20338	006a5cab	34
67855	006a62cc	19
20339	006a643b	0
20340	006a6464	5
20341	006a6501	9
20342	006a6645	4
20343	006a675e	6
20344	006a680a	13
20345	006a6983	22
20346	006a6c61	46
20347	006a74ad	21
20348	006a7630	8
20349	006a771d	14
67856	006a786d	12
67857	006a7987	13
20350	006a7acd	13
20351	006a7ecd	7
20352	006a8072	6
20353	006a8162	3
20354	006a8204	4
20355	006a8291	14
20356	006a855a	3
20357	006a85d6	12
20358	006a876c	18
20359	006a8a4c	3
67858	006a8adc	3
67859	006a8af2	4
67860	006a8b6e	2
67861	006a8b87	2
20360	006a8b9d	41
20361	006a9106	2
20362	006a9157	2
20363	006a91a5	0
20364	006a91c0	5
20365	006a925d	6
20366	006a933f	31
67862	006a95b8	3
67863	006a95ce	4
67864	006a964a	2
67865	006a9663	2
67866	006a9679	3
67867	006a968f	4
67868	006a970b	2
67869	006a9724	2
20367	006a973a	13
20368	006a98ad	19
67870	006a9b6a	3
67871	006a9b80	4
67872	006a9bfc	2
67873	006a9c15	2
20369	006a9c2b	5
20370	006a9cf5	4
20371	006a9d84	3
20372	006a9e52	13
20373	006aa004	0
20374	006aa01f	4
20375	006aa0fa	5
20376	006aa170	3
20377	006aa216	2
20378	006aa254	9
20379	006aa369	4
20380	006aa3f4	6
20381	006aa49b	2
67874	006aa4d8	28
20382	006aa6e9	2
20383	006aa726	3
20384	006aa770	7
20385	006aa829	6
20386	006aa8d5	2
20387	006aa92b	3
20388	006aa967	19
20389	006aab07	13
20390	006aac04	18
20391	006aadc9	33
20392	006ab017	6
67875	006ab0cc	3
67876	006ab0e2	4
67877	006ab15e	2
67878	006ab177	2
20393	006ab18d	14
20394	006ab346	17
20395	006ab4cc	9
20396	006ab559	31
20397	006ab835	4
20398	006ab8ed	5
20399	006ab9ec	17
20400	006abb78	3
20401	006abbdd	10
20402	006abcaa	3
20403	006abd0f	11
20404	006abe25	32
20405	006ac10f	5
20406	006ac1b8	0
20407	006ac1cc	4
20408	006ac25c	0
20409	006ac27f	3
67879	006ac2ed	10
20410	006ac47a	5
20411	006ac51f	0
20412	006ac542	4
20413	006ac598	3
20414	006ac612	0
20415	006ac62d	19
20416	006ac852	6
20417	006ac8c0	20
20418	006ac9f8	19
20419	006acb4e	9
20420	006acc67	16
20421	006acdbd	4
20422	006ace19	5
20423	006ace7d	15
20424	006acfd0	0
20425	006acfeb	4
20426	006ad093	0
20427	006ad0cb	0
20428	006ad0e5	7
20429	006ad19a	5
20430	006ad23a	2
20431	006ad2a7	0
20432	006ad2e6	13
20433	006ad426	7
20434	006ad546	28
20435	006ad888	11
67880	006ad99a	0
20436	006ad99f	11
20437	006adaa1	20
20438	006add1f	7
20439	006adea4	14
20440	006ae0ab	7
20441	006ae178	21
20442	006ae448	24
20443	006ae746	27
20444	006aeb23	11
67881	006aed10	4
20445	006aeda4	4
20446	006aee32	15
20447	006af0c7	4
20448	006af155	9
20449	006af2d3	9
20450	006af451	3
20451	006af4b7	2
67882	006af4e6	2
20452	006af553	2
20453	006af582	2
20454	006af5b1	12
20455	006af805	18
20456	006afa46	16
20457	006afc0f	13
20458	006afcce	0
20459	006afce5	86
67883	006b0597	4
20460	006b060c	73
67884	006b0dd6	3
20461	006b0e8d	2
67885	006b0ed2	3
67886	006b0ee8	4
67887	006b0f64	2
67888	006b0f7d	2
20462	006b0f93	12
20463	006b1099	12
20464	006b11b7	13
67889	006b12f9	3
67890	006b130f	2
20465	006b1330	2
20466	006b1360	0
20467	006b1380	0
20468	006b1380	3
20469	006b13c0	2
20470	006b1400	2
20471	006b1430	2
20472	006b1470	2
20473	006b14a0	2
20474	006b14d0	3
20475	006b1510	20
20476	006b16f0	2
20477	006b1730	2
20478	006b1750	2
20479	006b1770	2
20480	006b1790	2
20481	006b17b0	3
20482	006b1800	2
20483	006b18a0	0
20484	006b18e0	3
20485	006b1950	0
20486	006b1950	3
20487	006b1990	4
20488	006b1ad0	4
20489	006b1b40	4
20490	006b1bd0	2
20491	006b1c00	0
20492	006b1c20	0
20493	006b1c50	0
20494	006b1c80	2
20495	006b1cd0	0
20496	006b1cf0	2
20497	006b1d40	8
20498	006b1e00	0
20499	006b1e00	3
20500	006b1e40	4
20501	006b1eb0	7
20502	006b2010	0
20503	006b2020	0
20504	006b2040	0
20505	006b2060	2
20506	006b2090	3
20507	006b2100	0
20508	006b2120	0
20509	006b2140	0
20510	006b2140	3
20511	006b2180	4
20512	006b21f0	3
20513	006b2230	9
20514	006b22d0	3
20515	006b2320	8
20516	006b23c0	2
20517	006b2410	5
20518	006b2490	3
20519	006b24d0	3
20520	006b2510	2
20521	006b2540	2
20522	006b2570	3
20523	006b25c0	12
20524	006b26a0	4
20525	006b2700	2
20526	006b2730	2
20527	006b2770	2
20528	006b27b0	2
20529	006b27e0	2
20530	006b2810	2
20531	006b2840	2
20532	006b2890	2
20533	006b28d0	0
20534	006b2910	2
20535	006b2940	2
20536	006b2970	2
20537	006b29a0	0
20538	006b29e0	6
20539	006b2a60	3
20540	006b2ae0	2
20541	006b2b10	2
20542	006b2b40	2
20543	006b2b70	2
20544	006b2ba0	2
20545	006b2bd0	2
20546	006b2c00	2
20547	006b2c30	2
20548	006b2c60	2
20549	006b2c90	2
20550	006b2cd0	2
20551	006b2d00	11
20552	006b2dd0	4
20553	006b2e40	4
20554	006b2ed0	2
20555	006b2f00	0
20556	006b2f10	0
20557	006b2f20	0
20558	006b2f30	2
20559	006b2f60	0
20560	006b2f80	0
20561	006b2fa0	0
20562	006b2fd0	0
20563	006b2ff0	2
20564	006b3020	2
20565	006b3060	0
20566	006b3090	0
20567	006b30b0	0
20568	006b30d0	3
20569	006b3110	2
20570	006b3140	2
20571	006b3170	0
20572	006b31a0	2
20573	006b31d0	2
20574	006b3200	2
20575	006b3230	2
20576	006b3260	0
20577	006b3280	0
20578	006b32a0	2
20579	006b32d0	0
20580	006b32f0	2
20581	006b3320	0
20582	006b3340	0
20583	006b3360	2
20584	006b3390	2
20585	006b33d0	2
20586	006b3430	4
20587	006b34c0	0
20588	006b34e0	2
20589	006b3510	2
20590	006b3540	0
20591	006b3560	0
20592	006b3580	0
20593	006b35a0	2
20594	006b35e0	2
20595	006b3640	0
20596	006b3660	4
20597	006b36f0	0
20598	006b3710	0
20599	006b3730	0
20600	006b3750	4
20601	006b3790	4
20602	006b3850	4
20603	006b3910	6
20604	006b39d0	2
20605	006b3a00	2
20606	006b3a30	2
20607	006b3a60	2
20608	006b3a90	0
20609	006b3ab0	2
20610	006b3ad0	3
20611	006b3b60	3
20612	006b3ba0	3
20613	006b3be0	3
20614	006b3c20	2
20615	006b3c60	2
20616	006b3c90	3
20617	006b3cf0	2
20618	006b3d20	2
20619	006b3d50	2
20620	006b3d80	2
20621	006b3db0	2
20622	006b3e10	2
20623	006b3e70	2
20624	006b3ed0	2
20625	006b3f30	3
20626	006b3fc0	2
20627	006b4000	0
20628	006b4000	3
20629	006b4040	0
20630	006b4040	3
20631	006b4080	3
20632	006b4100	0
20633	006b4100	3
20634	006b4140	2
20635	006b4170	2
20636	006b41a0	3
20637	006b4220	0
20638	006b4240	0
20639	006b4240	3
20640	006b4280	0
20641	006b4280	3
20642	006b42c0	0
20643	006b42e0	3
20644	006b4340	4
20645	006b43b0	2
20646	006b43e0	0
20647	006b4410	0
20648	006b4430	0
20649	006b4460	0
20650	006b4470	2
20651	006b44a0	0
20652	006b44c0	0
20653	006b44e0	1
20654	006b44f0	1
20655	006b4500	1
20656	006b4510	1
20657	006b4520	1
20658	006b4530	1
20659	006b4540	1
20660	006b4550	1
20661	006b4560	1
20662	006b4570	1
20663	006b4580	1
20664	006b4590	1
20665	006b45a0	1
20666	006b45b0	1
67823	006b45c0	2
67824	006b45d1	2
67825	006b45eb	2
67826	006b45fc	2
67827	006b461c	2
67828	006b462d	2
67829	006b4647	2
67830	006b4658	2
67831	006b4672	2
67832	006b4683	2
67833	006b469d	2
67834	006b46ae	2
20667	006b46c8	3
20668	006b474d	8
20669	006b4856	3
20670	006b48ba	3
67835	006b48ee	3
67836	006b4904	2
20671	006b4920	0
20672	006b4920	3
20673	006b4960	3
20674	006b49c0	3
67809	006b4a20	2
67810	006b4a31	2
67811	006b4a4b	2
67812	006b4a5c	2
67813	006b4a7c	2
67814	006b4a8d	2
67815	006b4aa7	2
67816	006b4ab8	2
67817	006b4ad2	2
67818	006b4ae3	2
67819	006b4afd	2
67820	006b4b0e	2
20675	006b4b28	6
20676	006b4bb9	14
67821	006b4cee	3
67822	006b4d04	2
20677	006b4d20	2
20678	006b4d50	3
20679	006b4da0	2
20680	006b4dd0	11
20681	006b4ea0	2
20682	006b4ed0	2
20683	006b4f00	3
20684	006b4f90	2
20685	006b4fd0	2
20686	006b5007	4
20687	006b5140	8
20688	006b526d	15
67807	006b53bd	2
20689	006b53d3	16
20690	006b55da	17
67808	006b5746	2
20691	006b5760	2
20692	006b5790	2
20693	006b57c0	2
20694	006b57f0	0
20695	006b5820	2
20696	006b5850	2
20697	006b5880	2
20698	006b58b0	2
20699	006b58f0	2
20700	006b5920	3
20701	006b5980	2
20702	006b59c0	8
20703	006b5a90	2
20704	006b5ac0	2
20705	006b5af0	0
20706	006b5b20	2
20707	006b5b60	2
20708	006b5b90	3
20709	006b5bf0	2
20710	006b5c30	8
20711	006b5d00	2
20712	006b5d30	0
20713	006b5d60	2
20714	006b5db0	3
20715	006b5df0	2
20716	006b5e20	22
20717	006b6000	15
20718	006b6120	8
20719	006b61e0	2
20720	006b6210	0
20721	006b6230	2
20722	006b6260	0
20723	006b6290	2
20724	006b62e0	3
20725	006b6320	2
20726	006b6350	22
20727	006b6530	15
20728	006b6650	8
20729	006b6710	2
20730	006b6740	2
20731	006b6770	0
20732	006b67a0	0
20733	006b67c0	2
20734	006b67f0	3
20735	006b6820	0
20736	006b6830	0
20737	006b6840	0
20738	006b6850	0
20739	006b6870	134
20740	006b70a0	3
20741	006b70e0	7
20742	006b7170	10
20743	006b7290	75
20744	006b7740	2
20745	006b7770	2
20746	006b77a0	2
20747	006b77d0	0
20748	006b77f0	2
20749	006b7820	2
20750	006b7870	2
20751	006b78a0	2
20752	006b78e0	0
20753	006b7900	2
20754	006b7930	0
20755	006b7970	3
20756	006b79a0	0
20757	006b79b0	0
20758	006b79c0	0
20759	006b79d0	0
20760	006b79f0	134
20761	006b8220	3
20762	006b8260	7
20763	006b82f0	10
20764	006b8410	75
20765	006b88c0	2
20766	006b88f0	2
20767	006b8920	2
20768	006b8950	0
20769	006b8970	2
20770	006b89a0	2
20771	006b89f0	2
20772	006b8a20	2
20773	006b8a60	0
20774	006b8a70	0
20775	006b8a80	6
20776	006b8b30	19
20777	006b8c70	3
20778	006b8cb0	3
20779	006b8cf0	19
20780	006b8e30	4
20781	006b8e90	2
20782	006b8ec0	2
20783	006b8ef0	0
20784	006b8f10	10
20785	006b9000	2
20786	006b9030	0
20787	006b9040	0
20788	006b9050	6
20789	006b9100	19
20790	006b9240	3
20791	006b9280	3
20792	006b92c0	19
20793	006b9400	4
20794	006b9460	2
20795	006b9490	2
20796	006b94c0	0
20797	006b94e0	10
20798	006b95d0	2
20799	006b9600	2
20800	006b9630	2
20801	006b9660	7
20802	006b9710	2
20803	006b9740	7
20804	006b97f0	2
20805	006b9830	2
20806	006b9870	2
20807	006b98b0	2
20808	006b9900	0
20809	006b9930	0
20810	006b9960	3
20811	006b99f0	2
20812	006b9a10	3
20813	006b9aa0	2
20814	006b9ac0	2
20815	006b9b00	3
20816	006b9b40	2
20817	006b9b90	3
20818	006b9bd0	2
20819	006b9c10	2
67797	006b9c50	3
67798	006b9c66	2
67799	006b9c92	2
67800	006b9cab	2
67801	006b9cc1	3
67802	006b9cd7	3
67803	006b9d05	2
67804	006b9d1e	2
20820	006b9d34	2
20821	006b9d68	2
20822	006b9d8c	8
20823	006b9e41	13
20824	006ba044	6
20825	006ba0d1	14
20826	006ba256	6
20827	006ba2d5	0
20828	006ba316	2
20829	006ba33a	12
20830	006ba49c	6
67805	006ba51a	3
67806	006ba530	2
20831	006ba550	3
20832	006ba5c0	3
20833	006ba630	0
20834	006ba6a0	0
20835	006ba6a0	3
20836	006ba6e0	0
20837	006ba6e0	3
20838	006ba720	2
20839	006ba750	3
20840	006ba7b0	2
20841	006ba7f0	0
20842	006ba880	0
20843	006ba8a0	2
20844	006ba8e0	3
20845	006ba950	0
20846	006ba990	3
20847	006baa10	0
20848	006baa30	0
20849	006baa50	0
20850	006baa70	0
20851	006baa90	9
20852	006bab10	0
20853	006bab60	3
20854	006baba0	4
20855	006bac10	17
20856	006bae70	5
20857	006baee0	2
20858	006baf20	2
20859	006baf50	2
20860	006bafa0	2
20861	006baff0	2
20862	006bb020	2
20863	006bb050	2
20864	006bb080	4
20865	006bb0e0	4
20866	006bb140	2
20867	006bb170	2
20868	006bb1b0	2
20869	006bb1f0	2
20870	006bb220	2
20871	006bb240	3
20872	006bb2d0	3
20873	006bb310	3
20874	006bb350	3
20875	006bb3c0	2
20876	006bb410	0
67781	006bb4b0	2
67782	006bb4c1	2
67783	006bb4db	2
67784	006bb4ec	2
67785	006bb50c	2
67786	006bb51d	2
67787	006bb537	2
67788	006bb548	2
67789	006bb562	2
67790	006bb573	2
67791	006bb58d	2
67792	006bb59e	2
20877	006bb5b8	10
20878	006bb6ce	14
20879	006bb813	91
67793	006bc071	2
67794	006bc087	2
20880	006bc09d	0
20881	006bc0b1	0
20882	006bc0c5	0
20883	006bc0d9	0
20884	006bc0ed	3
20885	006bc17e	4
20886	006bc1df	14
20887	006bc352	37
20888	006bc7b8	3
20889	006bc827	0
20890	006bc83b	0
20891	006bc84f	13
20892	006bc99d	5
20893	006bca0d	2
20894	006bca3e	2
20895	006bca6f	0
20896	006bca85	0
20897	006bca99	0
20898	006bcaaf	5
20899	006bcb7f	2
20900	006bcba8	3
20901	006bcbf8	3
20902	006bcc48	0
20903	006bcc5f	11
20904	006bcd59	6
20905	006bcded	0
67795	006bce01	3
67796	006bce17	2
20906	006bce30	0
20907	006bce30	3
20908	006bce70	7
20909	006bcf40	2
20910	006bcf70	2
20911	006bcfb0	2
20912	006bcfe0	2
20913	006bd010	2
20914	006bd040	2
20915	006bd070	2
20916	006bd0a0	2
20917	006bd0d0	2
20918	006bd110	2
20919	006bd140	3
20920	006bd1a0	2
20921	006bd1e0	8
20922	006bd2b0	2
20923	006bd2e0	0
20924	006bd310	2
20925	006bd350	2
20926	006bd380	3
20927	006bd3e0	2
20928	006bd420	8
20929	006bd4f0	2
20930	006bd520	0
20931	006bd550	2
20932	006bd5a0	3
20933	006bd5e0	2
20934	006bd610	22
20935	006bd7f0	15
20936	006bd910	8
20937	006bd9d0	2
20938	006bda00	2
20939	006bda30	0
20940	006bda60	2
20941	006bdab0	3
20942	006bdaf0	2
20943	006bdb20	22
20944	006bdd00	15
20945	006bde20	8
20946	006bdee0	2
20947	006bdf10	2
20948	006bdf40	0
20949	006bdf70	0
20950	006bdf90	2
20951	006bdfc0	3
20952	006bdff0	0
20953	006be000	0
20954	006be010	0
20955	006be020	0
20956	006be040	134
20957	006be870	3
20958	006be8b0	7
20959	006be940	10
20960	006bea60	75
20961	006bef10	2
20962	006bef40	2
20963	006bef70	2
20964	006befa0	0
20965	006befc0	2
20966	006beff0	2
20967	006bf040	2
20968	006bf070	2
20969	006bf0b0	0
20970	006bf0d0	3
20971	006bf100	0
20972	006bf110	0
20973	006bf120	0
20974	006bf130	0
20975	006bf150	134
20976	006bf980	3
20977	006bf9c0	7
20978	006bfa50	10
20979	006bfb70	75
20980	006c0020	2
20981	006c0050	2
20982	006c0080	2
20983	006c00b0	0
20984	006c00d0	2
20985	006c0100	2
20986	006c0150	2
20987	006c0180	2
20988	006c01c0	0
20989	006c01d0	0
20990	006c01e0	6
20991	006c0290	19
20992	006c03d0	3
20993	006c0410	3
20994	006c0450	19
20995	006c0590	4
20996	006c05f0	2
20997	006c0620	2
20998	006c0650	0
20999	006c0670	10
21000	006c0760	2
21001	006c0790	0
21002	006c07a0	0
21003	006c07b0	6
21004	006c0860	19
21005	006c09a0	3
21006	006c09e0	3
21007	006c0a20	19
21008	006c0b60	4
21009	006c0bc0	2
21010	006c0bf0	2
21011	006c0c20	0
21012	006c0c40	10
21013	006c0d30	2
21014	006c0d60	2
21015	006c0d90	2
21016	006c0dc0	7
21017	006c0e70	2
21018	006c0ea0	2
21019	006c0ed0	7
21020	006c0f80	2
21021	006c0fc0	2
21022	006c1010	2
21023	006c1050	2
21024	006c10a0	0
21025	006c10d0	0
21026	006c1100	3
21027	006c1190	2
21028	006c11b0	3
21029	006c1240	2
21030	006c1260	2
21031	006c12d0	2
21032	006c1320	3
21033	006c1360	2
21034	006c13b0	3
21035	006c13f0	2
21036	006c1430	2
21037	006c1470	1
21038	006c1480	1
67761	006c1490	2
67762	006c14a1	2
67763	006c14bb	2
67764	006c14cc	2
67765	006c14ec	2
67766	006c14fd	2
67767	006c1517	2
67768	006c1528	2
67769	006c1542	2
67770	006c1553	2
67771	006c156d	2
67772	006c157e	2
21039	006c1598	10
21040	006c16b5	16
21041	006c1858	22
21042	006c1af7	8
21043	006c1bdd	20
21044	006c1d94	7
21045	006c1e56	8
21046	006c1f24	8
67773	006c1ffe	3
67774	006c2014	4
67775	006c2097	2
67776	006c20b0	2
21047	006c20c6	14
21048	006c225f	7
67777	006c2342	12
67778	006c247d	2
21049	006c2493	4
21050	006c2531	6
21051	006c2614	59
21052	006c2bd7	31
67779	006c2e24	3
67780	006c2e3a	2
21053	006c2e60	0
21054	006c2e60	3
21055	006c2ea0	4
21056	006c2f40	0
21057	006c2f40	3
21058	006c2f80	5
21059	006c3010	0
21060	006c3030	2
21061	006c3080	2
21062	006c30c0	2
21063	006c30f0	3
21064	006c3170	0
21065	006c31a0	0
21066	006c31e0	3
21067	006c3250	0
21068	006c32a0	2
21069	006c32d0	3
21070	006c3310	4
21071	006c3350	0
21072	006c3390	3
21073	006c3410	0
21074	006c3460	2
21075	006c3490	3
21076	006c34d0	0
21077	006c34f0	0
21078	006c3510	4
21079	006c3570	5
21080	006c35e0	2
21081	006c3620	2
21082	006c3650	0
21083	006c3670	0
21084	006c3690	4
21085	006c3700	2
21086	006c3740	2
21087	006c3770	17
21088	006c39b0	2
21089	006c39e0	17
21090	006c3c40	2
21091	006c3c70	2
21092	006c3cc0	2
21093	006c3d10	2
21094	006c3d40	2
21095	006c3d90	2
21096	006c3de0	2
21097	006c3e10	2
21098	006c3e40	2
21099	006c3e70	2
21100	006c3ea0	0
21101	006c3ec0	2
21102	006c3f00	2
21103	006c3f30	2
21104	006c3f70	2
21105	006c3f90	2
21106	006c3fc0	2
21107	006c4000	2
21108	006c4020	2
21109	006c4050	2
21110	006c4080	3
21111	006c4110	3
21112	006c41a0	3
21113	006c41e0	2
21114	006c4250	3
21115	006c4290	2
21116	006c4320	2
21117	006c4350	2
21118	006c4380	1
21119	006c4390	1
21120	006c43a0	3
21121	006c4423	8
21122	006c44b7	3
21123	006c44ed	3
67759	006c4543	3
67760	006c4559	2
21124	006c4580	0
21125	006c4580	3
21126	006c45c0	3
21127	006c4640	0
21128	006c4660	1
67745	006c4670	2
67746	006c4681	2
67747	006c469b	2
67748	006c46ac	2
67749	006c46cc	2
67750	006c46dd	2
67751	006c46f7	2
67752	006c4708	2
67753	006c4722	2
67754	006c4733	2
67755	006c474d	2
67756	006c475e	2
21129	006c4778	5
21130	006c4827	33
67757	006c4a5c	3
67758	006c4a72	2
21131	006c4a90	3
21132	006c4b10	0
21133	006c4b10	3
21134	006c4b50	3
21135	006c4bd0	0
21136	006c4bd0	3
21137	006c4c10	5
21138	006c4cb0	0
21139	006c4cd0	2
21140	006c4d00	1
21141	006c4d10	1
21142	006c4d20	1
21143	006c4d30	0
21144	006c4d4b	28
21145	006c50b0	19
21146	006c5285	3
21147	006c52da	3
67743	006c5320	3
67744	006c5336	2
21148	006c5350	3
21149	006c53c0	0
21150	006c53d0	3
21151	006c5430	2
21152	006c5470	3
21153	006c54d0	3
21154	006c5530	0
21155	006c5550	0
21156	006c5570	0
21157	006c5590	5
21158	006c5648	2
21159	006c5697	0
21160	006c56ae	7
21161	006c57d9	19
67740	006c597c	2
67741	006c5992	3
67742	006c59a8	2
21162	006c59d0	0
21163	006c59d0	3
21164	006c5a10	2
21165	006c5a40	3
21166	006c5ac0	3
21167	006c5b40	0
21168	006c5b40	3
21169	006c5b80	2
21170	006c5bb0	2
21171	006c5bf0	2
21172	006c5c20	3
21173	006c5c80	2
21174	006c5cc0	2
21175	006c5cf0	3
21176	006c5d50	2
21177	006c5d90	8
21178	006c5e60	3
21179	006c5ed0	2
21180	006c5f00	2
21181	006c5f30	2
21182	006c5f70	2
21183	006c5fb0	2
21184	006c6000	3
21185	006c6040	2
21186	006c6070	22
21187	006c6250	15
21188	006c6370	8
21189	006c6430	2
21190	006c6460	0
21191	006c6480	2
21192	006c64b0	0
21193	006c64e0	0
21194	006c6510	0
21195	006c6530	2
21196	006c6560	4
21197	006c65f0	3
21198	006c6620	0
21199	006c6630	0
21200	006c6640	0
21201	006c6650	0
21202	006c6670	134
21203	006c6ea0	3
21204	006c6ee0	7
21205	006c6f70	10
21206	006c7090	75
21207	006c7540	2
21208	006c7570	2
21209	006c75a0	2
21210	006c75d0	0
21211	006c75f0	2
21212	006c7620	2
21213	006c7670	2
21214	006c76a0	0
21215	006c76b0	0
21216	006c76c0	6
21217	006c7770	19
21218	006c78b0	3
21219	006c78f0	3
21220	006c7930	19
21221	006c7a70	4
21222	006c7ad0	2
21223	006c7b00	2
21224	006c7b30	0
21225	006c7b50	10
21226	006c7c40	2
21227	006c7c70	2
21228	006c7ca0	2
21229	006c7cd0	7
21230	006c7d80	2
21231	006c7dc0	3
21232	006c7e50	2
21233	006c7e80	4
21234	006c7f50	2
21235	006c7fa0	2
21236	006c7fd0	2
21237	006c8020	2
21238	006c8080	2
21239	006c80b0	2
21240	006c8110	0
21241	006c8140	3
21242	006c81d0	2
21243	006c81f0	0
21244	006c81f0	3
21245	006c8230	0
21246	006c8230	3
21247	006c8270	2
21248	006c82a0	3
21249	006c82e0	3
21250	006c8350	3
21251	006c8390	2
21252	006c83c0	2
21253	006c83f0	1
21254	006c8400	1
21255	006c8410	1
21256	006c8420	2
67739	006c8437	2
21257	006c846b	4
21258	006c84b9	5
21259	006c8540	0
21260	006c855b	2
21261	006c8593	0
21262	006c85a7	2
21263	006c85df	0
67714	006c8600	2
67715	006c8611	2
67716	006c862b	2
67717	006c863c	2
67718	006c865c	2
67719	006c866d	2
67720	006c8687	2
67721	006c8698	2
67722	006c86b2	2
67723	006c86c3	2
67724	006c86dd	2
67725	006c86ee	2
67726	006c8708	3
67727	006c871e	2
67728	006c8742	2
67729	006c875b	2
21264	006c8771	3
21265	006c87dc	23
67730	006c89da	2
67731	006c89f0	2
21266	006c8a06	3
67732	006c8a53	28
67733	006c8da3	5
67734	006c8e56	5
67735	006c8f0a	5
21267	006c8fc1	5
21268	006c9087	23
21269	006c9226	19
21270	006c94ac	27
21271	006c9740	6
21272	006c97ee	9
21273	006c98b3	15
21274	006c99cd	3
21275	006c9a32	15
21276	006c9c78	29
21277	006ca0ca	27
21278	006ca3c1	51
67736	006ca903	2
67737	006ca919	3
67738	006ca92f	2
21279	006ca950	2
21280	006ca980	2
21281	006ca9b0	2
21282	006ca9e0	2
21283	006caa20	3
21284	006caa70	0
21285	006caa90	0
21286	006caab0	0
21287	006caad0	0
21288	006caaf0	0
21289	006cab20	2
21290	006cab50	4
21291	006cab90	4
21292	006cabe0	2
21293	006cac10	2
21294	006cac40	2
21295	006cac90	5
21296	006cad10	3
21297	006cad50	2
21298	006cad80	3
21299	006cadd0	2
21300	006cae00	2
21301	006cae40	2
21302	006cae90	2
21303	006caed0	2
21304	006caf10	11
21305	006cafe0	4
21306	006cb050	4
21307	006cb0e0	2
21308	006cb110	0
21309	006cb120	0
21310	006cb130	2
21311	006cb160	0
21312	006cb190	12
21313	006cb270	0
21314	006cb280	2
21315	006cb2b0	2
21316	006cb2e0	2
21317	006cb310	0
21318	006cb330	0
21319	006cb350	2
21320	006cb380	8
21321	006cb440	8
21322	006cb500	2
21323	006cb530	2
21324	006cb570	2
21325	006cb5b0	5
21326	006cb670	2
21327	006cb6a0	2
21328	006cb6d0	19
21329	006cb890	4
21330	006cb930	2
21331	006cb970	3
21332	006cb9e0	4
21333	006cba50	0
21334	006cba70	3
21335	006cbab0	0
21336	006cbb20	2
21337	006cbb80	0
21338	006cbb90	0
21339	006cbb90	3
21340	006cbbd0	2
21341	006cbc00	0
21342	006cbc00	3
21343	006cbc40	2
21344	006cbc80	2
21345	006cbcc0	7
21346	006cbd50	0
21347	006cbd70	0
21348	006cbd90	4
21349	006cbe20	7
21350	006cbee0	2
21351	006cbf10	0
21352	006cbf30	0
21353	006cbf50	2
21354	006cbf90	4
21355	006cc010	6
21356	006cc080	0
21357	006cc0a0	2
21358	006cc0e0	2
21359	006cc130	2
21360	006cc160	2
21361	006cc1b0	2
21362	006cc210	2
21363	006cc240	2
21364	006cc2a0	0
21365	006cc2c0	9
21366	006cc3b0	2
21367	006cc3d0	3
21368	006cc410	0
21369	006cc410	3
21370	006cc450	2
21371	006cc480	4
21372	006cc550	2
21373	006cc580	0
21374	006cc580	3
21375	006cc5c0	0
21376	006cc5c0	3
21377	006cc600	0
21378	006cc640	3
21379	006cc6a0	3
21380	006cc730	2
21381	006cc770	2
21382	006cc7d0	0
21383	006cc800	4
21384	006cc890	0
21385	006cc8b0	2
21386	006cc8e0	9
21387	006cc970	0
21388	006cc990	0
21389	006cc9e0	17
21390	006ccc60	5
21391	006cccd0	2
21392	006ccd30	2
21393	006ccd80	2
21394	006ccdb0	2
21395	006ccde0	0
21396	006cce10	0
21397	006cce40	0
21398	006cce80	0
21399	006ccec0	2
21400	006ccef0	2
21401	006ccf50	1
21402	006ccf60	1
67700	006ccf70	2
67701	006ccf81	2
67702	006ccf9b	2
67703	006ccfac	2
67704	006ccfcc	2
67705	006ccfdd	2
67706	006ccff7	2
67707	006cd008	2
67708	006cd022	2
67709	006cd033	2
67710	006cd04d	2
67711	006cd05e	2
21403	006cd078	0
21404	006cd090	0
21405	006cd0a4	3
21406	006cd0f1	14
21407	006cd2a2	16
21408	006cd574	12
21409	006cd773	14
21410	006cd921	9
21411	006cda00	10
67712	006cdb69	3
67713	006cdb7f	2
21412	006cdba0	2
21413	006cdbe0	2
21414	006cdc20	2
21415	006cdc60	0
21416	006cdc60	3
21417	006cdca0	2
21418	006cdcd0	3
21419	006cdd10	2
21420	006cdd40	2
21421	006cdd70	5
21422	006cddc0	3
21423	006cddf0	4
21424	006cde60	17
21425	006ce0c0	4
21426	006ce130	2
21427	006ce180	2
21428	006ce1d0	2
21429	006ce200	2
21430	006ce230	8
21431	006ce2f0	2
21432	006ce320	3
21433	006ce350	0
21434	006ce390	0
21435	006ce3c0	0
21436	006ce400	2
21437	006ce430	2
21438	006ce490	2
21439	006ce4c0	0
21440	006ce4d0	3
21441	006ce560	0
21442	006ce570	2
21443	006ce5c0	3
21444	006ce6c0	2
21445	006ce6f0	0
21446	006ce710	2
67685	006ce7b0	2
67686	006ce7c1	2
67687	006ce7db	2
67688	006ce7ec	2
67689	006ce80c	2
67690	006ce81d	2
67691	006ce837	2
67692	006ce848	2
67693	006ce862	2
67694	006ce873	2
67695	006ce88d	2
67696	006ce89e	2
21447	006ce8b8	5
21448	006ce981	13
21449	006ceb0b	13
21450	006cec9b	10
21451	006cef35	15
21452	006cf0cd	39
67697	006cf50e	33
21453	006cfa30	31
67698	006d0286	3
67699	006d029c	2
21454	006d02c0	0
21455	006d02f0	3
21456	006d0340	2
21457	006d0370	2
21458	006d03b0	2
21459	006d03f0	2
21460	006d0430	2
21461	006d0470	2
21462	006d04a0	2
21463	006d04d0	3
21464	006d0520	0
21465	006d0560	4
21466	006d05a0	24
21467	006d0760	5
21468	006d07b0	0
21469	006d07f0	3
21470	006d0860	0
21471	006d08b0	2
21472	006d08e0	5
21473	006d0950	0
21474	006d09a0	0
21475	006d09c0	2
21476	006d0a00	2
21477	006d0a30	2
21478	006d0a60	8
21479	006d0b20	8
21480	006d0c00	0
21481	006d0c40	4
21482	006d0c80	0
21483	006d0c90	2
21484	006d0cc0	0
21485	006d0ce0	2
67671	006d0d60	2
67672	006d0d71	2
67673	006d0d8b	2
67674	006d0d9c	2
67675	006d0dbc	2
67676	006d0dcd	2
67677	006d0de7	2
67678	006d0df8	2
67679	006d0e12	2
67680	006d0e23	2
67681	006d0e3d	2
67682	006d0e4e	2
21486	006d0e68	4
21487	006d0efc	11
21488	006d10cc	17
21489	006d1305	3
21490	006d137d	4
21491	006d148a	4
21492	006d1534	13
21493	006d171b	10
21494	006d1824	36
21495	006d1aef	8
21496	006d1c83	11
67683	006d1d8d	3
67684	006d1da3	2
21497	006d1dc0	2
21498	006d1e00	0
21499	006d1e30	2
21500	006d1e60	2
21501	006d1ea0	2
21502	006d1ed0	8
21503	006d1f90	8
21504	006d2050	2
21505	006d2080	8
21506	006d2160	3
21507	006d21c0	3
21508	006d2240	0
21509	006d2260	2
21510	006d2290	2
21511	006d22c0	0
21512	006d2300	9
21513	006d2380	0
21514	006d23a0	0
21515	006d23c0	17
21516	006d2620	5
21517	006d2690	2
21518	006d26e0	0
21519	006d2710	0
21520	006d2750	0
67637	006d2790	2
67638	006d27a1	2
67639	006d27bb	2
67640	006d27cc	2
67641	006d27ec	2
67642	006d27fd	2
67643	006d2817	2
67644	006d2828	2
67645	006d2842	2
67646	006d2853	2
67647	006d286d	2
67648	006d287e	2
67649	006d2898	3
67650	006d28ae	2
67651	006d28c4	2
67652	006d28dd	2
67653	006d28f3	3
67654	006d2909	2
67655	006d291f	2
67656	006d2938	2
67657	006d294e	2
67658	006d295f	2
67659	006d2977	2
67660	006d2988	2
67661	006d29a0	2
67662	006d29b1	2
67663	006d29c9	2
67664	006d29da	2
67665	006d29f2	2
67666	006d2a03	2
67667	006d2a1b	2
67668	006d2a2c	2
21521	006d2a44	2
21522	006d2a71	14
21523	006d2bdb	3
21524	006d2c16	3
21525	006d2c51	3
21526	006d2c8c	3
21527	006d2cc7	3
21528	006d2d02	3
21529	006d2d3d	3
21530	006d2d78	3
21531	006d2db3	21
67669	006d2f96	3
67670	006d2fac	2
21532	006d2fd0	2
21533	006d3000	0
21534	006d3050	2
21535	006d3080	3
21536	006d30c0	2
21537	006d30f0	2
21538	006d3120	3
21539	006d3180	2
21540	006d31c0	2
21541	006d31f0	2
21542	006d3220	0
21543	006d3240	0
21544	006d3260	4
21545	006d32c0	22
21546	006d34a0	8
21547	006d3560	0
21548	006d3580	2
21549	006d35b0	0
21550	006d35e0	17
21551	006d3820	0
21552	006d3840	2
21553	006d3870	3
21554	006d38a0	3
21555	006d38e0	75
21556	006d3d90	2
21557	006d3dc0	2
21558	006d3e10	2
21559	006d3e60	2
21560	006d3e90	6
21561	006d3f40	2
21562	006d3f70	10
21563	006d4060	2
21564	006d4090	2
21565	006d40c0	2
21566	006d40f0	3
21567	006d4130	3
21568	006d4170	3
21569	006d41b0	3
21570	006d41f0	3
21571	006d4230	3
21572	006d4270	2
21573	006d42a0	0
21574	006d42c0	2
21575	006d4300	2
21576	006d4340	2
21577	006d4370	2
21578	006d43b0	2
21579	006d43e0	3
21580	006d4470	3
21581	006d4500	2
21582	006d4530	3
21583	006d45e0	2
21584	006d4610	3
21585	006d46a0	2
21586	006d46d0	3
21587	006d4760	2
21588	006d4790	3
21589	006d4820	2
21590	006d4850	3
21591	006d48e0	2
21592	006d4910	3
21593	006d49a0	7
21594	006d4a90	0
21595	006d4a90	3
21596	006d4ad0	2
21597	006d4b00	2
21598	006d4b40	0
21599	006d4b60	2
21600	006d4ba0	2
21601	006d4bd0	2
21602	006d4c00	2
21603	006d4c30	1
21604	006d4c40	1
21605	006d4c50	9
67630	006d4d28	23
67631	006d4f7b	2
67632	006d4f9d	28
67633	006d5311	2
21606	006d5333	2
21607	006d53e5	20
67634	006d55d0	2
67635	006d55f2	3
67636	006d5608	2
21608	006d5630	0
67591	006d5660	2
67592	006d5671	2
67593	006d568b	2
67594	006d569c	2
67595	006d56bc	2
67596	006d56cd	2
67597	006d56e7	2
67598	006d56f8	2
67599	006d5712	2
67600	006d5723	2
67601	006d573d	2
67602	006d574e	2
67603	006d5768	3
67604	006d577e	4
67605	006d57fa	2
67606	006d5813	2
67607	006d5829	3
67608	006d583f	4
67609	006d58bb	2
67610	006d58d4	2
67611	006d58ea	3
67612	006d5900	4
67613	006d597c	2
67614	006d5995	2
67615	006d59ab	3
67616	006d59c1	4
67617	006d5a3d	2
67618	006d5a56	2
21609	006d5a6c	6
21610	006d5b4a	4
21611	006d5ba9	0
21612	006d5bc3	0
21613	006d5bd9	4
21614	006d5c86	3
21615	006d5cf1	21
21616	006d5f4a	0
21617	006d5f5e	2
21618	006d5f84	3
21619	006d5fc5	0
21620	006d5fdb	0
67619	006d5ff1	3
67620	006d6007	4
67621	006d6083	2
67622	006d609c	2
21621	006d60b2	42
67623	006d6573	22
21622	006d671d	8
21623	006d67c5	10
67624	006d6902	3
67625	006d6918	4
67626	006d6994	2
67627	006d69ad	2
21624	006d69c3	10
21625	006d6ab5	27
21626	006d6cbe	14
67628	006d6dc9	3
67629	006d6ddf	2
21627	006d6e00	0
21628	006d6e00	3
21629	006d6e40	2
21630	006d6e90	0
21631	006d6e90	3
21632	006d6ed0	4
21633	006d6f40	4
21634	006d6ff0	4
21635	006d70a0	8
21636	006d71a0	2
21637	006d71d0	2
21638	006d7200	2
21639	006d7230	2
21640	006d7260	2
21641	006d72b0	3
21642	006d7340	2
21643	006d73a0	5
21644	006d7460	5
21645	006d7500	5
21646	006d75b0	0
21647	006d75b0	3
21648	006d75f0	0
21649	006d75f0	3
21650	006d7630	3
21651	006d76b0	0
21652	006d76b0	3
21653	006d76f0	2
21654	006d7720	2
21655	006d7750	3
21656	006d77d0	0
21657	006d77f0	0
21658	006d77f0	3
21659	006d7830	0
21660	006d7830	3
21661	006d7870	0
21662	006d7890	4
21663	006d7900	7
21664	006d79f0	2
21665	006d7a20	0
21666	006d7a40	0
21667	006d7a60	1
21668	006d7a70	1
21669	006d7a80	1
21670	006d7a90	1
21671	006d7aa0	1
67577	006d7ab0	2
67578	006d7ac1	2
67579	006d7adb	2
67580	006d7aec	2
67581	006d7b0c	2
67582	006d7b1d	2
67583	006d7b37	2
67584	006d7b48	2
67585	006d7b62	2
67586	006d7b73	2
67587	006d7b8d	2
67588	006d7b9e	2
21672	006d7bb8	4
21673	006d7c35	10
21674	006d7d10	16
21675	006d7e85	6
21676	006d7f25	35
21677	006d8237	9
67589	006d831b	3
67590	006d8331	2
21678	006d8350	0
21679	006d8350	3
21680	006d8390	4
21681	006d83f0	4
67576	006d843e	2
21682	006d8475	4
21683	006d84e2	3
67409	006d8530	2
67410	006d8541	2
67411	006d855b	2
67412	006d856c	2
67413	006d858c	2
67414	006d859d	2
67415	006d85b7	2
67416	006d85c8	2
67417	006d85e2	2
67418	006d85f3	2
67419	006d860d	2
67420	006d861e	2
21684	006d8638	21
21685	006d87f8	3
21686	006d8866	2
21687	006d888d	7
21688	006d8946	9
21689	006d8a47	9
21690	006d8b1f	11
21691	006d8c0a	23
21692	006d8e9b	4
21693	006d8f48	38
21694	006d9215	2
67421	006d924f	2
67422	006d9260	2
21695	006d927d	0
21696	006d9297	0
67423	006d92b1	2
67424	006d92c2	2
21697	006d92da	0
21698	006d92f4	10
67425	006d9400	2
67426	006d9411	2
21699	006d9429	14
21700	006d96cf	7
21701	006d97fa	12
21702	006d994c	32
21703	006d9c1e	0
67427	006d9c38	2
67428	006d9c49	2
21704	006d9c61	32
21705	006d9fc7	6
21706	006da059	4
67429	006da0c0	2
67430	006da0d1	2
21707	006da0e9	10
21708	006da228	13
67431	006da3be	2
67432	006da3cf	2
21709	006da3e7	8
21710	006da4c2	9
21711	006da5c2	11
67433	006da6fe	2
67434	006da70f	2
21712	006da727	8
21713	006da83a	11
67435	006da9a4	2
67436	006da9b5	2
21714	006da9cd	9
21715	006daab2	12
67437	006dac0c	2
67438	006dac1d	2
21716	006dac35	22
21717	006dae10	0
67439	006dae2a	2
67440	006dae3b	2
67441	006dae55	2
67442	006dae66	2
67443	006dae83	2
67444	006dae94	2
67445	006daeb1	2
67446	006daec2	2
21718	006daedf	3
21719	006daf75	14
21720	006db100	8
21721	006db1fa	11
21722	006db34b	8
67447	006db441	2
67448	006db452	2
21723	006db46d	11
67449	006db600	2
67450	006db611	2
21724	006db629	9
21725	006db72a	5
21726	006db7c7	17
67451	006db9ac	2
67452	006db9bd	2
21727	006db9d5	17
21728	006dbbda	12
67453	006dbd64	2
67454	006dbd75	2
21729	006dbd8d	15
21730	006dbeb0	0
67455	006dbeca	2
67456	006dbedb	2
67457	006dbef3	2
67458	006dbf04	2
67459	006dbf1c	2
67460	006dbf2d	2
67461	006dbf45	2
67462	006dbf56	2
67463	006dbf6e	2
67464	006dbf7f	2
21731	006dbf9a	13
21732	006dc10e	16
67465	006dc2f2	2
67466	006dc303	2
21733	006dc31e	12
21734	006dc497	10
21735	006dc5fb	5
67467	006dc6a5	2
67468	006dc6b6	2
21736	006dc6ce	34
67469	006dcb96	2
67470	006dcba7	2
21737	006dcbbf	22
21738	006dce1b	10
21739	006dcf6e	10
67471	006dd092	2
67472	006dd0a3	2
21740	006dd0bb	33
67473	006dd567	2
67474	006dd578	2
67475	006dd590	2
67476	006dd5a1	2
21741	006dd5bc	3
21742	006dd619	5
21743	006dd6a7	47
67477	006ddb91	2
67478	006ddba2	2
21744	006ddbba	3
21745	006ddc17	5
21746	006ddc98	16
67479	006dde2a	2
67480	006dde3b	2
21747	006dde53	8
21748	006ddf3c	8
67481	006de022	2
67482	006de033	2
67483	006de04b	2
67484	006de05c	2
21749	006de074	11
21750	006de1ca	14
21751	006de360	10
21752	006de4a6	11
67485	006de5fd	2
67486	006de60e	2
67487	006de629	2
67488	006de63a	2
21753	006de655	10
21754	006de7b2	13
21755	006de95f	14
21756	006deb34	12
67489	006dece2	2
67490	006decf3	2
21757	006ded0e	3
67491	006ded66	2
67492	006ded77	2
67493	006ded8f	2
67494	006deda0	2
21758	006dedb8	3
21759	006dee34	11
21760	006def5b	11
67495	006df092	2
67496	006df0a3	2
67497	006df0bb	2
67498	006df0cc	2
67499	006df0e4	2
67500	006df0f5	2
67501	006df110	2
67502	006df121	2
21761	006df139	13
21762	006df36d	9
21763	006df473	19
21764	006df782	11
67503	006df8c2	2
67504	006df8d3	2
67505	006df8eb	2
67506	006df8fc	2
21765	006df917	11
21766	006dfa27	7
67507	006dfb03	2
67508	006dfb14	2
21767	006dfb31	3
21768	006dfb6e	35
21769	006dff2f	16
21770	006e00a4	5
21771	006e014e	0
21772	006e0168	0
21773	006e0182	0
21774	006e019c	14
21775	006e02c0	30
67509	006e0542	2
67510	006e0553	2
67511	006e056b	2
67512	006e057c	2
21776	006e0599	2
21777	006e05d3	3
21778	006e0610	0
21779	006e062a	14
67513	006e076c	2
67514	006e077d	2
21780	006e0795	2
21781	006e07cf	10
21782	006e0902	0
21783	006e091c	16
67515	006e0a95	2
67516	006e0aa6	2
21784	006e0abe	10
21785	006e0c5b	7
21786	006e0d2d	15
21787	006e0e93	6
67517	006e0f37	2
67518	006e0f48	2
21788	006e0f60	2
21789	006e0fb1	6
21790	006e1072	31
67519	006e1461	2
67520	006e1472	2
21791	006e148a	2
21792	006e14c4	13
21793	006e1667	0
21794	006e1681	17
67521	006e17c2	2
67522	006e17d3	2
67523	006e17eb	2
67524	006e17fc	2
21795	006e1817	2
21796	006e1851	13
21797	006e1a24	15
67525	006e1b32	2
67526	006e1b43	2
21798	006e1b5b	2
21799	006e1b95	24
21800	006e1d99	0
21801	006e1db3	18
67527	006e1f5c	2
67528	006e1f6d	2
21802	006e1f85	30
67529	006e236b	2
67530	006e237c	2
21803	006e2394	12
21804	006e2503	11
21805	006e2601	16
21806	006e272e	14
67531	006e2880	2
67532	006e2891	2
21807	006e28a9	13
21808	006e2a53	0
21809	006e2a6d	33
67533	006e2cb1	2
67534	006e2cc2	2
21810	006e2cda	0
21811	006e2cf4	22
67535	006e2eeb	2
67536	006e2efc	2
21812	006e2f14	4
21813	006e2fc8	13
21814	006e31b3	16
67537	006e33ff	2
67538	006e3410	2
21815	006e3428	2
21816	006e3458	2
21817	006e3488	17
67539	006e35dc	2
67540	006e35ed	2
21818	006e3608	10
67541	006e3779	2
67542	006e378a	2
21819	006e37a5	2
21820	006e37df	0
21821	006e37f9	0
67543	006e3813	3
67544	006e3829	4
67545	006e38a5	2
67546	006e38be	2
67547	006e38d4	3
67548	006e38ea	4
67549	006e3966	2
67550	006e397f	2
67551	006e3995	3
67552	006e39ab	4
67553	006e3a27	2
67554	006e3a40	2
21822	006e3a56	45
21823	006e3e52	31
67555	006e40c0	2
67556	006e40d1	2
21824	006e40e9	3
21825	006e4140	0
21826	006e415a	0
21827	006e4174	12
67557	006e427c	2
67558	006e428d	2
21828	006e42a8	14
21829	006e44bb	12
67559	006e4660	2
67560	006e4671	2
21830	006e468c	7
67561	006e47d4	2
67562	006e47e5	2
21831	006e4800	24
21832	006e4b93	10
21833	006e4cf9	5
21834	006e4d7e	5
67563	006e4e0c	2
67564	006e4e1d	2
67565	006e4e37	2
67566	006e4e48	2
67567	006e4e62	2
67568	006e4e73	2
67569	006e4e8d	2
67570	006e4e9e	2
21835	006e4eb8	3
21836	006e4f4e	13
67571	006e50a9	12
21837	006e5215	12
21838	006e5350	8
21839	006e54f2	13
67572	006e5672	2
67573	006e5683	2
21840	006e569e	26
67574	006e5a33	3
67575	006e5a49	2
21841	006e5a70	2
21842	006e5ac0	0
21843	006e5af0	5
21844	006e5bb0	4
21845	006e5c50	0
21846	006e5c50	3
21847	006e5c90	3
21848	006e5cf0	0
21849	006e5cf0	3
21850	006e5d30	3
21851	006e5d90	0
21852	006e5d90	3
21853	006e5dd0	2
21854	006e5e00	2
21855	006e5e40	5
21856	006e5ec0	0
21857	006e5f30	3
21858	006e5f50	0
21859	006e5f80	3
21860	006e5fc0	2
21861	006e6000	2
21862	006e6050	0
21863	006e6050	3
21864	006e6090	2
21865	006e60c0	3
21866	006e60e0	0
21867	006e6100	2
21868	006e6130	2
21869	006e6160	2
21870	006e6190	2
21871	006e61d0	0
21872	006e61d0	3
21873	006e6210	2
21874	006e6240	0
21875	006e6240	3
21876	006e6280	2
21877	006e62b0	0
21878	006e62b0	3
21879	006e62f0	2
21880	006e6320	0
21881	006e6320	3
21882	006e6360	2
21883	006e6390	0
21884	006e6390	3
21885	006e63d0	2
21886	006e6400	0
21887	006e6400	3
21888	006e6440	2
21889	006e6470	0
21890	006e6470	3
21891	006e64b0	2
21892	006e64e0	3
21893	006e6520	2
21894	006e6560	2
21895	006e65b0	0
21896	006e65b0	3
21897	006e65f0	2
21898	006e6620	6
21899	006e66b0	3
21900	006e6700	3
21901	006e6740	3
21902	006e6780	3
21903	006e67c0	3
21904	006e6800	3
21905	006e6840	3
21906	006e6880	3
21907	006e68c0	3
21908	006e6900	3
21909	006e6940	3
21910	006e6980	3
21911	006e69c0	3
21912	006e6a00	3
21913	006e6a40	3
21914	006e6a80	3
21915	006e6ac0	3
21916	006e6b00	3
21917	006e6b40	3
21918	006e6b80	3
21919	006e6bc0	3
21920	006e6c00	3
21921	006e6c40	3
21922	006e6c80	3
21923	006e6cc0	3
21924	006e6d00	3
21925	006e6d40	3
21926	006e6d80	3
21927	006e6dc0	3
21928	006e6e00	3
21929	006e6e40	3
21930	006e6e80	3
21931	006e6ec0	3
21932	006e6f00	3
21933	006e6f40	4
21934	006e6ff0	8
21935	006e70f0	2
21936	006e7120	2
21937	006e7150	3
21938	006e7190	3
21939	006e71d0	3
21940	006e7210	3
21941	006e7250	3
21942	006e7290	3
21943	006e72d0	3
21944	006e7310	3
21945	006e7350	3
21946	006e7390	3
21947	006e73d0	3
21948	006e7410	3
21949	006e7450	3
21950	006e7490	3
21951	006e74d0	3
21952	006e7510	3
21953	006e7550	3
21954	006e7590	3
21955	006e75d0	3
21956	006e7610	3
21957	006e7650	3
21958	006e7690	2
21959	006e76c0	3
21960	006e7750	2
21961	006e7780	3
21962	006e7810	2
21963	006e7850	0
21964	006e7850	3
21965	006e7890	2
21966	006e78c0	2
21967	006e78f0	3
21968	006e7980	2
21969	006e79c0	0
21970	006e79c0	3
21971	006e7a00	2
21972	006e7a30	2
21973	006e7a60	3
21974	006e7af0	2
21975	006e7b30	0
21976	006e7b30	3
21977	006e7b70	2
21978	006e7ba0	2
21979	006e7bd0	3
21980	006e7c60	2
21981	006e7ca0	0
21982	006e7ca0	3
21983	006e7ce0	2
21984	006e7d10	2
21985	006e7d40	3
21986	006e7dd0	2
21987	006e7e10	0
21988	006e7e10	3
21989	006e7e50	2
21990	006e7e80	2
21991	006e7eb0	3
21992	006e7f40	2
21993	006e7f80	0
21994	006e7f80	3
21995	006e7fc0	2
21996	006e7ff0	2
21997	006e8020	3
21998	006e80b0	2
21999	006e80f0	0
22000	006e80f0	3
22001	006e8130	2
22002	006e8160	2
22003	006e8190	3
22004	006e8220	2
22005	006e8260	0
22006	006e8260	3
22007	006e82a0	2
22008	006e82d0	2
22009	006e8300	3
22010	006e8390	2
22011	006e83d0	2
22012	006e8410	0
22013	006e8410	3
22014	006e8450	2
22015	006e8480	0
22016	006e8480	3
22017	006e84c0	2
22018	006e84f0	2
22019	006e8520	3
22020	006e85b0	2
22021	006e85f0	0
22022	006e85f0	3
22023	006e8630	2
22024	006e8660	2
22025	006e8690	3
22026	006e8720	2
22027	006e8760	0
22028	006e8760	3
22029	006e87a0	2
22030	006e87d0	2
22031	006e8800	3
22032	006e8890	2
22033	006e88d0	0
22034	006e88d0	3
22035	006e8910	2
22036	006e8940	2
22037	006e8970	3
22038	006e8a00	2
22039	006e8a50	2
22040	006e8ab0	0
22041	006e8ab0	3
22042	006e8af0	2
22043	006e8b20	0
22044	006e8b20	3
22045	006e8b60	2
22046	006e8b90	2
22047	006e8bc0	3
22048	006e8c50	2
22049	006e8ca0	0
22050	006e8ca0	3
22051	006e8ce0	2
22052	006e8d10	2
22053	006e8d40	3
22054	006e8dd0	2
22055	006e8e20	0
22056	006e8e20	3
22057	006e8e60	2
22058	006e8e90	2
22059	006e8ec0	3
22060	006e8f50	2
22061	006e8f90	0
22062	006e8f90	3
22063	006e8fd0	2
22064	006e9000	2
22065	006e9030	3
22066	006e90c0	2
22067	006e9100	2
22068	006e9140	0
22069	006e9140	3
22070	006e9180	2
22071	006e91b0	0
22072	006e91b0	3
22073	006e91f0	2
22074	006e9220	2
22075	006e9250	3
22076	006e92e0	2
22077	006e9320	0
22078	006e9320	3
22079	006e9360	2
22080	006e9390	2
22081	006e93c0	3
22082	006e9450	2
22083	006e9490	2
22084	006e94d0	0
22085	006e94d0	3
22086	006e9510	2
22087	006e9540	0
22088	006e9540	3
22089	006e9580	2
22090	006e95b0	2
22091	006e95e0	3
22092	006e9670	2
22093	006e96b0	0
22094	006e96b0	3
22095	006e96f0	2
22096	006e9720	2
22097	006e9750	3
22098	006e97e0	2
22099	006e9820	0
22100	006e9820	3
22101	006e9860	2
22102	006e9890	2
22103	006e98c0	3
22104	006e9950	2
22105	006e9990	0
22106	006e9990	3
22107	006e99d0	2
22108	006e9a00	2
22109	006e9a30	3
22110	006e9ac0	2
22111	006e9b00	0
22112	006e9b00	3
22113	006e9b40	2
22114	006e9b70	2
22115	006e9ba0	3
22116	006e9c30	2
22117	006e9c70	0
22118	006e9c70	3
22119	006e9cb0	2
22120	006e9ce0	2
22121	006e9d10	3
22122	006e9da0	2
22123	006e9de0	0
22124	006e9de0	3
22125	006e9e20	2
22126	006e9e50	2
22127	006e9e80	3
22128	006e9f10	2
22129	006e9f50	0
22130	006e9f50	3
22131	006e9f90	2
22132	006e9fc0	2
22133	006e9ff0	3
22134	006ea080	2
22135	006ea0c0	0
22136	006ea0c0	3
22137	006ea100	2
22138	006ea130	2
22139	006ea160	3
22140	006ea1f0	2
22141	006ea230	0
22142	006ea230	3
22143	006ea270	2
22144	006ea2a0	2
22145	006ea2d0	3
22146	006ea360	2
22147	006ea3a0	0
22148	006ea3a0	3
22149	006ea3e0	2
22150	006ea410	2
22151	006ea440	3
22152	006ea4d0	2
22153	006ea510	0
22154	006ea510	3
22155	006ea550	2
22156	006ea580	2
22157	006ea5b0	3
22158	006ea640	2
22159	006ea680	0
22160	006ea680	3
22161	006ea6c0	2
22162	006ea6f0	2
22163	006ea720	3
22164	006ea7b0	2
22165	006ea7f0	0
22166	006ea7f0	3
22167	006ea830	2
22168	006ea860	2
22169	006ea890	3
22170	006ea920	2
22171	006ea960	0
22172	006ea960	3
22173	006ea9a0	2
22174	006ea9d0	2
22175	006eaa00	3
22176	006eaa90	2
22177	006eaac0	3
22178	006eab50	2
22179	006eab80	3
22180	006eac10	2
22181	006eac50	0
22182	006eac50	3
22183	006eac90	2
22184	006eacc0	2
22185	006eacf0	3
22186	006ead80	2
22187	006eadc0	0
22188	006eadc0	3
22189	006eae00	2
22190	006eae30	2
22191	006eae60	3
22192	006eaef0	2
22193	006eaf20	3
22194	006eafb0	2
22195	006eafe0	3
22196	006eb070	2
22197	006eb0a0	3
22198	006eb130	2
22199	006eb170	0
22200	006eb170	3
22201	006eb1b0	2
22202	006eb1e0	2
22203	006eb210	3
22204	006eb2a0	2
22205	006eb2e0	0
22206	006eb2e0	3
22207	006eb320	2
22208	006eb350	2
22209	006eb380	3
22210	006eb410	2
22211	006eb450	0
22212	006eb450	3
22213	006eb490	2
22214	006eb4c0	2
22215	006eb4f0	3
22216	006eb580	2
22217	006eb5c0	0
22218	006eb5c0	3
22219	006eb600	2
22220	006eb630	2
22221	006eb660	3
22222	006eb6f0	2
22223	006eb730	0
22224	006eb730	3
22225	006eb770	2
22226	006eb7a0	2
22227	006eb7d0	3
22228	006eb860	2
22229	006eb8a0	0
22230	006eb8a0	3
22231	006eb8e0	2
22232	006eb910	2
22233	006eb940	3
22234	006eb9d0	2
22235	006eba10	0
22236	006eba10	3
22237	006eba50	2
22238	006eba80	2
22239	006ebab0	3
22240	006ebb40	2
22241	006ebb70	3
22242	006ebc00	2
22243	006ebc30	3
22244	006ebcc0	2
22245	006ebd00	0
22246	006ebd00	3
22247	006ebd40	2
22248	006ebd70	2
22249	006ebda0	3
22250	006ebe30	2
22251	006ebe70	0
22252	006ebe70	3
22253	006ebeb0	2
22254	006ebee0	2
22255	006ebf10	3
22256	006ebfa0	2
22257	006ebfe0	0
22258	006ebfe0	3
22259	006ec020	2
22260	006ec050	2
22261	006ec080	3
22262	006ec110	2
22263	006ec150	0
22264	006ec150	3
22265	006ec190	2
22266	006ec1c0	2
22267	006ec1f0	2
22268	006ec220	2
22269	006ec270	5
22270	006ec330	5
22271	006ec3d0	5
22272	006ec480	0
22273	006ec480	3
22274	006ec4c0	3
22275	006ec540	0
22276	006ec540	3
22277	006ec580	2
22278	006ec5b0	3
22279	006ec630	0
22280	006ec650	0
22281	006ec650	3
22282	006ec690	0
22283	006ec690	3
22284	006ec6d0	0
22285	006ec6f0	4
22286	006ec760	7
22287	006ec850	2
22288	006ec880	0
22289	006ec8a0	0
22290	006ec8c0	1
22291	006ec8d0	1
22292	006ec8e0	1
67405	006ec8f0	2
67406	006ec901	85
67407	006ecda5	3
67408	006ecdbb	2
67388	006ecde0	2
67389	006ecdf1	2
67390	006ece0b	2
67391	006ece1c	2
67392	006ece3c	2
67393	006ece4d	2
67394	006ece67	2
67395	006ece78	2
67396	006ece92	2
67397	006ecea3	2
67398	006ecebd	2
67399	006ecece	2
22293	006ecee8	10
67400	006ed018	15
67401	006ed1aa	4
67402	006ed26c	4
22294	006ed32e	14
22295	006ed46f	5
22296	006ed50c	3
22297	006ed583	22
67403	006ed7ed	3
67404	006ed803	2
22298	006ed820	0
22299	006ed850	0
22300	006ed870	3
22301	006ed8b0	4
22302	006ed910	17
22303	006edb50	2
22304	006edba0	2
22305	006edbf0	2
22306	006edc20	2
22307	006edc50	2
22308	006edc90	3
22309	006edcc0	0
22310	006edcf0	0
22311	006edd30	2
22312	006edd60	2
22313	006eddc0	4
22314	006ede50	0
22315	006ede60	5
22316	006edf10	0
22317	006edf50	3
22318	006edfb0	3
22319	006edfe0	7
22320	006ee110	2
22321	006ee180	0
22322	006ee1a0	9
22323	006ee220	0
22324	006ee240	17
22325	006ee480	5
22326	006ee4f0	2
22327	006ee540	4
22328	006ee5f0	6
22329	006ee720	4
22330	006ee7a0	0
22331	006ee7d0	0
22332	006ee800	0
22333	006ee830	3
22334	006ee860	0
67354	006ee8b0	2
67355	006ee8c1	2
67356	006ee8db	2
67357	006ee8ec	2
67358	006ee90c	2
67359	006ee91d	2
67360	006ee937	2
67361	006ee948	2
67362	006ee962	2
67363	006ee973	2
67364	006ee98d	2
67365	006ee99e	2
22335	006ee9b8	2
22336	006ee9e5	3
22337	006eea6d	4
22338	006eeabd	0
22339	006eead1	6
22340	006eeb57	4
22341	006eebfc	4
22342	006eec5a	0
22343	006eec71	10
22344	006eedad	3
22345	006eee2c	4
22346	006eee7c	0
22347	006eee93	3
67366	006eeece	3
67367	006eeee4	4
67368	006eef60	2
67369	006eef79	2
67370	006eef8f	3
67371	006eefa5	4
67372	006ef021	2
67373	006ef03a	2
67374	006ef050	3
67375	006ef066	4
67376	006ef0e2	2
67377	006ef0fb	2
67378	006ef111	3
67379	006ef127	4
67380	006ef1a3	2
67381	006ef1bc	2
22348	006ef1d2	39
22349	006ef662	0
22350	006ef676	0
22351	006ef68b	4
22352	006ef6d3	2
22353	006ef712	4
22354	006ef762	0
22355	006ef776	5
22356	006ef7eb	2
22357	006ef821	2
22358	006ef84e	0
22359	006ef865	3
22360	006ef8b8	15
22361	006efa40	46
67382	006efe55	21
67383	006f0160	13
67384	006f02e3	24
67385	006f05eb	8
67386	006f06f6	3
67387	006f070c	2
22362	006f0730	0
22363	006f0730	3
22364	006f0770	3
22365	006f07f0	0
22366	006f07f0	3
22367	006f0830	2
22368	006f0860	0
22369	006f0860	3
22370	006f08a0	2
22371	006f08d0	0
22372	006f08d0	3
22373	006f0910	2
22374	006f0940	0
22375	006f0940	3
22376	006f0980	3
22377	006f09e0	0
22378	006f09e0	3
22379	006f0a20	2
22380	006f0a50	0
22381	006f0a50	3
22382	006f0a90	2
22383	006f0ac0	0
22384	006f0ae0	0
22385	006f0b00	2
22386	006f0b30	2
67107	006f0b60	2
67108	006f0b71	2
67109	006f0b8b	2
67110	006f0b9c	2
67111	006f0bbc	2
67112	006f0bcd	2
67113	006f0be7	2
67114	006f0bf8	2
67115	006f0c12	2
67116	006f0c23	2
67117	006f0c3d	2
67118	006f0c4e	2
67119	006f0c68	3
67120	006f0c7e	2
67121	006f0c94	2
67122	006f0cad	2
67123	006f0cc3	3
67124	006f0cd9	2
67125	006f0cef	2
67126	006f0d08	2
67127	006f0d1e	3
67128	006f0d34	4
67129	006f0db0	2
67130	006f0dc9	2
67131	006f0ddf	3
67132	006f0df5	4
67133	006f0e71	2
67134	006f0e8a	2
67135	006f0ea0	3
67136	006f0eb6	4
67137	006f0f32	2
67138	006f0f4b	2
67139	006f0f61	3
67140	006f0f77	4
67141	006f0ff3	2
67142	006f100c	2
67143	006f1022	3
67144	006f1038	4
67145	006f10b4	2
67146	006f10cd	2
67147	006f10e3	3
67148	006f10f9	4
67149	006f1175	2
67150	006f118e	2
67151	006f11a4	3
67152	006f11ba	4
67153	006f1236	2
67154	006f124f	2
67155	006f1265	3
67156	006f127b	2
67157	006f1291	2
67158	006f12aa	2
22387	006f12c0	15
22388	006f1437	8
67159	006f150d	3
67160	006f1523	4
67161	006f15aa	2
67162	006f15c3	2
67163	006f15d9	3
67164	006f15ef	4
67165	006f1676	2
67166	006f168f	2
67167	006f16a5	3
67168	006f16bb	4
67169	006f1742	2
67170	006f175b	2
67171	006f1771	3
67172	006f1787	4
67173	006f180e	2
67174	006f1827	2
67175	006f183d	3
67176	006f1853	4
67177	006f18da	2
67178	006f18f3	2
67179	006f1909	3
67180	006f191f	4
67181	006f19a6	2
67182	006f19bf	2
67183	006f19d5	3
67184	006f19eb	4
67185	006f1a72	2
67186	006f1a8b	2
67187	006f1aa1	3
67188	006f1ab7	4
67189	006f1b3e	2
67190	006f1b57	2
67191	006f1b6d	3
67192	006f1b83	4
67193	006f1c0a	2
67194	006f1c23	2
67195	006f1c39	3
67196	006f1c4f	4
67197	006f1cd6	2
67198	006f1cef	2
67199	006f1d05	3
67200	006f1d1b	4
67201	006f1da2	2
67202	006f1dbb	2
67203	006f1dd1	3
67204	006f1de7	4
67205	006f1e6e	2
67206	006f1e87	2
67207	006f1e9d	3
67208	006f1eb3	4
67209	006f1f3a	2
67210	006f1f53	2
67211	006f1f69	3
67212	006f1f7f	4
67213	006f2006	2
67214	006f201f	2
67215	006f2035	3
67216	006f204b	4
67217	006f20d2	2
67218	006f20eb	2
67219	006f2101	3
67220	006f2117	4
67221	006f219e	2
67222	006f21b7	2
67223	006f21cd	3
67224	006f21e3	4
67225	006f226a	2
67226	006f2283	2
67227	006f2299	3
67228	006f22af	4
67229	006f2336	2
67230	006f234f	2
67231	006f2365	3
67232	006f237b	4
67233	006f2400	2
67234	006f2419	2
67235	006f242f	3
67236	006f2445	4
67237	006f24ca	2
67238	006f24e3	2
22389	006f24f9	22
22390	006f26f9	22
22391	006f28f9	22
22392	006f2af9	13
67239	006f2c2e	3
67240	006f2c44	4
67241	006f2cc7	2
67242	006f2ce0	2
67243	006f2cf6	3
67244	006f2d0c	4
67245	006f2d8f	2
67246	006f2da8	2
67247	006f2dbe	3
67248	006f2dd4	4
67249	006f2e57	2
67250	006f2e70	2
67251	006f2e86	3
67252	006f2e9c	4
67253	006f2f18	2
67254	006f2f31	2
67255	006f2f47	3
67256	006f2f5d	19
67257	006f30e8	2
67258	006f3101	2
22393	006f3120	42
67259	006f3497	41
67260	006f3877	8
22394	006f38e8	17
22395	006f3a6b	62
22396	006f3fb6	14
22397	006f40e2	3
22398	006f4113	11
22399	006f41c4	2
22400	006f41ee	16
22401	006f437b	47
67261	006f4853	8
67262	006f4971	20
67263	006f4bba	12
67264	006f4d5f	2
67265	006f4de5	21
67266	006f5051	14
67267	006f5263	27
67268	006f554e	43
67269	006f58e6	18
67270	006f5b45	6
67271	006f5c1a	11
67272	006f5cec	2
67273	006f5d72	6
67274	006f5e45	22
67275	006f60e7	11
67276	006f61e7	31
67277	006f6486	9
22402	006f6598	26
67278	006f67c8	48
67279	006f6f3b	5
67280	006f6fd0	56
67281	006f74a8	10
67282	006f759e	10
67283	006f76a9	7
67284	006f7770	7
67285	006f783d	9
22403	006f7927	6
22404	006f798e	3
67286	006f79c5	3
67287	006f79db	2
67288	006f79f6	2
67289	006f7a0f	2
67290	006f7a25	3
67291	006f7a3b	2
67292	006f7a56	2
67293	006f7a6f	2
67294	006f7a85	3
67295	006f7a9b	2
67296	006f7ab6	2
67297	006f7acf	2
67298	006f7ae5	3
67299	006f7afb	2
67300	006f7b16	2
67301	006f7b2f	2
67302	006f7b45	3
67303	006f7b5b	2
67304	006f7b76	2
67305	006f7b8f	2
67306	006f7ba5	3
67307	006f7bbb	2
67308	006f7bd6	2
67309	006f7bef	2
67310	006f7c05	3
67311	006f7c1b	2
67312	006f7c36	2
67313	006f7c4f	2
67314	006f7c65	3
67315	006f7c7b	2
67316	006f7c96	2
67317	006f7caf	2
67318	006f7cc5	3
67319	006f7cdb	2
67320	006f7cf6	2
67321	006f7d0f	2
67322	006f7d25	3
67323	006f7d3b	2
67324	006f7d56	2
67325	006f7d6f	2
67326	006f7d85	3
67327	006f7d9b	2
67328	006f7db6	2
67329	006f7dcf	2
67330	006f7de5	3
67331	006f7dfb	2
67332	006f7e16	2
67333	006f7e2f	2
22405	006f7e45	247
22406	006f9ef2	128
22407	006faecc	22
22408	006fb137	36
22409	006fb464	19
22410	006fb5b0	13
22411	006fb6b0	2
22412	006fb70f	21
22413	006fb917	3
22414	006fb94a	0
22415	006fb95e	16
22416	006fba8d	16
67334	006fbbbc	3
67335	006fbbd2	4
67336	006fbc4e	2
67337	006fbc67	2
22417	006fbc7d	14
67338	006fbd9f	3
67339	006fbdb5	4
67340	006fbe31	2
67341	006fbe4a	2
22418	006fbe60	17
67342	006fc008	21
22419	006fc1a6	8
67343	006fc269	3
67344	006fc27f	4
67345	006fc2fb	2
67346	006fc314	2
22420	006fc32a	13
22421	006fc444	14
22422	006fc55f	21
22423	006fc767	10
22424	006fc84e	2
22425	006fc87e	2
22426	006fc8ae	2
22427	006fc8de	2
22428	006fc90e	2
22429	006fc93e	3
22430	006fc98a	26
67347	006fcbe5	9
22431	006fcc85	15
22432	006fcd6e	13
22433	006fce65	2
22434	006fceb0	2
22435	006fcee0	40
22436	006fd212	38
22437	006fd555	21
22438	006fd76f	19
22439	006fd973	19
22440	006fdb77	37
22441	006fdea6	38
22442	006fe206	6
22443	006fe2b9	7
22444	006fe386	24
22445	006fe541	115
67348	006feed6	3
67349	006feeec	2
67350	006fef05	7
67351	006fef2f	2
67352	006fef48	2
67353	006fef61	2
22446	006fef80	2
22447	006fefd0	0
22448	006fefd0	3
22449	006ff010	2
22450	006ff050	2
22451	006ff090	2
22452	006ff0c0	2
22453	006ff120	2
22454	006ff160	0
22455	006ff180	0
22456	006ff1a0	0
22457	006ff1e0	2
22458	006ff210	0
22459	006ff230	2
22460	006ff280	2
22461	006ff2d0	5
22462	006ff350	3
22463	006ff390	2
22464	006ff3c0	2
22465	006ff3f0	3
22466	006ff440	12
22467	006ff520	4
22468	006ff580	2
22469	006ff5b0	2
22470	006ff5e0	2
22471	006ff630	0
22472	006ff660	2
22473	006ff6a0	7
22474	006ff730	0
22475	006ff770	3
22476	006ff7e0	3
22477	006ff820	0
22478	006ff860	3
22479	006ff8e0	0
22480	006ff930	2
22481	006ff960	3
22482	006ff9a0	3
22483	006ff9d0	0
22484	006ff9f0	11
22485	006ffac0	4
22486	006ffb30	4
22487	006ffbc0	2
22488	006ffbf0	0
22489	006ffc00	0
22490	006ffc10	0
22491	006ffc20	2
22492	006ffc50	0
22493	006ffc70	0
22494	006ffc90	2
22495	006ffcc0	2
22496	006ffd00	0
22497	006ffd20	4
22498	006ffd80	2
22499	006ffdc0	2
22500	006ffdf0	0
22501	006ffe10	4
22502	006ffe80	4
22503	006ffef0	2
22504	006fff30	2
22505	006fff60	2
22506	006fff90	2
22507	006fffc0	2
22508	006ffff0	0
22509	00700010	0
22510	00700030	17
22511	00700270	2
22512	007002a0	0
22513	007002c0	17
22514	00700520	2
22515	00700550	2
22516	007005a0	2
22517	007005f0	2
22518	00700620	2
22519	00700670	2
22520	007006c0	2
22521	007006f0	2
22522	00700720	2
22523	00700750	2
22524	00700780	2
22525	007007b0	0
22526	007007d0	0
22527	007007f0	2
22528	00700820	2
22529	00700850	0
22530	00700870	0
22531	00700890	19
22532	00700a50	3
22533	00700ac0	4
22534	00700b30	0
22535	00700b50	3
22536	00700b90	4
22537	00700bd0	0
22538	00700bf0	4
22539	00700ca0	4
22540	00700d50	0
22541	00700d70	2
22542	00700da0	2
22543	00700dd0	0
22544	00700df0	0
22545	00700e00	0
22546	00700e40	2
22547	00700ea0	2
22548	00700ed0	2
22549	00700f10	2
22550	00700f30	0
22551	00700f60	0
22552	00700fa0	0
22553	00700fb0	2
22554	00700fe0	2
22555	00701010	3
22556	007010a0	2
22557	00701100	3
22558	00701140	2
22559	007011a0	2
22560	007011e0	2
22561	00701240	2
22562	00701280	0
22563	00701280	3
22564	007012c0	0
22565	007012c0	3
22566	00701300	2
22567	00701330	2
22568	00701360	0
22569	00701380	0
22570	007013a0	4
22571	00701420	6
22572	00701490	1
22573	007014a0	1
67093	007014b0	2
67094	007014c1	2
67095	007014db	2
67096	007014ec	2
67097	0070150c	2
67098	0070151d	2
67099	00701537	2
67100	00701548	2
67101	00701562	2
67102	00701573	2
67103	0070158d	2
67104	0070159e	2
22574	007015b8	7
22575	0070168c	7
22576	00701762	15
22577	007018b3	0
22578	007018ca	5
22579	0070193b	12
22580	00701a78	33
22581	00701cc5	8
22582	00701d9b	4
22583	00701e20	4
22584	00701ea5	23
22585	007020b1	15
22586	00702217	9
67105	00702310	3
67106	00702326	2
22587	00702340	0
22588	00702340	3
22589	00702380	0
22590	007023a0	0
22591	007023c0	3
22592	00702430	2
22593	00702460	2
22594	007024d0	0
22595	00702550	0
22596	00702590	7
22597	00702660	2
22598	00702690	3
22599	007026d0	0
22600	00702720	4
22601	00702780	2
22602	007027d0	2
22603	00702800	17
22604	00702a40	2
22605	00702a70	2
22606	00702ac0	2
22607	00702af0	2
22608	00702b20	0
22609	00702b40	2
22610	00702b70	0
22611	00702ba0	0
22612	00702bd0	2
22613	00702c30	1
67078	00702c40	2
67079	00702c51	2
67080	00702c6b	2
67081	00702c7c	2
67082	00702c9c	2
67083	00702cad	2
67084	00702cc7	2
67085	00702cd8	2
67086	00702cf2	2
67087	00702d03	2
67088	00702d1d	2
67089	00702d2e	2
22614	00702d48	5
22615	00702e16	5
22616	00702eca	83
67090	007038cd	5
22617	00703956	2
67091	0070397d	3
67092	00703993	2
22618	007039b0	2
22619	007039f0	0
22620	007039f0	3
22621	00703a30	0
22622	00703a30	3
22623	00703a70	4
22624	00703b20	0
22625	00703b40	2
22626	00703b80	2
22627	00703be0	2
22628	00703c40	2
22629	00703c70	24
22630	00703e30	0
22631	00703e70	3
22632	00703ee0	3
22633	00703f20	0
22634	00703f60	3
22635	00703fd0	3
22636	00704010	4
22637	00704050	0
22638	00704070	4
22639	007040d0	2
22640	00704110	2
22641	00704140	0
22642	00704160	0
22643	00704180	4
22644	007041e0	5
22645	00704250	2
22646	00704290	2
22647	007042c0	0
22648	007042e0	17
22649	00704520	2
22650	00704550	17
22651	00704790	2
22652	007047c0	2
22653	00704810	2
22654	00704860	2
22655	00704890	2
22656	007048e0	2
22657	00704930	2
22658	00704960	2
22659	00704990	2
22660	007049c0	6
22661	00704a70	0
22662	00704a90	0
22663	00704ab0	0
22664	00704ad0	2
22665	00704b10	0
22666	00704b50	2
22667	00704b80	2
22668	00704bc0	2
22669	00704be0	0
22670	00704c10	0
22671	00704c50	0
22672	00704c60	2
22673	00704c90	2
22674	00704cc0	3
22675	00704d50	2
22676	00704db0	0
22677	00704db0	3
22678	00704df0	2
22679	00704e50	3
22680	00704e90	2
22681	00704ec0	6
22682	00704f40	2
22683	00704f70	1
22684	00704f80	1
22685	00704f90	18
22686	00705219	4
22687	007052a7	20
22688	007054f7	9
22689	007055b4	3
22690	007055eb	7
22691	00705689	15
22692	00705869	5
22693	007058c2	9
22694	00705961	17
22695	00705b10	4
22696	00705ba0	7
22697	00705c7b	4
22698	00705d07	40
22699	0070618e	4
22700	0070621c	13
22701	00706355	3
22702	0070638f	9
22703	00706437	25
67076	00706768	3
67077	0070677e	2
22704	007067a0	2
22705	007067d0	2
22706	00706800	0
22707	00706800	3
22708	00706840	2
22709	00706870	2
22710	007068b0	0
22711	007068b0	3
22712	007068f0	0
22713	007068f0	3
22714	00706930	2
22715	00706960	2
22716	00706990	2
22717	007069c0	5
22718	00706a30	2
22719	00706a70	0
22720	00706a70	3
22721	00706ab0	5
22722	00706b20	0
22723	00706b60	4
22724	00706c00	2
22725	00706c40	2
22726	00706c80	0
22727	00706ca0	4
22728	00706d40	0
22729	00706d70	7
22730	00706e00	3
22731	00706e51	2
22732	00706e82	2
22733	00706eb5	2
22734	00706ee8	2
22735	00706f5b	5
22736	00707011	2
22737	00707054	3
22738	007070b4	2
67070	0070710c	3
67071	00707122	2
67072	00707149	2
67073	00707162	2
22739	00707178	2
22740	00707192	4
22741	0070720f	5
22742	00707293	4
22743	00707310	5
22744	00707394	4
22745	00707402	5
22746	00707477	5
22747	007074ea	6
67074	00707564	3
67075	0070757a	2
22748	007075a0	4
67068	00707618	3
67069	0070762e	2
22749	00707650	0
22750	00707660	8
67067	00707967	0
22751	007079be	3
22752	00707a0c	3
22753	00707a50	3
22754	00707ac0	2
22755	00707ae0	2
22756	00707b10	0
22757	00707b10	3
22758	00707b50	2
22759	00707b90	2
22760	00707bc0	2
22761	00707bf0	3
22762	00707c60	0
22763	00707ca0	0
22764	00707cc0	0
22765	00707ce0	2
22766	00707d20	2
22767	00707d50	2
22768	00707d80	3
22769	00707de0	8
22770	00707ea0	0
22771	00707eb0	0
22772	00707ee0	0
22773	00707f10	0
22774	00707f30	4
22775	00707f90	0
22776	00707fc0	17
22777	00708200	0
22778	00708250	2
22779	007082a0	2
22780	007082f0	2
22781	00708320	2
22782	00708350	5
22783	007083b0	3
22784	00708420	5
22785	00708480	0
22786	007084b0	0
22787	007084e0	2
22788	00708510	2
22789	00708570	5
22790	007085e0	0
22791	00708600	3
22792	00708640	3
22793	00708680	0
22794	007086b0	0
22795	007086c0	10
22796	00708810	4
22797	007088c0	0
22798	007088f0	3
22799	00708930	3
22800	00708970	3
22801	007089b0	0
22802	007089e0	0
22803	00708a00	0
22804	00708a20	4
67053	00708ad0	2
67054	00708ae1	2
67055	00708afb	2
67056	00708b0c	2
67057	00708b2c	2
67058	00708b3d	2
67059	00708b57	2
67060	00708b68	2
67061	00708b82	2
67062	00708b93	2
67063	00708bad	2
67064	00708bbe	2
22805	00708bd8	3
22806	00708c51	3
22807	00708cb3	3
67065	00708d09	3
67066	00708d1f	2
22808	00708d40	0
22809	00708d40	3
22810	00708d80	81
67051	00709670	3
67052	00709686	2
22811	007096a0	3
22812	007096f0	2
22813	00709720	11
22814	007097f0	4
22815	00709880	0
22816	00709890	0
22817	007098a0	0
22818	007098b0	2
22819	007098e0	0
22820	00709900	2
22821	00709930	2
22822	00709960	0
22823	00709980	2
22824	007099b0	3
67043	00709a40	2
67044	00709a51	2
22825	00709a6b	3
22826	00709b67	3
22827	00709c61	24
22828	00709f67	0
22829	00709f8e	4
22830	00709ff9	2
22831	0070a023	4
22832	0070a0c0	7
22833	0070a1d6	2
22834	0070a205	3
22835	0070a2a6	8
22836	0070a40d	0
22837	0070a427	2
22838	0070a451	2
22839	0070a493	0
22840	0070a4a8	2
22841	0070a4d2	4
22842	0070a548	3
22843	0070a58e	3
22844	0070a5d4	3
22845	0070a650	2
22846	0070a684	0
22847	0070a698	2
22848	0070a6c5	8
22849	0070a7ce	2
22850	0070a83a	0
22851	0070a855	2
22852	0070a8a9	2
22853	0070a8d3	2
22854	0070a8fd	7
22855	0070a9f9	2
22856	0070aa23	2
22857	0070aa4d	2
22858	0070aaa3	2
22859	0070aad1	2
22860	0070ab05	8
22861	0070abe6	2
22862	0070ac17	3
22863	0070ac81	2
22864	0070acb1	2
22865	0070ad09	2
22866	0070ad37	5
22867	0070adb5	5
22868	0070ae47	7
22869	0070af80	5
22870	0070b042	2
22871	0070b095	5
22872	0070b1b6	3
22873	0070b216	0
22874	0070b22d	4
22875	0070b2e5	2
22876	0070b360	2
22877	0070b38a	3
22878	0070b3ca	3
67045	0070b419	3
67046	0070b42f	2
67047	0070b448	7
67048	0070b472	2
67049	0070b48b	2
67050	0070b4a4	2
22879	0070b4c0	0
22880	0070b4e0	2
22881	0070b510	2
22882	0070b540	0
22883	0070b560	0
22884	0070b560	3
22885	0070b5a0	5
22886	0070b690	0
22887	0070b690	3
22888	0070b6d0	3
22889	0070b710	3
22890	0070b740	2
22891	0070b770	3
22892	0070b8b0	0
22893	0070b8d0	4
22894	0070ba10	6
22895	0070bb90	0
22896	0070bb90	3
22897	0070bbd0	2
22898	0070bc70	3
22899	0070bca0	2
22900	0070bcd0	6
22901	0070bd50	3
22902	0070bdd0	0
22903	0070bdf0	0
22904	0070be40	2
22905	0070be70	2
22906	0070bea0	4
22907	0070bf10	6
22908	0070bf90	0
22909	0070bfb0	0
22910	0070c000	2
22911	0070c030	2
22912	0070c060	4
22913	0070c0d0	2
22914	0070c100	0
22915	0070c120	0
22916	0070c140	0
22917	0070c160	2
22918	0070c1a0	2
22919	0070c1f0	2
22920	0070c220	2
22921	0070c250	0
22922	0070c270	0
22923	0070c290	0
22924	0070c2b0	2
22925	0070c2f0	2
22926	0070c340	2
22927	0070c370	2
22928	0070c3d0	2
22929	0070c400	2
22930	0070c430	2
22931	0070c460	2
22932	0070c490	4
22933	0070c510	4
22934	0070c570	4
22935	0070c5d0	0
22936	0070c610	0
22937	0070c650	2
22938	0070c680	2
22939	0070c6b0	2
22940	0070c710	0
22941	0070c720	2
22942	0070c780	0
22943	0070c790	1
22944	0070c7a0	1
22945	0070c7b0	1
22946	0070c7c0	1
22947	0070c7d0	1
22948	0070c7e0	1
22949	0070c7f0	1
22950	0070c800	1
22951	0070c810	1
67031	0070c820	3
67032	0070c836	2
67033	0070c85a	2
67034	0070c873	2
67035	0070c889	3
67036	0070c89f	4
67037	0070c922	2
67038	0070c93b	2
22952	0070c951	25
22953	0070cb84	2
22954	0070cbc2	3
67039	0070cc03	4
67040	0070cc51	2
22955	0070cc67	3
22956	0070ccab	2
67041	0070cce7	3
67042	0070ccfd	2
22957	0070cd20	2
22958	0070cd50	3
22959	0070cdd0	3
22960	0070ce30	0
22961	0070ce50	2
22962	0070ce80	2
22963	0070cec0	5
22964	0070cf80	3
22965	0070cfe0	7
67018	0070d0a0	2
67019	0070d0b1	2
22966	0070d0cb	12
22967	0070d2cf	11
22968	0070d4b1	5
22969	0070d54e	3
22970	0070d5ef	7
22971	0070d6f0	7
22972	0070d7cf	2
22973	0070d834	6
22974	0070d8d5	3
22975	0070d922	3
22976	0070d998	5
22977	0070da3e	24
22978	0070dc91	7
22979	0070dd3e	3
22980	0070ddc1	3
22981	0070de3c	3
22982	0070deb7	3
22983	0070df3b	4
22984	0070dfc3	5
22985	0070e052	11
22986	0070e189	11
22987	0070e318	24
22988	0070e569	8
22989	0070e6b3	2
22990	0070e6d7	8
22991	0070e827	2
22992	0070e84b	4
22993	0070e8dc	2
22994	0070e900	0
22995	0070e914	9
22996	0070ea5c	4
22997	0070eabf	3
22998	0070eb36	10
22999	0070ec98	19
23000	0070ee7b	22
23001	0070f17a	3
23002	0070f1c5	4
23003	0070f296	20
23004	0070f492	11
23005	0070f5fd	14
23006	0070f7a8	2
23007	0070f821	10
23008	0070f92e	3
67020	0070f9af	3
67021	0070f9c5	4
67022	0070fa41	2
67023	0070fa5a	2
23009	0070fa70	55
23010	00710142	19
23011	007102ff	9
23012	00710428	3
23013	007104d8	9
23014	007105ab	4
23015	00710610	13
23016	007107a7	8
23017	007108d3	3
23018	0071091f	3
23019	0071098f	4
23020	00710a1f	4
23021	00710aa4	10
23022	00710bcc	11
23023	00710d11	11
23024	00710e5c	6
23025	00710f26	4
23026	00710fe0	0
23027	00710ff2	4
23028	0071106c	0
23029	00711089	0
23030	007110a6	0
23031	00711121	5
23032	007111e3	7
23033	007112ec	5
23034	00711391	5
23035	00711478	3
23036	00711500	3
23037	0071157b	5
23038	007115fb	0
23039	00711613	2
23040	0071163a	3
23041	0071169c	0
23042	007116cf	4
23043	00711751	4
23044	007117db	4
23045	00711865	0
23046	0071187d	6
23047	0071190c	7
23048	00711a4a	3
23049	00711af1	5
23050	00711b9a	5
23051	00711c54	5
23052	00711d43	0
23053	00711d57	6
23054	00711e4a	9
23055	00711f9a	9
67024	00712099	3
67025	0071211d	3
67026	00712133	2
67027	0071214c	7
67028	00712176	2
67029	0071218f	2
67030	007121a8	2
23056	007121d0	0
23057	007121d0	3
23058	00712210	0
23059	00712230	0
23060	00712250	0
23061	00712270	0
23062	00712290	2
23063	007122c0	3
23064	00712340	4
23065	007123a0	0
23066	00712420	2
23067	00712450	0
23068	00712470	2
23069	007124a0	2
23070	007124d0	4
23071	00712530	4
23072	00712590	0
23073	00712600	0
23074	00712630	0
23075	00712660	5
23076	007126e0	0
23077	00712710	2
23078	00712750	3
23079	00712780	0
23080	00712790	5
23081	00712810	1
67000	00712820	3
67001	00712836	4
67002	007128b9	2
67003	007128d2	2
67004	007128e8	3
67005	007128fe	4
67006	00712981	2
67007	0071299a	2
23082	007129b0	3
23083	00712a1e	24
23084	00712c37	2
23085	00712c5d	0
23086	00712c71	7
23087	00712d24	7
23088	00712dd5	5
23089	00712e60	5
23090	00712eeb	32
23091	007131e6	5
23092	0071327b	17
23093	007133ba	12
23094	007134ae	12
23095	0071357e	136
23096	007143f4	17
23097	0071455b	2
23098	0071457c	3
23099	007145ad	122
23100	00714feb	3
23101	0071503a	3
23102	0071508f	5
23103	007150ff	7
23104	00715186	9
23105	0071523e	3
23106	0071529a	3
23107	007152e6	4
23108	00715387	4
23109	007153f7	4
23110	007154dc	4
23111	00715600	4
23112	00715732	6
23113	007157e9	2
67008	0071581d	3
67009	00715833	4
67010	007158af	2
67011	007158c8	2
67012	007158de	3
67013	007158f4	4
67014	00715970	2
67015	00715989	2
23114	0071599f	26
23115	00715bf8	13
23116	00715de6	58
23117	007162b1	2
23118	007162ed	4
23119	00716383	10
23120	0071647c	8
23121	00716568	48
23122	00716996	26
23123	00716c82	5
23124	00716d67	19
23125	00716f75	3
23126	00716fac	7
23127	007170cc	6
23128	00717192	3
67016	007171cd	3
67017	007171e3	2
23129	00717200	0
23130	00717200	3
23131	00717240	2
23132	00717270	2
23133	007172a0	2
23134	007172d0	2
23135	00717300	0
23136	00717320	0
23137	00717340	0
23138	00717370	0
23139	00717370	3
23140	007173b0	3
23141	00717410	2
23142	00717440	2
23143	00717470	2
23144	007174a0	0
23145	007174a0	3
23146	007174e0	7
23147	00717580	7
23148	00717620	0
23149	00717640	0
23150	00717660	0
23151	00717680	2
23152	007176b0	0
23153	007176d0	2
23154	00717700	4
23155	00717770	2
23156	007177a0	2
23157	007177d0	4
23158	00717840	2
23159	00717890	5
23160	00717910	3
23161	00717950	2
23162	00717980	3
23163	007179d0	12
23164	00717ab0	2
23165	00717ae0	2
23166	00717b10	2
23167	00717b60	2
23168	00717ba0	11
23169	00717c70	4
23170	00717ce0	4
23171	00717d70	2
23172	00717da0	0
23173	00717db0	0
23174	00717dc0	0
23175	00717dd0	2
23176	00717e00	0
23177	00717e20	0
23178	00717e40	2
23179	00717e70	2
23180	00717eb0	0
23181	00717ee0	2
23182	00717f10	2
23183	00717f40	2
23184	00717f70	0
23185	00717f90	2
23186	00717fc0	0
23187	00717fe0	2
23188	00718010	2
23189	00718040	0
23190	00718060	2
23191	00718090	2
23192	007180c0	0
23193	007180e0	2
23194	00718110	0
23195	00718130	2
23196	00718160	0
23197	00718180	2
23198	007181b0	0
23199	007181d0	2
23200	00718200	2
23201	00718230	0
23202	00718250	0
23203	00718260	2
66988	007182c0	2
66989	007182d1	2
66990	007182eb	2
66991	007182fc	2
23204	00718314	71
23205	007187fe	14
66992	00718a42	4
66993	00718a90	2
23206	00718aa6	89
23207	0071928e	52
23208	00719704	6
23209	0071975c	0
23210	00719772	3
23211	007197ab	10
23212	0071988a	3
23213	00719902	41
23214	00719d6f	12
23215	00719f44	3
23216	0071a254	87
23217	0071adda	17
23218	0071af9a	14
23219	0071b1fe	22
23220	0071b3cc	0
23221	0071b3e3	24
23222	0071b675	16
23223	0071b849	12
23224	0071b98f	2
66994	0071b9b6	3
66995	0071b9cc	2
66996	0071b9e5	7
66997	0071ba0f	2
66998	0071ba28	2
66999	0071ba41	2
23225	0071ba60	6
23226	0071bb00	4
23227	0071bb70	0
23228	0071bba0	2
23229	0071bbe0	0
23230	0071bbe0	3
23231	0071bc20	4
23232	0071bc60	6
23233	0071bd10	4
23234	0071bdb0	0
23235	0071bdd0	2
23236	0071be00	0
23237	0071be40	3
23238	0071beb0	0
23239	0071bf00	2
23240	0071bf30	2
23241	0071bf60	3
23242	0071bfa0	4
23243	0071bfe0	0
23244	0071c000	0
23245	0071c020	0
23246	0071c040	4
23247	0071c0a0	5
23248	0071c110	2
23249	0071c150	2
23250	0071c180	17
23251	0071c3c0	2
23252	0071c3f0	2
23253	0071c440	2
23254	0071c490	2
23255	0071c4c0	2
23256	0071c4f0	0
23257	0071c510	3
23258	0071c550	4
23259	0071c5b0	4
23260	0071c610	4
23261	0071c670	0
23262	0071c6b0	0
23263	0071c6e0	0
23264	0071c720	0
23265	0071c730	2
23266	0071c760	2
23267	0071c7c0	2
23268	0071c7f0	5
23269	0071c8d0	1
23270	0071c8e0	1
23271	0071c8f0	1
23272	0071c900	1
23273	0071c910	1
23274	0071c920	1
23275	0071c930	1
23276	0071c940	1
23277	0071c950	1
23278	0071c960	1
23279	0071c970	1
23280	0071c980	1
23281	0071c990	1
23282	0071c9a0	1
23283	0071c9b0	1
23284	0071c9c0	1
23285	0071c9d0	1
23286	0071c9e0	1
23287	0071c9f0	1
23288	0071ca00	1
23289	0071ca10	1
23290	0071ca20	1
23291	0071ca30	1
23292	0071ca40	1
23293	0071ca50	1
23294	0071ca60	1
23295	0071ca70	1
23296	0071ca80	1
23297	0071ca90	1
23298	0071caa0	1
23299	0071cab0	1
23300	0071cac0	1
23301	0071cad0	1
23302	0071cae0	1
23303	0071caf0	1
66982	0071cb00	3
66983	0071cb16	2
66984	0071cb3a	2
66985	0071cb53	2
23304	0071cb69	2
23305	0071cba7	3
66986	0071cbf4	3
66987	0071cc0a	2
23306	0071cc30	2
23307	0071cc60	2
23308	0071cca0	5
23309	0071cd60	3
23310	0071cdc0	7
66972	0071ce80	3
66973	0071ce96	4
66974	0071cf12	2
66975	0071cf2b	2
66976	0071cf41	3
66977	0071cf57	4
66978	0071cfd3	2
66979	0071cfec	2
23311	0071d002	73
23312	0071d804	103
23313	0071e088	19
23314	0071e274	11
23315	0071e3a1	10
23316	0071e476	20
66980	0071e628	3
66981	0071e63e	2
23317	0071e660	0
23318	0071e6a0	0
23319	0071e6c0	3
23320	0071e6f0	0
23321	0071e700	5
23322	0071e7c0	3
23323	0071e7f0	7
23324	0071e930	2
23325	0071e9a0	3
23326	0071ea50	4
23327	0071eb00	6
23328	0071ec30	4
23329	0071ecb0	3
23330	0071ece0	0
23331	0071ed30	31
23332	0071f099	7
23333	0071f156	10
66970	0071f267	3
66971	0071f27d	2
23334	0071f2a0	0
23335	0071f2a0	3
23336	0071f2e0	2
23337	0071f334	2
23338	0071f35a	2
23339	0071f380	0
23340	0071f394	5
23341	0071f423	0
23342	0071f437	0
23343	0071f44b	108
23344	0071fff9	3
23345	0072002a	4
23346	007200af	82
23347	007207a5	5
23348	00720815	3
23349	0072085f	2
23350	007208a1	4
23351	00720942	3
66968	007209bd	3
66969	007209d3	2
23352	007209f0	0
23353	007209f0	3
23354	00720a30	2
23355	00720a60	0
23356	00720a60	3
23357	00720aa0	6
23358	00720b30	6
23359	00720bc0	8
23360	00720c90	2
23361	00720cc0	4
23362	00720d30	2
23363	00720d60	0
66962	00720d80	3
66963	00720d96	4
66964	00720e19	2
66965	00720e32	2
23364	00720e48	16
23365	00720fe1	40
23366	007213ca	6
23367	00721448	4
23368	0072149c	4
23369	007214f0	6
23370	00721563	3
23371	007215b9	6
23372	00721644	6
23373	007216cd	6
23374	00721756	2
23375	00721796	9
66966	00721872	3
66967	00721888	2
23376	007218b0	2
23377	007218e0	2
23378	00721910	0
23379	00721910	3
23380	00721950	8
23381	00721a10	0
23382	00721a40	0
23383	00721a40	3
23384	00721a80	2
23385	00721ab0	2
23386	00721ae0	4
23387	00721b50	0
23388	00721b90	3
23389	00721c00	0
23390	00721c50	2
23391	00721c80	2
23392	00721cb0	3
23393	00721cf0	0
23394	00721d10	0
23395	00721d30	0
23396	00721d50	4
23397	00721db0	2
23398	00721df0	2
23399	00721e20	17
23400	00722060	2
23401	00722090	2
23402	007220e0	2
23403	00722130	2
23404	00722160	2
23405	00722190	2
23406	007221c0	0
23407	007221e0	4
23408	00722290	6
23409	00722350	2
23410	00722380	2
23411	007223b0	0
23412	007223e0	0
23413	00722410	0
23414	00722420	2
23415	00722450	2
23416	007224b0	2
23417	007224e0	2
23418	00722510	2
23419	00722570	2
23420	007225c0	3
23421	00722650	2
23422	00722690	0
23423	00722690	3
23424	007226d0	3
23425	00722750	0
23426	00722750	3
23427	00722790	2
23428	007227c0	3
23429	00722840	0
23430	00722860	0
23431	00722860	3
23432	007228a0	0
23433	007228a0	3
23434	007228e0	0
23435	00722900	3
23436	00722960	4
23437	007229d0	2
23438	00722a00	0
23439	00722a20	0
23440	00722a40	1
23441	00722a50	1
23442	00722a60	1
23443	00722a70	0
23444	00722af8	0
23445	00722b80	0
23446	00722b9b	0
23447	00722bcb	4
23448	00722cae	4
23449	00722d97	9
23450	00722e99	0
23451	00722eaf	7
23452	00722fd6	5
23453	007230b4	6
23454	00723179	0
23455	0072318e	0
23456	007231a2	0
23457	007231cb	0
23458	007231e5	0
23459	007231f9	2
23460	0072326a	3
23461	007232da	0
23462	00723362	2
23463	0072338c	2
23464	007233b6	0
23465	007233cc	0
66956	007233e2	3
66957	007233f8	2
66958	0072340e	2
66959	00723427	2
23466	0072343d	0
23467	00723456	0
23468	0072346a	0
23469	00723483	2
23470	007234c4	0
23471	007234da	0
23472	007234f0	0
23473	00723506	0
23474	0072351a	0
23475	00723530	0
23476	0072354e	0
23477	00723562	0
23478	00723576	3
23479	00723605	0
23480	0072361f	0
23481	00723639	0
23482	00723653	0
23483	0072366d	2
23484	007236a9	6
23485	0072375f	8
23486	00723849	6
23487	0072392e	3
23488	00723983	5
23489	00723a7d	0
23490	00723a91	0
23491	00723aa5	0
23492	00723ab9	0
23493	00723ace	2
23494	00723b20	2
23495	00723b7c	0
23496	00723b90	0
23497	00723ba6	0
23498	00723bbc	0
23499	00723bd2	0
23500	00723be8	0
23501	00723bff	0
23502	00723c15	0
23503	00723c2b	0
23504	00723c41	0
23505	00723c55	0
23506	00723c69	0
23507	00723c7f	2
23508	00723ca9	4
23509	00723cfd	2
23510	00723d3e	0
23511	00723d52	2
23512	00723d8a	0
23513	00723d9e	0
23514	00723db2	0
23515	00723dc6	0
23516	00723dda	2
23517	00723e15	0
23518	00723e2a	0
23519	00723e40	2
23520	00723ea2	5
23521	00723f5a	2
23522	00723f84	7
23523	00724061	2
23524	0072408b	2
23525	007240dd	2
23526	0072413b	3
23527	007241b9	3
23528	00724205	5
23529	0072428a	10
23530	007243be	5
23531	00724450	4
23532	007244c9	4
23533	00724542	0
23534	00724556	0
23535	0072456a	2
23536	007245b0	0
23537	007245c4	0
23538	007245d8	0
23539	007245ec	2
23540	0072462d	2
23541	0072467a	2
23542	007246b7	0
23543	007246cb	5
23544	0072477c	9
23545	00724887	4
23546	0072493c	0
23547	00724954	2
23548	0072499a	0
23549	007249b0	0
23550	007249c4	0
23551	007249d8	0
23552	007249ec	3
23553	00724a67	0
23554	00724a7c	0
23555	00724a91	3
23556	00724acc	6
23557	00724b42	9
23558	00724c13	3
23559	00724c69	3
23560	00724cc5	31
23561	00724fc0	26
23562	007251e1	14
23563	00725345	2
23564	00725395	6
23565	0072542b	5
23566	007254b2	4
23567	0072552a	15
66960	00725721	3
66961	00725737	2
23568	00725750	2
23569	00725780	2
23570	007257b0	0
23571	007257f0	24
23572	007259b0	3
23573	007259f0	4
23574	00725a30	0
23575	00725a70	3
23576	00725af0	24
23577	00725cb0	3
23578	00725cf0	4
23579	00725d30	0
23580	00725d80	4
23581	00725df0	5
23582	00725e60	0
23583	00725eb0	4
23584	00725f20	5
23585	00725f90	2
23586	00725fc0	17
23587	00726220	17
23588	00726480	2
23589	007264d0	2
23590	00726520	4
23591	00726580	4
23592	007265e0	0
23593	00726620	0
23594	00726660	0
23595	00726690	0
23596	007266d0	0
23597	00726700	0
66918	00726740	3
66919	00726756	2
66920	0072677d	2
66921	00726796	2
66922	007267b8	3
66923	007267ce	4
66924	0072684a	2
66925	00726863	2
66926	00726879	3
66927	0072688f	68
66928	00726ce1	2
66929	00726cfa	2
66930	00726d19	3
66931	00726d2f	4
66932	00726db2	2
66933	00726dcb	2
66934	00726de1	3
66935	00726df7	4
66936	00726e7a	2
66937	00726e93	2
23598	00726ea9	3
23599	00726f21	4
23600	00726fa5	5
23601	00727035	6
23602	007270d1	3
66938	0072710d	133
66939	00727c3c	7
66940	00727d2b	2
66941	00727daa	5
66942	00727e5f	7
66943	00727ec3	11
66944	00728007	2
66945	0072801d	2
23603	00728033	17
23604	007281c9	7
66946	0072826b	7
66947	007282cf	2
23605	007282e5	4
23606	007285d2	0
23607	00728600	0
23608	0072862e	3
66948	0072864e	3
66949	00728693	0
23609	00728698	3
23610	007286b4	0
66950	0072880a	3
66951	00728820	91
66952	00728fc6	2
66953	00728fdf	2
23611	00728ffe	21
66954	007291ff	3
66955	00729215	2
23612	00729230	10
23613	00729340	8
23614	007293f0	2
23615	00729420	0
23616	00729440	8
23617	007295f0	2
23618	00729630	0
23619	00729650	24
23620	00729800	2
23621	00729830	2
23622	007298d0	0
23623	00729910	7
23624	007299e0	0
23625	00729a00	0
23626	00729a20	3
23627	00729a60	0
23628	00729ab0	2
23629	00729b10	0
23630	00729b60	0
23631	00729bb0	4
23632	00729c20	2
23633	00729c70	0
23634	00729ca0	17
23635	00729f00	2
23636	00729f50	0
23637	00729f80	2
23638	00729fb0	2
23639	00729ff0	2
66912	0072a030	3
66913	0072a046	2
66914	0072a06a	2
66915	0072a083	2
23640	0072a099	3
23641	0072a0e6	2
66916	0072a124	3
66917	0072a13a	2
23642	0072a160	2
23643	0072a190	2
23644	0072a1d0	5
23645	0072a290	3
23646	0072a2f0	7
23647	0072a3b0	5
23648	0072a438	4
23649	0072a4a3	3
23650	0072a4d9	3
23651	0072a510	2
23652	0072a550	2
23653	0072a590	0
66897	0072a5b0	3
66898	0072a5c6	2
66899	0072a5dc	2
66900	0072a5f5	2
66901	0072a60b	3
66902	0072a621	2
66903	0072a637	2
66904	0072a650	2
23654	0072a666	9
66905	0072a753	3
66906	0072a769	2
66907	0072a781	2
66908	0072a79a	2
23655	0072a7b0	3
23656	0072a7e4	3
23657	0072a83b	2
66909	0072a851	5
66910	0072a871	2
66911	0072a88a	2
23658	0072a8b0	3
23659	0072a900	8
23660	0072a99b	4
23661	0072a9fb	5
23662	0072aabe	3
23663	0072ab4a	7
66833	0072ac32	740
66834	0072e87e	7
66835	0072e95f	7
66836	0072ea40	3
66837	0072eacc	3
66838	0072eb5c	3
66839	0072ebec	10
66840	0072ecaa	3
66841	0072ed3c	8
66842	0072ee16	9
66843	0072eefe	4
66844	0072efb3	13
66845	0072f0e8	9
66846	0072f1cf	3
66847	0072f25d	33
66848	0072f5c7	16
66849	0072f744	12
66850	0072f867	3
66851	0072f8f9	3
66852	0072f98d	10
66853	0072fa57	3
66854	0072faed	3
66855	0072fb8b	3
66856	0072fc1d	3
66857	0072fcab	3
66858	0072fd41	3
66859	0072fdcf	3
66860	0072fe5d	3
66861	0072fee9	3
66862	0072ff77	3
66863	00730005	16
66864	0073017c	16
66865	007302f3	3
66866	0073037f	13
66867	00730466	4
66868	00730500	19
66869	007306b6	19
66870	0073085d	7
66871	007308ab	8
66872	0073097a	7
66873	00730a3a	13
66874	00730b77	4
66875	00730c14	12
66876	00730cfa	7
66877	00730ddd	4
66878	00730e7c	14
66879	00730f76	3
66880	00731002	3
66881	00731090	11
66882	00731182	2
66883	007311a4	2
23664	007311c6	18
23665	0073133a	38
23666	007316b9	41
66884	00731a48	3
23667	00731ad6	12
23668	00731c7c	7
66885	00731d61	101
66886	00732482	5
66887	00732522	6
66888	007325f2	15
66889	0073273b	14
66890	00732880	15
66891	007329d2	8
66892	00732ad6	8
66893	00732bda	2
66894	00732bf9	2
23669	00732c18	10
66895	00732cf5	3
66896	00732d0b	2
23670	00732d30	2
23671	00732d60	2
23672	00732da0	2
23673	00732df0	2
23674	00732e20	2
23675	00732e50	2
23676	00732e80	2
23677	00732ec0	5
23678	00732f70	3
23679	00732fe0	0
23680	00732fe0	3
23681	00733020	3
23682	00733080	6
23683	00733130	0
23684	00733160	2
23685	007331b0	4
23686	00733230	2
23687	00733250	2
23688	00733270	3
23689	007332f0	0
23690	00733320	2
23691	00733350	0
23692	00733370	0
23693	00733390	3
23694	00733400	3
23695	00733470	3
23696	007334e0	2
23697	00733510	5
23698	007335c0	6
23699	00733670	2
23700	007336a0	2
23701	007336e0	3
23702	00733760	2
23703	007337b0	3
23704	00733830	0
23705	00733860	3
23706	007338d0	0
23707	00733900	3
23708	00733980	2
23709	007339d0	2
23710	00733a10	3
23711	00733a90	3
23712	00733ae0	3
23713	00733b50	3
23714	00733bc0	3
23715	00733c40	2
23716	00733c80	3
23717	00733d00	3
23718	00733d70	3
23719	00733df0	2
23720	00733e30	3
23721	00733ea0	3
23722	00733f10	3
23723	00733f80	3
23724	00734000	3
23725	00734080	0
23726	007340d0	3
23727	00734140	3
23728	007341b0	3
23729	00734220	3
23730	00734290	3
23731	00734300	3
23732	00734370	3
23733	007343e0	3
23734	00734450	3
23735	007344d0	3
23736	00734550	3
23737	007345c0	3
23738	00734640	3
23739	007346b0	3
23740	00734720	3
23741	00734790	3
23742	00734800	2
23743	00734830	2
23744	00734860	2
23745	00734890	0
23746	007348b0	3
23747	00734920	5
23748	007349e0	2
23749	00734a20	2
23750	00734a60	0
23751	00734a80	4
23752	00734ae0	4
23753	00734b40	3
23754	00734bb0	5
23755	00734c70	0
23756	00734c90	4
66819	00734cf0	3
66820	00734d06	2
66821	00734d2d	2
66822	00734d46	2
66823	00734d5c	3
66824	00734d72	4
66825	00734dee	2
66826	00734e07	2
66827	00734e1d	3
66828	00734e33	2
66829	00734e5a	2
66830	00734e73	2
23757	00734e89	53
23758	007352e3	12
23759	00735419	15
23760	00735608	49
23761	00735ad0	11
23762	00735b83	9
23763	00735c43	6
23764	00735cba	5
23765	00735d07	10
23766	00735e05	5
23767	00735e53	5
23768	00735ea1	6
23769	00735f18	5
23770	00735f66	5
66831	00735fbd	3
66832	00735fd3	2
23771	00735ff0	4
23772	00736080	4
23773	007360f0	2
23774	00736120	3
23775	007361a0	0
23776	007361c0	3
23777	00736240	9
23778	00736330	0
23779	00736370	3
23780	007363e0	24
23781	007365a0	0
23782	007365f0	2
23783	00736620	3
23784	00736660	2
23785	00736690	0
23786	007366e0	0
23787	00736700	0
23788	00736720	0
23789	00736740	0
23790	00736760	4
23791	007367c0	2
23792	00736800	2
23793	00736850	2
23794	00736880	2
23795	007368b0	17
23796	00736b00	2
23797	00736b30	2
23798	00736b60	2
23799	00736bb0	3
23800	00736be0	0
23801	00736c10	2
23802	00736c50	2
23803	00736c80	2
23804	00736cb0	2
23805	00736cf0	3
23806	00736d80	2
23807	00736da0	4
23808	00736e30	4
23809	00736ef0	3
23810	00736f30	5
23811	00736fd0	3
23812	00737000	7
23813	007370e0	2
23814	00737140	0
23815	007371a0	4
23816	00737240	6
23817	00737330	4
66817	007373c0	3
66818	007373d6	2
23818	007373f0	3
23819	00737468	3
23820	007374c0	0
23821	007374c0	3
23822	00737500	3
23823	00737560	2
23824	00737590	2
23825	007375c0	0
23826	007375e0	1
66799	007375f0	3
66800	00737606	4
66801	00737689	2
66802	007376a2	2
66803	007376b8	3
66804	007376ce	4
66805	0073774a	2
66806	00737763	2
66807	00737779	3
66808	0073778f	4
66809	0073780b	2
66810	00737824	2
66811	0073783a	3
66812	00737850	4
66813	007378cc	2
66814	007378e5	2
23827	007378fb	175
23828	00738b9f	2
23829	00738bec	17
23830	00738db7	14
23831	00738f24	13
66815	00739075	3
66816	0073908b	2
23832	007390b0	4
23833	00739160	6
23834	00739220	2
23835	00739250	2
23836	00739280	2
23837	007392b0	2
23838	007392e0	2
23839	00739340	2
23840	00739390	3
23841	00739420	2
23842	00739460	0
23843	00739460	3
23844	007394a0	3
23845	00739520	0
23846	00739520	3
23847	00739560	2
23848	00739590	3
23849	00739610	0
23850	00739630	0
23851	00739630	3
23852	00739670	0
23853	00739670	3
23854	007396b0	0
23855	007396d0	3
23856	00739730	4
23857	007397a0	2
23858	007397d0	0
23859	007397f0	0
23860	00739810	1
23861	00739820	1
23862	00739830	1
66783	00739840	2
66784	00739851	2
66785	0073986b	3
66786	00739881	4
66787	00739904	2
66788	0073991d	2
23863	00739933	4
23864	007399c5	186
23865	0073ad9c	6
66789	0073ae54	3
66790	0073ae6a	4
66791	0073aee6	2
66792	0073aeff	2
23866	0073af15	40
23867	0073b2f1	2
66793	0073b323	3
66794	0073b339	2
66795	0073b352	7
66796	0073b37c	2
66797	0073b395	2
66798	0073b3ae	2
23868	0073b3d0	0
23869	0073b3d0	3
23870	0073b410	4
23871	0073b490	3
23872	0073b500	2
23873	0073b530	2
23874	0073b560	2
23875	0073b5a0	2
23876	0073b5d0	2
23877	0073b600	2
23878	0073b630	4
23879	0073b6a0	2
23880	0073b700	4
23881	0073b780	2
23882	0073b7b0	4
23883	0073b860	4
23884	0073b910	0
23885	0073b950	2
23886	0073b980	2
23887	0073b9e0	2
23888	0073ba30	2
23889	0073ba90	2
23890	0073bad0	0
23891	0073bad0	3
23892	0073bb10	3
23893	0073bb90	0
23894	0073bb90	3
23895	0073bbd0	2
23896	0073bc00	3
23897	0073bc80	0
23898	0073bca0	0
23899	0073bca0	3
23900	0073bce0	0
23901	0073bce0	3
23902	0073bd20	0
23903	0073bd40	2
23904	0073bd70	2
23905	0073bda0	1
23906	0073bdb0	1
23907	0073bdc0	1
66761	0073bdd0	3
66762	0073bde6	4
66763	0073be62	2
66764	0073be7b	2
66765	0073be91	3
66766	0073bea7	4
66767	0073bf23	2
66768	0073bf3c	2
66769	0073bf52	3
66770	0073bf68	4
66771	0073bfeb	2
66772	0073c004	2
66773	0073c01a	3
66774	0073c030	2
66775	0073c04b	2
66776	0073c064	2
66777	0073c07a	3
66778	0073c090	2
66779	0073c0ab	2
66780	0073c0c4	2
23908	0073c0da	231
23909	0073d8c5	2
23910	0073d8f7	9
23911	0073d9d9	5
66781	0073da69	3
66782	0073da7f	2
23912	0073daa0	0
23913	0073daa0	3
23914	0073dae0	5
23915	0073db70	4
23916	0073dc20	4
23917	0073dcd0	2
23918	0073dd30	2
23919	0073dd80	2
23920	0073dde0	2
23921	0073de20	0
23922	0073de20	3
23923	0073de60	0
23924	0073de60	3
23925	0073dea0	2
23926	0073ded0	2
23927	0073df00	1
23928	0073df10	1
23929	0073df20	6
23930	0073dfe7	173
23931	0073f626	37
23932	0073fa76	123
23933	00740a54	6
23934	00740b28	6
23935	00740bf9	7
23936	00740d00	7
23937	00740e07	5
23938	00740e72	10
23939	00740fa4	5
23940	0074101b	28
23941	0074149e	6
23942	00741537	2
23943	0074155d	17
23944	007416f7	3
66759	0074173c	3
66760	00741752	2
23945	00741770	0
23946	00741770	3
23947	007417b0	6
23948	00741860	4
23949	00741910	4
23950	007419c0	4
23951	00741a70	4
23952	00741b20	2
23953	00741b80	2
23954	00741bc0	2
23955	00741c20	2
23956	00741c70	2
23957	00741cd0	2
23958	00741d20	2
23959	00741d80	2
23960	00741dc0	0
23961	00741dc0	3
23962	00741e00	0
23963	00741e00	3
23964	00741e40	0
23965	00741e40	3
23966	00741e80	0
23967	00741e80	3
23968	00741ec0	2
23969	00741ef0	2
23970	00741f20	2
23971	00741f50	2
23972	00741f80	1
23973	00741f90	1
23974	00741fa0	1
23975	00741fb0	1
66749	00741fc0	3
66750	00741fd6	2
66751	00741ff1	2
66752	0074200a	2
66753	00742020	3
66754	00742036	4
66755	007420b9	2
66756	007420d2	2
23976	007420e8	3
23977	00742161	165
23978	0074327a	2
23979	0074329b	4
23980	007432ef	2
23981	00743334	3
23982	0074338d	28
23983	00743681	0
23984	00743695	8
23985	007437cc	2
23986	00743802	2
23987	0074382c	4
66757	0074388d	3
66758	007438a3	2
23988	007438c0	0
23989	007438c0	3
23990	00743900	3
23991	00743960	0
23992	00743960	3
23993	007439a0	4
23994	00743a20	4
23995	00743a90	8
23996	00743b70	2
23997	00743ba0	2
23998	00743bd0	0
23999	00743bf0	4
24000	00743ca0	2
24001	00743d00	2
24002	00743d40	0
24003	00743d40	3
24004	00743d80	2
24005	00743db0	1
24006	00743dc0	1
66743	00743dd0	3
66744	00743de6	2
66745	00743e01	2
66746	00743e1a	2
24007	00743e30	5
24008	00743ee3	5
24009	00743f9a	10
24010	00744054	2
24011	007440a5	3
24012	007440f7	6
66747	007441a4	3
66748	007441ba	2
24013	007441e0	0
24014	007441e0	3
24015	00744220	29
66741	007444ce	3
66742	007444e4	2
24016	00744500	0
24017	00744500	3
24018	00744540	2
66672	00744570	2
66673	00744581	2
66674	0074459b	3
66675	007445b1	4
66676	00744634	2
66677	0074464d	2
66678	00744663	3
66679	00744679	4
66680	007446fc	2
66681	00744715	2
66682	0074472b	3
66683	00744741	4
66684	007447c4	2
66685	007447dd	2
66686	007447f3	3
66687	00744809	4
66688	0074488c	2
66689	007448a5	2
66690	007448bb	3
66691	007448d1	4
66692	0074494d	2
66693	00744966	2
66694	0074497c	3
66695	00744992	4
66696	00744a0e	2
66697	00744a27	2
24019	00744a3d	13
66698	00744b8c	2
24020	00744bab	18
24021	00744d80	20
24022	00744f0a	63
24023	007455bf	6
24024	00745683	21
24025	00745893	6
24026	00745917	6
24027	00745991	8
66699	00745a3d	3
66700	00745a53	4
66701	00745acf	2
66702	00745ae8	2
66703	00745afe	3
66704	00745b14	4
66705	00745b90	2
66706	00745ba9	2
24028	00745bbf	85
24029	007466fe	117
24030	00747422	83
66707	00747d58	3
66708	00747d6e	4
66709	00747dea	2
66710	00747e03	2
66711	00747e19	3
66712	00747e2f	4
66713	00747eab	2
66714	00747ec4	2
66715	00747eda	3
66716	00747ef0	4
66717	00747f6c	2
66718	00747f85	2
24031	00747f9b	61
66719	00748554	3
66720	0074856a	4
66721	007485e6	2
66722	007485ff	2
66723	00748615	3
66724	0074862b	4
66725	007486a7	2
66726	007486c0	2
66727	007486d6	3
66728	007486ec	4
66729	00748768	2
66730	00748781	2
66731	00748797	3
66732	007487ad	4
66733	00748829	2
66734	00748842	2
24032	00748858	38
24033	00748adb	14
24034	00748c2f	6
24035	00748c8e	6
24036	00748ced	2
24037	00748d11	14
24038	00748e6e	7
24039	00748f1b	32
24040	00749181	15
24041	007492cc	7
24042	00749398	6
24043	00749454	8
24044	007494ca	34
24045	00749893	20
24046	00749a3b	0
24047	00749a4d	0
24048	00749a5f	15
24049	00749b90	4
24050	00749c0e	4
24051	00749c8c	8
24052	00749d02	8
66735	00749d78	3
66736	00749d8e	2
66737	00749da7	7
66738	00749dd1	2
66739	00749dea	2
66740	00749e03	2
24053	00749e20	2
24054	00749e50	0
24055	00749e50	3
24056	00749e90	15
24057	00749fd0	0
24058	00749ff0	0
24059	0074a010	0
24060	0074a030	0
24061	0074a050	0
24062	0074a070	0
24063	0074a090	0
24064	0074a0b0	0
24065	0074a0d0	0
24066	0074a0d0	3
24067	0074a110	4
24068	0074a190	0
24069	0074a1d0	0
24070	0074a1f0	2
24071	0074a220	0
24072	0074a240	2
24073	0074a270	2
24074	0074a2b0	2
24075	0074a310	0
24076	0074a330	4
24077	0074a3d0	0
24078	0074a3f0	4
24079	0074a4a0	4
24080	0074a550	0
24081	0074a570	0
24082	0074a590	2
24083	0074a5f0	2
24084	0074a630	2
24085	0074a690	2
24086	0074a6d0	0
24087	0074a6d0	3
24088	0074a710	0
24089	0074a710	3
24090	0074a750	2
24091	0074a780	2
24092	0074a7b0	0
24093	0074a7e0	0
24094	0074a7f0	0
24095	0074a800	1
24096	0074a810	1
66648	0074a820	2
66649	0074a831	2
66650	0074a84b	3
66651	0074a861	4
66652	0074a8e4	2
66653	0074a8fd	2
66654	0074a913	3
66655	0074a929	4
66656	0074a9a5	2
66657	0074a9be	2
66658	0074a9d4	3
66659	0074a9ea	4
66660	0074aa66	2
66661	0074aa7f	2
66662	0074aa95	3
66663	0074aaab	4
66664	0074ab27	2
66665	0074ab40	2
24097	0074ab56	46
24098	0074af81	31
24099	0074b25a	16
24100	0074b3d6	135
24101	0074c4e1	14
24102	0074c61c	24
66666	0074c7fb	3
66667	0074c811	2
66668	0074c82a	7
66669	0074c854	2
66670	0074c86d	2
66671	0074c886	2
24103	0074c8a0	0
24104	0074c8a0	3
24105	0074c8e0	7
24106	0074c990	0
24107	0074c9b0	4
24108	0074ca20	3
24109	0074caa0	3
24110	0074cb00	2
24111	0074cb30	2
24112	0074cb60	0
24113	0074cba0	3
24114	0074cc10	0
24115	0074cc60	2
24116	0074cc90	3
24117	0074ccd0	0
24118	0074cd10	3
24119	0074cd90	0
24120	0074cde0	2
24121	0074ce10	3
24122	0074ce50	2
24123	0074ce80	0
24124	0074cea0	0
24125	0074cec0	4
24126	0074cf20	2
24127	0074cf60	2
24128	0074cf90	0
24129	0074cfb0	0
24130	0074cfd0	4
24131	0074d040	2
24132	0074d080	2
24133	0074d0b0	17
24134	0074d300	2
24135	0074d330	17
24136	0074d590	2
24137	0074d5c0	2
24138	0074d610	2
24139	0074d660	2
24140	0074d690	2
24141	0074d6e0	2
24142	0074d730	2
24143	0074d760	2
24144	0074d790	2
24145	0074d7c0	2
24146	0074d7f0	0
24147	0074d810	0
24148	0074d830	4
24149	0074d8e0	4
24150	0074d990	2
24151	0074d9c0	2
24152	0074d9f0	0
24153	0074da10	2
24154	0074da40	2
24155	0074da80	2
24156	0074daa0	0
24157	0074dad0	0
24158	0074db10	0
24159	0074db20	2
24160	0074db50	2
24161	0074db80	3
24162	0074dc10	2
24163	0074dc70	3
24164	0074dcb0	3
24165	0074dcf0	3
24166	0074dd60	2
24167	0074ddc0	2
24168	0074de10	2
24169	0074de70	2
24170	0074deb0	0
24171	0074deb0	3
24172	0074def0	0
24173	0074def0	3
24174	0074df30	2
24175	0074df60	2
24176	0074df90	1
24177	0074dfa0	1
66604	0074dfb0	2
66605	0074dfc1	2
66606	0074dfdb	3
66607	0074dff1	4
66608	0074e074	2
66609	0074e08d	2
66610	0074e0a3	3
66611	0074e0b9	4
66612	0074e13c	2
66613	0074e155	2
66614	0074e16b	3
66615	0074e181	4
66616	0074e204	2
66617	0074e21d	2
66618	0074e233	3
66619	0074e249	4
66620	0074e2cc	2
66621	0074e2e5	2
66622	0074e2fb	3
66623	0074e311	4
66624	0074e394	2
66625	0074e3ad	2
66626	0074e3c3	3
66627	0074e3d9	4
66628	0074e45c	2
66629	0074e475	2
66630	0074e48b	3
66631	0074e4a1	4
66632	0074e524	2
66633	0074e53d	2
66634	0074e553	3
66635	0074e569	4
66636	0074e5ec	2
66637	0074e605	2
24178	0074e61b	6
24179	0074e6e6	20
24180	0074e8ba	2
24181	0074e8e2	98
24182	0074f3ff	9
24183	0074f4f5	0
66638	0074f507	3
66639	0074f51d	4
66640	0074f599	2
66641	0074f5b2	2
24184	0074f5c8	40
24185	0074f915	26
24186	0074fb66	2
24187	0074fb8e	2
24188	0074fbb6	2
24189	0074fbde	2
24190	0074fc06	2
24191	0074fc2e	2
66642	0074fc56	3
66643	0074fc6c	2
66644	0074fc85	7
66645	0074fcaf	2
66646	0074fcc8	2
66647	0074fce1	2
24192	0074fd00	0
24193	0074fd00	3
24194	0074fd40	4
24195	0074fdc0	0
24196	0074fde0	0
24197	0074fe00	2
24198	0074fe30	2
24199	0074fe60	4
24200	0074ff10	2
24201	0074ff40	2
24202	0074ff70	0
24203	0074ff90	2
24204	0074fff0	2
24205	00750030	0
24206	00750030	3
24207	00750070	2
24208	007500a0	1
66572	007500b0	2
66573	007500c1	2
66574	007500db	3
66575	007500f1	2
66576	0075010c	2
66577	00750125	2
66578	0075013b	3
66579	00750151	2
66580	0075016c	2
66581	00750185	2
66582	0075019b	3
66583	007501b1	4
66584	0075022d	2
66585	00750246	2
66586	0075025c	3
66587	00750272	4
66588	007502ee	2
66589	00750307	2
66590	0075031d	3
66591	00750333	4
66592	007503af	2
66593	007503c8	2
66594	007503de	3
66595	007503f4	4
66596	00750477	2
66597	00750490	2
24209	007504a6	7
24210	00750589	318
24211	007527c6	7
24212	00752847	4
24213	00752893	7
24214	0075291a	7
24215	0075299b	12
24216	00752a83	13
66598	00752bbd	3
66599	00752bd3	2
66600	00752bec	7
66601	00752c16	2
66602	00752c2f	2
66603	00752c48	2
24217	00752c70	0
24218	00752c70	3
24219	00752cb0	7
24220	00752d60	0
24221	00752da0	3
24222	00752e10	0
24223	00752e60	2
24224	00752e90	2
24225	00752ec0	3
24226	00752f00	0
24227	00752f20	0
24228	00752f40	4
24229	00752fa0	2
24230	00752fe0	17
24231	00753220	2
24232	00753250	2
24233	007532a0	2
24234	007532f0	2
24235	00753320	2
24236	00753350	0
24237	00753370	4
24238	00753420	4
24239	007534d0	4
24240	00753580	0
24241	007535c0	4
24242	00753670	2
24243	007536a0	2
24244	007536e0	2
24245	00753710	2
24246	00753770	2
24247	007537b0	2
24248	00753810	2
24249	00753850	2
24250	007538b0	2
24251	00753900	2
24252	00753960	2
24253	007539a0	0
24254	007539a0	3
24255	007539e0	0
24256	007539e0	3
24257	00753a20	0
24258	00753a20	3
24259	00753a60	0
24260	00753a60	3
24261	00753aa0	2
24262	00753ad0	2
24263	00753b00	2
24264	00753b30	2
24265	00753b60	2
24266	00753b90	1
24267	00753ba0	1
24268	00753bb0	1
24269	00753bc0	1
66428	00753bd0	2
66429	00753be1	2
66430	00753bfb	3
66431	00753c11	4
66432	00753c8d	2
66433	00753ca6	2
66434	00753cbc	3
66435	00753cd2	4
66436	00753d4e	2
66437	00753d67	2
66438	00753d7d	3
66439	00753d93	4
66440	00753e0f	2
66441	00753e28	2
66442	00753e3e	3
66443	00753e54	4
66444	00753ed0	2
66445	00753ee9	2
66446	00753eff	3
66447	00753f15	4
66448	00753f91	2
66449	00753faa	2
66450	00753fc0	3
66451	00753fd6	4
66452	00754052	2
66453	0075406b	2
66454	00754081	3
66455	00754097	4
66456	00754113	2
66457	0075412c	2
66458	00754142	3
66459	00754158	4
66460	007541d4	2
66461	007541ed	2
66462	00754203	3
66463	00754219	4
66464	00754295	2
66465	007542ae	2
66466	007542c4	3
66467	007542da	4
66468	00754356	2
66469	0075436f	2
66470	00754385	3
66471	0075439b	4
66472	00754417	2
66473	00754430	2
66474	00754446	3
66475	0075445c	4
66476	007544d8	2
66477	007544f1	2
66478	00754507	3
66479	0075451d	4
66480	00754599	2
66481	007545b2	2
66482	007545c8	3
66483	007545de	4
66484	0075465a	2
66485	00754673	2
66486	00754689	3
66487	0075469f	4
66488	0075471b	2
66489	00754734	2
66490	0075474a	3
66491	00754760	4
66492	007547dc	2
66493	007547f5	2
66494	0075480b	3
66495	00754821	4
66496	0075489d	2
66497	007548b6	2
66498	007548cc	3
66499	007548e2	4
66500	0075495e	2
66501	00754977	2
66502	0075498d	3
66503	007549a3	4
66504	00754a1f	2
66505	00754a38	2
66506	00754a4e	3
66507	00754a64	4
66508	00754ae0	2
66509	00754af9	2
66510	00754b0f	3
66511	00754b25	4
66512	00754ba1	2
66513	00754bba	2
66514	00754bd0	3
66515	00754be6	4
66516	00754c62	2
66517	00754c7b	2
66518	00754c91	3
66519	00754ca7	4
66520	00754d23	2
66521	00754d3c	2
66522	00754d52	3
66523	00754d68	4
66524	00754de4	2
66525	00754dfd	2
66526	00754e13	3
66527	00754e29	4
66528	00754ea5	2
66529	00754ebe	2
66530	00754ed4	3
66531	00754eea	4
66532	00754f66	2
66533	00754f7f	2
66534	00754f95	3
66535	00754fab	4
66536	00755027	2
66537	00755040	2
66538	00755056	3
66539	0075506c	4
66540	007550e8	2
66541	00755101	2
66542	00755117	3
66543	0075512d	4
66544	007551a9	2
66545	007551c2	2
66546	007551d8	3
66547	007551ee	4
66548	0075526a	2
66549	00755283	2
66550	00755299	3
66551	007552af	4
66552	0075532b	2
66553	00755344	2
66554	0075535a	3
66555	00755370	4
66556	007553ec	2
66557	00755405	2
66558	0075541b	3
66559	00755431	4
66560	007554ad	2
66561	007554c6	2
66562	007554dc	3
66563	007554f2	4
66564	00755575	2
66565	0075558e	2
24270	007555a4	0
24271	007555ce	0
24272	007555f8	41
24273	00755979	739
24274	0075a5b8	45
24275	0075aaec	7
24276	0075ab7b	4
24277	0075abc5	7
24278	0075ac54	3
24279	0075acc7	12
24280	0075ad83	4
24281	0075adcb	4
24282	0075ae13	4
24283	0075ae5b	5
24284	0075aebf	6
24285	0075afb7	7
24286	0075b039	19
24287	0075b21b	7
24288	0075b2aa	13
24289	0075b348	11
24290	0075b561	10
24291	0075b745	32
24292	0075b9b3	7
24293	0075ba54	32
24294	0075bda3	30
24295	0075c033	14
24296	0075c1b7	6
24297	0075c295	22
24298	0075c468	54
24299	0075c9ae	323
66566	0075e683	3
66567	0075e699	2
66568	0075e6b2	7
66569	0075e6dc	2
66570	0075e6f5	2
66571	0075e70e	2
24300	0075e730	0
24301	0075e730	3
24302	0075e770	2
24303	0075e7a0	7
24304	0075e840	2
24305	0075e880	8
24306	0075e930	8
24307	0075e9e0	41
24308	0075ed00	2
24309	0075ed30	2
24310	0075ed60	3
24311	0075edd0	3
24312	0075ee40	3
24313	0075eeb0	2
24314	0075eee0	2
24315	0075ef30	2
24316	0075ef80	0
24317	0075efc0	3
24318	0075f030	0
24319	0075f050	0
24320	0075f070	0
24321	0075f0c0	2
24322	0075f0f0	2
24323	0075f120	3
24324	0075f160	3
24325	0075f1c0	3
24326	0075f200	4
24327	0075f260	7
24328	0075f360	2
24329	0075f3b0	5
24330	0075f430	4
24331	0075f470	3
24332	0075f4c0	0
24333	0075f4e0	4
24334	0075f540	2
24335	0075f580	2
24336	0075f5b0	0
24337	0075f5f0	2
24338	0075f620	4
24339	0075f6a0	12
24340	0075f8a0	2
24341	0075f8d0	2
24342	0075f900	0
24343	0075f920	2
24344	0075f990	3
24345	0075f9d0	2
24346	0075fa00	11
24347	0075fad0	4
24348	0075fb40	4
24349	0075fbd0	2
24350	0075fc00	2
24351	0075fc30	2
24352	0075fc70	17
24353	0075feb0	2
24354	0075fee0	0
24355	0075ff00	6
24356	0075fff0	2
24357	00760030	4
24358	007600d0	0
24359	007600f0	2
24360	00760120	2
24361	00760150	0
24362	00760190	2
24363	007601d0	2
24364	00760200	12
24365	007602e0	0
24366	007602f0	0
24367	00760300	0
24368	00760310	2
24369	00760340	2
24370	00760370	2
24371	007603a0	0
24372	007603c0	2
24373	007603f0	2
24374	00760440	2
24375	00760480	2
24376	007604d0	2
24377	00760520	2
24378	00760550	2
24379	00760590	2
24380	007605d0	2
24381	00760600	2
24382	00760630	0
24383	00760680	0
24384	00760760	2
24385	00760790	0
24386	007607b0	2
24387	007607f0	0
24388	00760820	2
24389	00760850	2
24390	00760880	2
24391	007608b0	0
24392	007608d0	2
24393	00760900	2
24394	00760930	0
24395	00760950	0
24396	00760970	2
24397	007609a0	2
24398	007609d0	0
24399	007609f0	0
24400	00760a10	2
24401	00760a40	2
24402	00760a70	0
24403	00760a90	2
24404	00760ac0	2
24405	00760af0	2
24406	00760b20	4
24407	00760bd0	4
24408	00760c80	4
24409	00760d30	0
24410	00760d70	4
24411	00760e20	3
24412	00760eb0	0
24413	00760ee0	0
24414	00760f20	0
24415	00760f30	0
24416	00760f60	2
24417	00760f90	2
24418	00760fb0	3
24419	00761040	2
24420	00761070	2
24421	00761090	2
24422	007610f0	3
24423	00761130	3
24424	00761170	2
24425	007611d0	2
24426	00761220	2
24427	00761280	2
24428	007612c0	2
24429	00761320	2
24430	00761360	2
24431	007613c0	2
24432	00761410	0
24433	00761410	3
24434	00761450	0
24435	00761450	3
24436	00761490	0
24437	00761490	3
24438	007614d0	0
24439	007614d0	3
24440	00761510	2
24441	00761540	2
24442	00761570	2
24443	007615a0	2
24444	007615d0	4
24445	00761610	2
24446	00761660	1
24447	00761670	1
24448	00761680	1
24449	00761690	1
66390	007616a0	3
66391	007616b6	4
66392	00761732	2
66393	0076174b	2
66394	00761761	3
66395	00761777	4
66396	007617f3	2
66397	0076180c	2
66398	00761822	3
66399	00761838	4
66400	007618b4	2
66401	007618cd	2
66402	007618e3	3
66403	007618f9	4
66404	00761975	2
66405	0076198e	2
66406	007619a4	3
66407	007619ba	4
66408	00761a36	2
66409	00761a4f	2
66410	00761a65	3
66411	00761a7b	4
66412	00761af7	2
66413	00761b10	2
66414	00761b26	3
66415	00761b3c	4
66416	00761bb8	2
66417	00761bd1	2
66418	00761be7	3
66419	00761bfd	4
66420	00761c79	2
66421	00761c92	2
66422	00761ca8	3
66423	00761cbe	4
66424	00761d41	2
66425	00761d5a	2
24450	00761d70	159
24451	00762df0	2
66426	00762e21	3
66427	00762e37	2
24452	00762e50	0
24453	00762e50	3
24454	00762e90	3
24455	00762ef0	4
24456	00762fa0	6
24457	00763060	2
24458	00763090	2
24459	007630c0	2
24460	007630f0	2
24461	00763120	2
24462	00763180	2
24463	007631d0	3
24464	00763260	2
24465	007632a0	0
24466	007632a0	3
24467	007632e0	3
24468	00763360	0
24469	00763360	3
24470	007633a0	2
24471	007633d0	3
24472	00763450	0
24473	00763470	0
24474	00763470	3
24475	007634b0	0
24476	007634b0	3
24477	007634f0	0
24478	00763510	3
24479	00763570	4
24480	007635e0	2
24481	00763610	0
24482	00763630	0
24483	00763650	1
24484	00763660	1
24485	00763670	1
66322	00763680	2
66323	00763691	2
66324	007636ab	3
66325	007636c1	4
66326	0076373d	2
66327	00763756	2
66328	0076376c	3
66329	00763782	4
66330	007637fe	2
66331	00763817	2
66332	0076382d	3
66333	00763843	4
66334	007638bf	2
66335	007638d8	2
66336	007638ee	3
66337	00763904	4
66338	00763980	2
66339	00763999	2
66340	007639af	3
66341	007639c5	4
66342	00763a41	2
66343	00763a5a	2
66344	00763a70	3
66345	00763a86	4
66346	00763b02	2
66347	00763b1b	2
66348	00763b31	3
66349	00763b47	4
66350	00763bc3	2
66351	00763bdc	2
66352	00763bf2	3
66353	00763c08	4
66354	00763c84	2
66355	00763c9d	2
66356	00763cb3	3
66357	00763cc9	4
66358	00763d45	2
66359	00763d5e	2
66360	00763d74	3
66361	00763d8a	4
66362	00763e06	2
66363	00763e1f	2
66364	00763e35	3
66365	00763e4b	4
66366	00763ec7	2
66367	00763ee0	2
66368	00763ef6	3
66369	00763f0c	4
66370	00763f88	2
66371	00763fa1	2
66372	00763fb7	3
66373	00763fcd	4
66374	00764049	2
66375	00764062	2
66376	00764078	3
66377	0076408e	4
66378	0076410a	2
66379	00764123	2
66380	00764139	3
66381	0076414f	4
66382	007641d2	2
66383	007641eb	2
24486	00764201	6
24487	007642d2	277
24488	00765e9d	18
24489	0076600b	2
24490	00766033	7
24491	00766105	4
24492	0076618d	96
66384	007669dd	3
66385	007669f3	2
66386	00766a0c	7
66387	00766a36	2
66388	00766a4f	2
66389	00766a68	2
24493	00766a90	0
24494	00766a90	3
24495	00766ad0	6
24496	00766b60	6
24497	00766bf0	6
24498	00766c90	2
24499	00766cc0	2
24500	00766cf0	2
24501	00766d20	0
24502	00766d60	3
24503	00766dd0	0
24504	00766e20	2
24505	00766e50	2
24506	00766e80	3
24507	00766ec0	2
24508	00766ef0	0
24509	00766f10	0
24510	00766f30	4
24511	00766f90	2
24512	00766fd0	2
24513	00767000	17
24514	00767240	2
24515	00767270	2
24516	007672c0	2
24517	00767310	2
24518	00767340	2
24519	00767370	2
24520	007673a0	0
24521	007673c0	2
24522	007673f0	0
24523	00767410	2
24524	00767440	2
24525	00767470	4
24526	00767520	4
24527	007675d0	4
24528	00767680	6
24529	00767740	2
24530	00767770	2
24531	007677a0	0
24532	007677d0	0
24533	00767800	0
24534	00767810	2
24535	00767840	2
24536	007678a0	2
24537	007678d0	2
24538	00767900	2
24539	00767960	2
24540	007679b0	2
24541	00767a10	2
24542	00767a50	2
24543	00767ab0	2
24544	00767b00	3
24545	00767b90	2
24546	00767bd0	0
24547	00767bd0	3
24548	00767c10	0
24549	00767c10	3
24550	00767c50	0
24551	00767c50	3
24552	00767c90	3
24553	00767d10	0
24554	00767d10	3
24555	00767d50	2
24556	00767d80	2
24557	00767db0	2
24558	00767de0	3
24559	00767e60	0
24560	00767e80	0
24561	00767e80	3
24562	00767ec0	0
24563	00767ec0	3
24564	00767f00	0
24565	00767f20	3
24566	00767f80	4
24567	00767ff0	2
24568	00768020	0
24569	00768040	0
24570	00768060	1
24571	00768070	1
24572	00768080	1
24573	00768090	1
24574	007680a0	1
66268	007680b0	3
66269	007680c6	4
66270	00768149	2
66271	00768162	2
66272	00768178	3
66273	0076818e	4
66274	00768211	2
66275	0076822a	2
66276	00768240	3
66277	00768256	4
66278	007682d2	2
66279	007682eb	2
66280	00768301	3
66281	00768317	4
66282	00768393	2
66283	007683ac	2
66284	007683c2	3
66285	007683d8	4
66286	00768454	2
66287	0076846d	2
66288	00768483	3
66289	00768499	4
66290	00768515	2
66291	0076852e	2
66292	00768544	3
66293	0076855a	4
66294	007685d6	2
66295	007685ef	2
66296	00768605	3
66297	0076861b	4
66298	00768697	2
66299	007686b0	2
66300	007686c6	3
66301	007686dc	4
66302	00768758	2
66303	00768771	2
66304	00768787	3
66305	0076879d	4
66306	00768819	2
66307	00768832	2
66308	00768848	3
66309	0076885e	4
66310	007688da	2
66311	007688f3	2
66312	00768909	3
66313	0076891f	4
66314	0076899b	2
66315	007689b4	2
24575	007689ca	108
24576	007694d6	37
24577	00769874	18
24578	00769a45	85
66316	0076a2f1	3
66317	0076a307	4
66318	0076a383	2
66319	0076a39c	2
24579	0076a3b2	40
24580	0076a7f4	2
24581	0076a826	2
24582	0076a858	2
66320	0076a88a	3
66321	0076a8a0	2
24583	0076a8c0	0
24584	0076a8c0	3
24585	0076a900	3
24586	0076a960	4
24587	0076aa10	2
24588	0076aa70	2
24589	0076aab0	0
24590	0076aab0	3
24591	0076aaf0	2
24592	0076ab20	1
66246	0076ab30	3
66247	0076ab46	4
66248	0076abc2	2
66249	0076abdb	2
66250	0076abf1	3
66251	0076ac07	4
66252	0076ac83	2
66253	0076ac9c	2
66254	0076acb2	3
66255	0076acc8	4
66256	0076ad44	2
66257	0076ad5d	2
66258	0076ad73	3
66259	0076ad89	4
66260	0076ae05	2
66261	0076ae1e	2
66262	0076ae34	3
66263	0076ae4a	4
66264	0076aecd	2
66265	0076aee6	2
24593	0076aefc	251
24594	0076ca6e	2
24595	0076caa0	3
24596	0076cb26	31
24597	0076ce22	2
24598	0076ce85	2
24599	0076ced0	71
66266	0076d575	3
66267	0076d58b	2
24600	0076d5b0	0
24601	0076d5d0	0
24602	0076d5d0	3
24603	0076d610	6
24604	0076d6b0	6
24605	0076d740	6
24606	0076d7e0	2
24607	0076d830	5
24608	0076d8b0	3
24609	0076d8f0	2
24610	0076d920	2
24611	0076d950	2
24612	0076d9a0	2
24613	0076d9e0	4
24614	0076da50	2
24615	0076da80	0
24616	0076daa0	2
24617	0076dae0	0
24618	0076db10	12
24619	0076dbf0	2
24620	0076dc20	2
24621	0076dc50	3
24622	0076dc80	4
24623	0076dd30	4
24624	0076dde0	4
24625	0076de90	2
24626	0076deb0	3
24627	0076def0	2
24628	0076df50	2
24629	0076df90	2
24630	0076dff0	2
24631	0076e040	2
24632	0076e0a0	2
24633	0076e0f0	0
24634	0076e0f0	3
24635	0076e130	0
24636	0076e130	3
24637	0076e170	0
24638	0076e170	3
24639	0076e1b0	2
24640	0076e1e0	2
24641	0076e210	2
24642	0076e240	0
24643	0076e250	5
24644	0076e2f0	3
24645	0076e320	7
24646	0076e400	2
24647	0076e460	14
24648	0076e5f0	4
24649	0076e690	6
24650	0076e780	4
24651	0076e810	3
24652	0076e840	0
24653	0076e870	1
24654	0076e880	1
24655	0076e890	1
66214	0076e8a0	2
66215	0076e8b1	2
66216	0076e8cb	3
66217	0076e8e1	4
66218	0076e964	2
66219	0076e97d	2
66220	0076e993	3
66221	0076e9a9	4
66222	0076ea2c	2
66223	0076ea45	2
66224	0076ea5b	3
66225	0076ea71	4
66226	0076eaf4	2
66227	0076eb0d	2
66228	0076eb23	3
66229	0076eb39	4
66230	0076ebbc	2
66231	0076ebd5	2
66232	0076ebeb	3
66233	0076ec01	4
66234	0076ec84	2
66235	0076ec9d	2
66236	0076ecb3	3
66237	0076ecc9	4
66238	0076ed4c	2
66239	0076ed65	2
24656	0076ed7b	14
24657	0076eed5	3
24658	0076ef15	2
24659	0076ef45	89
24660	0076f88c	14
66240	0076fa40	3
66241	0076fa56	2
66242	0076fa6f	7
66243	0076fa99	2
66244	0076fab2	2
66245	0076facb	2
24661	0076faf0	0
24662	0076faf0	3
24663	0076fb30	4
24664	0076fbb0	0
24665	0076fbd0	3
24666	0076fc40	4
24667	0076fcf0	4
24668	0076fda0	2
24669	0076fe00	2
24670	0076fe40	2
24671	0076fea0	2
24672	0076fee0	0
24673	0076fee0	3
24674	0076ff20	0
24675	0076ff20	3
24676	0076ff60	2
24677	0076ff90	2
24678	0076ffc0	1
24679	0076ffd0	1
66176	0076ffe0	2
66177	0076fff1	2
66178	0077000b	2
66179	0077001c	2
66180	0077003c	2
66181	0077004d	2
66182	00770067	2
66183	00770078	2
66184	00770092	2
66185	007700a3	2
66186	007700bd	2
66187	007700ce	2
66188	007700e8	3
66189	007700fe	4
66190	00770181	2
66191	0077019a	2
66192	007701b0	3
66193	007701c6	4
66194	00770242	2
66195	0077025b	2
66196	00770271	3
66197	00770287	4
66198	00770303	2
66199	0077031c	2
66200	00770332	3
66201	00770348	4
66202	007703c4	2
66203	007703dd	2
66204	007703f3	3
66205	00770409	4
66206	00770485	2
66207	0077049e	2
66208	007704b4	3
66209	007704ca	4
66210	00770546	2
66211	0077055f	2
24680	00770575	79
24681	00770db6	241
24682	00772a4e	201
24683	00773f35	0
24684	00773f49	2
24685	00773f71	5
24686	00774024	5
24687	007740d7	74
24688	00774985	16
24689	00774b14	18
24690	00774ccc	8
66212	00774db7	3
66213	00774dcd	2
24691	00774df0	0
24692	00774df0	3
24693	00774e30	3
24694	00774e90	6
24695	00774f30	2
24696	00774f60	4
24697	00774fa0	2
24698	00774fd0	5
24699	00775040	2
24700	00775070	2
24701	007750a0	4
24702	00775150	4
24703	00775200	0
24704	00775230	2
24705	00775290	2
24706	007752d0	2
24707	00775330	2
24708	00775380	0
24709	00775380	3
24710	007753c0	0
24711	007753c0	3
24712	00775400	2
24713	00775430	2
24714	00775460	1
24715	00775470	1
66142	00775480	3
66143	00775496	4
66144	00775519	2
66145	00775532	2
66146	00775548	3
66147	0077555e	4
66148	007755da	2
66149	007755f3	2
66150	00775609	3
66151	0077561f	4
66152	0077569b	2
66153	007756b4	2
66154	007756ca	3
66155	007756e0	4
66156	0077575c	2
66157	00775775	2
66158	0077578b	3
66159	007757a1	4
66160	0077581d	2
66161	00775836	2
66162	0077584c	3
66163	00775862	4
66164	007758de	2
66165	007758f7	2
66166	0077590d	3
66167	00775923	4
66168	0077599f	2
66169	007759b8	2
66170	007759ce	3
66171	007759e4	4
66172	00775a60	2
66173	00775a79	2
24716	00775a8f	103
24717	00776519	5
24718	007765a9	5
24719	00776639	5
24720	007766c9	8
66174	00776738	3
66175	0077674e	2
24721	00776770	0
24722	00776770	3
24723	007767b0	3
24724	00776810	2
24725	00776840	4
24726	007768f0	2
24727	00776950	2
24728	00776990	0
24729	00776990	3
24730	007769d0	2
24731	00776a00	1
66051	00776a10	2
66052	00776a21	2
66053	00776a3b	3
66054	00776a51	4
66055	00776ad4	2
66056	00776aed	2
24732	00776b03	11
66057	00776c55	3
66058	00776c6b	4
66059	00776ce7	2
66060	00776d00	2
24733	00776d16	10
24734	00776ebc	21
24735	0077709a	20
24736	00777273	2
24737	0077729b	26
24738	007775bd	70
66061	00777f1e	10
66062	00778016	3
66063	0077802c	4
66064	007780a8	2
66065	007780c1	2
66066	007780d7	3
66067	007780ed	4
66068	00778169	2
66069	00778182	2
66070	00778198	3
66071	007781ae	4
66072	0077822a	2
66073	00778243	2
66074	00778259	3
66075	0077826f	4
66076	007782eb	2
66077	00778304	2
66078	0077831a	3
66079	00778330	4
66080	007783ac	2
66081	007783c5	2
66082	007783db	3
66083	007783f1	4
66084	0077846d	2
66085	00778486	2
66086	0077849c	3
66087	007784b2	4
66088	0077852e	2
66089	00778547	2
66090	0077855d	3
66091	00778573	4
66092	007785ef	2
66093	00778608	2
66094	0077861e	3
66095	00778634	4
66096	007786b0	2
66097	007786c9	2
66098	007786df	3
66099	007786f5	4
66100	00778771	2
66101	0077878a	2
66102	007787a0	3
66103	007787b6	4
66104	00778832	2
66105	0077884b	2
66106	00778861	3
66107	00778877	4
66108	007788f3	2
66109	0077890c	2
66110	00778922	3
66111	00778938	4
66112	007789b4	2
66113	007789cd	2
66114	007789e3	3
66115	007789f9	4
66116	00778a75	2
66117	00778a8e	2
66118	00778aa4	3
66119	00778aba	4
66120	00778b36	2
66121	00778b4f	2
66122	00778b65	3
66123	00778b7b	4
66124	00778bf7	2
66125	00778c10	2
66126	00778c26	3
66127	00778c3c	4
66128	00778cb8	2
66129	00778cd1	2
24739	00778ce7	95
66130	00779700	14
66131	00779869	4
66132	007798f3	3
66133	00779909	4
66134	00779985	2
66135	0077999e	2
24740	007799b4	45
66136	00779d97	3
66137	00779dad	2
66138	00779dc6	7
66139	00779df0	2
66140	00779e09	2
66141	00779e22	2
24741	00779e40	0
24742	00779e40	3
24743	00779e80	6
24744	00779f20	0
24745	00779f50	4
24746	0077a000	2
24747	0077a060	2
24748	0077a0a0	0
24749	0077a0a0	3
24750	0077a0e0	2
24751	0077a110	1
66044	0077a120	3
66045	0077a136	4
66046	0077a1b9	2
66047	0077a1d2	2
24752	0077a1e8	51
66048	0077a69c	3
24753	0077a6e9	6
66049	0077a75e	3
66050	0077a774	2
24754	0077a790	0
24755	0077a790	3
24756	0077a7d0	13
24757	0077a900	4
24758	0077a980	0
24759	0077a9a0	3
24760	0077aa10	2
24761	0077aa50	2
24762	0077aa80	2
24763	0077aab0	4
24764	0077ab60	6
24765	0077ac20	2
24766	0077ac50	2
24767	0077ac80	0
24768	0077ac90	2
24769	0077acc0	2
24770	0077acf0	2
24771	0077ad50	2
24772	0077ada0	3
24773	0077ae30	2
24774	0077ae70	0
24775	0077ae70	3
24776	0077aeb0	3
24777	0077af30	0
24778	0077af30	3
24779	0077af70	2
24780	0077afa0	3
24781	0077b020	0
24782	0077b040	0
24783	0077b040	3
24784	0077b080	0
24785	0077b080	3
24786	0077b0c0	0
24787	0077b0e0	3
24788	0077b140	4
24789	0077b1b0	2
24790	0077b1e0	0
24791	0077b200	0
24792	0077b220	1
24793	0077b230	1
24794	0077b240	1
66022	0077b250	3
66023	0077b266	4
66024	0077b2e9	2
66025	0077b302	2
66026	0077b318	3
66027	0077b32e	4
66028	0077b3aa	2
66029	0077b3c3	2
66030	0077b3d9	3
66031	0077b3ef	4
66032	0077b46b	2
66033	0077b484	2
66034	0077b49a	3
66035	0077b4b0	4
66036	0077b52c	2
66037	0077b545	2
66038	0077b55b	3
66039	0077b571	4
66040	0077b5ed	2
66041	0077b606	2
24795	0077b61c	98
24796	0077c0ce	2
24797	0077c100	2
24798	0077c13c	2
66042	0077c178	3
66043	0077c18e	2
24799	0077c1b0	0
24800	0077c1b0	3
24801	0077c1f0	3
24802	0077c250	4
24803	0077c300	2
24804	0077c360	2
24805	0077c3a0	0
24806	0077c3a0	3
24807	0077c3e0	2
24808	0077c410	1
66009	0077c420	2
66010	0077c431	2
66011	0077c44b	3
66012	0077c461	4
66013	0077c4dd	2
66014	0077c4f6	2
24809	0077c50c	70
24810	0077cc74	17
24811	0077ce2a	138
24812	0077ddc4	2
24813	0077ddf6	38
24814	0077e179	5
24815	0077e20e	8
24816	0077e33d	53
24817	0077e876	25
24818	0077eb6e	16
66015	0077ecfc	5
66016	0077ed1c	2
66017	0077ed35	2
66018	0077ed4e	7
66019	0077ed78	2
66020	0077ed91	2
66021	0077edaa	2
24819	0077edd0	0
24820	0077edd0	3
24821	0077ee10	7
24822	0077eec0	3
24823	0077ef30	2
24824	0077ef60	3
24825	0077efd0	3
24826	0077f030	2
24827	0077f060	0
24828	0077f0a0	3
24829	0077f120	0
24830	0077f170	2
24831	0077f1a0	3
24832	0077f1e0	0
24833	0077f220	3
24834	0077f2a0	0
24835	0077f2c0	0
24836	0077f2e0	0
24837	0077f330	2
24838	0077f360	3
24839	0077f3a0	4
24840	0077f3e0	5
24841	0077f450	0
24842	0077f470	0
24843	0077f490	4
24844	0077f500	2
24845	0077f540	2
24846	0077f570	4
24847	0077f5e0	5
24848	0077f650	2
24849	0077f690	2
24850	0077f6c0	17
24851	0077f920	2
24852	0077f950	17
24853	0077fbb0	2
24854	0077fbe0	2
24855	0077fc30	2
24856	0077fc80	2
24857	0077fcb0	2
24858	0077fd00	2
24859	0077fd50	2
24860	0077fd80	2
24861	0077fdb0	2
24862	0077fde0	4
24863	0077fe90	4
24864	0077ff40	4
24865	0077fff0	3
24866	00780020	2
24867	00780060	0
24868	00780090	0
24869	007800d0	0
24870	007800e0	2
24871	00780110	2
24872	00780150	2
24873	00780170	2
24874	007801a0	2
24875	007801d0	2
24876	00780230	3
24877	007802c0	3
24878	00780320	3
24879	00780360	3
24880	007803f0	4
24881	00780500	2
24882	00780530	2
24883	00780590	2
24884	007805e0	2
24885	00780640	2
24886	00780680	2
24887	007806e0	2
24888	00780730	0
24889	00780730	3
24890	00780770	0
24891	00780770	3
24892	007807b0	0
24893	007807b0	3
24894	007807f0	2
24895	00780820	2
24896	00780850	2
24897	00780880	2
24898	007808b0	0
24899	007808c0	6
24900	00780970	3
24901	007809a0	10
24902	00780b20	5
24903	00780bc0	4
24904	00780c30	8
24905	00780d30	14
24906	00780f00	5
24907	00780fd0	3
24908	00781000	5
24909	00781080	1
24910	00781090	1
24911	007810a0	1
24912	007810b0	3
65994	0078113d	3
65995	00781153	4
65996	007811cf	2
65997	007811e8	2
65998	007811fe	3
65999	00781214	4
66000	00781290	2
66001	007812a9	2
66002	007812bf	3
66003	007812d5	4
66004	00781351	2
66005	0078136a	2
24913	00781380	85
66006	00781c45	7
24914	00781d14	19
24915	00781f44	10
24916	0078202a	10
24917	00782166	15
66007	00782308	3
66008	0078231e	2
24918	00782340	0
24919	00782340	3
24920	00782380	3
24921	007823e0	4
24922	00782490	4
24923	00782540	2
24924	007825a0	2
24925	007825e0	2
24926	00782640	2
24927	00782690	0
24928	00782690	3
24929	007826d0	0
24930	007826d0	3
24931	00782710	2
24932	00782740	2
24933	00782770	1
24934	00782780	1
65970	00782790	2
65971	007827a1	2
65972	007827bb	3
65973	007827d1	2
65974	007827e7	2
65975	00782800	2
65976	00782816	3
65977	0078282c	2
65978	00782842	2
65979	0078285b	2
65980	00782871	3
65981	00782887	4
65982	00782903	2
65983	0078291c	2
65984	00782932	3
65985	00782948	4
65986	007829cb	2
65987	007829e4	2
24935	007829fa	8
24936	00782ac7	78
24937	00783341	175
24938	007846c6	53
24939	00784ad3	17
24940	00784c6a	13
24941	00784ddc	15
24942	00784f0e	17
24943	007850ca	11
24944	0078521f	12
24945	0078535e	8
65988	007853d4	3
65989	007853ea	2
65990	00785403	7
65991	0078542d	2
65992	00785446	2
65993	0078545f	2
24946	00785480	0
24947	00785480	3
24948	007854c0	8
24949	00785580	3
24950	007855f0	2
24951	00785620	2
24952	00785650	2
24953	00785680	2
24954	007856b0	2
24955	007856e0	0
24956	00785700	4
24957	007857b0	4
24958	00785860	4
24959	00785910	4
24960	007859c0	2
24961	007859f0	0
24962	00785a10	4
24963	00785ac0	2
24964	00785af0	2
24965	00785b50	2
24966	00785b90	2
24967	00785bf0	2
24968	00785c40	2
24969	00785ca0	2
24970	00785cf0	2
24971	00785d50	2
24972	00785d90	2
24973	00785df0	2
24974	00785e30	0
24975	00785e30	3
24976	00785e70	0
24977	00785e70	3
24978	00785eb0	0
24979	00785eb0	3
24980	00785ef0	0
24981	00785ef0	3
24982	00785f30	3
24983	00785fb0	0
24984	00785fb0	3
24985	00785ff0	2
24986	00786020	2
24987	00786050	2
24988	00786080	2
24989	007860b0	3
24990	00786130	0
24991	00786150	0
24992	00786150	3
24993	00786190	0
24994	00786190	3
24995	007861d0	0
24996	007861f0	2
24997	00786220	2
24998	00786250	1
24999	00786260	1
25000	00786270	1
25001	00786280	1
25002	00786290	1
25003	007862a0	1
65922	007862b0	2
65923	007862c1	2
65924	007862db	3
65925	007862f1	4
65926	00786374	2
65927	0078638d	2
65928	007863a3	3
65929	007863b9	4
65930	0078643c	2
65931	00786455	2
65932	0078646b	3
65933	00786481	4
65934	007864fd	2
65935	00786516	2
65936	0078652c	3
65937	00786542	4
65938	007865be	2
65939	007865d7	2
65940	007865ed	3
65941	00786603	4
65942	0078667f	2
65943	00786698	2
65944	007866ae	3
65945	007866c4	4
65946	00786740	2
65947	00786759	2
65948	0078676f	3
65949	00786785	4
65950	00786801	2
65951	0078681a	2
65952	00786830	3
65953	00786846	4
65954	007868c2	2
65955	007868db	2
65956	007868f1	3
65957	00786907	4
65958	00786983	2
65959	0078699c	2
65960	007869b2	3
65961	007869c8	4
65962	00786a44	2
65963	00786a5d	2
25004	00786a73	20
25005	00786c42	173
25006	0078806c	3
25007	007880ac	2
25008	007880da	12
25009	007881e7	2
25010	00788219	46
25011	00788622	3
25012	00788662	20
25013	0078883d	19
25014	007889f0	6
25015	00788ad2	3
65964	00788b3a	3
65965	00788b50	2
65966	00788b69	7
65967	00788b93	2
65968	00788bac	2
65969	00788bc5	2
25016	00788be0	0
25017	00788c00	4
25018	00788cc0	6
25019	00788d50	0
25020	00788d50	3
25021	00788d90	2
25022	00788dd0	2
25023	00788e30	2
25024	00788e60	4
25025	00788f10	4
25026	00788fc0	3
25027	00789000	3
25028	00789070	2
25029	007890c0	2
25030	00789100	2
25031	00789150	2
25032	00789190	0
25033	00789190	3
25034	007891d0	0
25035	007891d0	3
25036	00789210	2
25037	00789240	2
25038	00789270	1
25039	00789280	1
65904	00789290	2
65905	007892a1	2
65906	007892bb	3
65907	007892d1	4
65908	00789354	2
65909	0078936d	2
65910	00789383	3
65911	00789399	4
65912	00789415	2
65913	0078942e	2
25040	00789444	5
25041	0078951a	280
65914	0078b45e	17
65915	0078b608	18
25042	0078b7c9	18
25043	0078b982	4
25044	0078ba2c	5
25045	0078bad0	4
25046	0078bb48	5
25047	0078bbce	2
25048	0078bc04	2
65916	0078bc36	3
65917	0078bc4c	2
65918	0078bc65	7
65919	0078bc8f	2
65920	0078bca8	2
65921	0078bcc1	2
25049	0078bce0	0
25050	0078bce0	3
25051	0078bd20	5
25052	0078bdb0	2
25053	0078bde0	3
25054	0078be20	0
25055	0078be40	0
25056	0078be60	4
25057	0078bec0	17
25058	0078c100	0
25059	0078c150	2
25060	0078c1a0	2
25061	0078c1f0	2
25062	0078c220	2
25063	0078c250	4
25064	0078c300	4
25065	0078c3b0	4
25066	0078c460	0
25067	0078c490	0
25068	0078c4d0	2
25069	0078c500	2
25070	0078c560	2
25071	0078c5c0	2
25072	0078c610	2
25073	0078c670	2
25074	0078c6b0	2
25075	0078c710	2
25076	0078c760	0
25077	0078c760	3
25078	0078c7a0	0
25079	0078c7a0	3
25080	0078c7e0	0
25081	0078c7e0	3
25082	0078c820	2
25083	0078c850	2
25084	0078c880	2
25085	0078c8b0	1
25086	0078c8c0	1
25087	0078c8d0	1
65890	0078c8e0	3
65891	0078c8f6	4
65892	0078c979	2
65893	0078c992	2
65894	0078c9a8	3
65895	0078c9be	4
65896	0078ca3a	2
65897	0078ca53	2
65898	0078ca69	3
65899	0078ca7f	4
65900	0078cafb	2
65901	0078cb14	2
25088	0078cb2a	26
25089	0078cdfd	5
25090	0078ce98	7
25091	0078cf9c	4
25092	0078d000	2
25093	0078d039	2
25094	0078d069	2
65902	0078d09d	3
65903	0078d0b3	2
25095	0078d0d0	0
25096	0078d0d0	3
25097	0078d110	2
25098	0078d140	2
25099	0078d170	0
25100	0078d190	4
25101	0078d240	2
25102	0078d2a0	2
25103	0078d2e0	0
25104	0078d2e0	3
25105	0078d320	2
25106	0078d350	1
25107	0078d360	5
25108	0078d3fa	9
25109	0078d4b5	4
25110	0078d547	180
25111	0078e8bb	6
25112	0078e973	10
25113	0078ea88	2
65888	0078eaba	3
65889	0078ead0	2
25114	0078eaf0	0
25115	0078eaf0	3
25116	0078eb30	4
25117	0078ebb0	4
25118	0078ec60	4
25119	0078ed10	2
25120	0078ed70	2
25121	0078edc0	2
25122	0078ee20	2
25123	0078ee60	0
25124	0078ee60	3
25125	0078eea0	0
25126	0078eea0	3
25127	0078eee0	2
25128	0078ef10	2
25129	0078ef40	1
25130	0078ef50	1
25131	0078ef60	30
65886	0078f26e	3
65887	0078f284	2
25132	0078f2a0	2
65876	0078f2d0	3
65877	0078f2e6	4
65878	0078f369	2
65879	0078f382	2
25133	0078f398	5
25134	0078f447	181
25135	00790972	31
25136	00790bd1	2
65880	00790c03	3
65881	00790c19	4
65882	00790c95	2
65883	00790cae	2
25137	00790cc4	20
65884	00790e9c	3
65885	00790eb2	2
25138	00790ed0	0
25139	00790ed0	3
25140	00790f10	5
25141	00790fa0	4
25142	00791050	4
25143	00791100	2
25144	00791160	2
25145	007911b0	2
25146	00791210	2
25147	00791250	0
25148	00791250	3
25149	00791290	0
25150	00791290	3
25151	007912d0	2
25152	00791300	2
25153	00791330	1
25154	00791340	1
65858	00791350	2
65859	00791361	2
65860	0079137b	3
65861	00791391	4
65862	00791414	2
65863	0079142d	2
25155	00791443	5
25156	00791547	276
65864	007934cf	17
25157	00793679	4
65865	007936f3	7
25158	007937a3	8
25159	00793863	9
25160	0079393a	45
65866	00793e1e	3
65867	00793e34	4
65868	00793eb0	2
65869	00793ec9	2
25161	00793edf	14
25162	00794110	4
25163	007941b7	8
25164	00794306	8
25165	007943eb	2
25166	00794421	2
65870	00794453	3
65871	00794469	2
65872	00794482	7
65873	007944ac	2
65874	007944c5	2
65875	007944de	2
25167	00794500	0
25168	00794500	3
25169	00794540	5
25170	007945d0	0
25171	00794630	4
25172	007946e0	4
25173	00794790	4
25174	00794840	2
25175	007948a0	2
25176	007948f0	2
25177	00794950	2
25178	00794990	2
25179	007949f0	2
25180	00794a40	0
25181	00794a40	3
25182	00794a80	0
25183	00794a80	3
25184	00794ac0	0
25185	00794ac0	3
25186	00794b00	2
25187	00794b30	2
25188	00794b60	2
25189	00794b90	1
25190	00794ba0	1
25191	00794bb0	1
65844	00794bc0	3
65845	00794bd6	4
65846	00794c59	2
65847	00794c72	2
25192	00794c88	11
25193	00794dd9	54
25194	007952ba	2
25195	007952f6	0
25196	00795322	61
25197	00795a52	52
65848	00796012	3
65849	00796028	4
65850	007960a4	2
65851	007960bd	2
25198	007960d3	6
65852	0079617f	3
65853	00796195	4
65854	00796211	2
65855	0079622a	2
25199	00796240	23
65856	007964ce	3
65857	007964e4	2
25200	00796500	0
25201	00796500	3
25202	00796540	5
25203	007965d0	67
25204	00796d2e	17
25205	00796ed7	34
25206	007972b8	4
25207	0079734a	4
25208	007973c8	3
65826	00797414	3
65827	0079742a	4
65828	007974a6	2
65829	007974bf	2
65830	007974d5	3
65831	007974eb	4
65832	00797567	2
65833	00797580	2
65834	00797596	3
65835	007975ac	4
65836	00797628	2
65837	00797641	2
65838	00797657	3
65839	0079766d	4
65840	007976e9	2
65841	00797702	2
25209	00797718	77
25210	00797e8c	4
25211	00797ed5	4
25212	00797f1e	3
25213	00797f67	4
25214	00797fbd	3
25215	00798001	30
65842	007983ce	3
65843	007983e4	2
25216	00798400	0
25217	00798400	3
25218	00798440	4
25219	007984f0	4
25220	007985a0	2
25221	00798600	2
25222	00798640	2
25223	007986a0	2
25224	007986f0	0
25225	007986f0	3
25226	00798730	0
25227	00798730	3
25228	00798770	2
25229	007987a0	2
25230	007987d0	1
25231	007987e0	1
65816	007987f0	3
65817	00798806	4
65818	00798889	2
65819	007988a2	2
65820	007988b8	3
65821	007988ce	4
65822	0079894a	2
65823	00798963	2
25232	00798979	162
25233	00799b72	9
25234	00799c3b	2
25235	00799c63	13
65824	00799de3	3
65825	00799df9	2
25236	00799e20	0
25237	00799e20	3
25238	00799e60	4
25239	00799ee0	4
25240	00799f90	4
25241	0079a040	2
25242	0079a0a0	2
25243	0079a0e0	2
25244	0079a140	2
25245	0079a190	0
25246	0079a190	3
25247	0079a1d0	0
25248	0079a1d0	3
25249	0079a210	2
25250	0079a240	2
25251	0079a270	1
25252	0079a280	1
65793	0079a290	3
65794	0079a2a6	4
65795	0079a329	2
65796	0079a342	2
65797	0079a358	3
65798	0079a36e	4
65799	0079a3ea	2
65800	0079a403	2
65801	0079a419	3
65802	0079a42f	4
65803	0079a4ab	2
65804	0079a4c4	2
65805	0079a4da	3
65806	0079a4f0	2
65807	0079a51c	2
65808	0079a535	2
25253	0079a54b	67
25254	0079ac80	7
25255	0079ad5a	9
25256	0079ae32	11
25257	0079af46	2
25258	0079af7a	2
65809	0079afae	3
65810	0079afc4	4
65811	0079b040	2
65812	0079b059	2
25259	0079b06f	25
65813	0079b280	5
65814	0079b2a0	2
65815	0079b2b9	2
25260	0079b2e0	0
25261	0079b2e0	3
25262	0079b320	3
25263	0079b380	4
25264	0079b3c0	2
25265	0079b460	2
25266	0079b490	4
25267	0079b540	4
25268	0079b5f0	2
25269	0079b650	2
25270	0079b690	2
25271	0079b6f0	2
25272	0079b730	0
25273	0079b730	3
25274	0079b770	0
25275	0079b770	3
25276	0079b7b0	2
25277	0079b7e0	2
25278	0079b810	1
25279	0079b820	1
65787	0079b830	3
65788	0079b846	4
65789	0079b8c9	2
65790	0079b8e2	2
25280	0079b8f8	9
25281	0079b9f6	13
25282	0079bb50	244
25283	0079d64c	34
25284	0079da44	27
25285	0079dd14	24
25286	0079e039	2
65791	0079e06b	3
65792	0079e081	2
25287	0079e0a0	0
25288	0079e0a0	3
25289	0079e0e0	6
25290	0079e180	4
25291	0079e230	4
25292	0079e2e0	4
25293	0079e390	2
25294	0079e3f0	2
25295	0079e440	2
25296	0079e4a0	2
25297	0079e4f0	2
25298	0079e550	2
25299	0079e590	0
25300	0079e590	3
25301	0079e5d0	0
25302	0079e5d0	3
25303	0079e610	0
25304	0079e610	3
25305	0079e650	2
25306	0079e680	2
25307	0079e6b0	2
25308	0079e6e0	1
25309	0079e6f0	1
25310	0079e700	1
65635	0079e710	2
65636	0079e721	2
65637	0079e73b	3
65638	0079e751	2
65639	0079e767	2
65640	0079e780	2
65641	0079e796	3
65642	0079e7ac	2
65643	0079e7c2	2
65644	0079e7db	2
65645	0079e7f1	3
65646	0079e807	4
65647	0079e88a	2
65648	0079e8a3	2
65649	0079e8b9	3
65650	0079e8cf	4
65651	0079e952	2
65652	0079e96b	2
65653	0079e981	3
65654	0079e997	4
65655	0079ea13	2
65656	0079ea2c	2
65657	0079ea42	3
65658	0079ea58	4
65659	0079ead4	2
65660	0079eaed	2
65661	0079eb03	3
65662	0079eb19	4
65663	0079eb95	2
65664	0079ebae	2
65665	0079ebc4	3
65666	0079ebda	4
65667	0079ec56	2
65668	0079ec6f	2
65669	0079ec85	3
65670	0079ec9b	4
65671	0079ed17	2
65672	0079ed30	2
65673	0079ed46	3
65674	0079ed5c	4
65675	0079edd8	2
65676	0079edf1	2
65677	0079ee07	3
65678	0079ee1d	4
65679	0079ee99	2
65680	0079eeb2	2
65681	0079eec8	3
65682	0079eede	4
65683	0079ef5a	2
65684	0079ef73	2
65685	0079ef89	3
65686	0079ef9f	4
65687	0079f01b	2
65688	0079f034	2
65689	0079f04a	3
65690	0079f060	4
65691	0079f0dc	2
65692	0079f0f5	2
65693	0079f10b	3
65694	0079f121	4
65695	0079f19d	2
65696	0079f1b6	2
65697	0079f1cc	3
65698	0079f1e2	4
65699	0079f25e	2
65700	0079f277	2
65701	0079f28d	3
65702	0079f2a3	4
65703	0079f31f	2
65704	0079f338	2
65705	0079f34e	3
65706	0079f364	4
65707	0079f3e0	2
65708	0079f3f9	2
65709	0079f40f	3
65710	0079f425	4
65711	0079f4a1	2
65712	0079f4ba	2
65713	0079f4d0	3
65714	0079f4e6	4
65715	0079f562	2
65716	0079f57b	2
65717	0079f591	3
65718	0079f5a7	4
65719	0079f623	2
65720	0079f63c	2
65721	0079f652	3
65722	0079f668	4
65723	0079f6e4	2
65724	0079f6fd	2
65725	0079f713	3
65726	0079f729	4
65727	0079f7a5	2
65728	0079f7be	2
65729	0079f7d4	3
65730	0079f7ea	4
65731	0079f866	2
65732	0079f87f	2
65733	0079f895	3
65734	0079f8ab	4
65735	0079f927	2
65736	0079f940	2
65737	0079f956	3
65738	0079f96c	4
65739	0079f9e8	2
65740	0079fa01	2
65741	0079fa17	3
65742	0079fa2d	4
65743	0079faa9	2
65744	0079fac2	2
65745	0079fad8	3
65746	0079faee	4
65747	0079fb6a	2
65748	0079fb83	2
65749	0079fb99	3
65750	0079fbaf	4
65751	0079fc2b	2
65752	0079fc44	2
65753	0079fc5a	3
65754	0079fc70	4
65755	0079fcec	2
65756	0079fd05	2
65757	0079fd1b	3
65758	0079fd31	4
65759	0079fdad	2
65760	0079fdc6	2
65761	0079fddc	3
65762	0079fdf2	4
65763	0079fe6e	2
65764	0079fe87	2
65765	0079fe9d	3
65766	0079feb3	4
65767	0079ff2f	2
65768	0079ff48	2
65769	0079ff5e	3
65770	0079ff74	6
65771	0079ffcb	2
65772	0079ffe4	2
25311	007a0003	9
25312	007a0120	20
65773	007a02f4	3
65774	007a030a	4
65775	007a0386	2
65776	007a039f	2
25313	007a03b5	33
25314	007a062e	26
25315	007a0950	125
25316	007a1754	206
65777	007a2a1f	3
65778	007a2a35	4
65779	007a2ab1	2
65780	007a2aca	2
25317	007a2ae0	44
25318	007a2eab	0
25319	007a2ebf	0
65781	007a2ed3	3
65782	007a2ee9	2
65783	007a2f02	7
65784	007a2f2c	2
65785	007a2f45	2
65786	007a2f5e	2
25320	007a2f80	3
25321	007a3010	0
25322	007a3010	3
25323	007a3050	7
25324	007a3100	0
25325	007a3120	4
25326	007a3160	4
25327	007a3210	4
25328	007a32c0	2
25329	007a3320	2
25330	007a3360	2
25331	007a33c0	2
25332	007a3400	0
25333	007a3400	3
25334	007a3440	0
25335	007a3440	3
25336	007a3480	2
25337	007a34b0	2
25338	007a34e0	0
25339	007a3500	0
25340	007a3520	2
25341	007a3570	1
25342	007a3580	1
65619	007a3590	2
65620	007a35a1	2
65621	007a35bb	3
65622	007a35d1	4
65623	007a3654	2
65624	007a366d	2
65625	007a3683	3
65626	007a3699	4
65627	007a371c	2
65628	007a3735	2
25343	007a374b	10
25344	007a384c	8
25345	007a38df	5
25346	007a39b8	2
25347	007a39e8	3
25348	007a3a31	0
25349	007a3a45	0
25350	007a3a59	6
25351	007a3afb	11
25352	007a3c39	226
25353	007a550c	23
25354	007a5719	2
25355	007a5755	0
25356	007a5779	0
25357	007a578d	3
25358	007a57de	2
25359	007a5810	2
65629	007a584f	3
65630	007a5865	2
65631	007a587e	7
65632	007a58a8	2
65633	007a58c1	2
65634	007a58da	2
25360	007a5900	0
25361	007a5900	3
25362	007a5940	5
25363	007a59e0	0
25364	007a59e0	3
25365	007a5a20	11
25366	007a5b10	4
25367	007a5b50	2
25368	007a5b80	0
25369	007a5bc0	2
25370	007a5bf0	3
25371	007a5c30	4
25372	007a5c70	0
25373	007a5cb0	3
25374	007a5d20	2
25375	007a5d50	3
25376	007a5d90	4
25377	007a5dd0	0
25378	007a5e10	3
25379	007a5e80	2
25380	007a5eb0	3
25381	007a5ef0	0
25382	007a5f30	3
25383	007a5fa0	2
25384	007a5fd0	3
25385	007a6010	0
25386	007a6030	0
25387	007a6050	4
25388	007a60b0	5
25389	007a6120	0
25390	007a6140	0
25391	007a6160	4
25392	007a61c0	5
25393	007a6230	2
25394	007a6270	2
25395	007a62a0	0
25396	007a62c0	0
25397	007a62e0	4
25398	007a6340	2
25399	007a6380	2
25400	007a63b0	0
25401	007a63d0	0
25402	007a63f0	4
25403	007a6450	2
25404	007a6490	2
25405	007a64c0	17
25406	007a6700	17
25407	007a6940	2
25408	007a6970	17
25409	007a6bb0	2
25410	007a6be0	17
25411	007a6e20	2
25412	007a6e50	0
25413	007a6ea0	2
25414	007a6ef0	2
25415	007a6f40	2
25416	007a6f70	0
25417	007a6fc0	2
25418	007a7010	2
25419	007a7060	2
25420	007a7090	0
25421	007a70e0	2
25422	007a7130	2
25423	007a7180	2
25424	007a71b0	0
25425	007a7200	2
25426	007a7250	2
25427	007a72a0	2
25428	007a72d0	2
25429	007a7300	2
25430	007a7330	2
25431	007a7360	2
25432	007a7390	2
25433	007a73c0	4
25434	007a7470	4
25435	007a7520	4
25436	007a75d0	0
25437	007a7610	0
25438	007a7640	0
25439	007a7670	0
25440	007a76a0	0
25441	007a76d0	0
25442	007a7700	0
25443	007a7710	0
25444	007a7740	0
25445	007a7770	0
25446	007a7780	0
25447	007a77b0	0
25448	007a77e0	0
25449	007a77f0	2
25450	007a7820	2
25451	007a7850	2
25452	007a7880	2
25453	007a78b0	2
25454	007a7910	2
25455	007a7970	2
25456	007a79d0	2
25457	007a7a30	2
25458	007a7a90	2
25459	007a7ad0	2
25460	007a7b30	2
25461	007a7b80	2
25462	007a7be0	2
25463	007a7c30	0
25464	007a7c30	3
25465	007a7c70	0
25466	007a7c70	3
25467	007a7cb0	0
25468	007a7cb0	3
25469	007a7cf0	2
25470	007a7d20	2
25471	007a7d50	2
25472	007a7d80	1
25473	007a7d90	1
25474	007a7da0	1
25475	007a7db0	1
65605	007a7dc0	3
65606	007a7dd6	4
65607	007a7e59	2
65608	007a7e72	2
65609	007a7e88	3
65610	007a7e9e	4
65611	007a7f21	2
65612	007a7f3a	2
65613	007a7f50	3
65614	007a7f66	4
65615	007a7fe2	2
65616	007a7ffb	2
25476	007a8011	5
25477	007a80c0	263
25478	007a9cca	9
25479	007a9e54	18
25480	007aa015	2
25481	007aa047	2
25482	007aa092	2
65617	007aa0dd	3
65618	007aa0f3	2
25483	007aa110	0
25484	007aa110	3
25485	007aa150	5
25486	007aa1e0	4
25487	007aa290	4
25488	007aa340	2
25489	007aa3a0	2
25490	007aa3f0	2
25491	007aa450	2
25492	007aa490	0
25493	007aa490	3
25494	007aa4d0	0
25495	007aa4d0	3
25496	007aa510	2
25497	007aa540	2
25498	007aa570	1
25499	007aa580	1
65566	007aa590	2
65567	007aa5a1	2
65568	007aa5bb	3
65569	007aa5d1	4
65570	007aa654	2
65571	007aa66d	2
65572	007aa683	3
65573	007aa699	4
65574	007aa71c	2
65575	007aa735	2
25500	007aa74b	70
65576	007aaddb	2
65577	007aadfa	2
25501	007aae10	5
25502	007aaec0	22
25503	007ab0af	2
25504	007ab0e8	41
65578	007ab52e	2
65579	007ab544	2
65580	007ab55a	2
65581	007ab570	2
65582	007ab586	2
65583	007ab59c	2
65584	007ab5b2	2
65585	007ab5c8	2
65586	007ab5de	2
65587	007ab5f4	2
65588	007ab60a	2
65589	007ab620	2
65590	007ab636	2
65591	007ab64c	2
65592	007ab662	2
65593	007ab678	2
65594	007ab68e	2
65595	007ab6a4	2
65596	007ab6ba	2
65597	007ab6d0	2
25505	007ab6e6	4
25506	007ab793	3
25507	007ab7db	5
25508	007ab8b6	3
25509	007ab903	21
25510	007abad0	0
25511	007abaeb	2
25512	007abb22	2
25513	007abb4c	0
25514	007abb7a	2
25515	007abbb1	7
25516	007abc27	0
25517	007abc42	2
25518	007abc93	3
25519	007abce1	5
25520	007abd75	25
25521	007ac065	34
25522	007ac469	17
25523	007ac58f	17
25524	007ac700	47
25525	007acc35	6
25526	007accf2	36
25527	007ad179	8
25528	007ad218	7
25529	007ad2d5	18
25530	007ad4b4	3
25531	007ad4e5	3
25532	007ad52a	2
25533	007ad569	5
25534	007ad5fa	7
25535	007ad670	3
25536	007ad6a7	9
25537	007ad741	3
25538	007ad778	8
25539	007ad822	9
25540	007ad8c4	2
25541	007ad8f4	2
25542	007ad92d	16
65598	007adadd	2
25543	007adafc	2
25544	007adb35	2
25545	007adc2d	43
25546	007adf73	6
25547	007adfea	32
25548	007ae301	4
25549	007ae35b	15
25550	007ae482	23
25551	007ae662	21
25552	007ae866	22
25553	007aea2f	53
25554	007aef98	28
25555	007af1ac	8
25556	007af233	2
25557	007af25e	11
25558	007af303	23
25559	007af458	6
25560	007af53f	3
65599	007af5a7	3
65600	007af5bd	2
65601	007af5d6	7
65602	007af600	2
65603	007af619	2
65604	007af632	2
25561	007af650	0
25562	007af650	3
25563	007af690	2
25564	007af6c0	0
25565	007af6c0	3
25566	007af700	2
25567	007af730	2
25568	007af760	0
25569	007af780	2
25570	007af7b0	2
25571	007af7e0	0
25572	007af7e0	3
25573	007af820	2
25574	007af850	2
25575	007af880	6
25576	007af920	0
25577	007af940	3
25578	007af9a0	2
25579	007af9d0	2
25580	007afa30	0
25581	007afa50	0
25582	007afa50	3
25583	007afa90	0
25584	007afab0	6
25585	007afb70	2
25586	007afba0	2
25587	007afbd0	0
25588	007afbd0	3
25589	007afc10	4
25590	007afc80	0
25591	007afcc0	3
25592	007afd30	0
25593	007afd50	0
25594	007afd70	9
25595	007afdf0	0
25596	007afe40	17
25597	007b0090	5
25598	007b0100	2
25599	007b0140	2
25600	007b0170	2
25601	007b01c0	2
25602	007b0210	2
25603	007b0240	2
25604	007b0270	2
25605	007b02a0	0
25606	007b02c0	2
25607	007b0300	2
25608	007b0360	0
25609	007b0380	3
25610	007b03e0	4
25611	007b04a0	3
25612	007b0500	4
25613	007b05c0	2
25614	007b05f0	0
25615	007b0610	0
25616	007b0630	3
25617	007b0660	2
25618	007b06a0	2
25619	007b0700	0
25620	007b0720	0
25621	007b0740	2
25622	007b0770	2
25623	007b07a0	0
25624	007b07c0	2
25625	007b07f0	2
25626	007b0820	0
25627	007b0840	2
25628	007b0870	4
25629	007b0920	2
25630	007b0950	4
25631	007b0a00	4
25632	007b0ab0	6
25633	007b0b70	2
25634	007b0ba0	2
25635	007b0bd0	2
25636	007b0c00	2
25637	007b0c40	2
25638	007b0c80	2
25639	007b0cb0	2
25640	007b0cd0	3
25641	007b0d60	3
25642	007b0da0	0
25643	007b0dc0	2
25644	007b0e10	3
25645	007b0e50	2
25646	007b0ea0	8
25647	007b0f50	2
25648	007b0f80	2
25649	007b0fb0	2
25650	007b0fe0	2
25651	007b1030	2
25652	007b1070	2
25653	007b10c0	2
25654	007b1100	2
25655	007b1150	2
25656	007b1190	3
25657	007b1220	2
25658	007b1260	0
25659	007b1260	3
25660	007b12a0	0
25661	007b12a0	3
25662	007b12e0	3
25663	007b1360	0
25664	007b1360	3
25665	007b13a0	3
25666	007b1420	0
25667	007b1420	3
25668	007b1460	2
25669	007b1490	2
25670	007b14c0	3
25671	007b1540	0
25672	007b1560	0
25673	007b1560	3
25674	007b15a0	0
25675	007b15a0	3
25676	007b15e0	0
25677	007b1600	2
25678	007b1630	3
25679	007b16b0	0
25680	007b16d0	0
25681	007b16d0	3
25682	007b1710	0
25683	007b1710	3
25684	007b1750	0
25685	007b1770	3
25686	007b17d0	4
25687	007b1840	2
25688	007b1870	5
25689	007b1910	2
25690	007b1940	0
25691	007b1960	0
25692	007b1980	3
25693	007b19b0	7
25694	007b1a90	2
25695	007b1af0	3
25696	007b1b40	4
25697	007b1be0	6
25698	007b1cd0	4
25699	007b1d60	1
25700	007b1d70	1
25701	007b1d80	1
25702	007b1d90	1
25703	007b1da0	1
25704	007b1db0	1
65556	007b1dc0	3
65557	007b1dd6	4
65558	007b1e59	2
65559	007b1e72	2
65560	007b1e88	3
65561	007b1e9e	4
65562	007b1f21	2
65563	007b1f3a	2
25705	007b1f50	6
25706	007b2011	213
25707	007b36f9	9
25708	007b385e	11
25709	007b397b	2
25710	007b39ad	2
65564	007b39f8	3
65565	007b3a0e	2
25711	007b3a30	0
25712	007b3a30	3
25713	007b3a70	6
25714	007b3b10	4
25715	007b3b50	5
25716	007b3bc0	0
25717	007b3bf0	4
25718	007b3ca0	4
25719	007b3d50	0
25720	007b3d80	2
25721	007b3de0	2
25722	007b3e30	2
25723	007b3e90	2
25724	007b3ed0	0
25725	007b3ed0	3
25726	007b3f10	0
25727	007b3f10	3
25728	007b3f50	2
25729	007b3f80	2
25730	007b3fb0	1
25731	007b3fc0	1
25732	007b3fd0	7
25733	007b4133	7
65554	007b4287	3
65555	007b429d	2
25734	007b42c0	0
25735	007b42e0	3
25736	007b4340	2
25737	007b4380	0
25738	007b4380	3
25739	007b43c0	0
25740	007b43e0	4
25741	007b4460	0
25742	007b4480	0
25743	007b4480	3
25744	007b44c0	0
25745	007b44de	0
25746	007b44f9	0
65552	007b450d	3
65553	007b4523	2
25747	007b4540	0
25748	007b4540	3
25749	007b4580	2
25750	007b45d3	7
25751	007b46b7	8
25752	007b4849	2
25753	007b4897	2
65550	007b48c9	3
65551	007b48df	2
25754	007b4900	0
25755	007b4900	3
25756	007b4940	2
25757	007b4970	0
25758	007b49d0	0
25759	007b49d0	3
25760	007b4a10	2
25761	007b4a40	2
25762	007b4a70	6
25763	007b4b30	4
25764	007b4b70	0
25765	007b4b90	0
25766	007b4bb0	2
25767	007b4bf0	8
25768	007b4cfa	2
25769	007b4d45	5
25770	007b4e40	4
25771	007b4ec8	2
25772	007b4f10	0
25773	007b4f30	2
25774	007b4f60	2
25775	007b4f90	0
25776	007b4f90	3
25777	007b4fd0	0
25778	007b4fd0	3
25779	007b5010	2
25780	007b5028	2
65548	007b5043	3
65549	007b5059	2
25781	007b5080	35
25782	007b5380	2
25783	007b53c0	2
25784	007b53e0	2
65542	007b5410	2
65543	007b5421	2
25785	007b543b	4
25786	007b54bb	20
25787	007b5615	6
25788	007b56b5	7
25789	007b575e	6
65544	007b5802	3
65545	007b5818	2
65546	007b5831	3
65547	007b5847	2
25790	007b5860	0
25791	007b5870	11
25792	007b59ee	5
25793	007b5a55	9
25794	007b5b47	3
25795	007b5b9d	2
25796	007b5be5	3
25797	007b5c3e	2
25798	007b5c7c	15
25799	007b5de4	9
25800	007b5ea9	6
65540	007b5f46	3
65541	007b5f5c	2
25801	007b5f80	0
25802	007b5f80	3
25803	007b5fc0	5
25804	007b6050	0
25805	007b6050	3
25806	007b6090	2
25807	007b60c0	2
25808	007b60f0	35
25809	007b64c1	12
25810	007b6601	6
25811	007b66b3	7
65538	007b6783	3
65539	007b6799	2
25812	007b67c0	0
25813	007b67c0	3
25814	007b6800	11
25815	007b6930	4
25816	007b69b9	0
65536	007b69d7	3
65537	007b69ed	2
25817	007b6a10	0
25818	007b6a10	3
25819	007b6a50	2
25820	007b6a8a	0
25821	007b6aa0	0
25822	007b6aa0	3
65524	007b6ae0	2
65525	007b6af1	2
65526	007b6b0b	2
65527	007b6b1c	2
25823	007b6b3c	3
25824	007b6ba1	2
25825	007b6bc5	0
65528	007b6cbf	3
65529	007b6cd5	2
65530	007b6ceb	2
65531	007b6d04	2
25826	007b6d1a	7
25827	007b6f28	9
25828	007b70d0	24
25829	007b7fd6	18
25830	007b84f9	0
25831	007b85ec	2
25832	007b8636	4
25833	007b86bd	4
25834	007b8745	4
25835	007b87cd	2
25836	007b87f2	6
25837	007b89c9	9
25838	007b8c0f	9
25839	007b8de9	20
25840	007b9ae1	24
25841	007ba90f	22
25842	007bb35a	20
25843	007bbcfe	20
25844	007bc3fc	20
25845	007bcb03	2
25846	007bcb30	2
25847	007bcb6b	17
65532	007bd0ac	3
65533	007bd0c2	2
65534	007bd0db	3
65535	007bd0f1	2
25848	007bd110	0
25849	007bd110	3
25850	007bd150	2
25851	007bd180	3
25852	007bd1c0	3
25853	007bd220	3
25854	007bd280	3
25855	007bd2c0	65
25856	007bdbd0	0
25857	007bdbf0	0
25858	007bdc10	0
25859	007bdc30	0
25860	007bdc50	0
25861	007bdc60	2
25862	007bdcb0	12
25863	007bded0	0
25864	007bdee0	0
25865	007bdef0	0
25866	007bdf00	3
25867	007bdf80	2
65516	007bdfb0	2
65517	007bdfc1	2
65518	007bdfdb	2
65519	007bdfec	2
25868	007be00c	3
65520	007be15d	3
65521	007be173	2
65522	007be18c	3
65523	007be1a2	2
65509	007be1c0	2
65510	007be1d1	2
25869	007be1eb	22
25870	007be377	5
25871	007be43c	4
25872	007be4a4	17
25873	007be625	5
25874	007be6ac	7
65511	007be75b	5
65512	007be77b	2
65513	007be794	2
65514	007be7ad	3
65515	007be7c3	2
25875	007be7e0	5
25876	007be830	3
25877	007be8a0	0
25878	007be8c0	3
25879	007be920	0
25880	007be940	2
25881	007be9b0	0
25882	007be9d0	2
25883	007bea00	0
25884	007bea20	2
25885	007bea50	6
25886	007beb10	0
25887	007beb30	10
25888	007bec40	2
25889	007bec90	6
25890	007bed60	4
25891	007beda0	0
25892	007bedd0	2
25893	007bee10	0
25894	007bee30	2
25895	007bee70	13
25896	007befe4	13
25897	007bf158	3
65507	007bf1b4	3
65508	007bf1ca	2
25898	007bf1f0	9
25899	007bf270	5
25900	007bf2e0	2
65493	007bf320	2
65494	007bf331	2
65495	007bf34b	3
65496	007bf361	16
65497	007bf4ae	2
65498	007bf4c7	2
25901	007bf4e6	23
65499	007bf73a	5
65500	007bf7dc	13
65501	007bf966	3
65502	007bf97c	2
65503	007bf995	7
65504	007bf9bf	2
65505	007bf9d8	2
65506	007bf9f1	2
25902	007bfa10	0
25903	007bfa30	6
25904	007bfad6	3
25905	007bfb3b	17
25906	007bfcbd	2
65490	007bfd06	5
65491	007bfd26	2
65492	007bfd3f	2
25907	007bfd60	2
25908	007bfd90	0
25909	007bfd90	3
25910	007bfdd0	2
25911	007bfe00	6
25912	007bfeb0	3
25913	007bff20	2
25914	007bff50	0
25915	007bff50	3
25916	007bff90	3
25917	007c0010	4
25918	007c0050	2
25919	007c0080	2
25920	007c00b0	6
25921	007c0170	2
25922	007c01a0	4
25923	007c01e0	2
25924	007c0230	2
25925	007c0270	0
25926	007c0290	0
25927	007c02b0	2
25928	007c02f0	3
65485	007c0346	2
25929	007c035c	15
25930	007c045b	6
65486	007c0539	2
25931	007c054f	8
25932	007c062b	9
25933	007c06de	5
25934	007c0763	19
65487	007c0921	5
65488	007c0941	2
65489	007c095a	2
25935	007c0980	2
25936	007c09b0	3
25937	007c0a10	2
25938	007c0a40	0
25939	007c0a70	3
25940	007c0ab0	3
25941	007c0af0	0
25942	007c0b40	3
25943	007c0bc0	0
25944	007c0c00	3
25945	007c0c80	3
25946	007c0cf0	0
25947	007c0d10	0
25948	007c0d30	0
25949	007c0d80	9
25950	007c0e70	2
25951	007c0ec0	3
25952	007c0f00	2
25953	007c0f30	3
25954	007c0f80	8
25955	007c1020	0
25956	007c1050	2
25957	007c1080	2
25958	007c10c0	2
25959	007c1100	4
25960	007c11d0	3
25961	007c1250	3
25962	007c12a0	3
25963	007c1340	0
25964	007c1370	0
25965	007c1370	3
25966	007c13c0	0
25967	007c13c0	3
25968	007c1410	0
25969	007c1410	3
25970	007c1460	3
25971	007c14a0	3
25972	007c14e0	6
25973	007c1560	24
25974	007c1720	2
25975	007c1760	2
25976	007c17b0	2
25977	007c17e0	2
25978	007c1810	11
25979	007c18e0	12
25980	007c19c0	4
25981	007c1a50	0
25982	007c1a60	0
25983	007c1a70	0
25984	007c1aa0	2
25985	007c1ad0	2
25986	007c1b00	2
25987	007c1b40	2
25988	007c1b90	2
25989	007c1bd0	4
25990	007c1ca0	3
25991	007c1d60	0
25992	007c1db0	0
25993	007c1dd0	0
25994	007c1df0	2
25995	007c1e40	2
25996	007c1e70	2
25997	007c1ea0	2
25998	007c1ed0	0
25999	007c1ee0	2
26000	007c1f10	2
26001	007c1f40	2
26002	007c1f70	0
26003	007c1f90	0
26004	007c1fb0	0
26005	007c1fe0	2
26006	007c2010	2
26007	007c2040	2
26008	007c2070	6
26009	007c2120	3
26010	007c2160	2
26011	007c2190	12
26012	007c22f0	0
26013	007c2350	6
26014	007c23e0	2
26015	007c2410	0
26016	007c2450	2
26017	007c2490	2
26018	007c24c0	0
26019	007c24e0	2
26020	007c2510	3
26021	007c2580	0
26022	007c25a0	3
26023	007c25e0	0
26024	007c25f0	0
26025	007c2620	2
26026	007c2660	2
26027	007c2690	3
26028	007c2720	3
26029	007c2790	2
26030	007c27b0	2
26031	007c2810	0
26032	007c2820	3
26033	007c2860	3
26034	007c28a0	3
26035	007c28e0	5
26036	007c2960	4
26037	007c29d0	8
26038	007c2ac0	2
26039	007c2b00	2
26040	007c2b40	6
26041	007c2bf0	0
26042	007c2c20	0
26043	007c2c30	4
26044	007c2ce0	2
26045	007c2d20	3
26046	007c2d60	3
26047	007c2da0	0
26048	007c2dd0	0
26049	007c2df0	0
65465	007c2e10	2
65466	007c2e21	2
65467	007c2e3b	2
65468	007c2e4c	2
65469	007c2e6c	2
65470	007c2e7d	2
65471	007c2e97	2
65472	007c2ea8	2
65473	007c2ec2	2
65474	007c2ed3	2
65475	007c2eed	2
65476	007c2efe	2
65477	007c2f18	2
65478	007c2f29	2
26050	007c2f41	5
26051	007c2fcd	0
26052	007c2fe1	7
26053	007c3094	18
65479	007c321b	3
65480	007c3231	4
65481	007c32ad	2
65482	007c32c6	2
26054	007c32dc	81
26055	007c3aa2	42
26056	007c3e78	2
26057	007c3ec5	0
26058	007c3edf	6
26059	007c3f70	19
26060	007c4115	15
26061	007c4233	17
26062	007c43bf	4
26063	007c444d	3
26064	007c44ae	13
26065	007c45db	3
26066	007c4625	4
65483	007c469a	3
65484	007c46b0	2
26067	007c46d0	0
26068	007c46d0	3
26069	007c4710	4
26070	007c4780	2
26071	007c47b0	2
26072	007c47e0	3
26073	007c4820	2
26074	007c4850	2
26075	007c4880	0
26076	007c48a0	0
26077	007c48c0	2
26078	007c48f0	2
26079	007c4920	0
26080	007c4940	0
26081	007c4960	4
26082	007c49a0	2
26083	007c49d0	3
26084	007c4a60	0
65427	007c4a80	2
65428	007c4a91	2
65429	007c4aab	2
65430	007c4abc	2
65431	007c4adc	2
65432	007c4aed	2
65433	007c4b07	2
65434	007c4b18	2
65435	007c4b32	2
65436	007c4b43	2
65437	007c4b5d	2
65438	007c4b6e	2
65439	007c4b88	2
65440	007c4b99	2
65441	007c4bb1	2
65442	007c4bc2	2
26085	007c4bda	9
26086	007c4cd1	6
26087	007c4d3e	24
26088	007c4f48	3
26089	007c4fba	2
26090	007c4fe8	9
26091	007c50cd	23
65443	007c52b7	13
65444	007c538d	4
65445	007c5403	23
26092	007c5571	16
65446	007c56e6	5
26093	007c57cb	32
26094	007c5a40	35
26095	007c5d3f	23
26096	007c5f24	20
26097	007c60df	4
26098	007c613e	31
26099	007c6397	45
26100	007c673e	9
26101	007c6820	15
26102	007c6961	5
26103	007c69e4	29
26104	007c6c3e	5
26105	007c6cca	33
26106	007c6f78	21
26107	007c7121	0
26108	007c7138	2
26109	007c7172	18
26110	007c72f8	5
26111	007c73a6	5
26112	007c7413	0
26113	007c742d	8
65447	007c751c	2
26114	007c7532	2
65448	007c7564	2
65449	007c7575	2
26115	007c758d	2
26116	007c75c7	0
26117	007c75de	10
65450	007c76ca	2
65451	007c76db	2
26118	007c76f3	4
26119	007c777c	2
26120	007c77a5	30
26121	007c7a22	22
26122	007c7bb1	25
26123	007c7dd3	11
26124	007c7f04	4
26125	007c7f9c	2
26126	007c7fc9	0
26127	007c7fe6	34
26128	007c82f2	12
26129	007c844e	2
65452	007c8472	2
65453	007c8483	2
26130	007c849b	2
26131	007c84d5	11
26132	007c85bb	14
26133	007c873d	0
26134	007c8757	5
65454	007c8804	3
65455	007c881a	4
65456	007c8896	2
65457	007c88af	2
26135	007c88c5	4
65458	007c892e	2
65459	007c893f	2
26136	007c8957	2
26137	007c8991	19
26138	007c8b13	0
26139	007c8b2d	8
65460	007c8c1c	2
65461	007c8c32	2
65462	007c8c43	2
26140	007c8c5b	2
26141	007c8c95	0
26142	007c8caf	4
65463	007c8d18	3
65464	007c8d2e	2
26143	007c8d50	0
26144	007c8d50	3
26145	007c8d90	3
26146	007c8e10	0
26147	007c8e10	3
26148	007c8e50	2
26149	007c8e80	3
26150	007c8ee0	2
26151	007c8f10	5
26152	007c8fc0	0
26153	007c8fc0	3
26154	007c9000	2
26155	007c9030	2
26156	007c9070	2
26157	007c90a0	0
26158	007c90a0	3
26159	007c90e0	2
26160	007c9110	0
26161	007c9110	3
26162	007c9150	2
26163	007c9180	0
26164	007c9180	3
26165	007c91c0	4
26166	007c9250	3
26167	007c92b0	0
26168	007c92b0	3
26169	007c92f0	2
26170	007c9350	0
26171	007c93a0	0
26172	007c93a0	3
26173	007c93e0	2
26174	007c9410	0
26175	007c9410	3
26176	007c9450	2
26177	007c9480	0
26178	007c9480	3
26179	007c94c0	2
26180	007c94f0	2
26181	007c9540	5
26182	007c95c0	3
26183	007c9600	2
26184	007c9630	2
26185	007c9660	3
26186	007c96b0	12
26187	007c9790	2
26188	007c97c0	2
26189	007c97f0	2
26190	007c9820	2
26191	007c9860	2
26192	007c98a0	4
26193	007c9910	2
26194	007c9940	2
26195	007c9970	3
26196	007c99b0	0
26197	007c99d0	11
26198	007c9aa0	4
26199	007c9b10	4
26200	007c9ba0	2
26201	007c9bd0	0
26202	007c9be0	0
26203	007c9bf0	0
26204	007c9c00	2
26205	007c9c30	0
26206	007c9c50	0
26207	007c9c70	2
26208	007c9ca0	2
26209	007c9cf0	0
26210	007c9d20	2
26211	007c9d70	2
26212	007c9da0	2
26213	007c9dd0	2
26214	007c9e00	0
26215	007c9e20	2
26216	007c9e50	3
26217	007c9e90	4
26218	007c9f40	6
26219	007ca000	2
26220	007ca030	2
26221	007ca060	3
26222	007ca0a0	3
26223	007ca0e0	4
26224	007ca190	6
26225	007ca250	2
26226	007ca280	2
26227	007ca2b0	3
26228	007ca2f0	3
26229	007ca330	3
26230	007ca370	2
26231	007ca390	3
26232	007ca420	2
26233	007ca450	3
26234	007ca4e0	2
26235	007ca510	3
26236	007ca5a0	2
26237	007ca5d0	3
26238	007ca670	2
26239	007ca6a0	3
26240	007ca730	2
26241	007ca760	3
26242	007ca7f0	2
26243	007ca820	3
26244	007ca8b0	3
26245	007ca8f0	2
26246	007ca950	2
26247	007ca980	2
26248	007ca9b0	2
26249	007ca9e0	2
26250	007caa10	2
26251	007caa60	3
26252	007cab00	3
26253	007cab90	4
26254	007cac30	2
26255	007cac80	3
26256	007cad10	3
26257	007cada0	4
26258	007cae30	0
26259	007cae30	3
26260	007cae70	3
26261	007caef0	0
26262	007caef0	3
26263	007caf30	0
26264	007caf30	3
26265	007caf70	3
26266	007caff0	0
26267	007caff0	3
26268	007cb030	2
26269	007cb060	3
26270	007cb0e0	0
26271	007cb100	0
26272	007cb100	3
26273	007cb140	0
26274	007cb140	3
26275	007cb180	0
26276	007cb1a0	3
26277	007cb200	2
26278	007cb230	3
26279	007cb2b0	0
26280	007cb2d0	0
26281	007cb2d0	3
26282	007cb310	0
26283	007cb310	3
26284	007cb350	0
26285	007cb370	3
26286	007cb3d0	5
26287	007cb490	5
26288	007cb550	2
26289	007cb580	0
26290	007cb5a0	0
26291	007cb5c0	2
26292	007cb5f0	0
26293	007cb610	0
26294	007cb630	1
26295	007cb640	1
26296	007cb650	1
26297	007cb660	1
26298	007cb670	1
26299	007cb680	1
26300	007cb690	1
26301	007cb6a0	1
26302	007cb6b0	1
65423	007cb6c0	2
65424	007cb6d1	2
26303	007cb6e9	5
26304	007cb841	43
26305	007cbbb9	3
26306	007cbbfd	3
26307	007cbc43	5
65425	007cbcba	3
65426	007cbcd0	2
26308	007cbcf0	0
26309	007cbcf0	3
26310	007cbd30	4
26311	007cbd70	2
26312	007cbda0	3
26313	007cbde0	2
26314	007cbe10	5
26315	007cbef0	1
26316	007cbf00	1
26317	007cbf10	4
26318	007cbf84	21
26319	007cc16f	12
26320	007cc291	11
26321	007cc344	0
26322	007cc376	3
26323	007cc46f	2
26324	007cc4e1	6
26325	007cc59b	5
26326	007cc645	5
26327	007cc743	11
26328	007cc923	8
26329	007cc9f7	43
26330	007cce1a	5
26331	007ccf05	6
26332	007ccffe	13
26333	007cd161	6
26334	007cd206	5
65421	007cd29c	3
65422	007cd2b2	2
26335	007cd2d0	4
26336	007cd330	4
26337	007cd390	0
26338	007cd390	3
26339	007cd3d0	5
26340	007cd460	3
26341	007cd4e0	3
26342	007cd540	0
26343	007cd560	0
26344	007cd580	3
26345	007cd630	0
26346	007cd650	0
26347	007cd670	0
26348	007cd690	0
26349	007cd6b0	2
26350	007cd6f0	0
26351	007cd700	4
26352	007cd740	0
26353	007cd760	2
26354	007cd7a0	2
26355	007cd800	5
26356	007cd8b0	0
26357	007cd8cb	4
26358	007cd977	4
26359	007cda23	0
26360	007cda39	0
26361	007cda4f	0
65413	007cda70	2
65414	007cda81	2
26362	007cda9b	14
26363	007cdc04	9
26364	007cdd4b	12
26365	007cde45	6
65415	007cdea0	3
65416	007cdeb6	2
65417	007cdecf	7
65418	007cdef9	2
65419	007cdf12	2
65420	007cdf2b	2
26366	007cdf50	4
26367	007ce000	6
26368	007ce0c0	2
26369	007ce0f0	2
26370	007ce120	4
26371	007ce1d0	6
26372	007ce290	2
26373	007ce2c0	2
26374	007ce2f0	2
26375	007ce320	2
26376	007ce350	2
26377	007ce380	2
26378	007ce3b0	2
26379	007ce400	2
26380	007ce440	3
26381	007ce4d0	2
26382	007ce510	2
26383	007ce560	2
26384	007ce5a0	3
26385	007ce630	2
26386	007ce670	0
26387	007ce670	3
26388	007ce6b0	3
26389	007ce730	0
26390	007ce730	3
26391	007ce770	0
26392	007ce770	3
26393	007ce7b0	3
26394	007ce830	0
26395	007ce830	3
26396	007ce870	2
26397	007ce8a0	3
26398	007ce920	0
26399	007ce940	0
26400	007ce940	3
26401	007ce980	0
26402	007ce980	3
26403	007ce9c0	0
26404	007ce9e0	3
26405	007cea40	2
26406	007cea70	3
26407	007ceaf0	0
26408	007ceb10	0
26409	007ceb10	3
26410	007ceb50	0
26411	007ceb50	3
26412	007ceb90	0
26413	007cebb0	3
26414	007cec10	4
26415	007cec80	4
26416	007cecf0	2
26417	007ced20	0
26418	007ced40	0
26419	007ced60	2
26420	007ced90	0
26421	007cedb0	0
26422	007cedd0	1
26423	007cede0	1
26424	007cedf0	1
26425	007cee00	1
26426	007cee10	1
26427	007cee20	1
26428	007cee30	3
26429	007cee8f	4
26430	007cef2c	7
65411	007ceff8	3
65412	007cf00e	2
65404	007cf030	3
65405	007cf046	2
65406	007cf05c	2
65407	007cf075	2
26431	007cf08b	2
26432	007cf0de	2
26433	007cf118	0
26434	007cf122	4
26435	007cf17a	0
26436	007cf184	4
26437	007cf1d9	33
26438	007cf3ce	25
65408	007cf599	2
26439	007cf5af	3
26440	007cf5ca	6
26441	007cf64c	0
26442	007cf662	0
26443	007cf674	4
26444	007cf6c2	11
26445	007cf728	16
65409	007cf941	3
65410	007cf957	2
26446	007cf970	0
26447	007cf970	3
26448	007cf9b0	2
26449	007cfa10	0
26450	007cfa40	2
26451	007cfa70	2
26452	007cfab0	3
26453	007cfb20	2
26454	007cfb3d	4
65403	007cfb8b	2
65373	007cfbb0	3
65374	007cfbc6	2
65375	007cfbdc	2
65376	007cfbf5	2
65377	007cfc0b	3
65378	007cfc21	2
65379	007cfc37	2
65380	007cfc50	2
65381	007cfc66	3
65382	007cfc7c	2
65383	007cfc92	2
65384	007cfcab	2
65385	007cfcc1	3
65386	007cfcd7	2
65387	007cfced	2
65388	007cfd06	2
65389	007cfd1c	3
65390	007cfd32	2
65391	007cfd4a	2
65392	007cfd63	2
65393	007cfd79	3
65394	007cfd8f	2
65395	007cfda5	2
65396	007cfdbe	2
65397	007cfdd4	3
65398	007cfdea	2
65399	007cfe00	2
65400	007cfe19	2
26455	007cfe2f	17
26456	007cffe0	16
26457	007d0185	11
26458	007d0274	8
26459	007d034f	9
26460	007d0435	2
26461	007d044b	8
26462	007d0514	7
26463	007d05ca	3
26464	007d0660	33
26465	007d0995	0
26466	007d09a9	0
26467	007d09bb	12
26468	007d0a94	4
26469	007d0aeb	7
26470	007d0bbb	0
26471	007d0bcd	18
26472	007d0cd2	32
26473	007d0ed9	6
26474	007d0f6b	6
26475	007d0ff6	6
26476	007d1081	5
26477	007d110c	11
26478	007d124e	11
26479	007d1338	18
26480	007d14ac	27
26481	007d16a3	9
26482	007d1740	3
26483	007d17c6	0
26484	007d17da	3
26485	007d1835	6
26486	007d18dc	6
26487	007d1983	22
26488	007d1b65	3
26489	007d1bf9	3
26490	007d1c8d	3
26491	007d1d21	3
26492	007d1db5	6
26493	007d1e7b	3
26494	007d1f0f	2
26495	007d1f4e	3
26496	007d1fea	5
26497	007d209f	15
26498	007d21a2	32
26499	007d241f	2
26500	007d243f	43
26501	007d26ad	3
26502	007d26ce	5
26503	007d2708	3
26504	007d274e	14
26505	007d289c	0
26506	007d28ae	0
26507	007d28c0	14
26508	007d2a0f	6
26509	007d2acd	5
26510	007d2b0f	64
26511	007d2f27	2
26512	007d2f3d	4
26513	007d2f74	6
26514	007d2ff0	0
26515	007d3002	4
26516	007d308b	9
26517	007d3143	9
26518	007d31f5	14
26519	007d3368	10
26520	007d340d	4
26521	007d3464	5
26522	007d34af	6
26523	007d34f6	5
26524	007d3566	2
26525	007d35b5	3
26526	007d3649	4
26527	007d369f	2
26528	007d36b5	17
26529	007d37f7	8
26530	007d38ac	11
26531	007d39d3	8
26532	007d3a88	11
26533	007d3baf	12
65401	007d3c8c	3
65402	007d3ca2	2
26534	007d3cc0	2
26535	007d3cf0	2
26536	007d3d20	0
26537	007d3d20	3
26538	007d3d60	2
26539	007d3d90	2
26540	007d3de0	0
26541	007d3e10	2
26542	007d3e40	2
26543	007d3e70	2
26544	007d3ea0	4
26545	007d3f00	2
26546	007d3f30	2
26547	007d3f60	2
26548	007d3f90	2
26549	007d3fc0	2
26550	007d3ff0	2
26551	007d4020	2
26552	007d4050	2
26553	007d4080	2
26554	007d40b0	2
26555	007d40e0	3
26556	007d4130	3
26557	007d4180	2
26558	007d41b0	0
26559	007d41d0	3
26560	007d4210	4
26561	007d4250	3
26562	007d42a0	4
26563	007d42f0	2
26564	007d4320	2
26565	007d4370	5
26566	007d43f0	14
26567	007d44e0	3
26568	007d4520	3
26569	007d4560	2
26570	007d4590	2
26571	007d45c0	2
26572	007d45f0	2
26573	007d4620	2
26574	007d4670	2
26575	007d46b0	2
26576	007d46e0	2
26577	007d4710	2
26578	007d4740	2
26579	007d4770	2
26580	007d47a0	2
26581	007d47d0	2
26582	007d4800	3
26583	007d4840	2
26584	007d4890	2
26585	007d48e0	2
26586	007d4910	14
26587	007d4a00	5
26588	007d4a70	4
26589	007d4ae0	2
26590	007d4b10	0
26591	007d4b20	0
26592	007d4b30	0
26593	007d4b50	0
26594	007d4b70	2
26595	007d4ba0	2
26596	007d4be0	2
26597	007d4c20	2
26598	007d4c50	2
26599	007d4c90	0
26600	007d4cc0	0
26601	007d4ce0	5
26602	007d4d50	11
26603	007d4e20	12
26604	007d4f00	2
26605	007d4f30	0
26606	007d4f60	4
26607	007d4ff0	0
26608	007d5000	2
26609	007d5030	2
26610	007d5060	0
26611	007d5080	2
26612	007d50b0	0
26613	007d50d0	2
26614	007d5100	2
26615	007d5130	2
26616	007d5160	2
26617	007d5190	2
26618	007d51c0	2
26619	007d51f0	2
26620	007d5220	2
26621	007d5250	2
26622	007d5280	2
26623	007d52b0	2
26624	007d52e0	2
26625	007d5310	0
26626	007d5330	2
26627	007d5360	2
26628	007d5390	0
26629	007d53b0	0
26630	007d53d0	2
26631	007d5400	10
26632	007d54f0	3
26633	007d5580	2
26634	007d55a0	2
26635	007d55f0	3
26636	007d5630	2
26637	007d5660	2
26638	007d5690	6
26639	007d5720	4
26640	007d5770	0
26641	007d57a0	28
26642	007d59e1	2
26643	007d5a02	22
26644	007d5bc4	8
26645	007d5c91	5
26646	007d5ce2	2
26647	007d5d0a	7
26648	007d5dcf	4
65371	007d5e1d	3
65372	007d5e33	2
26649	007d5e50	2
26650	007d5e80	0
26651	007d5e80	3
26652	007d5ec0	2
26653	007d5ef0	2
26654	007d5f20	5
26655	007d5fb0	0
26656	007d5fd0	2
26657	007d6000	2
26658	007d6030	4
26659	007d60a0	2
26660	007d60d0	2
26661	007d6100	0
26662	007d6120	2
26663	007d6150	0
65361	007d6170	2
65362	007d6181	2
65363	007d619b	2
65364	007d61ac	2
26664	007d61c4	4
26665	007d62eb	94
26666	007d6a86	5
26667	007d6b03	5
26668	007d6b87	14
65365	007d6cb7	3
65366	007d6ccd	2
65367	007d6ce6	7
65368	007d6d10	2
65369	007d6d29	2
65370	007d6d42	2
26669	007d6d60	0
26670	007d6d60	3
26671	007d6da0	4
26672	007d6de0	2
26673	007d6e10	2
26674	007d6e40	2
26675	007d6e70	3
26676	007d6eb0	16
26677	007d7060	2
26678	007d7090	0
26679	007d70b0	0
26680	007d70d0	2
26681	007d7100	3
26682	007d7190	0
26683	007d71b0	1
26684	007d71c0	1
65353	007d71d0	2
65354	007d71e1	2
26685	007d71fb	13
26686	007d7343	4
26687	007d73b9	0
26688	007d73d0	7
26689	007d7485	2
26690	007d74e1	3
26691	007d7568	2
26692	007d7599	2
26693	007d75f9	4
26694	007d7692	16
26695	007d7a27	191
65355	007d8ad9	3
65356	007d8aef	2
65357	007d8b08	7
65358	007d8b32	2
65359	007d8b4b	2
65360	007d8b64	2
26696	007d8b80	4
26697	007d8c30	2
26698	007d8c80	2
26699	007d8cd0	0
26700	007d8cd0	3
26701	007d8d10	2
26702	007d8d40	1
26703	007d8d50	2
26704	007d8d95	4
26705	007d8e09	5
26706	007d8e8c	2
26707	007d8ecb	5
26708	007d8f53	5
26709	007d8fdb	5
26710	007d9063	2
26711	007d90b2	6
26712	007d9143	7
26713	007d920c	2
26714	007d9251	6
26715	007d92df	5
26716	007d9362	2
26717	007d93a7	4
26718	007d9410	5
26719	007d9493	5
26720	007d950c	2
65337	007d952a	5
26721	007d95b4	2
26722	007d95d0	2
26723	007d95ec	3
26724	007d9620	5
26725	007d96a0	3
26726	007d96f7	3
26727	007d9782	8
26728	007d9850	6
26729	007d98e4	6
26730	007d999f	2
26731	007d99da	3
26732	007d9a2c	4
26733	007d9aa4	2
26734	007d9ae9	4
26735	007d9b57	5
26736	007d9bda	2
26737	007d9bf6	2
26738	007d9c12	2
26739	007d9c2e	2
26740	007d9c4a	2
26741	007d9c84	0
26742	007d9c9c	5
26743	007d9d24	5
26744	007d9da0	4
26745	007d9df3	9
26746	007d9e98	4
65338	007d9f0e	3
65339	007d9f24	4
65340	007d9fa0	2
65341	007d9fb9	2
65342	007d9fcf	3
65343	007d9fe5	4
65344	007da061	2
65345	007da07a	2
65346	007da090	3
65347	007da0a6	4
65348	007da122	2
65349	007da13b	2
26747	007da151	29
26748	007da40a	8
26749	007da4c1	4
26750	007da51e	5
26751	007da59a	2
26752	007da5b6	2
26753	007da5f7	2
65350	007da613	5
26754	007da6b4	2
26755	007da6d2	3
26756	007da715	4
65351	007da78d	3
65352	007da7a3	2
26757	007da7c0	0
26758	007da7c0	3
26759	007da800	2
26760	007da830	0
26761	007da850	0
26762	007da850	3
26763	007da890	2
26764	007da8c0	0
26765	007da8c0	3
26766	007da900	2
26767	007da930	2
26768	007da970	0
26769	007da990	0
26770	007da9b0	0
26771	007da9b0	3
26772	007da9f0	2
26773	007daa20	0
26774	007daa40	0
26775	007daa40	3
26776	007daa80	2
26777	007daab0	0
26778	007daad0	2
26779	007dab20	0
26780	007dab20	3
26781	007dab60	2
26782	007dab90	0
26783	007dabb0	2
26784	007dabf0	0
26785	007dabf0	3
26786	007dac30	2
26787	007dac60	0
26788	007dac60	3
26789	007daca0	2
26790	007dacd0	0
26791	007dacf0	0
26792	007dacf0	3
26793	007dad30	2
26794	007dad60	0
26795	007dad60	3
26796	007dada0	2
26797	007dadd0	0
26798	007dadf0	0
26799	007dadf0	3
26800	007dae30	2
26801	007dae60	2
26802	007daea0	2
26803	007daee0	2
26804	007daf20	0
26805	007daf20	3
26806	007daf60	2
26807	007daf90	3
26808	007db020	0
26809	007db020	3
26810	007db060	3
26811	007db0c0	2
26812	007db110	0
26813	007db130	2
26814	007db170	0
26815	007db170	3
26816	007db1b0	2
26817	007db1e0	0
26818	007db200	0
26819	007db220	2
26820	007db260	0
26821	007db260	3
26822	007db2a0	2
26823	007db2d0	2
26824	007db310	0
26825	007db310	3
26826	007db350	2
26827	007db380	2
26828	007db3b0	3
26829	007db410	4
26830	007db470	3
26831	007db4b0	4
26832	007db500	0
26833	007db530	6
26834	007db5e0	6
26835	007db690	3
26836	007db6d0	0
26837	007db700	3
26838	007db740	4
26839	007db7b6	8
26840	007db86b	4
26841	007db8dd	5
26842	007db95c	3
26843	007db9cb	6
26844	007dba77	3
26845	007dbade	4
26846	007dbb42	4
26847	007dbba6	4
26848	007dbc37	7
26849	007dbcea	4
65335	007dbd6d	3
65336	007dbd83	2
26850	007dbda0	0
26851	007dbdb0	0
26852	007dbdc0	0
26853	007dbdd0	0
26854	007dbde0	0
26855	007dbdf0	0
26856	007dbe00	2
26857	007dbe40	2
26858	007dbe70	2
26859	007dbed0	0
26860	007dbf00	4
26861	007dbf80	7
26862	007dc060	2
26863	007dc090	2
26864	007dc0d0	2
26865	007dc170	2
26866	007dc1d0	0
26867	007dc200	25
26868	007dc4d3	33
65331	007dc72b	4
65332	007dc7e8	5
65333	007dc8ae	3
65334	007dc8c4	2
26869	007dc8e0	0
26870	007dc900	0
26871	007dc900	3
26872	007dc940	6
26873	007dc9e0	2
26874	007dca10	2
65261	007dca50	2
65262	007dca61	2
65263	007dca7b	2
65264	007dca8c	2
65265	007dcaa8	2
65266	007dcab9	2
26875	007dcad5	8
26876	007dcba4	15
26877	007dcce6	8
26878	007dcf26	20
26879	007dd15d	32
26880	007dd4ac	47
26881	007dd8d9	15
26882	007dda63	4
26883	007ddb07	2
26884	007ddb52	3
26885	007ddbdf	6
26886	007ddcb4	7
65267	007dddad	2
26887	007dddc3	7
26888	007dde9b	10
26889	007ddfae	0
26890	007ddfc9	0
26891	007ddfdf	0
26892	007ddff5	3
26893	007de075	0
26894	007de08d	0
26895	007de0a4	2
26896	007de150	2
26897	007de1d8	2
26898	007de209	2
26899	007de294	2
26900	007de2c5	3
26901	007de367	2
26902	007de398	0
26903	007de3af	3
26904	007de436	4
26905	007de4a4	2
26906	007de502	6
26907	007de59c	10
26908	007de6a8	3
26909	007de6fb	4
26910	007de77a	12
26911	007de8cb	2
26912	007de937	12
26913	007dea85	49
65268	007defec	57
26914	007df3f3	3
65269	007df442	3
65270	007df458	2
65271	007df47f	2
65272	007df498	2
26915	007df4ae	12
26916	007df5de	8
26917	007df69e	5
65273	007df73c	3
65274	007df752	4
65275	007df7ce	2
65276	007df7e7	2
26918	007df7fd	59
65277	007dfd95	3
65278	007dfdab	4
65279	007dfe27	2
65280	007dfe40	2
65281	007dfe56	3
65282	007dfe6c	4
65283	007dfee8	2
65284	007dff01	2
26919	007dff17	54
65285	007e038b	14
26920	007e04d7	5
26921	007e054c	2
26922	007e0586	3
26923	007e05b5	3
26924	007e05fe	3
26925	007e0631	6
65286	007e06be	3
65287	007e06d4	4
65288	007e0750	2
65289	007e0769	2
65290	007e077f	3
65291	007e0795	4
65292	007e0811	2
65293	007e082a	2
26926	007e0840	6
65294	007e08be	3
65295	007e08d4	4
65296	007e0950	2
65297	007e0969	2
65298	007e097f	3
65299	007e0995	4
65300	007e0a11	2
65301	007e0a2a	2
26927	007e0a40	6
65302	007e0abe	3
65303	007e0ad4	4
65304	007e0b50	2
65305	007e0b69	2
65306	007e0b7f	3
65307	007e0b95	4
65308	007e0c11	2
65309	007e0c2a	2
26928	007e0c40	6
65310	007e0cbe	3
65311	007e0cd4	4
65312	007e0d50	2
65313	007e0d69	2
65314	007e0d7f	3
65315	007e0d95	4
65316	007e0e11	2
65317	007e0e2a	2
26929	007e0e40	6
26930	007e0ebe	9
26931	007e10a0	6
65318	007e11a8	10
26932	007e12bd	14
26933	007e14bf	6
26934	007e1558	6
26935	007e1635	6
26936	007e16f5	4
26937	007e1778	3
26938	007e17c5	4
26939	007e1833	2
26940	007e1864	5
26941	007e1924	0
26942	007e1951	58
26943	007e1df0	53
26944	007e24e5	27
65319	007e27ec	6
26945	007e2896	3
26946	007e28f9	7
26947	007e29f2	11
26948	007e2ae3	3
26949	007e2b34	3
26950	007e2b85	2
26951	007e2bfb	6
26952	007e2c73	2
26953	007e2cc0	3
26954	007e2d2e	3
26955	007e2d79	3
26956	007e2dca	3
26957	007e2e1b	97
26958	007e3680	2
26959	007e36cf	21
26960	007e38cf	0
26961	007e38f2	3
26962	007e394f	7
26963	007e39ff	4
26964	007e3a79	3
26965	007e3ab4	4
26966	007e3b39	5
26967	007e3bbc	2
65320	007e3bfc	3
65321	007e3c12	4
65322	007e3c8e	2
65323	007e3ca7	2
26968	007e3cbd	63
26969	007e424d	3
26970	007e43d0	19
26971	007e462c	32
26972	007e4877	28
26973	007e4b6b	0
26974	007e4b86	2
26975	007e4bf2	0
26976	007e4c0d	0
26977	007e4c2e	2
65324	007e4c65	3
26978	007e4ce3	2
26979	007e4d1a	2
26980	007e4d51	2
26981	007e4d88	2
26982	007e4dc7	0
26983	007e4de9	3
26984	007e4e85	3
26985	007e4f28	5
26986	007e4fda	3
26987	007e5048	0
26988	007e506e	0
26989	007e5094	4
26990	007e5110	0
26991	007e512a	3
26992	007e51dc	3
26993	007e5244	4
26994	007e5338	2
26995	007e535c	2
26996	007e5386	4
26997	007e54e6	3
26998	007e5537	23
26999	007e5731	36
27000	007e59ca	25
27001	007e5bbc	29
27002	007e5dee	29
27003	007e610c	5
27004	007e6177	14
27005	007e62eb	7
27006	007e6379	6
27007	007e63fe	6
27008	007e6483	0
27009	007e64a3	4
27010	007e655b	4
27011	007e660c	28
27012	007e6877	2
27013	007e68b1	2
27014	007e68e1	2
27015	007e6911	2
27016	007e6941	10
27017	007e6a4e	3
27018	007e6ac7	2
27019	007e6aff	4
27020	007e6b6d	3
27021	007e6bbc	2
27022	007e6c02	4
65325	007e6c46	3
65326	007e6c5c	2
65327	007e6c75	7
65328	007e6c9f	2
65329	007e6cb8	2
65330	007e6cd1	2
27023	007e6cf0	0
27024	007e6d10	0
27025	007e6d40	0
27026	007e6d60	0
27027	007e6d60	3
27028	007e6da0	2
27029	007e6dd0	2
27030	007e6e10	2
27031	007e6e40	3
27032	007e6e80	2
27033	007e6eb0	0
27034	007e6ed0	0
27035	007e6ef0	0
27036	007e6f10	2
27037	007e6f60	0
27038	007e6f80	0
27039	007e6fa0	0
27040	007e6fc0	0
27041	007e6fe0	0
27042	007e7000	0
27043	007e7020	0
27044	007e7040	2
27045	007e7070	0
27046	007e7090	4
27047	007e70f0	0
27048	007e7110	2
27049	007e7150	2
27050	007e71a0	2
27051	007e71d0	4
27052	007e7230	2
27053	007e7260	15
27054	007e7750	2
27055	007e7780	2
27056	007e77b0	2
27057	007e77e0	2
27058	007e7830	2
27059	007e7860	0
27060	007e7880	2
27061	007e78c0	0
27062	007e78e0	2
27063	007e7930	0
27064	007e7950	2
27065	007e7980	0
27066	007e79a0	0
27067	007e79c0	3
27068	007e7a40	0
27069	007e7a70	0
27070	007e7a90	2
27071	007e7ac0	2
27072	007e7b00	2
27073	007e7b30	2
27074	007e7b60	2
27075	007e7b90	3
27076	007e7bf0	3
27077	007e7c50	8
27078	007e7d20	2
27079	007e7d50	2
27080	007e7d80	2
27081	007e7dc0	0
27082	007e7df0	2
27083	007e7e30	2
27084	007e7e60	2
27085	007e7e90	2
27086	007e7ec0	3
27087	007e7f20	2
27088	007e7f50	2
27089	007e7f80	3
27090	007e7fe0	8
27091	007e80b0	2
27092	007e80e0	2
27093	007e8110	2
27094	007e8150	9
27095	007e8240	4
27096	007e8280	2
27097	007e82c0	0
27098	007e8310	2
27099	007e8340	2
27100	007e8370	2
27101	007e83a0	2
27102	007e83d0	0
27103	007e8410	3
27104	007e8480	0
27105	007e84d0	2
27106	007e8500	2
27107	007e8530	3
27108	007e8570	2
27109	007e85c0	3
27110	007e8600	3
27111	007e8640	2
27112	007e8670	2
27113	007e86a0	0
27114	007e86c0	22
27115	007e88a0	15
27116	007e89c0	14
27117	007e8a90	10
27118	007e8bb0	2
27119	007e8be0	2
27120	007e8c10	7
27121	007e8cc0	0
27122	007e8cd0	2
27123	007e8d20	3
27124	007e8d60	3
27125	007e8da0	2
27126	007e8dd0	2
27127	007e8e00	0
27128	007e8e20	22
27129	007e9000	15
27130	007e9120	4
27131	007e9180	3
27132	007e91e0	14
27133	007e92b0	10
27134	007e93d0	2
27135	007e9400	0
27136	007e9430	7
27137	007e94e0	24
27138	007e96a0	5
27139	007e9710	8
27140	007e97d0	0
27141	007e97f0	0
27142	007e9820	0
27143	007e9850	0
27144	007e9870	0
27145	007e9890	0
27146	007e98b0	4
27147	007e9910	2
27148	007e9950	2
27149	007e9980	0
27150	007e99a0	2
27151	007e99d0	3
27152	007e9a00	0
27153	007e9a10	0
27154	007e9a20	0
27155	007e9a30	0
27156	007e9a40	134
27157	007ea270	12
27158	007ea380	7
27159	007ea410	75
27160	007ea8c0	2
27161	007ea8f0	2
27162	007ea920	3
27163	007ea960	3
27164	007ea9a0	2
27165	007ea9d0	2
27166	007eaa00	2
27167	007eaa30	4
27168	007eaa90	0
27169	007eaab0	0
27170	007eaad0	2
27171	007eab00	2
27172	007eab50	2
27173	007eab80	0
27174	007eabb0	2
27175	007eabf0	0
27176	007eac10	3
27177	007eac40	0
27178	007eac50	0
27179	007eac60	0
27180	007eac70	134
27181	007eb4a0	4
27182	007eb500	12
27183	007eb610	7
27184	007eb6a0	75
27185	007ebb50	2
27186	007ebb80	2
27187	007ebbb0	3
27188	007ebbf0	3
27189	007ebc30	2
27190	007ebc60	2
27191	007ebc90	2
27192	007ebcc0	4
27193	007ebd20	0
27194	007ebd40	0
27195	007ebd60	2
27196	007ebd90	2
27197	007ebde0	2
27198	007ebe10	0
27199	007ebe40	2
27200	007ebe80	0
27201	007ebed0	3
27202	007ebf10	17
27203	007ec150	2
27204	007ec180	2
27205	007ec1b0	0
27206	007ec1c0	19
27207	007ec300	19
27208	007ec440	2
27209	007ec470	2
27210	007ec4a0	10
27211	007ec590	2
27212	007ec5c0	0
27213	007ec5d0	3
27214	007ec610	4
27215	007ec660	19
27216	007ec7a0	19
27217	007ec8e0	2
27218	007ec910	2
27219	007ec940	10
27220	007eca30	2
27221	007eca60	2
27222	007ecab0	2
27223	007ecb00	2
27224	007ecb30	0
27225	007ecb60	6
27226	007ecc10	6
27227	007eccc0	0
27228	007eccf0	2
27229	007ecd20	2
27230	007ecd50	2
27231	007ecd80	2
27232	007ecdb0	2
27233	007ecde0	0
27234	007ece00	4
27235	007ece60	4
27236	007ecec0	2
27237	007ecee0	0
27238	007ecf20	0
27239	007ecf40	2
27240	007ecf70	2
27241	007ecf90	2
27242	007ecfd0	4
27243	007ed070	4
27244	007ed110	2
27245	007ed150	0
27246	007ed160	0
27247	007ed190	3
27248	007ed1d0	2
27249	007ed210	0
27250	007ed240	0
27251	007ed270	0
27252	007ed2a0	0
27253	007ed2d0	0
27254	007ed2e0	2
27255	007ed340	0
27256	007ed350	2
27257	007ed380	2
27258	007ed3e0	0
27259	007ed420	0
27260	007ed450	2
27261	007ed490	0
27262	007ed4c0	0
27263	007ed4f0	3
27264	007ed530	1
27265	007ed540	1
27266	007ed550	1
65249	007ed560	3
65250	007ed576	2
65251	007ed59a	2
65252	007ed5b3	2
27267	007ed5d2	22
27268	007ed835	4
27269	007ed8ea	4
65253	007ed968	7
65254	007ed9cb	3
65255	007eda10	2
65256	007eda26	2
27270	007eda3c	34
27271	007edd29	7
65257	007ede88	4
27272	007edf42	3
27273	007edf7c	2
27274	007edf98	3
27275	007edfdd	3
27276	007ee02f	3
27277	007ee074	4
65258	007ee0c6	0
27278	007ee0cb	10
27279	007ee1ee	11
27280	007ee35c	2
27281	007ee3cc	9
27282	007ee4ac	10
27283	007ee59a	8
65259	007ee69c	3
65260	007ee6b2	2
27284	007ee6d0	4
27285	007ee760	4
27286	007ee7d0	2
27287	007ee800	2
27288	007ee830	4
27289	007ee8a0	0
27290	007ee8d0	0
27291	007ee910	3
27292	007ee980	7
27293	007eea50	0
27294	007eea70	0
27295	007eea90	3
27296	007eead0	0
27297	007eeb10	3
27298	007eeb80	7
27299	007eec50	0
27300	007eeca0	2
27301	007eecd0	3
27302	007eed10	0
27303	007eed60	0
27304	007eed80	0
27305	007eedd0	4
27306	007eee30	2
27307	007eee70	2
27308	007eeec0	2
27309	007eeef0	2
27310	007eef20	0
27311	007eef70	0
27312	007eef90	0
27313	007eefb0	4
27314	007ef010	2
27315	007ef050	2
27316	007ef0a0	2
27317	007ef0d0	2
27318	007ef100	0
27319	007ef120	17
27320	007ef360	2
27321	007ef390	2
27322	007ef3c0	17
27323	007ef600	2
27324	007ef630	2
27325	007ef660	2
27326	007ef6b0	2
27327	007ef700	2
27328	007ef740	5
27329	007ef800	2
27330	007ef830	2
27331	007ef860	0
27332	007ef890	0
27333	007ef8d0	2
27334	007ef930	0
27335	007ef940	0
27336	007ef970	0
27337	007ef9a0	2
27338	007efa00	0
27339	007efa10	7
27340	007efad0	10
27341	007efbe3	2
27342	007efbff	2
27343	007efc1b	2
65247	007efc37	3
65248	007efc4d	2
27344	007efc70	15
27345	007efdc0	15
27346	007eff10	15
27347	007f0060	49
27348	007f0506	4
27349	007f0565	14
65229	007f06da	3
65230	007f06f0	4
65231	007f076c	2
65232	007f0785	2
65233	007f079b	3
65234	007f07b1	4
65235	007f082d	2
65236	007f0846	2
65237	007f085c	3
65238	007f0872	4
65239	007f08ee	2
65240	007f0907	2
65241	007f091d	3
65242	007f0933	4
65243	007f09af	2
65244	007f09c8	2
27350	007f09de	51
27351	007f0ee1	15
27352	007f10ab	9
27353	007f1194	24
27354	007f13ff	4
27355	007f145c	10
27356	007f155f	5
27357	007f15ec	5
27358	007f1679	5
27359	007f1712	5
65245	007f179f	3
65246	007f17b5	2
27360	007f17d0	2
65211	007f1800	3
65212	007f1816	19
65213	007f19cb	2
65214	007f19e4	2
65215	007f1a03	3
65216	007f1a19	19
65217	007f1bce	2
65218	007f1be7	2
65219	007f1c06	3
65220	007f1c1c	2
65221	007f1c41	2
65222	007f1c5a	2
65223	007f1c70	3
65224	007f1c86	2
65225	007f1cab	2
65226	007f1cc4	2
27361	007f1cda	2
27362	007f1cf4	3
27363	007f1d58	0
27364	007f1d62	5
65227	007f1e1f	3
65228	007f1e35	2
65155	007f1e50	2
65156	007f1e61	2
65157	007f1e7b	3
65158	007f1e91	2
65159	007f1ea7	2
65160	007f1ec0	2
65161	007f1ed6	3
65162	007f1eec	2
65163	007f1f02	2
65164	007f1f1b	2
65165	007f1f31	3
65166	007f1f47	2
65167	007f1f62	2
65168	007f1f7b	2
65169	007f1f91	3
65170	007f1fa7	2
65171	007f1fc2	2
65172	007f1fdb	2
65173	007f1ff1	3
65174	007f2007	2
65175	007f2022	2
65176	007f203b	2
65177	007f2051	3
65178	007f2067	2
65179	007f2082	2
65180	007f209b	2
65181	007f20b1	3
65182	007f20c7	4
65183	007f2143	2
65184	007f215c	2
27365	007f2172	15
27366	007f22bf	5
27367	007f2361	3
27368	007f23c6	2
27369	007f2418	0
27370	007f242a	2
27371	007f246a	3
65185	007f24b9	3
65186	007f24cf	4
65187	007f254b	2
65188	007f2564	2
65189	007f257a	3
65190	007f2590	4
65191	007f260c	2
65192	007f2625	2
65193	007f263b	3
65194	007f2651	4
65195	007f26cd	2
65196	007f26e6	2
65197	007f26fc	3
65198	007f2712	4
65199	007f278e	2
65200	007f27a7	2
27372	007f27bd	124
65201	007f3385	3
65202	007f339b	2
65203	007f33b1	2
65204	007f33ca	2
65205	007f33e0	3
65206	007f33f6	2
65207	007f340f	7
65208	007f3439	2
65209	007f3452	2
65210	007f346b	2
27373	007f3490	0
27374	007f3490	3
27375	007f34d0	3
27376	007f3530	2
27377	007f3560	6
27378	007f35e0	0
27379	007f3600	3
27380	007f3680	0
27381	007f3680	3
27382	007f36c0	2
27383	007f36f0	2
27384	007f3720	2
27385	007f3750	2
27386	007f3780	0
27387	007f37a0	0
27388	007f37c0	2
27389	007f37f0	19
27390	007f39b0	4
27391	007f3a50	4
27392	007f3ac0	0
27393	007f3ae0	0
27394	007f3ae0	3
27395	007f3b20	2
27396	007f3b50	0
27397	007f3b50	3
27398	007f3b90	7
27399	007f3c20	2
27400	007f3c60	2
27401	007f3c90	0
27402	007f3cb0	0
27403	007f3cd0	4
27404	007f3d50	0
27405	007f3d70	2
27406	007f3db0	2
27407	007f3e00	2
27408	007f3e30	2
27409	007f3e80	2
27410	007f3ee0	2
27411	007f3f10	2
27412	007f3f70	0
27413	007f3f90	9
27414	007f4080	3
27415	007f40f0	2
27416	007f4110	0
27417	007f4150	3
27418	007f4190	0
27419	007f4190	3
27420	007f41d0	3
27421	007f4230	3
27422	007f42a0	2
27423	007f42d0	2
27424	007f4310	2
27425	007f4340	0
27426	007f4350	2
27427	007f4380	4
27428	007f4450	2
27429	007f4480	0
27430	007f4480	3
27431	007f44c0	0
27432	007f44c0	3
27433	007f4500	3
27434	007f4590	2
27435	007f45d0	2
27436	007f4630	0
27437	007f4660	4
27438	007f46f0	0
27439	007f4710	2
27440	007f4740	0
27441	007f4770	1
27442	007f4780	1
64970	007f4790	3
64971	007f47a6	2
64972	007f47bc	2
64973	007f47d5	2
64974	007f47eb	3
64975	007f4801	2
64976	007f4817	2
64977	007f4830	2
64978	007f4846	2
64979	007f4857	2
64980	007f4871	3
64981	007f4887	2
64982	007f48b3	2
64983	007f48cc	2
64984	007f48e2	3
64985	007f48f8	4
64986	007f4974	2
64987	007f498d	2
64988	007f49a3	3
64989	007f49b9	4
64990	007f4a35	2
64991	007f4a4e	2
64992	007f4a64	3
64993	007f4a7a	4
64994	007f4af6	2
64995	007f4b0f	2
64996	007f4b25	3
64997	007f4b3b	4
64998	007f4bb7	2
64999	007f4bd0	2
65000	007f4be6	3
65001	007f4bfc	4
65002	007f4c78	2
65003	007f4c91	2
65004	007f4ca7	3
65005	007f4cbd	4
65006	007f4d39	2
65007	007f4d52	2
65008	007f4d68	3
65009	007f4d7e	4
65010	007f4dfa	2
65011	007f4e13	2
65012	007f4e29	3
65013	007f4e3f	4
65014	007f4ebb	2
65015	007f4ed4	2
65016	007f4eea	3
65017	007f4f00	4
65018	007f4f7c	2
65019	007f4f95	2
65020	007f4fab	3
65021	007f4fc1	4
65022	007f503d	2
65023	007f5056	2
65024	007f506c	3
65025	007f5082	4
65026	007f50fe	2
65027	007f5117	2
65028	007f512d	3
65029	007f5143	4
65030	007f51bf	2
65031	007f51d8	2
65032	007f51ee	3
65033	007f5204	4
65034	007f5280	2
65035	007f5299	2
65036	007f52af	3
65037	007f52c5	4
65038	007f5341	2
65039	007f535a	2
65040	007f5370	3
65041	007f5386	4
65042	007f5402	2
65043	007f541b	2
65044	007f5431	3
65045	007f5447	4
65046	007f54c3	2
65047	007f54dc	2
65048	007f54f2	3
65049	007f5508	4
65050	007f5584	2
65051	007f559d	2
65052	007f55b3	3
65053	007f55c9	4
65054	007f5645	2
65055	007f565e	2
65056	007f5674	3
65057	007f568a	4
65058	007f5706	2
65059	007f571f	2
65060	007f5735	3
65061	007f574b	4
65062	007f57c7	2
65063	007f57e0	2
65064	007f57f6	3
65065	007f580c	4
65066	007f5888	2
65067	007f58a1	2
65068	007f58b7	3
65069	007f58cd	4
65070	007f5949	2
65071	007f5962	2
65072	007f5978	3
65073	007f598e	4
65074	007f5a0a	2
65075	007f5a23	2
65076	007f5a39	3
65077	007f5a4f	4
65078	007f5acb	2
65079	007f5ae4	2
65080	007f5afa	3
65081	007f5b10	4
65082	007f5b8c	2
65083	007f5ba5	2
65084	007f5bbb	3
65085	007f5bd1	4
65086	007f5c4d	2
65087	007f5c66	2
65088	007f5c7c	3
65089	007f5c92	4
65090	007f5d0e	2
65091	007f5d27	2
65092	007f5d3d	3
65093	007f5d53	4
65094	007f5dcf	2
65095	007f5de8	2
65096	007f5dfe	3
65097	007f5e14	4
65098	007f5e90	2
65099	007f5ea9	2
65100	007f5ebf	3
65101	007f5ed5	4
65102	007f5f51	2
65103	007f5f6a	2
65104	007f5f80	3
65105	007f5f96	4
65106	007f6012	2
65107	007f602b	2
65108	007f6041	3
65109	007f6057	4
65110	007f60d3	2
65111	007f60ec	2
65112	007f6102	3
65113	007f6118	4
65114	007f6194	2
65115	007f61ad	2
65116	007f61c3	3
65117	007f61d9	4
65118	007f6255	2
65119	007f626e	2
65120	007f6284	3
65121	007f629a	4
65122	007f6316	2
65123	007f632f	2
65124	007f6345	3
65125	007f635b	4
65126	007f63d7	2
65127	007f63f0	2
65128	007f6406	3
65129	007f641c	4
65130	007f6498	2
65131	007f64b1	2
65132	007f64c7	3
65133	007f64dd	4
65134	007f6559	2
65135	007f6572	2
65136	007f6588	3
65137	007f659e	4
65138	007f661a	2
65139	007f6633	2
65140	007f6649	3
65141	007f665f	4
65142	007f66db	2
65143	007f66f4	2
27443	007f670a	8
27444	007f67c1	17
27445	007f694b	11
27446	007f6a09	5
27447	007f6aad	181
27448	007f7b17	4
27449	007f7bf0	7
27450	007f7ce0	0
27451	007f7cf8	0
27452	007f7d10	0
27453	007f7d28	2
27454	007f7d73	0
27455	007f7d8b	6
27456	007f7df1	2
27457	007f7e1e	2
27458	007f7e4b	2
27459	007f7e78	2
27460	007f7ecf	2
27461	007f7efc	0
27462	007f7f36	0
27463	007f7f6b	3
27464	007f7fcf	3
27465	007f8030	4
27466	007f80fb	10
65144	007f8257	3
65145	007f826d	4
65146	007f82e9	2
65147	007f8302	2
27467	007f8318	18
27468	007f84d5	25
65148	007f8724	5
65149	007f8744	2
65150	007f875d	2
65151	007f8776	7
65152	007f87a0	2
65153	007f87b9	2
65154	007f87d2	2
27469	007f87f0	6
27470	007f88c0	0
27471	007f88c0	3
27472	007f8900	6
27473	007f8990	0
27474	007f8990	3
27475	007f89d0	4
27476	007f8a60	0
64946	007f8a80	2
64947	007f8a91	2
64948	007f8aab	3
64949	007f8ac1	4
64950	007f8b44	2
64951	007f8b5d	2
64952	007f8b73	3
64953	007f8b89	4
64954	007f8c05	2
64955	007f8c1e	2
64956	007f8c34	3
64957	007f8c4a	4
64958	007f8cc6	2
64959	007f8cdf	2
64960	007f8cf5	3
64961	007f8d0b	4
64962	007f8d87	2
64963	007f8da0	2
27477	007f8db6	346
27478	007fb280	58
27479	007fb81b	62
27480	007fbd11	28
27481	007fbf0c	26
27482	007fc132	2
27483	007fc160	2
27484	007fc1be	8
64964	007fc2ef	3
64965	007fc305	2
64966	007fc31e	7
64967	007fc348	2
64968	007fc361	2
64969	007fc37a	2
27485	007fc3a0	0
27486	007fc3a0	3
27487	007fc3e0	4
27488	007fc460	4
27489	007fc4d0	17
27490	007fc640	4
27491	007fc680	4
27492	007fc6c0	3
27493	007fc7b0	5
27494	007fc820	4
27495	007fc8d0	4
27496	007fc980	6
27497	007fca40	2
27498	007fca70	2
27499	007fcaa0	4
27500	007fcb50	4
27501	007fcc00	6
27502	007fccc0	2
27503	007fccf0	2
27504	007fcd20	0
27505	007fcd50	2
27506	007fcd80	2
27507	007fcdb0	2
27508	007fcde0	2
27509	007fce10	2
27510	007fce70	2
27511	007fcec0	2
27512	007fcf20	2
27513	007fcf70	3
27514	007fd000	2
27515	007fd040	2
27516	007fd0a0	2
27517	007fd0e0	2
27518	007fd140	2
27519	007fd190	3
27520	007fd220	2
27521	007fd260	0
27522	007fd260	3
27523	007fd2a0	0
27524	007fd2a0	3
27525	007fd2e0	3
27526	007fd360	0
27527	007fd360	3
27528	007fd3a0	0
27529	007fd3a0	3
27530	007fd3e0	0
27531	007fd3e0	3
27532	007fd420	3
27533	007fd4a0	0
27534	007fd4a0	3
27535	007fd4e0	2
27536	007fd510	2
27537	007fd540	3
27538	007fd5c0	0
27539	007fd5e0	0
27540	007fd5e0	3
27541	007fd620	0
27542	007fd620	3
27543	007fd660	0
27544	007fd680	3
27545	007fd6e0	2
27546	007fd710	2
27547	007fd740	3
27548	007fd7c0	0
27549	007fd7e0	0
27550	007fd7e0	3
27551	007fd820	0
27552	007fd820	3
27553	007fd860	0
27554	007fd880	3
27555	007fd8e0	4
27556	007fd950	4
27557	007fd9c0	2
27558	007fd9f0	0
27559	007fda10	0
27560	007fda30	2
27561	007fda60	0
27562	007fda80	0
27563	007fdaa0	1
27564	007fdab0	1
27565	007fdac0	1
27566	007fdad0	1
27567	007fdae0	1
27568	007fdaf0	1
27569	007fdb00	1
27570	007fdb10	1
27571	007fdb20	0
27572	007fdb7c	2
27573	007fdc55	0
27574	007fdcb5	3
27575	007fde61	4
27576	007fe023	0
27577	007fe160	0
27578	007fe1a0	6
64944	007fe277	2
27579	007fe28d	6
64945	007fe364	2
27580	007fe37a	25
27581	007fe561	13
27582	007fe6ae	10
27583	007fe7b1	6
27584	007fe84d	13
27585	007fe976	6
27586	007fe9fc	3
27587	007fea33	4
27588	007feaa0	2
27589	007feadd	3
27590	007feb5d	2
27591	007feba0	3
27592	007fec20	2
27593	007fec50	0
27594	007fec50	3
27595	007fec90	3
27596	007fed10	2
27597	007fed50	0
27598	007fed50	3
27599	007fed90	0
27600	007fed90	3
27601	007fedd0	2
27602	007fee20	5
27603	007feea0	3
27604	007feee0	2
27605	007fef10	2
27606	007fef40	3
27607	007fef80	3
27608	007fefd0	11
27609	007ff0a0	12
27610	007ff180	8
27611	007ff220	2
27612	007ff250	2
27613	007ff280	2
27614	007ff2b0	2
27615	007ff300	2
27616	007ff350	0
27617	007ff380	2
27618	007ff3c0	0
27619	007ff3e0	4
27620	007ff450	4
27621	007ff4e0	2
27622	007ff510	0
27623	007ff520	0
27624	007ff530	0
27625	007ff540	2
27626	007ff570	2
27627	007ff5a0	0
27628	007ff5c0	0
27629	007ff5e0	0
27630	007ff600	2
27631	007ff640	2
27632	007ff680	2
27633	007ff6b0	2
27634	007ff6e0	2
27635	007ff710	2
27636	007ff740	2
27637	007ff770	2
27638	007ff7a0	0
27639	007ff7c0	0
27640	007ff7e0	4
27641	007ff830	2
27642	007ff890	0
27643	007ff8a0	19
27644	007ffa8e	12
27645	007ffbea	9
27646	007ffccc	2
27647	007ffd1b	3
27648	007ffd6b	3
27649	007ffdd3	12
27650	007ffebb	12
27651	007fffa5	11
27652	0080007a	11
27653	00800152	12
27654	0080029b	12
27655	008003ea	32
27656	008007aa	0
27657	008007bc	53
27658	00800d0f	6
27659	00800e0c	18
27660	00800fa4	9
27661	008010bc	20
27662	008012b2	21
64942	0080145e	3
64943	00801474	2
27663	00801490	3
27664	008014d0	2
27665	00801500	2
27666	00801540	2
27667	00801570	0
27668	00801590	0
27669	008015b0	9
27670	008016a0	9
27671	00801790	3
27672	00801810	0
27673	00801830	2
27674	00801860	2
27675	00801890	3
27676	008018d0	3
27677	00801900	9
27678	008019f0	2
27679	00801a20	3
27680	00801aa0	3
27681	00801b20	0
27682	00801b40	2
27683	00801b70	4
27684	00801be0	0
27685	00801c00	4
27686	00801c60	4
27687	00801cd0	2
27688	00801d20	0
27689	00801d40	2
27690	00801d80	2
27691	00801dd0	2
27692	00801e00	2
27693	00801e30	17
27694	00802070	2
27695	008020a0	2
27696	008020d0	3
27697	00802160	44
27698	00802520	44
27699	008028e0	0
27700	008028f0	0
27701	00802920	0
27702	00802930	0
27703	00802960	0
27704	00802970	0
27705	008029a0	2
27706	008029e0	0
27707	00802a20	2
27708	00802a50	0
27709	00802a80	0
27710	00802ac0	3
27711	00802b50	2
27712	00802b70	2
27713	00802bb0	2
27714	00802bf0	3
64935	00802c30	3
64936	00802c46	6
64937	00802ce4	2
64938	00802cfd	2
27715	00802d13	8
27716	00802dc4	8
27717	00802e75	6
27718	00802ef0	53
27719	00803358	4
64939	008033a6	2
27720	008033bc	3
27721	00803402	3
27722	00803448	4
27723	0080348e	3
64940	008034c5	3
64941	008034db	2
27724	00803500	6
27725	008035c0	0
27726	008035c0	3
27727	00803600	4
27728	00803670	5
27729	00803720	2
27730	00803750	2
27731	00803780	3
27732	00803800	3
27733	00803860	0
27734	00803860	3
27735	008038a0	3
27736	00803900	2
27737	00803930	4
27738	00803980	2
27739	008039b0	2
27740	008039f0	2
27741	00803a20	7
27742	00803ae0	2
27743	00803b20	8
27744	00803bf0	2
27745	00803c20	0
27746	00803c50	2
27747	00803c90	2
27748	00803cc0	3
27749	00803d20	2
27750	00803d60	2
27751	00803da0	8
27752	00803e70	3
27753	00803ee0	2
27754	00803f10	2
27755	00803f40	2
27756	00803f80	2
27757	00803fb0	3
27758	00804010	3
27759	00804070	2
27760	008040c0	3
27761	00804100	2
27762	00804130	2
27763	00804160	15
27764	00804280	8
27765	00804340	2
27766	00804370	3
27767	008043e0	2
27768	00804410	2
27769	00804440	2
27770	00804490	3
27771	008044d0	2
27772	00804500	22
27773	008046e0	15
27774	00804800	8
27775	008048c0	8
27776	00804980	2
27777	008049b0	2
27778	008049e0	2
27779	00804a10	0
27780	00804a40	0
27781	00804a70	2
27782	00804aa0	3
27783	00804ad0	0
27784	00804ae0	0
27785	00804b00	22
27786	00804ce0	134
27787	00805510	3
27788	00805550	7
27789	008055e0	10
27790	00805700	2
27791	00805730	2
27792	00805760	2
27793	00805790	0
27794	008057b0	0
27795	008057d0	2
27796	00805800	2
27797	00805850	2
27798	00805890	0
27799	008058b0	2
27800	008058e0	3
27801	00805910	0
27802	00805920	0
27803	00805930	0
27804	00805940	2
27805	00805970	0
27806	00805990	134
27807	008061c0	3
27808	00806200	3
27809	00806240	7
27810	008062d0	10
27811	008063f0	75
27812	008068a0	2
27813	008068d0	2
27814	00806900	2
27815	00806930	0
27816	00806960	0
27817	00806980	2
27818	008069b0	2
27819	00806a00	2
27820	00806a30	0
27821	00806a60	0
27822	00806a80	0
27823	00806a90	0
27824	00806aa0	0
27825	00806ab0	0
27826	00806ac0	75
27827	00806f70	6
27828	00807020	19
27829	00807160	3
27830	008071a0	3
27831	008071e0	19
27832	00807320	4
27833	00807380	2
27834	008073b0	2
27835	008073e0	2
27836	00807410	0
27837	00807440	0
27838	00807450	0
27839	00807460	6
27840	00807510	19
27841	00807650	3
27842	00807690	3
27843	008076d0	19
27844	00807810	4
27845	00807870	2
27846	008078a0	2
27847	008078d0	0
27848	008078f0	10
27849	008079e0	2
27850	00807a10	2
27851	00807a40	2
27852	00807a70	2
27853	00807aa0	10
27854	00807b90	7
27855	00807c40	2
27856	00807c70	2
27857	00807ca0	7
27858	00807d50	2
27859	00807d80	2
27860	00807db0	2
27861	00807de0	0
27862	00807e00	0
27863	00807e20	2
27864	00807e50	2
27865	00807e80	2
27866	00807eb0	2
27867	00807ee0	0
27868	00807f00	0
27869	00807f20	0
27870	00807f50	0
27871	00807f80	2
27872	00807fa0	3
27873	00808030	2
27874	00808050	3
27875	008080e0	3
27876	00808120	3
27877	00808190	3
27878	008081d0	3
27879	00808240	3
27880	0080828c	2
27881	008082db	2
27882	00808324	6
27883	0080854b	2
27884	008085b5	2
27885	0080861b	2
27886	00808685	2
27887	008086eb	26
64933	0080897b	3
64934	00808991	2
27888	008089b0	2
27889	008089e0	2
27890	00808a10	3
27891	00808a90	9
27892	00808b10	0
27893	00808b60	2
27894	00808b90	2
27895	00808bc0	2
27896	00808bf0	9
27897	00808ce0	6
27898	00808d60	24
27899	00808f20	0
27900	00808f40	0
27901	00808f60	17
27902	008091c0	5
27903	00809230	2
27904	00809280	2
27905	008092b0	0
27906	00809300	0
27907	00809320	2
27908	00809370	2
27909	008093a0	2
27910	008093e0	2
27911	00809420	0
27912	00809430	0
27913	00809460	0
27914	008094a0	0
27915	008094d0	0
27916	00809510	0
27917	00809550	2
27918	00809580	2
27919	008095e0	3
27920	00809680	3
27921	00809730	2
27922	00809770	2
27923	008097b0	0
27924	008097f0	0
27925	00809820	2
27926	00809860	2
64918	008098e0	3
64919	008098f6	4
64920	00809972	2
64921	0080998b	2
64922	008099a1	3
64923	008099b7	4
64924	00809a33	2
64925	00809a4c	2
27927	00809a62	2
27928	00809a92	31
27929	00809d1c	4
27930	00809d94	48
27931	0080a1ee	11
27932	0080a305	18
64926	0080a44f	3
64927	0080a465	2
64928	0080a491	2
64929	0080a4aa	2
27933	0080a4c0	14
27934	0080a600	32
27935	0080a881	21
64930	0080aa77	2
27936	0080aac6	5
27937	0080ab64	6
27938	0080ac11	7
27939	0080accf	5
27940	0080ad6d	5
27941	0080ae06	5
27942	0080aea8	3
27943	0080af05	6
64931	0080afc1	3
64932	0080afd7	2
27944	0080aff0	2
27945	0080b030	2
27946	0080b070	2
27947	0080b0a0	2
27948	0080b0e0	2
27949	0080b110	8
27950	0080b1d0	3
64861	0080b210	2
64862	0080b221	2
64863	0080b23b	3
64864	0080b251	4
64865	0080b2cd	2
64866	0080b2e6	2
64867	0080b2fc	3
64868	0080b312	4
64869	0080b395	2
64870	0080b3ae	2
64871	0080b3c4	3
64872	0080b3da	4
64873	0080b45d	2
64874	0080b476	2
64875	0080b48c	3
64876	0080b4a2	4
64877	0080b525	2
64878	0080b53e	2
64879	0080b554	3
64880	0080b56a	4
64881	0080b5ed	2
64882	0080b606	2
64883	0080b61c	3
64884	0080b632	4
64885	0080b6ae	2
64886	0080b6c7	2
64887	0080b6dd	3
64888	0080b6f3	4
64889	0080b76f	2
64890	0080b788	2
64891	0080b79e	3
64892	0080b7b4	4
64893	0080b830	2
64894	0080b849	2
64895	0080b85f	3
64896	0080b875	4
64897	0080b8f1	2
64898	0080b90a	2
64899	0080b920	3
64900	0080b936	4
64901	0080b9b2	2
64902	0080b9cb	2
64903	0080b9e1	3
64904	0080b9f7	4
64905	0080ba73	2
64906	0080ba8c	2
64907	0080baa2	3
64908	0080bab8	4
64909	0080bb34	2
64910	0080bb4d	2
27951	0080bb63	50
27952	0080c0b3	10
27953	0080c1b4	8
27954	0080c247	5
27955	0080c320	2
27956	0080c350	3
27957	0080c399	0
27958	0080c3ad	0
27959	0080c3c1	6
27960	0080c463	201
27961	0080d967	26
27962	0080dbf4	100
27963	0080e6db	45
64911	0080ebe6	4
27964	0080ec6e	27
27965	0080eedd	2
27966	0080ef09	2
27967	0080ef33	300
27968	008113bb	112
27969	008120b8	31
27970	00812427	13
27971	00812600	28
27972	0081287a	77
27973	0081304a	2
27974	00813076	2
27975	008130a0	18
27976	0081323f	187
27977	0081462c	27
27978	0081488f	2
27979	008148b9	2
27980	008148e5	5
27981	0081492d	5
27982	00814975	5
27983	008149bd	7
27984	00814a83	16
27985	00814c13	6
27986	00814cdb	15
27987	00814e12	28
27988	00815096	3
27989	008150d2	20
27990	00815291	4
27991	008152ed	3
64912	00815323	3
64913	00815339	2
64914	00815352	7
64915	0081537c	2
64916	00815395	2
64917	008153ae	2
27992	008153d0	0
27993	008153d0	3
27994	00815410	2
27995	00815440	0
27996	00815440	3
27997	00815480	5
27998	00815520	0
27999	00815520	3
28000	00815560	17
28001	008156d0	0
28002	00815710	3
28003	00815780	0
28004	008157d0	2
28005	00815800	3
28006	00815840	0
28007	00815880	3
28008	008158f0	2
28009	00815920	3
28010	00815960	0
28011	00815980	2
28012	008159d0	6
28013	00815a50	0
28014	00815a70	0
28015	00815a90	4
28016	00815af0	2
28017	00815b30	2
28018	00815b60	0
28019	00815b80	0
28020	00815ba0	4
28021	00815c00	2
28022	00815c40	0
28023	00815c60	17
28024	00815ea0	2
28025	00815ed0	17
28026	00816110	2
28027	00816160	2
28028	008161b0	2
28029	008161e0	0
28030	00816230	2
28031	00816280	2
28032	008162d0	2
28033	00816300	2
28034	00816330	4
28035	008163e0	4
28036	00816490	6
28037	00816550	2
28038	00816580	2
28039	008165b0	4
28040	00816660	6
28041	00816720	2
28042	00816750	2
28043	00816780	4
28044	00816830	4
28045	008168e0	4
28046	00816990	6
28047	00816a50	2
28048	00816a80	2
28049	00816ab0	0
28050	00816ae0	0
28051	00816b10	0
28052	00816b20	0
28053	00816b50	0
28054	00816b80	2
28055	00816bb0	2
28056	00816be0	2
28057	00816c40	2
28058	00816c70	2
28059	00816ca0	2
28060	00816cd0	2
28061	00816d00	2
28062	00816d30	2
28063	00816d60	2
28064	00816dc0	2
28065	00816e00	2
28066	00816e60	2
28067	00816eb0	3
28068	00816f40	2
28069	00816f80	2
28070	00816fe0	2
28071	00817030	3
28072	008170c0	2
28073	00817100	2
28074	00817160	2
28075	008171b0	2
28076	00817210	2
28077	00817260	2
28078	008172c0	2
28079	00817310	3
28080	008173a0	2
28081	008173e0	0
28082	008173e0	3
28083	00817420	0
28084	00817420	3
28085	00817460	3
28086	008174e0	0
28087	008174e0	3
28088	00817520	0
28089	00817520	3
28090	00817560	3
28091	008175e0	0
28092	008175e0	3
28093	00817620	0
28094	00817620	3
28095	00817660	0
28096	00817660	3
28097	008176a0	0
28098	008176a0	3
28099	008176e0	3
28100	00817760	0
28101	00817760	3
28102	008177a0	2
28103	008177d0	2
28104	00817800	3
28105	00817880	0
28106	008178a0	0
28107	008178a0	3
28108	008178e0	0
28109	008178e0	3
28110	00817920	0
28111	00817940	3
28112	008179a0	2
28113	008179d0	3
28114	00817a50	0
28115	00817a70	0
28116	00817a70	3
28117	00817ab0	0
28118	00817ab0	3
28119	00817af0	0
28120	00817b10	3
28121	00817b70	2
28122	00817ba0	2
28123	00817bd0	2
28124	00817c00	3
28125	00817c80	0
28126	00817ca0	0
28127	00817ca0	3
28128	00817ce0	0
28129	00817ce0	3
28130	00817d20	0
28131	00817d40	3
28132	00817da0	4
28133	00817e10	4
28134	00817e80	4
28135	00817ef0	2
28136	00817f20	0
28137	00817f40	0
28138	00817f60	2
28139	00817f90	0
28140	00817fb0	0
28141	00817fd0	2
28142	00818000	0
28143	00818020	0
28144	00818040	1
28145	00818050	1
28146	00818060	1
28147	00818070	1
28148	00818080	1
28149	00818090	1
28150	008180a0	1
28151	008180b0	1
28152	008180c0	1
28153	008180d0	1
28154	008180e0	1
28155	008180f0	1
28156	00818100	1
64857	00818110	2
64858	00818121	2
28157	0081813b	5
28158	00818273	4
28159	008182fa	3
64859	00818367	3
64860	0081837d	2
28160	008183a0	0
28161	008183a0	3
28162	008183e0	4
28163	00818420	2
28164	00818450	2
28165	00818480	3
28166	008184c0	2
28167	008184f0	3
28168	00818580	1
28169	00818590	1
28170	008185a0	1
28171	008185b0	1
28172	008185c0	1
28173	008185d0	1
28174	008185e0	1
28175	008185f0	1
28176	00818600	1
28177	00818610	1
28178	00818620	1
28179	00818630	1
28180	00818640	1
28181	00818650	1
28182	00818660	1
28183	00818670	1
28184	00818680	1
28185	00818690	1
28186	008186a0	1
28187	008186b0	1
28188	008186c0	1
28189	008186d0	1
28190	008186e0	1
28191	008186f0	1
28192	00818700	1
28193	00818710	1
28194	00818720	1
28195	00818730	1
28196	00818740	1
28197	00818750	1
28198	00818760	1
28199	00818770	1
28200	00818780	1
64847	00818790	2
64848	008187a1	2
64849	008187bb	2
64850	008187cc	2
28201	008187e4	4
28202	0081885a	35
28203	00818be3	9
28204	00818cbb	5
28205	00818d22	8
64851	00818dbe	3
64852	00818dd4	2
64853	00818ded	7
64854	00818e17	2
64855	00818e30	2
64856	00818e49	2
28206	00818e70	0
28207	00818e80	3
28208	00818ec0	2
28209	00818ef0	3
28210	00818f80	4
28211	008190b0	0
28212	008190b0	3
28213	008190f0	4
28214	00819130	2
28215	00819160	1
28216	00819170	1
28217	00819180	3
64845	008191d8	3
64846	008191ee	2
28218	00819210	2
28219	00819230	0
64837	00819250	2
64838	00819261	2
28220	0081927b	0
28221	008192e4	0
28222	0081934b	3
28223	008193c1	7
28224	008194a0	13
28225	00819683	2
64839	008196c7	3
64840	008196dd	2
64841	008196f6	7
64842	00819720	2
64843	00819739	2
64844	00819752	2
64822	00819770	3
64823	00819786	4
64824	00819802	2
64825	0081981b	2
64826	00819831	3
64827	00819847	4
64828	008198c3	2
64829	008198dc	2
64830	008198f2	3
64831	00819908	4
64832	00819984	2
64833	0081999d	2
28226	008199b3	9
64834	00819a8d	3
28227	00819aec	15
28228	00819c28	2
28229	00819c6a	3
64835	00819cc3	3
64836	00819cd9	2
28230	00819d00	0
28231	00819d00	3
64800	00819d40	2
64801	00819d51	2
64802	00819d6b	2
64803	00819d7c	2
64804	00819d96	2
64805	00819da7	2
64806	00819dc1	2
64807	00819dd2	2
64808	00819dec	2
64809	00819dfd	2
64810	00819e19	2
64811	00819e2a	2
64812	00819e44	2
64813	00819e55	2
64814	00819e6f	2
64815	00819e80	2
64816	00819e9c	2
64817	00819ead	2
64818	00819ec5	2
64819	00819ed6	2
28232	00819eee	4
28233	0081a01e	3
28234	0081a056	2
28235	0081a083	45
28236	0081a46b	7
28237	0081a51d	3
28238	0081a557	14
28239	0081a6ba	0
28240	0081a6d1	2
28241	0081a71a	17
28242	0081a88b	2
28243	0081a8cd	3
28244	0081a905	2
28245	0081a932	3
28246	0081a96c	5
28247	0081a9be	3
28248	0081a9fa	5
28249	0081aa5f	3
28250	0081aaaf	5
28251	0081ab0f	3
28252	0081ab59	5
64820	0081abcf	3
64821	0081abe5	2
28253	0081ac00	0
28254	0081ac00	3
28255	0081ac40	4
28256	0081ac80	2
28257	0081acb0	3
28258	0081ad00	3
28259	0081ad40	3
28260	0081ad90	3
28261	0081add0	3
28262	0081ae10	3
28263	0081ae50	2
28264	0081ae80	5
28265	0081af60	4
28266	0081b090	0
28267	0081b090	3
28268	0081b0d0	4
28269	0081b110	2
28270	0081b140	2
28271	0081b170	5
28272	0081b250	4
28273	0081b380	0
28274	0081b380	3
28275	0081b3c0	4
28276	0081b400	2
28277	0081b430	2
28278	0081b470	5
28279	0081b550	2
28280	0081b590	5
28281	0081b670	4
28282	0081b7a0	0
28283	0081b7a0	3
28284	0081b7e0	4
28285	0081b820	2
28286	0081b850	1
28287	0081b860	1
28288	0081b870	1
28289	0081b880	1
28290	0081b890	1
28291	0081b8a0	1
28292	0081b8b0	1
28293	0081b8c0	1
64732	0081b8d0	3
64733	0081b8e6	2
64734	0081b8fc	2
64735	0081b915	2
64736	0081b92b	3
64737	0081b941	2
64738	0081b957	2
64739	0081b970	2
64740	0081b986	3
64741	0081b99c	4
64742	0081ba1f	2
64743	0081ba38	2
64744	0081ba4e	3
64745	0081ba64	4
64746	0081bae7	2
64747	0081bb00	2
64748	0081bb16	3
64749	0081bb2c	31
64750	0081be04	2
64751	0081be1d	2
28294	0081be3c	101
28295	0081c8e4	2
64752	0081c90c	3
64753	0081c922	2
64754	0081c93d	2
64755	0081c956	2
64756	0081c96c	3
64757	0081c982	2
64758	0081c99d	2
64759	0081c9b6	2
64760	0081c9cc	3
64761	0081c9e2	2
64762	0081c9fd	2
64763	0081ca16	2
64764	0081ca2c	3
64765	0081ca42	2
64766	0081ca5d	2
64767	0081ca76	2
64768	0081ca8c	3
64769	0081caa2	2
64770	0081cabd	2
64771	0081cad6	2
64772	0081caec	3
64773	0081cb02	2
64774	0081cb1d	2
64775	0081cb36	2
28296	0081cb4c	143
28297	0081df1d	0
64776	0081df2f	3
64777	0081df45	4
64778	0081dfc1	2
64779	0081dfda	2
64780	0081dff0	3
64781	0081e006	4
64782	0081e082	2
64783	0081e09b	2
64784	0081e0b1	3
64785	0081e0c7	4
64786	0081e143	2
64787	0081e15c	2
28298	0081e172	100
28299	0081ed65	49
28300	0081f35b	151
28301	008203f5	3
28302	00820433	2
28303	00820472	7
28304	00820520	3
64788	0082057b	5
28305	008205e2	3
28306	00820635	7
28307	008206e3	3
64789	0082073e	6
64790	008207b7	3
64791	008207cd	4
64792	00820849	2
64793	00820862	2
28308	00820878	52
28309	00820dc4	5
64794	00820e6c	3
64795	00820e82	4
64796	00820efe	2
64797	00820f17	2
28310	00820f2d	34
28311	00821346	47
64798	00821711	3
64799	00821727	2
28312	00821740	0
28313	00821740	3
28314	00821780	14
28315	008218e0	2
28316	00821910	0
28317	00821950	3
28318	008219c0	0
28319	00821a10	2
28320	00821a40	3
28321	00821a80	4
28322	00821ac0	0
28323	00821ae0	0
28324	00821b00	4
28325	00821b60	5
28326	00821bd0	2
28327	00821c10	2
28328	00821c40	17
28329	00821e80	2
28330	00821eb0	2
28331	00821f00	2
28332	00821f50	2
28333	00821f80	2
28334	00821fb0	3
28335	00821fe0	4
28336	00822090	2
28337	008220c0	19
28338	00822280	4
28339	00822320	4
28340	008223d0	6
28341	00822490	2
28342	008224c0	2
28343	008224f0	3
28344	00822530	0
28345	00822560	0
28346	00822590	0
28347	008225c0	0
28348	008225d0	2
28349	00822600	2
28350	00822660	0
28351	00822660	3
28352	008226a0	2
28353	008226d0	0
28354	008226d0	3
28355	00822710	7
28356	008227a0	2
28357	008227d0	2
28358	00822800	2
28359	00822860	2
28360	008228a0	2
28361	00822900	2
28362	00822950	3
28363	008229e0	2
28364	00822a20	0
28365	00822a20	3
28366	00822a60	0
28367	00822a60	3
28368	00822aa0	3
28369	00822b20	0
28370	00822b20	3
28371	00822b60	2
28372	00822b90	2
28373	00822bc0	3
28374	00822c40	0
28375	00822c60	0
28376	00822c60	3
28377	00822ca0	0
28378	00822ca0	3
28379	00822ce0	0
28380	00822d00	3
28381	00822d60	4
28382	00822dd0	4
28383	00822e50	0
28384	00822e60	5
28385	00822f00	2
28386	00822f40	2
28387	00822f70	0
28388	00822f90	0
28389	00822fb0	2
28390	00822ff0	2
28391	00823040	2
28392	00823070	2
28393	008230c0	2
28394	00823130	2
28395	00823160	2
28396	008231c0	0
28397	008231e0	9
28398	008232d0	2
28399	008232f0	0
28400	00823300	4
28401	008233c0	6
28402	00823480	2
28403	008234b0	0
28404	008234d0	0
28405	008234f0	0
28406	008234f0	3
28407	00823530	2
28408	00823560	4
28409	00823630	2
28410	00823660	0
28411	00823660	3
28412	008236a0	0
28413	008236a0	3
28414	008236e0	3
28415	00823710	7
28416	008237f0	2
28417	00823850	3
28418	008238e0	2
28419	00823920	2
28420	00823980	0
28421	008239b0	4
28422	00823a50	0
28423	00823a70	3
28424	00823ab0	3
28425	00823af0	2
28426	00823b20	4
28427	00823bc0	6
28428	00823cb0	4
28429	00823d40	0
28430	00823d70	0
28431	00823da0	0
28432	00823dc0	0
28433	00823de0	3
28434	00823e10	0
28435	00823e40	1
28436	00823e50	1
28437	00823e60	1
28438	00823e70	1
28439	00823e80	1
28440	00823e90	1
64717	00823ea0	2
64718	00823eb1	2
64719	00823ecb	2
64720	00823edc	2
64721	00823efc	2
64722	00823f0d	2
64723	00823f27	2
64724	00823f38	2
64725	00823f52	2
64726	00823f63	2
64727	00823f7d	2
64728	00823f8e	2
28441	00823fa8	7
28442	00824062	21
28443	008241fa	7
28444	008242b4	8
28445	008243a3	26
64729	008245de	7
64730	008246a1	3
64731	008246b7	2
28446	008246d0	0
28447	008246d0	3
28448	00824710	4
28449	00824780	0
28450	00824780	3
28451	008247c0	4
28452	00824830	1
28453	00824840	1
64705	00824850	2
64706	00824861	2
64707	0082487b	2
64708	0082488c	2
64709	008248a6	2
64710	008248b7	2
28454	008248d1	10
28455	00824a56	71
28456	00825090	2
28457	008250bc	29
28458	0082531b	6
28459	00825438	7
28460	008254ff	6
28461	008255ba	19
28462	0082575b	4
28463	008257a5	5
28464	0082582a	0
28465	00825841	8
28466	008258f4	9
28467	00825a3c	8
28468	00825b62	4
28469	00825c8c	2
28470	00825cb8	8
64711	00825d6b	3
64712	00825d81	2
64713	00825d9a	7
64714	00825dc4	2
64715	00825ddd	2
64716	00825df6	2
28471	00825e10	0
28472	00825e10	3
28473	00825e50	4
28474	00825e90	4
28475	00825f00	0
28476	00825f00	3
28477	00825f40	4
28478	00825f80	2
28479	00825fb0	2
28480	00825ff0	2
28481	00826030	2
28482	00826060	2
28483	00826090	2
28484	00826130	0
28485	00826160	0
28486	00826180	3
28487	008261c0	3
28488	00826200	2
28489	00826230	5
28490	00826310	2
28491	00826340	5
28492	00826420	1
28493	00826430	1
28494	00826440	1
28495	00826450	1
28496	00826460	1
28497	00826470	1
28498	00826480	1
28499	00826490	1
28500	008264a0	1
28501	008264b0	1
28502	008264c0	1
28503	008264d0	1
28504	008264e0	1
28505	008264f0	1
28506	00826500	1
28507	00826510	1
28508	00826520	1
28509	00826530	1
28510	00826540	1
28511	00826550	1
28512	00826560	1
28513	00826570	1
28514	00826580	1
28515	00826590	1
28516	008265a0	1
28517	008265b0	1
28518	008265c0	1
28519	008265d0	1
28520	008265e0	1
28521	008265f0	1
28522	00826600	1
28523	00826610	1
28524	00826620	1
28525	00826630	1
28526	00826640	1
64584	00826650	2
64585	00826661	2
64586	0082667b	3
64587	00826691	2
64588	008266a7	2
64589	008266c0	2
64590	008266d6	3
64591	008266ec	2
64592	00826702	2
64593	0082671b	2
64594	00826731	3
64595	00826747	4
64596	008267ca	2
64597	008267e3	2
64598	008267f9	3
64599	0082680f	4
64600	00826892	2
64601	008268ab	2
64602	008268c1	3
64603	008268d7	4
64604	0082695a	2
64605	00826973	2
64606	00826989	3
64607	0082699f	4
64608	00826a1b	2
64609	00826a34	2
64610	00826a4a	3
64611	00826a60	4
64612	00826adc	2
64613	00826af5	2
64614	00826b0b	3
64615	00826b21	4
64616	00826b9d	2
64617	00826bb6	2
64618	00826bcc	3
64619	00826be2	4
64620	00826c5e	2
64621	00826c77	2
28527	00826c8d	6
28528	00826d4d	2
64622	00826d7a	3
64623	00826d90	4
64624	00826e0c	2
64625	00826e25	2
28529	00826e3b	13
28530	00826fb0	13
28531	008270c3	12
28532	008271d8	3
28533	00827252	3
28534	008272b9	18
28535	0082747c	0
28536	008274bf	0
28537	008274ec	5
28538	00827568	4
28539	008275f5	0
28540	00827612	2
28541	00827656	2
28542	008276ac	3
28543	0082771e	3
28544	00827760	2
28545	008277cb	2
28546	00827801	2
28547	0082782f	2
28548	0082788d	2
28549	008278c3	30
28550	00827b4e	9
28551	00827c20	15
28552	00827d40	2
28553	00827da2	3
28554	00827dfa	30
28555	008280f8	27
64626	008283bc	3
64627	008283d2	4
64628	0082844e	2
64629	00828467	2
64630	0082847d	3
64631	00828493	4
64632	0082850f	2
64633	00828528	2
64634	0082853e	3
64635	00828554	4
64636	008285d0	2
64637	008285e9	2
64638	008285ff	3
64639	00828615	4
64640	00828691	2
64641	008286aa	2
64642	008286c0	3
64643	008286d6	4
64644	00828752	2
64645	0082876b	2
64646	00828781	3
64647	00828797	4
64648	00828813	2
64649	0082882c	2
28556	00828842	55
64650	00828fa3	3
64651	00828fb9	4
64652	00829035	2
64653	0082904e	2
64654	00829064	3
64655	0082907a	4
64656	008290f6	2
64657	0082910f	2
64658	00829125	3
64659	0082913b	4
64660	008291b7	2
64661	008291d0	2
28557	008291e6	22
28558	00829464	10
28559	00829541	2
28560	00829567	61
28561	008299c6	39
28562	00829c4c	24
28563	00829dee	8
28564	00829ead	18
64662	00829ffb	3
64663	0082a011	4
64664	0082a08d	2
64665	0082a0a6	2
28565	0082a0bc	56
28566	0082a633	11
28567	0082a73a	58
64666	0082ac7d	3
64667	0082ac93	4
64668	0082ad0f	2
64669	0082ad28	2
28568	0082ad3e	49
28569	0082b150	39
28570	0082b3fb	57
28571	0082b87b	22
28572	0082ba12	22
28573	0082bb97	3
64670	0082bbc6	3
64671	0082bbdc	4
64672	0082bc58	2
64673	0082bc71	2
28574	0082bc87	5
64674	0082bd16	3
64675	0082bd2c	4
64676	0082bda8	2
64677	0082bdc1	2
64678	0082bdd7	3
64679	0082bded	4
64680	0082be69	2
64681	0082be82	2
64682	0082be98	3
64683	0082beae	4
64684	0082bf2a	2
64685	0082bf43	2
64686	0082bf59	3
64687	0082bf6f	4
64688	0082bfeb	2
64689	0082c004	2
28575	0082c01a	27
28576	0082c328	28
28577	0082c533	16
64690	0082c657	3
64691	0082c66d	4
64692	0082c6e9	2
64693	0082c702	2
28578	0082c718	24
28579	0082c923	19
64694	0082caaa	3
64695	0082cac0	4
64696	0082cb3c	2
64697	0082cb55	2
28580	0082cb6b	7
28581	0082cc0c	5
28582	0082cc9c	5
28583	0082ccfb	8
28584	0082cde0	9
28585	0082cecb	8
28586	0082cfa4	4
28587	0082d043	4
28588	0082d0e2	8
28589	0082d1ec	12
28590	0082d2ef	21
28591	0082d4e1	53
28592	0082d993	36
28593	0082dc2f	5
64698	0082dccb	5
64699	0082dceb	2
64700	0082dd04	2
64701	0082dd1d	7
64702	0082dd47	2
64703	0082dd60	2
64704	0082dd79	2
28594	0082dda0	2
28595	0082dde0	2
28596	0082de10	3
28597	0082de90	3
28598	0082def0	0
28599	0082def0	3
28600	0082df30	2
28601	0082df60	0
28602	0082df60	3
28603	0082dfa0	2
28604	0082dfd0	0
28605	0082dfd0	3
28606	0082e010	2
28607	0082e040	0
28608	0082e040	3
28609	0082e080	2
28610	0082e0b0	0
28611	0082e0d0	0
28612	0082e0f0	0
28613	0082e110	2
28614	0082e160	2
28615	0082e190	0
28616	0082e1b0	0
28617	0082e1d0	0
28618	0082e1f0	2
28619	0082e240	2
28620	0082e270	2
28621	0082e2a0	0
28622	0082e2c0	2
28623	0082e320	2
28624	0082e350	0
28625	0082e390	6
28626	0082e410	3
28627	0082e490	0
28628	0082e4b0	9
28629	0082e530	2
28630	0082e560	2
28631	0082e590	3
28632	0082e5d0	9
28633	0082e6c0	0
28634	0082e6f0	24
28635	0082e8b0	0
28636	0082e8d0	0
28637	0082e8f0	0
28638	0082e910	0
28639	0082e960	4
28640	0082e9d0	17
28641	0082ec30	5
28642	0082eca0	2
28643	0082ece0	2
28644	0082ed30	2
28645	0082ed60	2
28646	0082ed90	0
28647	0082ede0	2
28648	0082ee30	2
28649	0082ee60	2
28650	0082ee90	3
28651	0082ef00	4
28652	0082ef70	3
28653	0082efb0	19
28654	0082f170	0
28655	0082f190	0
28656	0082f1b0	0
28657	0082f1d0	0
28658	0082f1f0	4
28659	0082f2a0	4
28660	0082f350	0
28661	0082f370	2
28662	0082f3a0	2
28663	0082f3d0	0
28664	0082f3f0	2
28665	0082f420	2
28666	0082f450	0
28667	0082f470	0
28668	0082f490	2
28669	0082f4c0	0
28670	0082f4e0	2
28671	0082f510	2
28672	0082f540	0
28673	0082f560	2
28674	0082f590	0
28675	0082f5a0	0
28676	0082f5d0	2
28677	0082f610	2
28678	0082f640	2
28679	0082f680	2
28680	0082f6c0	2
28681	0082f6f0	3
28682	0082f780	2
28683	0082f7a0	2
28684	0082f800	2
28685	0082f860	3
28686	0082f8a0	7
28687	0082f930	2
28688	0082f990	2
28689	0082f9d0	2
28690	0082fa30	2
28691	0082fa70	0
28692	0082fa70	3
28693	0082fab0	0
28694	0082fab0	3
28695	0082faf0	2
28696	0082fb20	2
28697	0082fb50	4
28698	0082fbd0	6
28699	0082fc40	0
28700	0082fc60	0
28701	0082fc80	0
28702	0082fca0	1
28703	0082fcb0	1
28704	0082fcc0	1
64560	0082fcd0	2
64561	0082fce1	2
64562	0082fcfb	2
64563	0082fd0c	2
64564	0082fd2c	2
64565	0082fd3d	2
64566	0082fd57	2
64567	0082fd68	2
64568	0082fd82	2
64569	0082fd93	2
64570	0082fdad	2
64571	0082fdbe	2
64572	0082fdd8	3
64573	0082fdee	4
64574	0082fe6a	2
64575	0082fe83	2
28705	0082fe99	29
64576	0083012e	15
64577	0083031c	25
64578	00830536	30
64579	00830781	15
64580	00830983	3
64581	008309ef	12
64582	00830ad9	3
64583	00830aef	2
28706	00830b10	0
28707	00830b30	0
28708	00830b50	4
28709	00830c00	6
28710	00830cc0	2
28711	00830cf0	2
28712	00830d20	4
28713	00830dd0	8
28714	00830ed0	2
28715	00830f00	2
28716	00830f30	4
28717	00830fe0	8
28718	008310e0	2
28719	00831110	2
28720	00831140	2
28721	00831170	2
28722	008311a0	6
28723	00831260	4
28724	00831310	2
28725	00831340	2
28726	00831370	2
28727	008313a0	2
28728	008313d0	2
28729	00831400	2
28730	00831430	2
28731	00831460	2
28732	00831490	2
28733	008314e0	3
28734	00831570	3
28735	00831600	4
28736	00831690	2
28737	008316e0	5
28738	008317a0	5
28739	00831840	5
28740	008318f0	2
28741	00831940	3
28742	008319d0	5
28743	00831a70	3
28744	00831ad0	3
28745	00831b60	2
28746	00831ba0	3
28747	00831c20	2
28748	00831c50	0
28749	00831c50	3
28750	00831c90	3
28751	00831d10	0
28752	00831d10	3
28753	00831d50	0
28754	00831d50	3
28755	00831d90	3
28756	00831e10	0
28757	00831e10	3
28758	00831e50	0
28759	00831e50	3
28760	00831e90	3
28761	00831f10	0
28762	00831f10	3
28763	00831f50	3
28764	00831fd0	3
28765	00832050	0
28766	00832070	0
28767	00832070	3
28768	008320b0	0
28769	008320b0	3
28770	008320f0	0
28771	008320f0	3
28772	00832130	2
28773	00832160	3
28774	008321e0	0
28775	00832200	0
28776	00832200	3
28777	00832240	0
28778	00832240	3
28779	00832280	0
28780	008322a0	3
28781	00832300	2
28782	00832330	3
28783	008323b0	0
28784	008323d0	0
28785	008323d0	3
28786	00832410	0
28787	00832410	3
28788	00832450	0
28789	00832470	4
28790	008324e0	2
28791	00832510	3
28792	00832590	0
28793	008325b0	0
28794	008325b0	3
28795	008325f0	0
28796	008325f0	3
28797	00832630	0
28798	00832650	4
28799	008326c0	0
28800	008326c0	3
28801	00832700	0
28802	00832720	3
28803	00832780	3
28804	008327e0	5
28805	008328a0	7
28806	00832990	5
28807	00832a50	4
28808	00832ac0	2
28809	00832af0	0
28810	00832b10	0
28811	00832b30	2
28812	00832b60	0
28813	00832b80	0
28814	00832ba0	2
28815	00832bd0	0
28816	00832bf0	0
28817	00832c10	2
28818	00832c40	0
28819	00832c60	0
28820	00832c80	1
28821	00832c90	1
28822	00832ca0	1
28823	00832cb0	1
28824	00832cc0	1
28825	00832cd0	1
28826	00832ce0	1
28827	00832cf0	1
28828	00832d00	1
28829	00832d10	1
28830	00832d20	1
28831	00832d30	1
64551	00832d40	2
64552	00832d51	2
28832	00832d69	4
28833	00832e90	83
64553	00833643	53
28834	00833be3	3
28835	00833c3a	9
64554	00833d33	3
64555	00833d49	4
64556	00833dc5	2
64557	00833dde	2
28836	00833df4	11
28837	00833f09	11
28838	0083401b	20
64558	008341dc	3
64559	008341f2	2
28839	00834210	0
28840	00834210	3
28841	00834250	4
28842	00834290	2
28843	008342c0	0
28844	008342e0	0
28845	00834300	3
28846	00834340	2
28847	00834370	3
28848	00834400	1
28849	00834410	1
64541	00834420	3
64542	00834436	4
64543	008344b2	2
64544	008344cb	2
64545	008344e1	3
64546	008344f7	4
64547	00834573	2
64548	0083458c	2
28850	008345a2	51
64549	00834c55	3
64550	00834c6b	2
28851	00834c90	0
28852	00834ca0	0
64525	00834cd0	2
64526	00834ce1	2
64527	00834cfb	2
64528	00834d0c	2
28853	00834d2c	3
28854	00834d6a	3
28855	00834db0	2
28856	00834e27	3
28857	00834e7a	5
28858	00834ee7	4
28859	00834f65	18
64529	008350bd	2
28860	008350d3	2
28861	008350fa	5
28862	00835199	19
64530	0083531c	2
28863	00835332	12
64531	0083545b	2
28864	00835471	13
28865	008355c1	7
28866	00835663	8
28867	0083579b	8
28868	008358d1	7
28869	0083595f	38
28870	00835d45	80
28871	008366df	6
64532	008367b6	2
28872	008367cc	0
28873	0083687d	2
28874	0083694d	0
28875	00836a37	19
28876	00836ca6	26
28877	00836eff	2
28878	00836f29	22
28879	00837154	2
28880	0083717e	22
28881	008373a9	2
28882	008373d3	26
28883	0083762c	2
28884	00837656	14
28885	0083793d	2
28886	00837961	3
28887	008379ae	18
64533	00837d50	2
28888	00837d66	25
28889	00837f50	8
28890	00838003	7
28891	008380c2	0
28892	008380d6	0
28893	008380ea	2
28894	00838130	49
28895	00838518	23
28896	008386d1	5
28897	00838759	28
28898	00838a78	34
28899	00838e70	19
28900	008390de	21
28901	008393c0	9
28902	00839538	5
28903	0083958c	7
64534	00839658	2
28904	0083966e	17
64535	008397e5	2
28905	008397fb	24
28906	00839add	23
28907	00839d57	22
28908	00839f5f	23
28909	0083a1d7	21
28910	0083a42c	11
28911	0083a54f	19
28912	0083a7cc	15
28913	0083a8ff	4
28914	0083aa2d	75
28915	0083b442	19
28916	0083b6c0	48
28917	0083bb6e	39
28918	0083bf2d	36
28919	0083c328	24
28920	0083c60f	23
28921	0083c88b	7
28922	0083c91c	21
28923	0083cb0f	22
28924	0083cd6a	23
28925	0083cfeb	5
28926	0083d09a	4
28927	0083d101	3
28928	0083d14b	31
28929	0083d464	22
28930	0083d701	6
28931	0083d7b4	7
28932	0083d8a8	7
28933	0083d953	10
28934	0083da3d	7
28935	0083dae8	10
28936	0083dbd2	0
28937	0083dbe6	33
28938	0083df84	7
28939	0083e02f	0
28940	0083e041	7
28941	0083e0ec	4
28942	0083e153	10
28943	0083e23d	5
28944	0083e2e4	7
28945	0083e3a7	30
28946	0083e691	18
28947	0083e7f2	33
28948	0083eb89	16
28949	0083ed2a	14
28950	0083ee9c	20
28951	0083f06b	10
28952	0083f102	10
28953	0083f1d7	6
28954	0083f255	6
28955	0083f2d9	25
28956	0083f593	39
28957	0083f9b6	5
28958	0083fa20	10
28959	0083fb20	5
28960	0083fb8a	10
28961	0083fc8a	5
28962	0083fcf8	5
28963	0083fd62	5
28964	0083fdc6	5
28965	0083fe30	5
28966	0083fe9a	5
28967	0083ff0c	10
28968	00840004	10
28969	00840100	5
28970	00840176	5
28971	008401d8	5
28972	0084028f	5
28973	00840348	2
28974	00840378	38
28975	0084072c	8
28976	0084082f	2
28977	0084086b	16
28978	00840a24	6
28979	00840ac7	2
28980	00840af1	2
28981	00840b1b	2
28982	00840b45	2
28983	00840b72	2
28984	00840bac	2
28985	00840be6	3
28986	00840c1c	3
28987	00840c56	3
28988	00840c9c	3
28989	00840cd6	3
28990	00840d1c	3
28991	00840d5a	3
28992	00840d94	3
28993	00840dca	3
28994	00840e04	3
28995	00840e3e	3
28996	00840e80	3
28997	00840ebe	3
28998	00840f00	3
28999	00840f46	37
29000	0084136a	145
29001	00842234	13
29002	00842357	3
29003	008423b3	9
29004	00842492	3
29005	008424f4	19
29006	00842787	20
29007	00842a8c	4
29008	00842b1d	4
29009	00842b92	4
29010	00842c0f	3
29011	00842c43	14
64536	00842d42	3
64537	00842d58	2
64538	00842d71	5
64539	00842d91	2
64540	00842daa	2
29012	00842dd0	0
29013	00842dd0	3
29014	00842e10	3
29015	00842e90	5
29016	00842f30	2
29017	00842f70	2
29018	00842fa0	0
29019	00842fa0	3
29020	00842fe0	2
29021	00843010	0
29022	00843010	3
29023	00843050	2
29024	00843080	5
29025	00843100	3
29026	00843180	2
29027	008431b0	0
29028	008431b0	3
29029	008431f0	3
29030	00843270	2
29031	008432a0	2
29032	008432f0	0
29033	00843330	2
29034	008433a0	0
29035	00843400	2
29036	00843450	3
29037	008434c0	0
29038	008434c0	3
29039	00843500	2
29040	00843530	2
29041	00843570	2
29042	008435a0	0
29043	008435a0	3
29044	008435e0	2
29045	00843610	2
29046	00843640	2
29047	00843670	2
29048	008436a0	2
29049	008436d0	2
29050	00843710	0
29051	00843730	0
29052	00843750	0
29053	00843770	4
29054	008437b0	7
29055	00843850	3
29056	00843890	3
29057	008438e0	2
29058	00843900	2
29059	00843930	0
29060	00843950	0
29061	00843970	3
29062	008439a0	3
29063	008439d0	3
29064	00843a10	3
29065	00843a50	3
29066	00843a80	3
29067	00843ab0	0
29068	00843ad0	3
29069	00843b20	2
29070	00843b40	0
29071	00843b60	2
29072	00843bc0	0
29073	00843be0	0
29074	00843c00	0
29075	00843c30	4
29076	00843c70	7
29077	00843d10	0
29078	00843d30	2
29079	00843d70	8
29080	00843e50	8
29081	00843f30	3
29082	00843f70	0
29083	00843f70	3
29084	00843fb0	12
29085	008440b0	6
29086	00844150	3
29087	00844190	3
29088	008441d0	2
29089	00844200	2
29090	00844230	0
29091	00844260	2
29092	00844290	2
29093	008442c0	2
29094	008442f0	2
29095	00844320	2
29096	00844350	0
29097	00844380	2
29098	008443b0	2
29099	008443e0	2
29100	00844420	2
29101	00844450	9
29102	00844510	2
29103	00844550	2
29104	00844580	2
29105	008445b0	2
29106	008445e0	3
29107	00844650	0
29108	00844690	3
29109	00844700	9
29110	00844780	2
29111	008447b0	2
29112	008447e0	0
29113	00844820	3
29114	00844890	9
29115	00844910	2
29116	00844940	2
29117	00844970	2
29118	008449b0	2
29119	008449e0	3
29120	00844a40	2
29121	00844a80	2
29122	00844ac0	8
29123	00844b90	0
29124	00844bc0	2
29125	00844bf0	0
29126	00844c20	2
29127	00844c50	2
29128	00844c80	0
29129	00844cb0	2
29130	00844cf0	2
29131	00844d30	2
29132	00844d60	2
29133	00844d90	3
29134	00844e10	2
29135	00844e40	4
29136	00844e80	0
29137	00844ea0	0
29138	00844ec0	0
29139	00844ee0	3
29140	00844f20	2
29141	00844f50	2
29142	00844f70	2
29143	00844fa0	0
29144	00844fd0	5
29145	00845060	0
29146	008450a0	0
29147	008450c0	0
29148	008450e0	0
29149	00845130	2
29150	00845170	2
29151	008451a0	0
29152	008451c0	0
29153	008451e0	0
29154	00845200	0
29155	00845250	17
29156	008454a0	5
29157	00845510	2
29158	00845550	2
29159	00845580	0
29160	008455a0	0
29161	008455c0	0
29162	008455e0	0
29163	00845630	17
29164	00845870	5
29165	008458e0	2
29166	00845920	2
29167	00845950	2
29168	008459a0	3
29169	008459e0	2
29170	00845a10	22
29171	00845bf0	134
29172	00846420	15
29173	00846540	8
29174	00846600	2
29175	00846630	0
29176	00846650	2
29177	00846680	2
29178	008466b0	0
29179	008466e0	5
29180	00846750	10
29181	00846850	2
29182	00846880	2
29183	008468b0	2
29184	00846900	2
29185	00846950	2
29186	00846980	2
29187	008469b0	2
29188	00846a00	2
29189	00846a50	2
29190	00846a80	2
29191	00846ab0	0
29192	00846ad0	0
29193	00846b00	2
29194	00846b30	0
29195	00846b40	3
29196	00846b70	0
29197	00846b80	0
29198	00846b90	0
29199	00846ba0	0
29200	00846bb0	0
29201	00846bd0	3
29202	00846c10	7
29203	00846ca0	10
29204	00846dc0	75
29205	00847270	2
29206	008472a0	19
29207	008473e0	3
29208	00847420	3
29209	00847460	2
29210	00847490	2
29211	008474c0	19
29212	00847600	2
29213	00847630	0
29214	00847650	2
29215	00847680	2
29216	008476d0	2
29217	00847700	5
29218	00847780	2
29219	008477b0	2
29220	008477e0	6
29221	00847890	4
29222	008478f0	2
29223	00847920	0
29224	00847940	10
29225	00847a30	2
29226	00847a60	2
29227	00847a90	2
29228	00847ac0	7
29229	00847b70	0
29230	00847ba0	2
29231	00847be0	2
29232	00847c40	0
29233	00847c60	0
29234	00847c80	0
29235	00847cf0	3
29236	00847d50	5
29237	00847dd0	8
29238	00847e90	2
29239	00847ec0	0
29240	00847ee0	0
29241	00847f00	0
29242	00847f20	2
29243	00847f50	2
29244	00847f80	2
29245	00847fb0	2
29246	00847fe0	0
29247	00848000	15
29248	00848200	2
29249	00848260	14
29250	008486e0	5
29251	00848730	4
29252	008487a0	3
29253	00848800	3
29254	00848850	5
29255	008488d0	4
29256	00848910	2
29257	00848940	3
29258	00848980	6
29259	00848a50	2
29260	00848a80	2
29261	00848ac0	2
29262	00848b20	0
29263	00848b40	4
29264	00848be0	2
29265	00848c10	0
29266	00848c30	0
29267	00848c50	2
29268	00848c90	2
29269	00848cd0	2
29270	00848cf0	7
29271	00848d50	3
29272	00848dc0	11
29273	00848ea0	2
29274	00848ed0	2
29275	00848f00	2
29276	00848f30	16
29277	00849070	21
29278	00849450	2
29279	00849490	2
29280	008494c0	3
29281	00849540	2
29282	00849580	2
29283	008495b0	0
29284	00849600	21
29285	008499e0	2
29286	00849a20	2
29287	00849a50	2
29288	00849a80	3
29289	00849ae0	33
29290	00849e40	16
29291	00849f80	2
29292	00849fd0	0
29293	0084a010	0
29294	0084a040	2
29295	0084a070	2
29296	0084a0b0	2
29297	0084a0f0	0
29298	0084a120	0
29299	0084a160	0
29300	0084a1a0	0
29301	0084a1d0	0
29302	0084a220	0
29303	0084a250	0
29304	0084a280	0
29305	0084a290	2
29306	0084a2c0	2
29307	0084a2e0	2
29308	0084a310	0
29309	0084a320	2
29310	0084a340	3
29311	0084a3d0	2
29312	0084a430	3
29313	0084a4c0	0
29314	0084a4c0	3
29315	0084a500	0
29316	0084a500	3
29317	0084a540	4
29318	0084a5c0	3
29319	0084a600	3
29320	0084a640	2
29321	0084a680	0
29322	0084a6b0	0
29323	0084a6e0	0
29324	0084a700	4
29325	0084a760	6
29326	0084a7e0	24
29327	0084a990	0
29328	0084a9c0	2
29329	0084aa00	0
29330	0084aa20	2
29331	0084aa50	0
29332	0084aa70	0
29333	0084aa90	17
29334	0084acd0	0
29335	0084ad20	0
29336	0084ad40	2
29337	0084ad90	2
29338	0084ade0	2
29339	0084ae10	2
29340	0084ae40	5
29341	0084aea0	3
29342	0084af10	5
29343	0084af70	2
29344	0084afa0	6
29345	0084b070	2
29346	0084b0a0	2
29347	0084b0d0	0
29348	0084b0f0	4
29349	0084b160	5
29350	0084b1c0	3
29351	0084b230	8
29352	0084b330	2
29353	0084b370	0
29354	0084b3a0	5
29355	0084b420	15
29356	0084b5f0	14
29357	0084b7c0	3
29358	0084b7f0	15
29359	0084b9c0	14
29360	0084bb90	0
29361	0084bbc0	21
29362	0084bfa0	0
29363	0084bfe0	0
29364	0084c010	0
29365	0084c040	2
29366	0084c070	2
29367	0084c0d0	0
29368	0084c0f0	5
29369	0084c160	0
29370	0084c180	3
29371	0084c1c0	3
29372	0084c200	3
29373	0084c240	2
29374	0084c290	0
29375	0084c2c0	0
29376	0084c2d0	10
29377	0084c420	4
29378	0084c4d0	10
29379	0084c620	24
29380	0084c7c0	2
29381	0084c820	0
29382	0084c850	0
29383	0084c880	3
29384	0084c8c0	3
29385	0084c900	3
29386	0084c940	3
29387	0084c980	11
29388	0084cac0	3
29389	0084caf0	0
29390	0084cb10	26
29391	0084cd70	52
29392	0084d340	2
29393	0084d360	0
29394	0084d370	2
29395	0084d390	2
29396	0084d3b0	0
29397	0084d3e0	0
29398	0084d400	0
29399	0084d420	4
29400	0084d4d0	4
29401	0084d580	13
29402	0084d6e0	11
29403	0084d840	11
29404	0084d960	7
29405	0084da50	1
64485	0084da60	2
64486	0084da71	2
64487	0084da8b	2
64488	0084da9c	2
64489	0084dabc	2
64490	0084dacd	2
64491	0084dae7	2
64492	0084daf8	2
64493	0084db12	2
64494	0084db23	2
64495	0084db3d	2
64496	0084db4e	2
64497	0084db68	2
64498	0084db79	2
64499	0084db91	3
64500	0084dba7	4
64501	0084dc2a	2
64502	0084dc43	2
64503	0084dc59	3
64504	0084dc6f	4
64505	0084dcf2	2
64506	0084dd0b	2
29406	0084dd21	11
29407	0084de47	0
29408	0084de61	0
29409	0084de7b	17
29410	0084dfe3	2
29411	0084e030	3
64507	0084e070	3
64508	0084e086	4
64509	0084e102	2
64510	0084e11b	2
64511	0084e131	3
64512	0084e147	4
64513	0084e1c3	2
64514	0084e1dc	2
29412	0084e1f2	32
64515	0084e564	3
64516	0084e57a	4
64517	0084e5f6	2
64518	0084e60f	2
29413	0084e625	13
29414	0084e72a	8
64519	0084e7f9	3
64520	0084e80f	4
64521	0084e88b	2
64522	0084e8a4	2
29415	0084e8ba	17
64523	0084ea19	3
64524	0084ea2f	2
29416	0084ea50	0
29417	0084ea50	3
29418	0084ea90	5
29419	0084eb10	0
29420	0084eb10	3
29421	0084eb50	4
29422	0084ebc0	3
29423	0084ec00	2
29424	0084ec30	3
29425	0084ecc0	1
64445	0084ecd0	2
64446	0084ece1	2
64447	0084ecfb	2
64448	0084ed0c	2
64449	0084ed2c	2
64450	0084ed3d	2
64451	0084ed57	2
64452	0084ed68	2
64453	0084ed82	2
64454	0084ed93	2
64455	0084edad	2
64456	0084edbe	2
64457	0084edd8	3
64458	0084edee	2
64459	0084ee0b	2
64460	0084ee24	2
29426	0084ee3a	3
29427	0084eed0	7
29428	0084efb8	2
64461	0084eff2	3
64462	0084f008	4
64463	0084f084	2
64464	0084f09d	2
29429	0084f0b3	31
29430	0084f346	22
29431	0084f4d3	2
29432	0084f508	31
29433	0084f885	7
29434	0084f936	3
29435	0084f985	3
29436	0084f9d4	5
29437	0084fa89	2
64465	0084fabe	2
64466	0084facf	2
29438	0084fae7	2
29439	0084fb21	30
29440	0084fd75	20
29441	00850023	0
29442	0085003d	2
29443	00850077	11
64467	00850162	2
64468	00850173	2
29444	0085018b	0
29445	008501a5	5
64469	0085023f	2
64470	00850250	2
29446	0085026b	0
29447	00850285	5
64471	0085031f	2
64472	00850330	2
29448	00850348	8
29449	0085042c	5
29450	008504c6	9
64473	008505f4	2
64474	00850605	2
29451	0085061d	9
64475	00850746	2
64476	00850757	2
29452	0085076f	13
29453	008508ef	15
29454	00850a55	6
64477	00850af9	2
64478	00850b0a	2
29455	00850b22	16
29456	00850d86	16
64479	00850fdd	2
64480	00850fee	2
29457	00851009	6
29458	0085115b	25
29459	00851491	2
64481	008514cb	2
64482	008514dc	2
29460	008514f4	2
29461	00851538	36
29462	0085182d	0
29463	00851846	0
29464	00851860	14
64483	008519c1	3
64484	008519d7	2
29465	008519f0	2
29466	00851a20	2
29467	00851a60	0
29468	00851a60	3
29469	00851aa0	2
29470	00851ad0	2
29471	00851b00	0
29472	00851b20	0
29473	00851b20	3
29474	00851b60	3
29475	00851bc0	0
29476	00851bc0	3
29477	00851c00	2
29478	00851c30	0
29479	00851c30	3
29480	00851c70	2
29481	00851ca0	0
29482	00851ca0	3
29483	00851ce0	2
29484	00851d10	2
29485	00851d60	0
29486	00851da0	3
29487	00851e10	7
29488	00851ee0	2
29489	00851f10	3
29490	00851f50	0
29491	00851fa0	0
29492	00851fc0	0
29493	00851fe0	0
29494	00852030	4
29495	00852090	2
29496	008520d0	2
29497	00852120	2
29498	00852150	2
29499	00852180	17
29500	008523c0	2
29501	008523f0	2
29502	00852420	2
29503	00852470	2
29504	008524a0	3
29505	008524e0	3
29506	00852520	3
29507	00852560	3
29508	008525a0	3
29509	008525e0	3
29510	00852620	3
29511	00852660	3
29512	008526a0	3
29513	008526e0	4
29514	00852790	2
29515	008527c0	2
29516	008527f0	2
29517	00852830	3
29518	008528c0	0
29519	008528d0	2
29520	00852900	3
29521	00852990	2
29522	008529c0	3
29523	00852a50	2
29524	00852a90	0
29525	00852a90	3
29526	00852ad0	2
29527	00852b00	2
29528	00852b30	3
29529	00852bc0	2
29530	00852c00	0
29531	00852c00	3
29532	00852c40	2
29533	00852c70	2
29534	00852ca0	3
29535	00852d30	2
29536	00852d70	2
29537	00852db0	0
29538	00852db0	3
29539	00852df0	2
29540	00852e20	0
29541	00852e20	3
29542	00852e60	2
29543	00852e90	2
29544	00852ec0	3
29545	00852f50	2
29546	00852f90	0
29547	00852f90	3
29548	00852fd0	2
29549	00853000	2
29550	00853030	3
29551	008530c0	2
29552	00853100	0
29553	00853100	3
29554	00853140	2
29555	00853170	2
29556	008531a0	3
29557	00853230	2
29558	00853270	0
29559	00853270	3
29560	008532b0	2
29561	008532e0	2
29562	00853310	3
29563	008533a0	2
29564	008533e0	0
29565	008533e0	3
29566	00853420	2
29567	00853450	2
29568	00853480	3
29569	00853510	2
29570	00853550	2
29571	008535a0	0
29572	008535c0	0
29573	008535e0	2
29574	00853630	5
29575	008536f0	0
29576	008536f0	3
29577	00853730	2
29578	00853760	1
29579	00853770	49
29580	00853c42	8
29581	00853ce5	9
29582	00853de3	11
64443	00853ef9	3
64444	00853f0f	2
64436	00853f30	3
64437	00853f46	4
64438	00853fc9	2
64439	00853fe2	2
29583	00853ff8	7
29584	008540d5	5
64440	00854150	2
64441	00854166	3
64442	0085417c	2
29585	008541a0	2
29586	008541d0	2
64430	00854200	3
64431	00854216	22
64432	008543e5	2
64433	008543fe	2
29587	0085441d	3
64434	0085445a	3
64435	00854470	2
64410	00854490	3
64411	008544a6	2
64412	008544bc	2
64413	008544d5	2
64414	008544eb	3
64415	00854501	2
64416	00854517	2
64417	00854530	2
64418	00854546	2
64419	00854557	2
29588	00854571	6
64420	0085463e	2
64421	0085464f	2
64422	00854667	2
64423	00854678	2
29589	00854690	8
29590	0085481a	8
29591	0085498f	40
29592	00854dfd	16
29593	00854f83	3
29594	00854fe1	2
29595	00855016	2
29596	0085504b	4
29597	00855172	5
64424	00855235	3
64425	0085524b	2
64426	00855264	7
64427	0085528e	2
64428	008552a7	2
64429	008552c0	2
29598	008552e0	0
29599	008552e0	3
29600	00855320	4
29601	00855360	2
29602	00855390	0
29603	00855390	3
29604	008553d0	4
29605	00855410	2
29606	00855440	3
29607	00855480	3
29608	008554c0	2
29609	008554f0	2
29610	00855520	5
29611	00855600	2
29612	00855630	3
29613	008556c0	1
29614	008556d0	1
29615	008556e0	1
29616	008556f0	1
29617	00855700	2
29618	0085573b	6
29619	008557d6	4
29620	00855850	6
29621	00855950	0
29622	00855970	0
29623	00855990	11
29624	00855aa3	11
29625	00855bb7	18
29626	00855d46	5
29627	00855dc9	28
29628	00855f9d	18
29629	008560fb	8
29630	0085616c	10
29631	00856222	4
29632	00856273	8
29633	008562e3	10
29634	008563ac	12
29635	008564c5	3
29636	0085650f	14
29637	008565d7	5
29638	00856639	6
29639	00856692	5
29640	008566da	2
29641	00856700	19
29642	008567f0	15
29643	0085691a	23
29644	00856a91	15
29645	00856b7c	3
29646	00856bee	3
29647	00856c66	3
29648	00856cf3	21
64408	00856e57	3
64409	00856e6d	2
29649	00856e90	0
29650	00856e90	3
29651	00856ed0	0
29652	00856ed0	3
29653	00856f10	2
29654	00856f60	5
29655	00856fe0	3
29656	00857020	3
29657	00857060	2
29658	00857090	2
29659	008570c0	8
29660	00857170	0
29661	00857190	3
29662	008571e0	0
29663	00857200	2
29664	00857230	2
29665	00857260	2
29666	008572a0	2
29667	008572f0	0
29668	00857320	2
29669	00857360	2
29670	00857390	2
29671	008573c0	2
29672	00857410	2
29673	00857450	4
29674	008574a0	11
29675	00857570	2
29676	008575c0	4
29677	00857630	4
29678	008576c0	2
29679	008576f0	0
29680	00857700	0
29681	00857710	0
29682	00857730	2
29683	00857760	2
29684	00857790	2
29685	008577d0	0
29686	00857800	12
29687	008578e0	0
29688	008578f0	0
29689	00857910	2
29690	00857950	1
29691	00857960	3
29692	00857985	2
29693	008579ce	3
29694	008579f2	2
29695	00857a14	0
64402	00857a20	3
64403	00857a36	2
64404	00857a4c	2
64405	00857a65	2
29696	00857a7b	9
29697	00857b90	5
29698	00857c4d	5
29699	00857c8f	4
29700	00857cc3	9
29701	00857d9d	4
64406	00857df8	3
64407	00857e0e	2
29702	00857e30	2
29703	00857e60	0
29704	00857e60	3
29705	00857ea0	3
29706	00857f20	2
29707	00857f50	2
29708	00857f80	0
29709	00857fa0	1
64396	00857fb0	2
64397	00857fc1	2
64398	00857fdb	2
64399	00857fec	2
29710	0085800c	14
29711	008582e2	107
29712	0085924e	4
29713	008592f5	5
29714	008593a0	2
29715	008593d0	3
29716	00859404	3
29717	00859438	5
29718	008594da	10
29719	008595bf	12
64400	008596d0	3
64401	008596e6	2
29720	00859700	3
29721	00859740	2
29722	00859770	2
29723	008597a0	3
29724	00859810	4
29725	008598a0	0
29726	008598d0	0
29727	00859910	6
29728	00859a00	0
29729	00859a00	3
29730	00859a40	3
29731	00859ad0	3
29732	00859b10	6
29733	00859bd0	2
29734	00859c00	2
29735	00859c30	0
29736	00859c70	6
29737	00859cf0	3
29738	00859d70	9
29739	00859df0	0
29740	00859e40	2
29741	00859e70	2
29742	00859ea0	0
29743	00859ee0	6
29744	00859f60	3
29745	00859fe0	0
29746	0085a000	0
29747	0085a020	9
29748	0085a0b0	2
29749	0085a0f0	0
29750	0085a130	3
29751	0085a1a0	0
29752	0085a1c0	0
29753	0085a1e0	3
29754	0085a220	7
29755	0085a2f0	0
29756	0085a310	0
29757	0085a330	0
29758	0085a350	0
29759	0085a370	0
29760	0085a390	0
29761	0085a3b0	17
29762	0085a610	5
29763	0085a680	2
29764	0085a6c0	2
29765	0085a710	2
29766	0085a740	2
29767	0085a770	0
29768	0085a790	0
29769	0085a7b0	0
29770	0085a800	17
29771	0085aa80	5
29772	0085aaf0	2
29773	0085ab40	2
29774	0085aba0	2
29775	0085abd0	2
29776	0085ac00	4
29777	0085ac60	2
29778	0085aca0	2
29779	0085acd0	2
29780	0085ad20	2
29781	0085ad50	2
29782	0085ad80	2
29783	0085add0	2
29784	0085ae00	2
29785	0085ae30	17
29786	0085b080	2
29787	0085b0b0	0
29788	0085b100	2
29789	0085b150	2
29790	0085b1a0	2
29791	0085b1d0	2
29792	0085b200	2
29793	0085b240	2
29794	0085b2a0	4
29795	0085b330	0
29796	0085b350	0
29797	0085b370	2
29798	0085b3b0	2
29799	0085b3f0	0
29800	0085b410	4
29801	0085b480	2
29802	0085b4b0	9
29803	0085b5d0	5
29804	0085b660	3
29805	0085b6a0	0
29806	0085b6c0	3
29807	0085b6f0	0
29808	0085b730	0
29809	0085b760	0
29810	0085b7a0	0
29811	0085b7e0	2
29812	0085b810	2
29813	0085b840	2
29814	0085b880	2
29815	0085b8c0	2
29816	0085b8f0	2
29817	0085b950	0
29818	0085b960	3
29819	0085b9f0	2
29820	0085ba10	0
29821	0085ba50	0
29822	0085ba90	0
29823	0085baa0	2
29824	0085bad0	2
29825	0085bb40	3
29826	0085bb80	3
29827	0085bbc0	2
29828	0085bc10	2
29829	0085bc60	3
29830	0085bca0	3
29831	0085bd00	0
29832	0085bd20	0
29833	0085bd50	0
29834	0085bd80	10
29835	0085bed0	5
29836	0085bf20	9
29837	0085c040	2
29838	0085c080	2
29839	0085c0b0	5
29840	0085c140	3
29841	0085c1b0	0
29842	0085c1c0	5
29843	0085c2b0	3
29844	0085c2f0	0
29845	0085c310	0
29846	0085c330	0
29847	0085c350	10
29848	0085c4a0	2
29849	0085c4e0	3
29850	0085c510	7
29851	0085c6b0	2
29852	0085c740	0
29853	0085c770	0
29854	0085c790	5
29855	0085c7e0	4
29856	0085c8d0	6
29857	0085ca10	4
29858	0085ca90	0
29859	0085cab0	2
29860	0085caf0	5
29861	0085cb90	3
29862	0085cbc0	0
64392	0085cc30	2
64393	0085cc41	2
64394	0085cc5b	2
64395	0085cc6c	2
29863	0085cc8c	3
29864	0085cd05	12
29865	0085cedb	8
29866	0085d004	3
29867	0085d04d	7
29868	0085d112	8
29869	0085d1eb	11
29870	0085d300	4
29871	0085d360	3
29872	0085d3b0	2
29873	0085d3f0	2
29874	0085d420	2
29875	0085d490	2
29876	0085d500	0
29877	0085d520	2
29878	0085d560	24
29879	0085d710	9
29880	0085d800	0
29881	0085d840	0
29882	0085d870	0
64307	0085d880	2
64308	0085d891	2
64309	0085d8ab	2
64310	0085d8bc	2
29883	0085d8dc	213
64311	0085ef10	2
64312	0085ef26	2
64313	0085ef3c	2
64314	0085ef52	2
64315	0085ef68	2
64316	0085ef7e	2
64317	0085ef94	2
64318	0085efaa	2
64319	0085efc0	2
64320	0085efd6	2
64321	0085efec	2
64322	0085f002	2
64323	0085f018	2
64324	0085f02e	2
64325	0085f044	2
64326	0085f05a	2
64327	0085f070	2
64328	0085f086	2
64329	0085f09c	2
64330	0085f0b2	2
64331	0085f0c8	2
64332	0085f0de	2
64333	0085f0f4	2
64334	0085f10a	2
64335	0085f120	2
64336	0085f136	2
64337	0085f14c	2
64338	0085f162	2
64339	0085f178	2
64340	0085f18e	2
64341	0085f1a4	2
64342	0085f1ba	2
64343	0085f1d0	2
64344	0085f1e6	2
64345	0085f1fc	2
64346	0085f212	2
64347	0085f228	2
64348	0085f23e	2
64349	0085f254	2
64350	0085f26a	2
64351	0085f280	2
64352	0085f296	2
64353	0085f2ac	2
64354	0085f2c2	2
64355	0085f2d8	2
64356	0085f2ee	2
64357	0085f304	2
64358	0085f31a	2
64359	0085f330	2
64360	0085f346	2
64361	0085f35c	2
64362	0085f372	2
64363	0085f388	2
29884	0085f39e	25
64364	0085f628	2
64365	0085f63e	2
64366	0085f654	2
64367	0085f66a	2
64368	0085f680	2
64369	0085f696	2
29885	0085f6ac	2
29886	0085f6eb	46
64370	0085fd09	2
64371	0085fd28	2
64372	0085fd47	2
64373	0085fd66	2
64374	0085fd85	2
64375	0085fda4	2
64376	0085fdc3	2
64377	0085fde2	2
64378	0085fe01	2
64379	0085fe20	2
64380	0085fe3f	2
64381	0085fe5e	2
64382	0085fe7d	2
64383	0085fe9c	2
64384	0085febb	2
64385	0085feda	2
64386	0085fef9	2
64387	0085ff18	2
64388	0085ff37	2
29887	0085ff56	9
64389	0086008e	2
29888	008600ad	4
29889	00860107	5
29890	00860176	12
29891	008602b8	13
64390	00860417	3
64391	0086042d	2
29892	00860450	2
29893	00860480	2
29894	008604b0	2
29895	00860500	2
29896	00860540	3
29897	00860590	3
29898	008605e0	0
29899	00860620	3
29900	00860690	9
29901	00860710	2
29902	00860740	7
29903	008607d0	0
29904	008607f0	0
29905	00860810	0
29906	00860860	17
29907	00860aa0	5
29908	00860b10	2
29909	00860b50	2
29910	00860b80	2
29911	00860bd0	2
29912	00860c20	2
29913	00860c50	2
29914	00860c80	2
29915	00860cb0	2
29916	00860ce0	19
29917	00860ea0	5
29918	00860f50	3
29919	00860fc0	0
29920	00860fe0	3
29921	00861020	2
29922	00861050	2
29923	00861090	2
29924	008610d0	2
29925	00861100	2
29926	00861120	3
29927	008611b0	0
29928	008611b0	3
29929	008611f0	2
29930	00861220	0
29931	00861220	3
29932	00861260	3
29933	008612a0	2
29934	008612d0	0
29935	008612f0	0
29936	00861310	4
29937	00861390	6
29938	00861400	2
29939	00861440	2
29940	00861480	2
29941	008614c0	2
29942	00861510	2
29943	00861540	2
29944	00861590	2
29945	008615f0	2
29946	00861620	2
29947	00861680	0
29948	008616a0	7
29949	008617b0	2
29950	008617d0	0
29951	008617d0	3
29952	00861810	3
29953	00861850	0
29954	00861850	3
29955	00861890	3
29956	00861900	3
29957	00861960	3
29958	008619c0	2
29959	008619f0	4
29960	00861ac0	2
29961	00861af0	0
29962	00861af0	3
29963	00861b30	0
29964	00861b30	3
29965	00861b70	2
29966	00861bb0	2
29967	00861be0	3
29968	00861c70	2
29969	00861ca0	2
29970	00861cd0	2
29971	00861d00	1
29972	00861d10	1
64301	00861d20	2
64302	00861d31	2
29973	00861d4b	26
29974	00861f89	6
29975	0086204e	5
29976	00862127	2
29977	0086215d	0
29978	00862171	0
29979	00862185	12
29980	00862292	5
29981	00862334	5
29982	008623c3	9
29983	0086247d	25
29984	0086266f	2
64303	00862699	3
64304	008626af	2
64305	008626c8	3
64306	008626de	2
29985	00862700	0
29986	00862700	3
29987	00862740	0
29988	00862740	3
29989	00862780	2
29990	008627b0	0
29991	008627d0	0
29992	008627f0	1
64280	00862800	3
64281	00862816	2
64282	0086282c	2
64283	00862845	2
64284	0086285b	3
64285	00862871	2
64286	00862887	2
64287	008628a0	2
64288	008628b6	2
64289	008628c7	2
64290	008628e1	2
64291	008628f2	2
64292	0086290a	2
64293	0086291b	2
29993	00862933	2
29994	00862969	5
29995	00862ad0	8
64294	00862c68	0
29996	00862c89	2
29997	00862cb3	3
29998	00862ce0	11
29999	00862e24	7
30000	00862eaa	75
30001	008635df	8
30002	00863670	82
30003	00863e66	4
30004	00863ed1	8
30005	00863f5c	4
30006	00863fd1	5
30007	00864047	7
30008	008640f8	5
30009	00864174	0
30010	0086418b	3
30011	008641d5	2
30012	008641ff	12
30013	008642fc	4
30014	00864387	13
30015	00864599	109
30016	00864e48	9
30017	00864f11	3
64295	00864f6d	3
64296	00864f83	2
64297	00864f9c	7
64298	00864fc6	2
64299	00864fdf	2
64300	00864ff8	2
30018	00865020	0
30019	00865020	3
30020	00865060	4
30021	008650a0	3
30022	00865100	2
30023	00865130	0
30024	00865130	3
30025	00865170	4
30026	008651b0	2
30027	008651e0	3
30028	00865220	3
30029	00865260	2
30030	00865290	3
30031	00865320	2
30032	00865350	3
30033	008653e0	1
30034	008653f0	1
30035	00865400	1
30036	00865410	1
30037	00865420	1
30038	00865430	1
30039	00865440	1
30040	00865450	1
30041	00865460	1
30042	00865470	1
30043	00865480	1
30044	00865490	1
30045	008654a0	1
30046	008654b0	1
30047	008654c0	1
30048	008654d0	1
30049	008654e0	1
30050	008654f0	1
30051	00865500	1
30052	00865510	1
30053	00865520	1
30054	00865530	1
30055	00865540	1
30056	00865550	1
30057	00865560	1
30058	00865570	1
30059	00865580	1
30060	00865590	1
30061	008655a0	1
30062	008655b0	1
30063	008655c0	1
30064	008655d0	1
30065	008655e0	1
30066	008655f0	1
30067	00865600	1
30068	00865610	1
30069	00865620	1
30070	00865630	1
30071	00865640	1
30072	00865650	1
30073	00865660	1
64253	00865670	2
64254	00865681	2
30074	0086569b	3
30075	00865726	5
30076	0086579d	6
30077	0086580b	9
30078	008658ec	48
64255	00865e43	0
64256	00865e48	0
64257	00865e4d	0
64258	00865e52	0
64259	00865e57	0
64260	00865e5c	0
64261	00865e61	0
64262	00865e66	0
64263	00865e6b	0
64264	00865e70	0
64265	00865e75	0
64266	00865e7a	0
64267	00865e7f	0
64268	00865e84	0
64269	00865e89	0
64270	00865e8e	0
64271	00865e93	0
64272	00865e98	0
64273	00865e9d	0
30079	00865ea2	3
30080	00865f12	5
30081	00865fd9	2
30082	00865ffd	9
64274	008660d0	0
30083	008660d5	3
30084	00866145	4
30085	008661d2	2
30086	008661f6	16
30087	008663b8	20
30088	008665cc	5
30089	00866641	10
30090	00866772	19
30091	00866942	0
30092	00866956	0
30093	0086696a	0
30094	0086697e	27
30095	00866bc5	9
30096	00866c86	3
30097	00866cd1	8
30098	00866d6a	25
30099	008670c5	10
30100	00867266	8
30101	0086732e	2
30102	00867358	2
30103	00867382	2
30104	008673ac	2
30105	008673d6	14
30106	0086750c	2
30107	00867545	3
30108	00867593	5
30109	0086760a	5
30110	00867681	5
30111	008676f8	5
30112	0086776f	5
30113	008677ea	5
30114	00867869	5
30115	008678da	3
30116	00867914	3
30117	0086794e	3
30118	00867988	3
30119	008679c2	3
30120	00867a00	3
30121	00867a42	3
30122	00867a78	5
30123	00867b30	5
30124	00867bea	2
30125	00867c1a	2
30126	00867c44	2
30127	00867c6e	2
30128	00867ca8	2
30129	00867cd2	16
30130	00867e86	3
30131	00867ed7	7
30132	00867faa	13
30133	00868121	11
30134	00868206	4
30135	00868291	4
30136	00868300	4
30137	0086836f	4
30138	008683de	4
30139	008684e1	4
30140	0086855a	4
30141	008685fb	4
30142	00868670	4
64275	00868709	3
64276	0086871f	2
64277	00868738	5
64278	00868758	2
64279	00868771	2
30143	00868790	0
30144	00868790	3
30145	008687d0	3
30146	00868830	2
30147	00868860	6
30148	00868940	2
30149	00868960	3
30150	008689e0	2
30151	00868a10	0
30152	00868a10	3
30153	00868a50	3
30154	00868ad0	2
30155	00868b00	0
30156	00868b00	3
30157	00868b40	2
30158	00868b70	0
30159	00868b70	3
30160	00868bb0	2
30161	00868be0	0
30162	00868c00	6
30163	00868cb0	2
30164	00868cd0	4
30165	00868d50	2
30166	00868d70	6
30167	00868e10	2
30168	00868e40	2
30169	00868e70	2
30170	00868ea0	0
30171	00868ea0	3
30172	00868ee0	2
30173	00868f20	2
30174	00868f50	2
30175	00868f80	2
30176	00868fb0	3
30177	00869020	2
30178	00869060	2
30179	00869090	2
30180	008690c0	3
30181	00869120	2
30182	00869160	2
30183	008691a0	2
30184	008691e0	8
30185	008692b0	2
30186	008692e0	2
30187	00869320	2
30188	00869350	2
30189	00869380	0
30190	008693b0	0
30191	008693f0	0
30192	00869410	0
30193	00869430	0
30194	00869480	2
30195	008694c0	2
30196	008694f0	2
30197	00869540	3
30198	00869580	2
30199	008695b0	2
30200	008695e0	22
30201	008697c0	134
30202	00869ff0	15
30203	0086a110	8
30204	0086a1d0	8
30205	0086a290	2
30206	0086a2c0	0
30207	0086a2e0	2
30208	0086a310	0
30209	0086a340	2
30210	0086a370	0
30211	0086a3a0	2
30212	0086a3d0	0
30213	0086a3f0	2
30214	0086a420	0
30215	0086a430	3
30216	0086a460	0
30217	0086a470	0
30218	0086a480	0
30219	0086a490	0
30220	0086a4a0	0
30221	0086a4c0	3
30222	0086a500	3
30223	0086a540	7
30224	0086a5d0	10
30225	0086a6f0	75
30226	0086aba0	2
30227	0086abd0	19
30228	0086ad10	3
30229	0086ad50	3
30230	0086ad90	2
30231	0086adc0	2
30232	0086adf0	19
30233	0086af30	2
30234	0086af60	0
30235	0086af80	0
30236	0086afa0	2
30237	0086afd0	2
30238	0086b020	2
30239	0086b050	2
30240	0086b090	6
30241	0086b140	4
30242	0086b1a0	2
30243	0086b1d0	10
30244	0086b2c0	2
30245	0086b2f0	2
30246	0086b320	2
30247	0086b350	7
30248	0086b400	2
30249	0086b440	2
30250	0086b4a0	0
30251	0086b4c0	0
30252	0086b4e0	3
30253	0086b540	5
30254	0086b5c0	8
30255	0086b680	2
30256	0086b6b0	0
30257	0086b6d0	0
30258	0086b6f0	2
30259	0086b720	2
30260	0086b750	0
30261	0086b770	0
30262	0086b790	2
30263	0086b7d0	2
30264	0086b810	0
30265	0086b840	0
30266	0086b850	2
30267	0086b870	3
30268	0086b900	3
30269	0086b940	3
30270	0086b980	2
30271	0086b9c0	0
30272	0086b9f0	0
30273	0086ba20	0
30274	0086ba40	4
30275	0086baa0	0
30276	0086bad0	2
30277	0086bb10	17
30278	0086bd50	2
30279	0086bda0	2
30280	0086bdf0	2
30281	0086be20	2
30282	0086be50	5
30283	0086beb0	3
30284	0086bf20	5
30285	0086bf80	2
30286	0086bfb0	0
30287	0086bfe0	0
30288	0086c010	2
30289	0086c040	2
30290	0086c0a0	5
30291	0086c110	0
30292	0086c130	3
30293	0086c170	3
30294	0086c1b0	0
30295	0086c1e0	0
30296	0086c1f0	10
30297	0086c340	4
30298	0086c3f0	0
30299	0086c420	3
30300	0086c460	3
30301	0086c4a0	3
30302	0086c4e0	0
30303	0086c510	0
30304	0086c530	0
30305	0086c550	4
64245	0086c600	2
64246	0086c611	2
30306	0086c62b	14
30307	0086c767	12
30308	0086c897	8
30309	0086c92a	5
30310	0086ca03	2
30311	0086ca33	3
30312	0086ca7c	0
30313	0086ca90	0
30314	0086caa4	12
30315	0086cb9f	2
30316	0086cbcf	2
30317	0086cc09	0
30318	0086cc27	4
64247	0086cca7	3
64248	0086ccbd	2
64249	0086ccd6	7
64250	0086cd00	2
64251	0086cd19	2
64252	0086cd32	2
30319	0086cd50	0
30320	0086cd50	3
30321	0086cd90	5
30322	0086ce30	1
30323	0086ce40	4
64242	0086cec0	2
30324	0086ced6	2
64243	0086cf8e	3
64244	0086cfa4	2
30325	0086cfc0	2
30326	0086cff0	2
30327	0086d030	3
64219	0086d090	3
64220	0086d0a6	4
64221	0086d129	2
64222	0086d142	2
64223	0086d158	3
64224	0086d16e	4
64225	0086d1f1	2
64226	0086d20a	2
64227	0086d220	3
64228	0086d236	4
64229	0086d2b2	2
64230	0086d2cb	2
64231	0086d2e1	3
64232	0086d2f7	4
64233	0086d373	2
64234	0086d38c	2
64235	0086d3a2	3
64236	0086d3b8	4
64237	0086d434	2
64238	0086d44d	2
30328	0086d463	9
64239	0086d53d	3
30329	0086d59c	15
30330	0086d6f2	2
30331	0086d748	2
30332	0086d7a4	3
64240	0086d80f	3
64241	0086d825	2
30333	0086d840	0
30334	0086d840	3
30335	0086d880	2
30336	0086d8b0	0
30337	0086d8b0	3
30338	0086d8f0	2
30339	0086d920	4
30340	0086d9b2	2
30341	0086d9df	0
30342	0086d9f5	4
30343	0086da28	8
30344	0086db00	0
30345	0086db00	3
64205	0086db40	2
64206	0086db51	2
64207	0086db6b	2
64208	0086db7c	2
64209	0086db9c	2
64210	0086dbad	2
64211	0086dbc7	2
64212	0086dbd8	2
64213	0086dbf2	2
64214	0086dc03	2
64215	0086dc1d	2
64216	0086dc2e	2
30346	0086dc48	21
30347	0086ded5	29
64217	0086e1c6	3
64218	0086e1dc	2
30348	0086e200	0
30349	0086e200	3
30350	0086e240	5
30351	0086e2e0	2
30352	0086e340	0
30353	0086e390	1
30354	0086e3a0	1
30355	0086e3b0	0
30356	0086e3cb	4
30357	0086e413	0
30358	0086e41d	2
30359	0086e441	0
30360	0086e44b	2
30361	0086e47b	3
30362	0086e4e1	6
30363	0086e5b4	10
30364	0086e6c8	4
30365	0086e754	5
30366	0086e7ec	3
30367	0086e850	0
30368	0086e850	3
30369	0086e890	0
30370	0086e890	3
30371	0086e8d0	2
30372	0086e900	2
30373	0086e930	0
30374	0086e930	3
30375	0086e970	2
30376	0086e9b0	2
30377	0086ea10	0
64194	0086ea30	3
64195	0086ea46	2
64196	0086ea6d	2
64197	0086ea86	2
64198	0086ea9c	3
64199	0086eab2	2
64200	0086eac8	2
64201	0086eae1	2
30378	0086eaf7	2
30379	0086eb2f	2
30380	0086eb67	0
30381	0086eb71	12
30382	0086ec7b	3
30383	0086ecbe	8
30384	0086ed80	36
30385	0086f051	4
30386	0086f0bc	31
64202	0086f357	2
64203	0086f376	3
64204	0086f38c	2
30387	0086f3b0	3
30388	0086f410	3
30389	0086f470	3
30390	0086f4b0	0
30391	0086f4f0	3
30392	0086f570	0
30393	0086f5c0	2
30394	0086f5f0	3
30395	0086f630	0
30396	0086f650	0
30397	0086f670	4
30398	0086f6e0	2
30399	0086f720	2
30400	0086f750	17
30401	0086f9b0	2
30402	0086f9e0	2
30403	0086fa30	2
30404	0086fa80	2
30405	0086fab0	2
30406	0086fae0	2
30407	0086fb10	2
30408	0086fb40	2
30409	0086fb80	2
30410	0086fba0	2
30411	0086fbd0	3
30412	0086fc60	3
30413	0086fca0	3
30414	0086fd10	4
30415	0086fddb	3
64184	0086fe30	3
64185	0086fe46	2
64186	0086fe5c	2
64187	0086fe75	2
64188	0086fe8b	3
64189	0086fea1	2
64190	0086feb7	2
64191	0086fed0	2
30416	0086fee6	7
30417	0086ffa6	12
30418	0087009b	2
30419	008700ce	9
30420	008701e2	10
30421	0087032a	10
30422	00870470	3
30423	0087049c	3
30424	0087050a	5
30425	0087059f	8
30426	008706bb	8
30427	008707d7	8
30428	008708f5	8
30429	00870a23	8
30430	00870b69	17
30431	00870d4e	25
64192	00871089	3
64193	0087109f	2
30432	008710c0	2
30433	00871100	0
30434	00871100	3
30435	00871140	3
30436	00871190	0
30437	00871190	3
30438	008711d0	2
30439	00871200	0
30440	00871220	3
30441	00871260	0
30442	008712a0	3
30443	00871310	7
30444	008713e0	0
30445	00871400	0
30446	00871420	0
30447	00871470	2
30448	008714a0	2
30449	008714d0	3
30450	00871510	4
30451	00871580	3
30452	008715c0	4
30453	00871630	0
30454	00871680	4
30455	008716e0	2
30456	00871720	2
30457	00871770	2
30458	008717a0	2
30459	008717d0	4
30460	00871830	17
30461	00871a70	2
30462	00871aa0	2
30463	00871ad0	2
30464	00871b20	0
30465	00871b60	2
30466	00871b90	0
30467	00871bc0	0
30468	00871c00	2
30469	00871c60	0
64142	00871c70	3
64143	00871c86	4
64144	00871d09	2
64145	00871d22	2
64146	00871d38	3
64147	00871d4e	4
64148	00871dca	2
64149	00871de3	2
64150	00871df9	3
64151	00871e0f	4
64152	00871e8b	2
64153	00871ea4	2
64154	00871eba	3
64155	00871ed0	4
64156	00871f4c	2
64157	00871f65	2
64158	00871f7b	3
64159	00871f91	4
64160	0087200d	2
64161	00872026	2
64162	0087203c	3
64163	00872052	4
64164	008720ce	2
64165	008720e7	2
64166	008720fd	3
64167	00872113	4
64168	0087218f	2
64169	008721a8	2
64170	008721be	3
64171	008721d4	4
64172	00872250	2
64173	00872269	2
64174	0087227f	3
64175	00872295	4
64176	00872311	2
64177	0087232a	2
64178	00872340	3
64179	00872356	4
64180	008723d2	2
64181	008723eb	2
30470	00872401	100
30471	00872d33	60
30472	008733f6	2
64182	00873421	3
64183	00873437	2
30473	00873450	0
30474	00873450	3
30475	00873490	3
30476	008734f0	4
30477	008735a0	6
30478	00873660	2
30479	00873690	2
30480	008736c0	2
30481	008736f0	2
30482	00873720	2
30483	00873780	2
30484	008737d0	3
30485	00873860	2
30486	008738a0	0
30487	008738a0	3
30488	008738e0	3
30489	00873960	0
30490	00873960	3
30491	008739a0	2
30492	008739d0	3
30493	00873a50	0
30494	00873a70	0
30495	00873a70	3
30496	00873ab0	0
30497	00873ab0	3
30498	00873af0	0
30499	00873b10	3
30500	00873b70	4
30501	00873be0	2
30502	00873c10	0
30503	00873c30	0
30504	00873c50	1
30505	00873c60	1
30506	00873c70	1
64085	00873c80	2
64086	00873c91	2
64087	00873cab	3
64088	00873cc1	4
64089	00873d44	2
64090	00873d5d	2
64091	00873d73	3
64092	00873d89	4
64093	00873e0c	2
64094	00873e25	2
30507	00873e3b	0
30508	00873e4f	0
30509	00873e63	0
30510	00873e7b	0
30511	00873e93	0
30512	00873eab	0
30513	00873ebf	0
30514	00873ed7	0
30515	00873eef	7
30516	00873fa6	2
30517	00873fcd	2
30518	00873ff4	0
30519	0087400c	3
30520	00874055	3
30521	008740a3	3
30522	008740ec	3
30523	0087413a	3
30524	00874188	6
30525	0087421d	74
64095	008746ff	3
64096	00874715	4
64097	00874791	2
64098	008747aa	2
30526	008747c0	18
64099	008748d2	9
30527	00874983	201
30528	00875c14	3
30529	00875c54	3
30530	00875c94	10
64100	00875d97	3
64101	00875dad	4
64102	00875e29	2
64103	00875e42	2
30531	00875e58	118
30532	0087663b	3
30533	0087666f	6
64104	008766f3	3
64105	00876709	4
64106	00876785	2
64107	0087679e	2
64108	008767b4	3
64109	008767ca	4
64110	00876846	2
64111	0087685f	2
64112	00876875	3
64113	0087688b	4
64114	00876907	2
64115	00876920	2
64116	00876936	3
64117	0087694c	4
64118	008769c8	2
64119	008769e1	2
64120	008769f7	3
64121	00876a0d	4
64122	00876a89	2
64123	00876aa2	2
30534	00876ab8	108
30535	00877591	5
30536	0087762f	10
30537	008776f5	19
64124	008778fe	2
64125	0087790f	2
64126	00877929	2
64127	0087793a	0
64128	0087794c	3
64129	00877962	4
64130	008779de	2
64131	008779f7	2
64132	00877a0d	3
64133	00877a23	4
64134	00877a9f	2
64135	00877ab8	2
30538	00877ace	220
30539	008790d6	64
30540	00879741	38
30541	00879b8f	18
30542	00879d2e	2
30543	00879d58	14
30544	00879e85	18
30545	00879fe8	22
30546	0087a19a	8
30547	0087a273	2
30548	0087a2a5	22
30549	0087a457	46
64136	0087a846	3
64137	0087a85c	2
64138	0087a875	7
64139	0087a89f	2
64140	0087a8b8	2
64141	0087a8d1	2
30550	0087a8f0	2
30551	0087a920	2
30552	0087a950	0
30553	0087a950	3
30554	0087a990	0
30555	0087a990	3
30556	0087a9d0	4
30557	0087aa40	8
30558	0087ab00	5
30559	0087ab90	0
30560	0087abb0	0
30561	0087abd0	0
30562	0087abf0	2
30563	0087ac30	0
30564	0087ac50	0
30565	0087ac50	3
30566	0087ac90	27
30567	0087aea0	9
30568	0087af70	7
30569	0087b010	7
30570	0087b0b0	9
30571	0087b170	5
30572	0087b1f0	2
30573	0087b220	2
30574	0087b260	0
30575	0087b260	3
30576	0087b2a0	3
30577	0087b310	0
30578	0087b310	3
30579	0087b350	3
30580	0087b3b0	2
30581	0087b3e0	0
30582	0087b400	0
30583	0087b420	0
30584	0087b440	0
30585	0087b460	0
30586	0087b480	0
30587	0087b4a0	2
30588	0087b4d0	0
30589	0087b510	3
30590	0087b580	0
30591	0087b5a0	0
30592	0087b5c0	0
30593	0087b610	2
30594	0087b640	3
30595	0087b680	9
30596	0087b770	0
30597	0087b7b0	3
30598	0087b830	7
30599	0087b900	0
30600	0087b950	2
30601	0087b980	3
30602	0087b9c0	4
30603	0087ba60	6
30604	0087bae0	24
30605	0087bc90	4
30606	0087bcf0	2
30607	0087bd30	2
30608	0087bd60	0
30609	0087bdb0	0
30610	0087bdd0	0
30611	0087bdf0	4
30612	0087be60	2
30613	0087bea0	2
30614	0087bef0	2
30615	0087bf20	2
30616	0087bf50	0
30617	0087bfa0	0
30618	0087bfc0	0
30619	0087bfe0	17
30620	0087c220	2
30621	0087c270	2
30622	0087c2a0	2
30623	0087c2d0	17
30624	0087c530	2
30625	0087c560	2
30626	0087c590	2
30627	0087c5e0	2
30628	0087c610	2
30629	0087c660	2
30630	0087c690	2
30631	0087c6c0	2
30632	0087c6f0	0
30633	0087c710	0
30634	0087c730	4
30635	0087c7d0	4
30636	0087c880	4
30637	0087c930	4
30638	0087c9e0	6
30639	0087caa0	2
30640	0087cad0	2
30641	0087cb00	4
30642	0087cbb0	4
30643	0087cc60	2
30644	0087cc90	0
30645	0087ccb0	3
30646	0087cce0	3
30647	0087cd10	3
30648	0087cd40	3
30649	0087cd70	3
30650	0087cda0	3
30651	0087cdd0	3
30652	0087ce00	3
30653	0087ce30	3
30654	0087ce60	0
30655	0087ce70	0
30656	0087cea0	2
30657	0087cee0	2
30658	0087cf10	2
30659	0087cf40	2
30660	0087cf80	2
30661	0087cfb0	2
30662	0087cfd0	2
30663	0087d000	2
30664	0087d040	3
30665	0087d0d0	2
30666	0087d0f0	3
30667	0087d180	3
30668	0087d1c0	9
30669	0087d290	9
30670	0087d3a0	3
30671	0087d3e0	7
30672	0087d470	7
30673	0087d540	2
30674	0087d570	2
30675	0087d5a0	2
30676	0087d5d0	2
30677	0087d620	2
30678	0087d660	2
30679	0087d6c0	2
30680	0087d700	2
30681	0087d760	2
30682	0087d7b0	3
30683	0087d840	2
30684	0087d880	2
30685	0087d8e0	2
30686	0087d920	2
30687	0087d980	2
30688	0087d9d0	0
30689	0087d9d0	3
30690	0087da10	0
30691	0087da10	3
30692	0087da50	0
30693	0087da50	3
30694	0087da90	3
30695	0087db10	0
30696	0087db10	3
30697	0087db50	0
30698	0087db50	3
30699	0087db90	0
30700	0087db90	3
30701	0087dbd0	2
30702	0087dc00	2
30703	0087dc30	2
30704	0087dc60	3
30705	0087dce0	0
30706	0087dd00	0
30707	0087dd00	3
30708	0087dd40	0
30709	0087dd40	3
30710	0087dd80	0
30711	0087dda0	3
30712	0087de00	2
30713	0087de30	2
30714	0087de60	4
30715	0087ded0	2
30716	0087df00	2
30717	0087df30	2
30718	0087df60	2
30719	0087df90	7
30720	0087e020	0
30721	0087e030	6
30722	0087e0f0	6
30723	0087e1b0	6
30724	0087e270	6
30725	0087e330	6
30726	0087e3f0	6
30727	0087e4b0	6
30728	0087e570	6
30729	0087e630	6
30730	0087e6f0	2
30731	0087e720	0
30732	0087e740	0
30733	0087e760	3
30734	0087e790	10
30735	0087e900	5
30736	0087e9a0	11
30737	0087ea80	15
30738	0087ebe0	3
30739	0087ec10	10
30740	0087ed80	5
30741	0087ee20	11
30742	0087ef00	3
30743	0087ef30	10
30744	0087f0a0	5
30745	0087f140	11
30746	0087f220	3
30747	0087f250	10
30748	0087f3c0	5
30749	0087f460	12
30750	0087f550	3
30751	0087f580	10
30752	0087f6f0	5
30753	0087f790	3
30754	0087f7c0	10
30755	0087f930	5
30756	0087f9d0	11
30757	0087fab0	3
30758	0087fae0	10
30759	0087fc50	5
30760	0087fcf0	11
30761	0087fdd0	3
30762	0087fe00	10
30763	0087ff70	5
30764	00880010	11
30765	00880110	3
30766	00880140	10
30767	008802b0	5
30768	00880350	12
30769	00880440	8
30770	00880540	14
30771	008806f0	5
30772	008807c0	8
30773	008808c0	14
30774	00880a70	5
30775	00880b40	8
30776	00880c40	14
30777	00880df0	5
30778	00880ec0	8
30779	00880fc0	14
30780	00881170	5
30781	00881240	8
30782	00881340	14
30783	008814f0	5
30784	008815c0	8
30785	008816c0	14
30786	00881870	5
30787	00881940	8
30788	00881a40	14
30789	00881bf0	5
30790	00881cc0	8
30791	00881dc0	14
30792	00881f70	5
30793	00882040	8
30794	00882140	14
30795	008822f0	5
30796	008823c0	3
30797	008823f0	5
30798	00882470	1
30799	00882480	1
30800	00882490	1
30801	008824a0	1
30802	008824b0	1
30803	008824c0	1
30804	008824d0	1
63956	008824e0	3
63957	008824f6	4
63958	00882579	2
63959	00882592	2
63960	008825a8	3
63961	008825be	4
63962	00882641	2
63963	0088265a	2
63964	00882670	3
63965	00882686	4
63966	00882702	2
63967	0088271b	2
63968	00882731	3
63969	00882747	4
63970	008827c3	2
63971	008827dc	2
63972	008827f2	3
63973	00882808	4
63974	00882884	2
63975	0088289d	2
63976	008828b3	3
63977	008828c9	4
63978	00882945	2
63979	0088295e	2
63980	00882974	3
63981	0088298a	4
63982	00882a06	2
63983	00882a1f	2
63984	00882a35	3
63985	00882a4b	4
63986	00882ac7	2
63987	00882ae0	2
63988	00882af6	3
63989	00882b0c	4
63990	00882b88	2
63991	00882ba1	2
63992	00882bb7	3
63993	00882bcd	4
63994	00882c49	2
63995	00882c62	2
63996	00882c78	3
63997	00882c8e	4
63998	00882d0a	2
63999	00882d23	2
64000	00882d39	3
64001	00882d4f	4
64002	00882dcb	2
64003	00882de4	2
64004	00882dfa	3
64005	00882e10	4
64006	00882e8c	2
64007	00882ea5	2
64008	00882ebb	3
64009	00882ed1	4
64010	00882f4d	2
64011	00882f66	2
64012	00882f7c	3
64013	00882f92	12
64014	00883043	2
64015	0088305c	2
64016	0088307b	3
64017	00883091	4
64018	00883114	2
64019	0088312d	2
64020	00883143	3
64021	00883159	4
64022	008831dc	2
64023	008831f5	2
64024	0088320b	3
64025	00883221	4
64026	0088329d	2
64027	008832b6	2
64028	008832cc	3
64029	008832e2	4
64030	0088335e	2
64031	00883377	2
30805	0088338d	96
30806	00883d9a	8
30807	00883e46	0
64032	00883e68	3
64033	00883e7e	4
64034	00883efa	2
64035	00883f13	2
30808	00883f29	21
30809	008841c4	5
30810	008842f2	43
64036	00884773	3
64037	00884789	4
64038	00884805	2
64039	0088481e	2
30811	00884834	16
64040	0088498f	3
64041	008849a5	16
64042	00884af2	2
64043	00884b0b	2
64044	00884b2a	3
64045	00884b40	16
64046	00884c8d	2
64047	00884ca6	2
30812	00884cc5	18
30813	00884e3d	3
30814	00884e97	3
30815	00884ef1	3
30816	00884fa6	5
30817	008850cb	6
64048	0088522f	2
64049	0088529c	2
64050	008852fc	3
64051	00885312	4
64052	0088538e	2
64053	008853a7	2
64054	008853bd	3
64055	008853d3	4
64056	0088544f	2
64057	00885468	2
30818	0088547e	46
30819	008859d9	6
30820	00885abf	2
30821	00885af1	4
30822	00885b42	15
64058	00885c8d	3
64059	00885ca3	4
64060	00885d1f	2
64061	00885d38	2
64062	00885d4e	3
64063	00885d64	4
64064	00885de0	2
64065	00885df9	2
64066	00885e0f	3
64067	00885e25	4
64068	00885ea1	2
64069	00885eba	2
64070	00885ed0	3
64071	00885ee6	4
64072	00885f62	2
64073	00885f7b	2
64074	00885f91	3
64075	00885fa7	4
64076	00886023	2
64077	0088603c	2
64078	00886052	3
64079	00886068	4
64080	008860e4	2
64081	008860fd	2
30823	00886113	450
64082	0088918c	43
64083	0088963c	3
64084	00889652	2
30824	00889670	0
30825	00889670	3
30826	008896b0	18
30827	00889830	2
30828	00889890	0
30829	008898b0	2
30830	008898e0	2
30831	00889910	3
30832	00889940	0
30833	00889980	3
30834	008899f0	4
30835	00889a60	2
30836	00889aa0	2
30837	00889ad0	2
30838	00889b00	4
30839	00889bb0	3
30840	00889be0	4
30841	00889c90	6
30842	00889d50	2
30843	00889d80	2
30844	00889db0	4
30845	00889e60	0
30846	00889e70	2
30847	00889ea0	2
30848	00889ed0	2
30849	00889f30	2
30850	00889f70	2
30851	00889fd0	2
30852	0088a020	3
30853	0088a0b0	2
30854	0088a0f0	2
30855	0088a150	2
30856	0088a1a0	0
30857	0088a1a0	3
30858	0088a1e0	0
30859	0088a1e0	3
30860	0088a220	3
30861	0088a2a0	0
30862	0088a2a0	3
30863	0088a2e0	0
30864	0088a2e0	3
30865	0088a320	2
30866	0088a350	2
30867	0088a380	3
30868	0088a400	0
30869	0088a420	0
30870	0088a420	3
30871	0088a460	0
30872	0088a460	3
30873	0088a4a0	0
30874	0088a4c0	3
30875	0088a520	2
30876	0088a550	4
30877	0088a5c0	0
30878	0088a5d0	6
30879	0088a690	2
30880	0088a6c0	0
30881	0088a6e0	0
30882	0088a700	3
30883	0088a730	10
30884	0088a8c0	5
30885	0088a960	8
30886	0088aa60	14
30887	0088ac10	5
30888	0088ace0	3
30889	0088ad10	5
30890	0088ada0	1
30891	0088adb0	1
30892	0088adc0	1
30893	0088add0	1
30894	0088ade0	1
30895	0088adf0	3
63955	0088ae35	2
30896	0088ae4b	0
30897	0088ae70	2
30898	0088aea0	0
30899	0088aea0	3
30900	0088aee0	2
30901	0088af10	4
30902	0088af86	2
30903	0088afad	13
30904	0088b0f4	15
30905	0088b26c	7
30906	0088b33c	9
63953	0088b405	3
63954	0088b41b	2
30907	0088b440	0
30908	0088b480	7
30909	0088b550	3
30910	0088b590	4
30911	0088b5d0	0
30912	0088b620	0
30913	0088b640	4
30914	0088b6a0	5
30915	0088b710	17
30916	0088b950	2
30917	0088b9a0	2
30918	0088b9d0	0
30919	0088b9f0	2
30920	0088ba30	2
30921	0088ba60	2
30922	0088baa0	2
63943	0088bad0	2
63944	0088bae1	2
63945	0088bafb	2
63946	0088bb0c	2
30923	0088bb24	6
30924	0088bbbe	6
30925	0088bc60	3
30926	0088bcd1	4
63947	0088bd24	3
63948	0088bd3a	2
63949	0088bd53	7
63950	0088bd7d	2
63951	0088bd96	2
63952	0088bdaf	2
30927	0088bdd0	0
30928	0088be10	2
30929	0088be40	2
30930	0088be80	3
30931	0088bed0	3
30932	0088bf10	2
30933	0088bf40	3
30934	0088bfd0	4
30935	0088c100	0
30936	0088c100	3
30937	0088c140	4
30938	0088c180	2
30939	0088c1b0	1
30940	0088c1c0	1
30941	0088c1d0	21
30942	0088c3b8	9
30943	0088c4a1	0
30944	0088c4b5	0
30945	0088c4c9	9
30946	0088c5b2	3
30947	0088c624	3
30948	0088c69f	3
30949	0088c6ed	3
30950	0088c73f	5
30951	0088c7bd	2
30952	0088c815	2
30953	0088c84b	2
30954	0088c88f	2
30955	0088c8d3	3
30956	0088c91c	3
30957	0088c965	5
30958	0088c9e9	3
30959	0088ca3e	2
63941	0088ca76	3
63942	0088ca8c	2
30960	0088cab0	0
30961	0088cab0	3
30962	0088caf0	3
30963	0088cb30	2
30964	0088cb60	3
30965	0088cbc0	0
30966	0088cbc0	3
30967	0088cc00	0
30968	0088cc00	3
30969	0088cc40	2
30970	0088cc70	2
30971	0088cca0	2
63935	0088ccd0	3
63936	0088cce6	3
63937	0088cd2e	2
63938	0088cd47	2
30972	0088cd66	3
63939	0088cdc3	3
63940	0088cdd9	2
30973	0088ce00	0
63921	0088ce20	3
63922	0088ce36	2
63923	0088ce4c	2
63924	0088ce65	2
63925	0088ce7b	3
63926	0088ce91	2
63927	0088cea7	2
63928	0088cec0	2
63929	0088ced6	2
63930	0088cee7	2
30974	0088cefd	6
30975	0088cf7c	5
30976	0088cff1	2
30977	0088d031	0
30978	0088d04d	9
30979	0088d122	9
30980	0088d1fb	5
30981	0088d278	4
30982	0088d2d8	2
30983	0088d30a	2
30984	0088d340	2
30985	0088d37a	3
63931	0088d3bc	3
63932	0088d401	2
30986	0088d417	3
30987	0088d45d	3
30988	0088d4a7	7
30989	0088d53f	3
63933	0088d55f	3
63934	0088d575	2
30990	0088d590	2
30991	0088d5c0	2
30992	0088d600	0
30993	0088d620	2
30994	0088d650	2
30995	0088d690	2
30996	0088d6c0	2
30997	0088d6f0	0
30998	0088d730	3
30999	0088d7a0	0
31000	0088d7c0	0
31001	0088d810	2
31002	0088d840	2
31003	0088d870	17
31004	0088dab0	0
31005	0088daf0	3
31006	0088db70	0
31007	0088db90	0
31008	0088dbe0	2
31009	0088dc10	2
31010	0088dc40	17
31011	0088dea0	0
31012	0088dec0	0
31013	0088dee0	2
31014	0088df20	2
31015	0088df70	2
31016	0088dfc0	2
31017	0088dff0	2
31018	0088e020	0
31019	0088e040	0
31020	0088e060	2
31021	0088e0a0	2
31022	0088e0f0	2
31023	0088e140	2
31024	0088e170	2
31025	0088e1a0	2
31026	0088e1d0	2
31027	0088e200	2
31028	0088e230	2
31029	0088e260	3
31030	0088e2f0	0
31031	0088e320	0
31032	0088e350	2
31033	0088e380	2
31034	0088e3c0	2
31035	0088e3f0	2
31036	0088e420	2
31037	0088e480	0
31038	0088e490	3
31039	0088e520	2
31040	0088e540	2
31041	0088e580	2
31042	0088e5c0	3
31043	0088e600	6
31044	0088e680	24
31045	0088e830	0
31046	0088e880	0
31047	0088e8a0	0
63915	0088e8d0	3
63916	0088e8e6	2
63917	0088e90a	2
63918	0088e923	2
31048	0088e939	3
31049	0088e986	2
63919	0088e9c4	3
63920	0088e9da	2
31050	0088ea00	2
31051	0088ea30	2
31052	0088ea70	5
31053	0088eb30	3
31054	0088eb90	7
63901	0088ec50	2
63902	0088ec61	2
63903	0088ec7b	2
63904	0088ec8c	2
63905	0088ecac	2
63906	0088ecbd	2
63907	0088ecd7	2
63908	0088ece8	2
63909	0088ed02	2
63910	0088ed13	2
63911	0088ed2d	2
63912	0088ed3e	2
31055	0088ed58	7
31056	0088ee2b	5
63913	0088eea3	3
63914	0088eeb9	2
31057	0088eee0	0
31058	0088eee0	3
31059	0088ef20	2
31060	0088ef50	5
31061	0088eff0	6
31062	0088f070	0
31063	0088f090	1
31064	0088f0a0	1
31065	0088f0b0	0
31066	0088f0ba	0
31067	0088f0c4	0
31068	0088f0ce	0
31069	0088f0d8	0
31070	0088f0e2	0
31071	0088f0ec	0
31072	0088f0f6	0
31073	0088f100	0
31074	0088f10a	2
31075	0088f134	2
31076	0088f15e	0
31077	0088f16b	2
31078	0088f197	2
31079	0088f1c1	2
31080	0088f1ed	2
31081	0088f219	2
31082	0088f245	0
31083	0088f252	2
31084	0088f27e	2
31085	0088f2aa	2
31086	0088f2d6	2
31087	0088f302	0
31088	0088f30c	2
31089	0088f338	0
31090	0088f342	2
31091	0088f36e	0
31092	0088f378	0
31093	0088f382	0
31094	0088f38c	2
31095	0088f3b8	0
31096	0088f3c2	0
31097	0088f3cc	21
63899	0088f74d	3
63900	0088f763	2
63841	0088f780	3
63842	0088f796	4
63843	0088f812	2
63844	0088f82b	2
63845	0088f841	3
63846	0088f857	4
63847	0088f8da	2
63848	0088f8f3	2
63849	0088f909	3
63850	0088f91f	4
63851	0088f99b	2
63852	0088f9b4	2
63853	0088f9ca	3
63854	0088f9e0	4
63855	0088fa5c	2
63856	0088fa75	2
63857	0088fa8b	3
63858	0088faa1	4
63859	0088fb1d	2
63860	0088fb36	2
63861	0088fb4c	3
63862	0088fb62	4
63863	0088fbde	2
63864	0088fbf7	2
63865	0088fc0d	3
63866	0088fc23	4
63867	0088fc9f	2
63868	0088fcb8	2
63869	0088fcce	3
63870	0088fce4	4
63871	0088fd60	2
63872	0088fd79	2
63873	0088fd8f	3
63874	0088fda5	4
63875	0088fe21	2
63876	0088fe3a	2
63877	0088fe50	3
63878	0088fe66	4
63879	0088fee2	2
63880	0088fefb	2
63881	0088ff11	3
63882	0088ff27	4
63883	0088ffa3	2
63884	0088ffbc	2
31098	0088ffd2	60
31099	008905bb	119
63885	008911ff	3
63886	00891215	4
63887	00891291	2
63888	008912aa	2
63889	008912c0	3
63890	008912d6	4
63891	00891352	2
63892	0089136b	2
63893	00891381	3
63894	00891397	4
63895	00891413	2
63896	0089142c	2
31100	00891442	55
31101	0089197b	0
31102	008919a8	0
31103	008919d5	2
31104	00891a04	2
31105	00891a33	2
31106	00891a62	2
31107	00891a91	0
31108	00891ab1	3
31109	00891afa	6
31110	00891b6b	12
63897	00891c62	3
63898	00891c78	2
31111	00891ca0	0
31112	00891ca0	3
31113	00891ce0	3
31114	00891d40	0
31115	00891d60	4
31116	00891e10	4
31117	00891ec0	4
31118	00891f70	2
31119	00891fd0	2
31120	00892020	2
31121	00892080	2
31122	008920c0	2
31123	00892120	2
31124	00892170	0
31125	00892170	3
31126	008921b0	0
31127	008921b0	3
31128	008921f0	0
31129	008921f0	3
31130	00892230	2
31131	00892260	2
31132	00892290	2
31133	008922c0	1
31134	008922d0	1
31135	008922e0	1
31136	008922f0	2
31137	00892334	3
31138	00892396	7
31139	008924d2	2
31140	00892548	2
31141	008925a5	2
31142	0089265b	2
31143	008926e0	2
31144	00892765	0
63839	0089277d	3
63840	00892793	2
31145	008927b0	3
31146	00892830	0
31147	00892830	3
31148	00892870	3
31149	008928e0	0
31150	008928e0	3
63835	00892920	2
63836	00892931	2
31151	0089294b	4
31152	00892993	4
31153	008929d5	5
31154	00892a7e	5
31155	00892aed	5
31156	00892b59	4
31157	00892be9	30
31158	00892fcd	9
31159	008930d2	22
31160	008933dc	2
31161	0089341a	2
31162	0089345e	2
31163	008934a2	2
31164	008934da	2
31165	00893512	4
31166	008935be	4
31167	0089366a	3
31168	00893708	7
31169	008937ec	4
31170	008938b4	2
31171	008938f2	2
31172	00893936	2
31173	0089397a	2
31174	008939be	2
31175	008939f6	2
31176	00893a2e	4
31177	00893ada	8
31178	00893bc8	6
63837	00893c7e	3
63838	00893c94	2
31179	00893cb0	0
31180	00893cb0	3
31181	00893cf0	2
31182	00893d20	0
31183	00893d50	0
31184	00893d80	3
31185	00893dd0	3
31186	00893e30	0
31187	00893e30	3
31188	00893e70	2
31189	00893ea0	4
31190	00893f30	2
31191	00893f60	3
31192	00893fc0	2
31193	00893ff0	0
31194	00893ff0	3
31195	00894030	2
31196	00894060	4
31197	008940f0	2
31198	00894120	3
31199	00894180	2
31200	008941b0	3
31201	00894210	5
31202	008942c0	3
31203	00894300	0
31204	00894340	2
31205	00894370	0
31206	008943b0	2
31207	008943e0	10
31208	008944e0	0
31209	00894500	4
31210	00894560	4
31211	008945c0	43
31212	00894b50	15
31213	00894d70	11
31214	00894e80	0
31215	00894ea0	0
31216	00894f10	2
31217	00894f50	0
31218	00894f70	0
31219	00894fe0	2
31220	00895050	2
31221	008950c0	2
31222	00895100	3
31223	00895180	3
31224	00895200	0
31225	00895230	7
31226	00895310	19
31227	008955d0	2
31228	00895600	4
31229	00895680	4
31230	00895700	7
31231	00895800	6
31232	00895890	0
31233	008958e0	2
31234	00895950	0
31235	00895980	2
31236	008959b0	2
31237	008959e0	2
31238	00895a10	0
31239	00895a90	3
31240	00895ae0	0
31241	00895b10	2
31242	00895b50	2
31243	00895b80	2
31244	00895bc0	2
31245	00895bf0	12
31246	00895df0	16
31247	00896090	7
31248	008961a0	6
31249	00896290	0
31250	008962d0	2
31251	00896300	0
31252	008963d0	2
31253	00896400	2
31254	00896430	2
31255	00896470	2
31256	008964b0	2
31257	008964f0	4
31258	00896590	0
31259	008965b0	2
31260	008965f0	0
31261	00896640	0
31262	00896660	0
31263	00896680	2
31264	008966b0	2
31265	008966e0	2
31266	00896720	2
31267	00896750	2
31268	00896780	2
31269	008967c0	2
31270	008967f0	2
31271	00896830	2
31272	00896860	0
31273	00896880	2
31274	008968b0	2
31275	008968e0	2
31276	00896920	2
31277	00896950	2
31278	00896980	2
31279	008969c0	2
31280	008969f0	2
31281	00896a30	2
31282	00896a60	0
31283	00896a80	0
31284	00896aa0	9
31285	00896ba0	13
31286	00896d20	2
31287	00896d60	0
31288	00896d60	3
31289	00896da0	2
31290	00896dd0	2
31291	00896e00	2
31292	00896e30	2
31293	00896e80	2
31294	00896ec0	2
31295	00896f00	2
31296	00896f40	0
31297	00896f60	5
31298	00897010	2
31299	00897050	4
31300	008970b0	2
31301	008970e0	7
31302	00897180	2
31303	008971c0	9
31304	008972c0	13
31305	00897440	2
31306	00897480	0
31307	00897480	3
31308	008974c0	2
31309	008974f0	2
31310	00897520	2
31311	00897570	2
31312	008975b0	2
31313	008975f0	2
31314	00897630	0
31315	00897650	5
31316	00897700	2
31317	00897730	0
31318	00897730	3
31319	00897770	3
31320	008977e0	2
31321	00897810	0
31322	00897830	4
31323	00897890	2
31324	008978c0	7
31325	00897960	2
31326	008979a0	4
31327	008979e0	8
31328	00897ae0	2
31329	00897b20	4
31330	00897bb0	6
31331	00897c20	6
31332	00897c90	0
31333	00897d00	0
31334	00897d30	2
31335	00897d50	7
31336	00897db0	6
31337	00897e20	2
31338	00897e90	7
31339	00897f00	2
31340	00897f30	2
31341	00897f60	0
31342	00897f90	0
31343	00897f90	3
31344	00897fd0	0
31345	00897fd0	3
31346	00898010	0
31347	00898010	3
31348	00898050	2
31349	00898080	0
31350	00898080	3
31351	008980c0	2
31352	008980f0	0
31353	008980f0	3
31354	00898130	0
31355	00898130	3
31356	00898170	2
31357	008981b0	0
31358	008981d0	2
31359	00898210	2
31360	00898240	0
31361	00898240	3
31362	00898280	2
31363	008982c0	0
31364	008982c0	3
31365	00898300	0
31366	00898320	0
31367	00898320	3
31368	00898360	0
31369	00898360	3
31370	008983a0	0
31371	00898410	0
31372	00898450	7
31373	00898520	0
31374	00898540	0
31375	00898560	0
31376	008985b0	2
31377	008985e0	3
31378	00898620	0
31379	00898660	7
31380	00898730	0
31381	00898750	0
31382	00898770	0
31383	008987c0	2
31384	008987f0	3
31385	00898830	0
31386	00898850	2
31387	00898880	0
31388	008988a0	0
31389	008988c0	0
31390	00898900	3
31391	00898990	0
31392	008989b0	0
31393	008989d0	34
31394	00898d10	0
31395	00898d60	0
31396	00898d80	4
31397	00898df0	2
31398	00898e40	2
31399	00898e70	0
31400	00898ec0	0
31401	00898ee0	4
31402	00898f50	2
31403	00898fa0	2
31404	00898fd0	3
31405	00899010	4
31406	00899070	0
31407	00899090	17
31408	008992f0	2
31409	00899320	0
31410	00899340	17
31411	008995a0	2
31412	008995d0	2
31413	00899620	2
31414	00899670	3
31415	008996f0	3
31416	00899760	3
31417	008997e0	0
31418	00899800	8
31419	008998f0	8
31420	008999e0	2
31421	00899a10	2
31422	00899a40	2
31423	00899a70	2
31424	00899ab0	3
31425	00899b40	2
31426	00899b70	2
31427	00899bb0	3
31428	00899c40	0
31429	00899c40	3
31430	00899c80	2
31431	00899cb0	2
31432	00899cf0	2
31433	00899d20	2
31434	00899d60	2
31435	00899d90	2
31436	00899dd0	0
31437	00899dd0	3
31438	00899e10	0
31439	00899e30	3
31440	00899eb0	2
31441	00899f00	2
31442	00899f50	2
31443	00899fa0	2
31444	00899ff0	2
31445	0089a020	2
31446	0089a060	2
31447	0089a090	0
31448	0089a0b0	9
31449	0089a1a0	9
31450	0089a290	6
31451	0089a310	24
31452	0089a4d0	6
31453	0089a550	24
31454	0089a710	0
31455	0089a720	0
31456	0089a750	0
31457	0089a760	0
31458	0089a790	2
31459	0089a7d0	2
31460	0089a810	1
31461	0089a820	1
31462	0089a830	1
31463	0089a840	1
31464	0089a850	3
31465	0089a8ae	7
31466	0089a980	37
31467	0089ac17	18
31468	0089ad36	2
31469	0089ad6e	2
31470	0089ada6	2
31471	0089adde	0
31472	0089adf8	0
31473	0089ae72	0
31474	0089aeeb	0
31475	0089aefd	0
31476	0089af5f	2
31477	0089af8e	0
31478	0089b030	4
31479	0089b0b7	4
63833	0089b110	3
63834	0089b126	2
31480	0089b140	2
31481	0089b170	2
31482	0089b1a0	0
31483	0089b1c0	0
31484	0089b1e0	2
31485	0089b210	2
31486	0089b240	4
31487	0089b2f0	4
31488	0089b3a0	4
31489	0089b450	2
31490	0089b4a0	2
31491	0089b4e0	2
31492	0089b530	2
31493	0089b570	2
31494	0089b5c0	2
31495	0089b600	0
31496	0089b600	3
31497	0089b640	3
31498	0089b6c0	0
31499	0089b6c0	3
31500	0089b700	3
31501	0089b780	0
31502	0089b780	3
31503	0089b7c0	3
31504	0089b840	2
31505	0089b870	3
31506	0089b8f0	0
31507	0089b910	0
31508	0089b910	3
31509	0089b950	0
31510	0089b950	3
31511	0089b990	0
31512	0089b9b0	2
31513	0089b9e0	3
31514	0089ba60	0
31515	0089ba80	0
31516	0089ba80	3
31517	0089bac0	0
31518	0089bac0	3
31519	0089bb00	0
31520	0089bb20	2
31521	0089bb50	3
31522	0089bbd0	0
31523	0089bbf0	0
31524	0089bbf0	3
31525	0089bc30	0
31526	0089bc30	3
31527	0089bc70	0
31528	0089bc90	1
31529	0089bca0	1
31530	0089bcb0	1
31531	0089bcc0	1
31532	0089bcd0	1
31533	0089bce0	1
31534	0089bcf0	5
31535	0089bd64	4
31536	0089bdda	7
31537	0089be6c	4
31538	0089bede	6
31539	0089bf8a	4
31540	0089bffe	6
31541	0089c0aa	4
31542	0089c11d	6
31543	0089c1c9	4
31544	0089c23d	7
31545	0089c2e7	4
63831	0089c35a	3
63832	0089c370	2
31546	0089c390	0
31547	0089c3a0	0
31548	0089c3b0	0
31549	0089c3c0	0
31550	0089c3d0	0
31551	0089c3e0	0
31552	0089c3f0	0
31553	0089c400	0
31554	0089c410	7
31555	0089c4f0	6
31556	0089c5e0	2
63823	0089c610	2
63824	0089c621	2
31557	0089c63b	14
31558	0089c897	0
31559	0089c8ab	3
31560	0089c8f3	2
31561	0089c949	9
31562	0089caaa	3
31563	0089cb28	12
31564	0089cc8a	4
31565	0089cd16	12
31566	0089ce78	12
31567	0089cfda	3
31568	0089d029	8
31569	0089d14f	62
31570	0089d67b	6
31571	0089d723	21
31572	0089d923	5
31573	0089d9e4	3
31574	0089da1d	4
31575	0089da82	8
31576	0089db1e	6
31577	0089dba5	7
31578	0089dc52	6
31579	0089dcde	3
31580	0089dd33	32
31581	0089e08d	37
31582	0089e3d0	24
31583	0089e638	29
31584	0089e8fd	5
31585	0089e990	0
31586	0089e9aa	4
31587	0089ea56	3
31588	0089ea85	3
31589	0089eab4	2
31590	0089eadb	67
31591	0089f169	25
63825	0089f4d7	3
63826	0089f4ed	2
63827	0089f506	7
63828	0089f530	2
63829	0089f549	2
63830	0089f562	2
31592	0089f580	0
31593	0089f580	3
31594	0089f5c0	4
31595	0089f600	0
31596	0089f610	2
31597	0089f640	2
31598	0089f670	2
31599	0089f6a0	0
31600	0089f6c0	1
31601	0089f6d0	1
31602	0089f6e0	1
63815	0089f6f0	2
63816	0089f701	2
31603	0089f71b	5
31604	0089f779	10
31605	0089f86d	2
31606	0089f8af	3
31607	0089f8f8	9
31608	0089f9cf	5
31609	0089fa2e	8
31610	0089fae2	0
31611	0089fafa	3
31612	0089fba4	4
31613	0089fc21	3
63817	0089fc84	3
63818	0089fc9a	2
63819	0089fcb3	7
63820	0089fcdd	2
63821	0089fcf6	2
63822	0089fd0f	2
63807	0089fd30	2
63808	0089fd41	2
31614	0089fd5b	3
31615	0089fe33	3
31616	0089fe78	0
31617	0089fe90	0
63809	0089fea8	3
63810	0089febe	2
63811	0089fed7	7
63812	0089ff01	2
63813	0089ff1a	2
63814	0089ff33	2
31618	0089ff50	0
31619	0089ff50	3
31620	0089ff90	1
31621	0089ffa0	1
31622	0089ffb0	1
63799	0089ffc0	2
63800	0089ffd1	2
31623	0089ffeb	2
31624	008a0009	0
31625	008a0020	4
31626	008a00c4	3
31627	008a0128	5
31628	008a01e7	17
31629	008a036e	15
31630	008a04c6	9
31631	008a057e	25
63801	008a07a0	3
63802	008a07b6	2
63803	008a07cf	7
63804	008a07f9	2
63805	008a0812	2
63806	008a082b	2
31632	008a0850	0
31633	008a0880	4
31634	008a0918	0
31635	008a0933	8
31636	008a09f3	24
63797	008a0bb6	3
63798	008a0bcc	2
31637	008a0bf0	0
31638	008a0bf0	3
31639	008a0c30	0
31640	008a0c50	3
31641	008a0ca0	4
31642	008a0d20	0
31643	008a0d20	3
31644	008a0d60	3
31645	008a0db0	2
31646	008a0df0	0
31647	008a0e10	2
31648	008a0e50	2
31649	008a0ea0	22
31650	008a1155	10
31651	008a12e7	67
31652	008a18ee	3
31653	008a19e0	0
31654	008a1a00	0
31655	008a1a20	0
31656	008a1a40	0
31657	008a1a80	3
31658	008a1af0	7
31659	008a1bc0	0
31660	008a1c10	2
31661	008a1c40	3
31662	008a1c80	4
31663	008a1ce0	9
31664	008a1d60	2
31665	008a1d90	2
31666	008a1dc0	0
31667	008a1e10	2
31668	008a1e40	3
31669	008a1e80	2
31670	008a1eb0	0
31671	008a1f00	17
31672	008a2140	2
31673	008a2180	2
31674	008a21d0	0
31675	008a21f0	0
31676	008a2210	0
31677	008a2260	17
31678	008a24c0	5
31679	008a2530	0
31680	008a2550	0
31681	008a2570	4
31682	008a25e0	2
31683	008a2630	2
31684	008a2670	2
31685	008a26c0	2
31686	008a2710	2
31687	008a2740	2
31688	008a2770	17
31689	008a29d0	2
31690	008a2a00	2
31691	008a2a30	2
31692	008a2a70	2
31693	008a2ac0	2
31694	008a2b10	2
31695	008a2b40	2
31696	008a2b70	2
31697	008a2ba0	2
31698	008a2bd0	2
31699	008a2c00	2
31700	008a2c30	2
31701	008a2c60	2
31702	008a2c90	2
31703	008a2cd0	2
31704	008a2d10	2
31705	008a2d40	0
31706	008a2d70	0
31707	008a2db0	3
31708	008a2e40	2
31709	008a2e60	2
31710	008a2e90	2
31711	008a2ef0	0
31712	008a2f00	2
31713	008a2fc0	3
31714	008a3000	6
63782	008a3090	2
63783	008a30a1	2
63784	008a30bb	2
63785	008a30cc	2
63786	008a30ec	2
63787	008a30fd	2
63788	008a3117	2
63789	008a3128	2
63790	008a3142	2
63791	008a3153	2
63792	008a316d	2
63793	008a317e	2
31715	008a3198	8
31716	008a325b	12
31717	008a339e	37
63794	008a37f1	19
63795	008a39e7	3
63796	008a39fd	2
31718	008a3a20	0
31719	008a3a20	3
31720	008a3a60	2
31721	008a3a90	5
31722	008a3b10	24
31723	008a3cd0	4
31724	008a3d10	0
31725	008a3d60	5
31726	008a3dd0	0
31727	008a3e10	1
31728	008a3e20	6
63779	008a3f8a	2
31729	008a3ffe	4
31730	008a40da	2
31731	008a412c	0
63780	008a4140	3
63781	008a4156	2
31732	008a4170	0
31733	008a4170	3
31734	008a41b0	4
31735	008a41f0	2
31736	008a4220	4
31737	008a4390	1
31738	008a43a0	1
31739	008a43b0	1
63771	008a43c0	2
63772	008a43d1	2
31740	008a43eb	5
31741	008a44f5	0
31742	008a450d	0
31743	008a4527	0
31744	008a4541	0
31745	008a4559	0
31746	008a458f	0
31747	008a45c4	0
63773	008a45f7	3
63774	008a460d	2
63775	008a4626	7
63776	008a4650	2
63777	008a4669	2
63778	008a4682	2
31748	008a46a0	0
31749	008a46a0	3
31750	008a46e0	3
31751	008a4710	3
31752	008a4790	1
31753	008a47a0	1
31754	008a47b0	1
31755	008a47c0	1
31756	008a47d0	1
31757	008a47e0	1
31758	008a47f0	0
31759	008a4827	0
31760	008a485b	0
31761	008a4892	0
63759	008a48d0	2
63760	008a48e1	2
63761	008a48fb	2
63762	008a490c	2
63763	008a4924	2
63764	008a4935	2
31762	008a494d	0
31763	008a4964	0
31764	008a497a	2
31765	008a49d6	3
31766	008a4a5d	2
31767	008a4a8e	6
31768	008a4b5e	0
31769	008a4b74	0
31770	008a4b8a	2
31771	008a4bbb	2
31772	008a4bec	0
31773	008a4c00	0
31774	008a4c16	2
31775	008a4c44	4
31776	008a4cc9	2
63765	008a4d00	3
63766	008a4d16	2
63767	008a4d2f	7
63768	008a4d59	2
63769	008a4d72	2
63770	008a4d8b	2
31777	008a4db0	0
31778	008a4dd0	3
31779	008a4e10	3
31780	008a4e50	2
31781	008a4e80	3
31782	008a4f10	4
31783	008a5040	5
31784	008a5190	0
31785	008a5190	3
31786	008a51d0	4
31787	008a5210	3
31788	008a5270	0
31789	008a5270	3
31790	008a52b0	4
31791	008a52f0	2
31792	008a5320	2
31793	008a5350	3
31794	008a53e0	4
31795	008a5510	0
31796	008a5510	3
31797	008a5550	4
31798	008a5590	2
31799	008a55c0	1
31800	008a55d0	1
31801	008a55e0	1
31802	008a55f0	1
31803	008a5600	1
31804	008a5610	1
31805	008a5620	1
31806	008a5630	1
31807	008a5640	1
31808	008a5650	1
31809	008a5660	1
63745	008a5670	2
63746	008a5681	2
63747	008a569b	2
63748	008a56ac	2
63749	008a56cc	2
63750	008a56dd	2
63751	008a56f7	2
63752	008a5708	2
63753	008a5722	2
63754	008a5733	2
63755	008a574d	2
63756	008a575e	2
31810	008a5778	21
31811	008a598c	6
31812	008a5a50	7
31813	008a5aca	81
63757	008a6074	3
63758	008a608a	2
31814	008a60b0	0
31815	008a60b0	3
31816	008a60f0	1
31817	008a6100	1
63731	008a6110	2
63732	008a6121	2
63733	008a613b	2
63734	008a614c	2
63735	008a616c	2
63736	008a617d	2
63737	008a6197	2
63738	008a61a8	2
63739	008a61c2	2
63740	008a61d3	2
63741	008a61ed	2
63742	008a61fe	2
31818	008a6218	30
31819	008a64ab	8
31820	008a6599	3
31821	008a66e4	79
31822	008a6e0c	37
31823	008a73ab	33
31824	008a7a15	33
63743	008a7c93	3
63744	008a7ca9	2
31825	008a7cd0	0
31826	008a7cd0	3
31827	008a7d10	0
31828	008a7d30	4
31829	008a7d80	4
31830	008a7dd0	2
31831	008a7e00	0
31832	008a7e40	3
31833	008a7ec0	2
31834	008a7ef0	3
31835	008a7f30	0
31836	008a7f50	0
31837	008a7f70	4
31838	008a7fe0	2
31839	008a8020	2
31840	008a8050	17
31841	008a82b0	2
31842	008a82e0	0
31843	008a8330	2
31844	008a8380	2
31845	008a83d0	2
31846	008a8400	2
31847	008a8430	0
31848	008a8460	0
31849	008a84a0	0
31850	008a84b0	2
31851	008a84e0	2
31852	008a8540	1
31853	008a8550	1
63717	008a8560	2
63718	008a8571	2
63719	008a858b	2
63720	008a859c	2
63721	008a85bc	2
63722	008a85cd	2
63723	008a85e7	2
63724	008a85f8	2
63725	008a8612	2
63726	008a8623	2
63727	008a863d	2
63728	008a864e	2
31854	008a8668	20
31855	008a8815	10
31856	008a892d	13
31857	008a8b31	10
31858	008a8cb3	8
31859	008a8d79	9
31860	008a8e7d	43
63729	008a930c	3
63730	008a9322	2
31861	008a9340	0
31862	008a9340	3
31863	008a9380	1
31864	008a9390	1
63704	008a93a0	2
63705	008a93b1	2
31865	008a93cb	5
63706	008a9458	3
63707	008a946e	4
63708	008a94ea	2
63709	008a9503	2
31866	008a9519	3
31867	008a959e	21
31868	008a9771	21
31869	008a9947	12
31870	008a9b5e	18
31871	008a9cd9	18
31872	008a9e56	18
31873	008a9fe7	18
31874	008aa181	18
31875	008aa2fe	4
31876	008aa378	36
31877	008aa670	2
31878	008aa6a5	2
31879	008aa6cc	2
31880	008aa6f3	13
31881	008aa832	16
31882	008aa992	13
31883	008aaad1	2
31884	008aaafb	6
31885	008aabbe	2
31886	008aac5e	2
31887	008aaca8	2
31888	008aacef	0
31889	008aad10	0
31890	008aad41	33
63710	008aafa2	5
31891	008ab03e	85
31892	008ab79c	9
31893	008ab83c	3
31894	008ab874	10
31895	008ab98a	9
31896	008aba72	13
31897	008abb76	13
31898	008abc86	14
31899	008abdb5	9
31900	008abe9d	10
31901	008abfb3	13
31902	008ac0c3	9
31903	008ac1ab	5
31904	008ac227	17
31905	008ac415	21
31906	008ac712	36
31907	008aca26	0
31908	008aca41	7
31909	008acaee	7
31910	008acb8c	8
31911	008acc11	28
31912	008ace01	0
31913	008ace1b	21
31914	008ad038	54
31915	008ad625	18
31916	008ad840	27
31917	008ada44	11
31918	008adc0d	0
31919	008adc21	0
31920	008adc39	2
31921	008adc6b	0
31922	008adc93	2
31923	008adcc0	2
31924	008adcf0	4
31925	008add6a	11
31926	008ade80	0
31927	008ade9a	0
31928	008adeb4	2
31929	008adeeb	2
31930	008adf1d	2
31931	008adf6b	2
31932	008adfb6	5
31933	008ae036	5
31934	008ae0b6	3
31935	008ae0ef	0
31936	008ae118	0
31937	008ae141	2
31938	008ae173	2
31939	008ae1a5	2
31940	008ae1e3	39
31941	008ae6a0	0
31942	008ae6bc	0
31943	008ae6d8	7
63711	008ae82a	3
63712	008ae840	2
63713	008ae859	7
63714	008ae883	2
63715	008ae89c	2
63716	008ae8b5	2
31944	008ae8d0	0
31945	008ae8d0	3
31946	008ae910	2
31947	008ae940	15
31948	008aea80	3
31949	008aeb00	0
31950	008aeb00	3
31951	008aeb40	3
31952	008aebc0	2
31953	008aebf0	2
31954	008aec20	2
31955	008aec50	2
31956	008aec80	0
31957	008aecb0	2
31958	008aece0	2
31959	008aed30	5
31960	008aedb0	3
31961	008aedf0	2
31962	008aee20	3
31963	008aee70	12
31964	008aef50	0
31965	008aef80	0
31966	008aefc0	3
31967	008af030	0
31968	008af050	0
31969	008af070	0
31970	008af0c0	2
31971	008af0f0	2
31972	008af120	3
31973	008af160	4
31974	008af1d0	0
31975	008af200	0
31976	008af220	0
31977	008af240	2
31978	008af270	4
31979	008af2e0	0
31980	008af320	3
31981	008af390	0
31982	008af3b0	0
31983	008af3d0	3
31984	008af410	4
31985	008af480	2
31986	008af4d0	5
31987	008af550	3
31988	008af590	3
31989	008af5d0	2
31990	008af600	2
31991	008af630	3
31992	008af680	12
31993	008af760	2
31994	008af790	2
31995	008af7e0	2
31996	008af820	2
31997	008af850	0
31998	008af880	11
31999	008af950	4
32000	008af9c0	4
32001	008afa50	2
32002	008afa80	0
32003	008afa90	2
32004	008afac0	0
32005	008afae0	2
32006	008afb10	2
32007	008afb60	0
32008	008afb80	4
32009	008afbe0	2
32010	008afc20	2
32011	008afc50	4
32012	008afcb0	2
32013	008afcf0	2
32014	008afd20	11
32015	008afdf0	4
32016	008afe60	4
32017	008afef0	2
32018	008aff20	0
32019	008aff30	0
32020	008aff40	0
32021	008aff50	2
32022	008aff80	0
32023	008affa0	0
32024	008affc0	2
32025	008b0000	0
32026	008b0030	0
32027	008b0050	2
32028	008b0080	2
32029	008b00d0	2
32030	008b0100	2
32031	008b0130	2
32032	008b0160	2
32033	008b01a0	2
32034	008b01e0	17
32035	008b0420	2
32036	008b0450	17
32037	008b0690	2
32038	008b06c0	2
32039	008b06f0	2
32040	008b0720	2
32041	008b0750	2
32042	008b0790	2
32043	008b07d0	2
32044	008b0820	2
32045	008b0870	2
32046	008b08a0	0
32047	008b08f0	2
32048	008b0940	2
32049	008b0990	2
32050	008b09c0	2
32051	008b09f0	2
32052	008b0a20	3
32053	008b0a70	5
32054	008b0ac0	6
32055	008b0b60	0
32056	008b0b80	2
32057	008b0bb0	2
32058	008b0be0	0
32059	008b0c00	2
32060	008b0c30	2
32061	008b0c60	0
32062	008b0c80	0
32063	008b0ca0	3
32064	008b0d30	6
32065	008b0e10	6
32066	008b0ea0	6
32067	008b0f40	2
32068	008b0f70	2
32069	008b0fa0	2
32070	008b0fd0	0
32071	008b0ff0	5
32072	008b1050	2
32073	008b1090	2
32074	008b10d0	2
32075	008b1110	2
32076	008b1150	0
32077	008b1180	2
32078	008b11c0	5
32079	008b1220	4
32080	008b12d0	6
32081	008b1390	2
32082	008b13c0	2
32083	008b13f0	2
32084	008b1430	2
32085	008b1470	2
32086	008b1490	2
32087	008b14b0	3
32088	008b1540	2
32089	008b1570	2
32090	008b15b0	2
32091	008b15d0	2
32092	008b1600	2
32093	008b1640	2
32094	008b1660	3
32095	008b16f0	2
32096	008b1720	2
32097	008b1750	3
32098	008b17e0	3
32099	008b1870	0
32100	008b1870	3
32101	008b18b0	3
32102	008b18f0	3
32103	008b1930	3
32104	008b1970	3
32105	008b19b0	0
32106	008b19d0	4
32107	008b1a40	2
32108	008b1a70	2
32109	008b1aa0	0
32110	008b1ae0	3
32111	008b1b50	3
32112	008b1b90	4
32113	008b1c00	2
32114	008b1c30	2
32115	008b1c60	2
32116	008b1cb0	2
32117	008b1cf0	3
32118	008b1d80	2
32119	008b1dc0	0
32120	008b1dc0	3
32121	008b1e00	3
32122	008b1e80	0
32123	008b1e80	3
32124	008b1ec0	2
32125	008b1ef0	3
32126	008b1f70	0
32127	008b1f90	0
32128	008b1f90	3
32129	008b1fd0	0
32130	008b1fd0	3
32131	008b2010	0
32132	008b2030	3
32133	008b2090	4
32134	008b20f0	2
32135	008b2130	4
32136	008b21a0	17
32137	008b23e0	2
32138	008b2410	2
32139	008b2460	2
32140	008b24b0	0
32141	008b24e0	2
32142	008b2510	2
32143	008b2540	2
32144	008b2570	2
32145	008b25a0	0
32146	008b25c0	2
32147	008b2600	2
32148	008b2640	2
32149	008b2670	0
32150	008b2690	0
32151	008b26b0	2
32152	008b26e0	2
32153	008b2720	2
32154	008b2750	1
32155	008b2760	1
32156	008b2770	1
32157	008b2780	1
32158	008b2790	26
63701	008b29e4	2
63702	008b2a03	3
63703	008b2a19	2
32159	008b2a40	4
32160	008b2acb	5
32161	008b2b7c	4
32162	008b2c09	3
32163	008b2c3d	0
32164	008b2c51	25
32165	008b2e78	2
32166	008b2ecc	2
32167	008b2f20	2
32168	008b2f74	26
32169	008b31bf	2
32170	008b3213	2
32171	008b3267	2
32172	008b32bb	8
32173	008b338a	17
32174	008b34b0	0
32175	008b34b0	3
32176	008b34f0	0
32177	008b3500	0
32178	008b3510	0
32179	008b3520	0
32180	008b3530	0
32181	008b3540	0
63695	008b3550	3
63696	008b3566	2
63697	008b358d	2
63698	008b35a6	2
32182	008b35bc	0
32183	008b35c9	0
32184	008b35d3	5
32185	008b367f	2
32186	008b36ee	2
32187	008b3732	2
32188	008b3756	2
32189	008b3792	3
32190	008b37d9	21
63699	008b394b	3
63700	008b3961	2
32191	008b3980	2
32192	008b39b0	2
32193	008b39e0	0
32194	008b3a00	0
32195	008b3a20	0
32196	008b3a60	3
32197	008b3ad0	0
32198	008b3af0	0
32199	008b3b10	0
32200	008b3b60	2
32201	008b3b90	3
32202	008b3bd0	4
32203	008b3c30	2
32204	008b3c70	2
32205	008b3ca0	17
32206	008b3ee0	2
32207	008b3f10	2
32208	008b3f60	2
32209	008b3fb0	2
32210	008b3fe0	2
32211	008b4010	3
32212	008b4040	0
32213	008b4070	0
32214	008b40a0	0
32215	008b40b0	2
32216	008b40e0	2
32217	008b4140	0
32218	008b4150	5
32219	008b41f0	3
32220	008b4220	7
32221	008b4300	2
32222	008b4360	3
32223	008b43a0	4
32224	008b4440	6
32225	008b4530	4
32226	008b45c0	3
32227	008b45f0	0
63689	008b4620	3
63690	008b4636	4
63691	008b46b9	2
63692	008b46d2	2
32228	008b46e8	47
32229	008b4c37	8
63693	008b4d1b	3
63694	008b4d31	2
32230	008b4d50	0
32231	008b4d90	0
32232	008b4d90	3
32233	008b4dd0	0
32234	008b4dd0	3
32235	008b4e10	4
32236	008b4ea0	1
32237	008b4eb0	7
32238	008b4fa5	0
63687	008b4fea	3
63688	008b5000	2
32239	008b5020	0
32240	008b5020	3
32241	008b5060	2
32242	008b5090	0
32243	008b50ab	0
63655	008b50c0	2
63656	008b50d1	2
63657	008b50eb	3
63658	008b5101	4
63659	008b5184	2
63660	008b519d	2
63661	008b51b3	3
63662	008b51c9	4
63663	008b5245	2
63664	008b525e	2
63665	008b5274	3
63666	008b528a	4
63667	008b5306	2
63668	008b531f	2
63669	008b5335	3
63670	008b534b	4
63671	008b53c7	2
63672	008b53e0	2
63673	008b53f6	3
63674	008b540c	4
63675	008b5488	2
63676	008b54a1	2
32244	008b54b7	2
32245	008b54f6	2
63677	008b551d	3
63678	008b5533	13
63679	008b563c	2
63680	008b5655	2
32246	008b5674	123
32247	008b6468	7
32248	008b6551	8
32249	008b65ed	27
32250	008b6926	5
32251	008b69d0	22
32252	008b6c50	3
63681	008b6ca1	3
63682	008b6cb7	2
63683	008b6cd0	7
63684	008b6cfa	2
63685	008b6d13	2
63686	008b6d2c	2
32253	008b6d50	0
32254	008b6d50	3
32255	008b6d90	2
32256	008b6dc0	0
32257	008b6dc0	3
32258	008b6e00	2
32259	008b6e30	0
32260	008b6e70	3
32261	008b6ee0	0
32262	008b6f30	2
32263	008b6f60	3
32264	008b6fa0	4
32265	008b6fe0	0
32266	008b7000	0
32267	008b7020	4
32268	008b7080	5
32269	008b70f0	2
32270	008b7130	2
32271	008b7160	17
32272	008b73a0	2
32273	008b73d0	2
32274	008b7420	2
32275	008b7470	2
32276	008b74a0	2
32277	008b74d0	4
32278	008b7580	4
32279	008b7630	6
32280	008b76f0	2
32281	008b7720	2
32282	008b7750	0
32283	008b7780	0
32284	008b77b0	0
32285	008b77e0	0
32286	008b77f0	2
32287	008b7820	2
32288	008b7880	2
32289	008b78b0	2
32290	008b78e0	2
32291	008b7940	2
32292	008b7980	2
32293	008b79e0	2
32294	008b7a30	3
32295	008b7ac0	2
32296	008b7b00	0
32297	008b7b00	3
32298	008b7b40	0
32299	008b7b40	3
32300	008b7b80	3
32301	008b7c00	0
32302	008b7c00	3
32303	008b7c40	2
32304	008b7c70	2
32305	008b7ca0	3
32306	008b7d20	0
32307	008b7d40	0
32308	008b7d40	3
32309	008b7d80	0
32310	008b7d80	3
32311	008b7dc0	0
32312	008b7de0	3
32313	008b7e40	4
32314	008b7eb0	2
32315	008b7ee0	0
32316	008b7f00	0
32317	008b7f20	1
32318	008b7f30	1
32319	008b7f40	1
32320	008b7f50	1
63639	008b7f60	2
63640	008b7f71	2
63641	008b7f8b	3
63642	008b7fa1	4
63643	008b8024	2
63644	008b803d	2
63645	008b8053	3
63646	008b8069	4
63647	008b80e5	2
63648	008b80fe	2
32321	008b8114	82
32322	008b89da	26
32323	008b8ca6	173
32324	008b9c86	18
32325	008b9e3e	2
32326	008b9e74	5
32327	008b9f06	2
63649	008b9f2e	3
63650	008b9f44	2
63651	008b9f5d	7
63652	008b9f87	2
63653	008b9fa0	2
63654	008b9fb9	2
32328	008b9fe0	0
32329	008b9fe0	3
32330	008ba020	10
32331	008ba100	0
32332	008ba120	0
32333	008ba140	2
32334	008ba170	0
32335	008ba1b0	3
32336	008ba230	0
32337	008ba280	2
32338	008ba2b0	3
32339	008ba2f0	0
32340	008ba330	3
32341	008ba3a0	2
32342	008ba3d0	3
32343	008ba410	2
32344	008ba440	0
32345	008ba460	0
32346	008ba480	4
32347	008ba4f0	2
32348	008ba530	2
32349	008ba560	0
32350	008ba580	0
32351	008ba5a0	4
32352	008ba600	2
32353	008ba640	2
32354	008ba670	0
32355	008ba690	17
32356	008ba8f0	2
32357	008ba920	17
32358	008bab60	2
32359	008bab90	2
32360	008babe0	2
32361	008bac30	2
32362	008bac60	0
32363	008bacb0	2
32364	008bad00	2
32365	008bad50	2
32366	008bad80	2
32367	008badb0	2
32368	008bade0	4
32369	008bae90	0
32370	008baeb0	4
32371	008baf60	4
32372	008bb010	0
32373	008bb040	0
32374	008bb080	0
32375	008bb090	0
32376	008bb0c0	0
32377	008bb0f0	0
32378	008bb100	2
32379	008bb130	2
32380	008bb160	2
32381	008bb1c0	2
32382	008bb220	2
32383	008bb280	2
32384	008bb2c0	2
32385	008bb320	2
32386	008bb370	2
32387	008bb3d0	2
32388	008bb420	0
32389	008bb420	3
32390	008bb460	0
32391	008bb460	3
32392	008bb4a0	0
32393	008bb4a0	3
32394	008bb4e0	2
32395	008bb510	2
32396	008bb540	2
32397	008bb570	1
32398	008bb580	1
32399	008bb590	1
63617	008bb5a0	2
63618	008bb5b1	2
63619	008bb5cb	2
63620	008bb5dc	2
63621	008bb5f4	2
63622	008bb605	2
63623	008bb61d	2
63624	008bb62e	2
32400	008bb646	17
32401	008bb888	4
32402	008bb8d5	4
32403	008bb922	21
32404	008bbb95	3
32405	008bbbe2	17
32406	008bbd9d	14
32407	008bbf58	7
32408	008bbffd	3
32409	008bc054	3
32410	008bc0a7	3
32411	008bc0fe	3
32412	008bc151	3
32413	008bc19b	20
32414	008bc359	37
32415	008bc83c	23
32416	008bc9cd	8
32417	008bca5b	0
32418	008bca6f	18
32419	008bcbb5	8
32420	008bccaa	0
32421	008bccc1	5
32422	008bcd40	4
32423	008bcda8	2
32424	008bcdd2	3
32425	008bce2b	2
32426	008bce5f	19
32427	008bd02c	8
32428	008bd1c6	4
32429	008bd219	6
32430	008bd2c9	6
32431	008bd375	7
32432	008bd4b2	3
32433	008bd4ff	6
32434	008bd5ca	6
32435	008bd684	20
32436	008bd845	0
32437	008bd85c	4
32438	008bd8c5	4
32439	008bd92d	2
32440	008bd957	8
32441	008bd9ec	0
32442	008bda03	6
32443	008bdaf4	6
32444	008bdbca	3
32445	008bdc38	7
63625	008bdd01	19
63626	008bdd67	2
63627	008bdd80	2
63628	008bdd99	2
63629	008bddb2	2
63630	008bddcb	2
63631	008bdde4	2
63632	008bddfd	2
63633	008bde16	2
63634	008bde2f	2
63635	008bde48	7
63636	008bde72	2
63637	008bde8b	2
63638	008bdea4	2
32446	008bdec0	2
32447	008bdef0	2
32448	008bdf20	0
32449	008bdf40	0
32450	008bdf60	0
32451	008bdf60	3
32452	008bdfa0	0
32453	008bdfa0	3
32454	008bdfe0	2
32455	008be010	0
32456	008be010	3
32457	008be050	2
32458	008be080	3
32459	008be100	2
32460	008be130	0
32461	008be150	0
32462	008be170	0
32463	008be190	0
32464	008be1b0	0
32465	008be1d0	0
32466	008be1d0	3
32467	008be210	0
32468	008be210	3
32469	008be250	2
32470	008be280	3
32471	008be2e0	4
32472	008be320	8
32473	008be3d0	2
32474	008be400	2
32475	008be430	0
32476	008be430	3
32477	008be470	2
32478	008be4a0	2
32479	008be4d0	2
32480	008be500	2
32481	008be530	0
32482	008be530	3
32483	008be570	0
32484	008be570	3
32485	008be5b0	2
32486	008be5e0	2
32487	008be610	0
32488	008be610	3
32489	008be650	2
32490	008be680	2
32491	008be6b0	0
32492	008be6b0	3
32493	008be6f0	2
32494	008be720	0
32495	008be720	3
32496	008be760	0
32497	008be780	2
32498	008be810	0
32499	008be830	0
32500	008be860	0
32501	008be880	2
32502	008be900	0
32503	008be920	2
32504	008be950	0
32505	008be950	3
32506	008be990	4
32507	008be9d0	4
32508	008bea50	0
32509	008bea70	0
32510	008bea90	0
32511	008beac0	0
32512	008beaf0	2
32513	008beb20	0
32514	008beb60	3
32515	008bebd0	2
32516	008bec10	2
32517	008bec40	2
32518	008bec70	2
32519	008beca0	2
32520	008becd0	0
32521	008becf0	0
32522	008bed10	2
32523	008bed40	0
32524	008bed60	3
32525	008bedb0	0
32526	008bedd0	3
32527	008bee20	3
32528	008bee70	3
32529	008beec0	6
32530	008befa0	0
32531	008befc0	0
32532	008befe0	0
32533	008bf000	2
32534	008bf030	4
32535	008bf080	6
32536	008bf160	0
32537	008bf180	3
32538	008bf1c0	3
32539	008bf200	3
32540	008bf240	2
32541	008bf270	2
32542	008bf290	2
32543	008bf2d0	2
32544	008bf310	2
32545	008bf340	5
32546	008bf420	4
32547	008bf550	0
32548	008bf550	3
32549	008bf590	4
32550	008bf5d0	2
32551	008bf600	2
32552	008bf630	5
32553	008bf710	4
32554	008bf840	0
32555	008bf840	3
32556	008bf880	4
32557	008bf8c0	2
32558	008bf8f0	2
32559	008bf920	5
32560	008bfa00	5
32561	008bfb60	0
32562	008bfb60	3
32563	008bfba0	4
32564	008bfbe0	3
32565	008bfc40	3
32566	008bfc80	2
32567	008bfcc0	2
32568	008bfd00	2
32569	008bfd40	2
32570	008bfd80	2
32571	008bfdc0	2
32572	008bfe00	2
32573	008bfe40	2
32574	008bfe80	2
32575	008bfec0	2
32576	008bff00	2
32577	008bff40	2
32578	008bff80	2
32579	008bffc0	2
32580	008c0000	2
32581	008c0040	2
32582	008c0080	2
32583	008c00c0	2
32584	008c0100	2
32585	008c0140	2
32586	008c0180	2
32587	008c01c0	2
32588	008c0200	2
32589	008c0230	0
32590	008c0250	2
32591	008c0280	2
32592	008c02b0	2
32593	008c02e0	2
32594	008c0310	2
32595	008c0340	2
32596	008c0370	2
32597	008c03a0	0
32598	008c03c0	0
32599	008c03e0	2
32600	008c0420	4
32601	008c04d0	3
32602	008c0540	4
32603	008c05f0	2
32604	008c0620	3
32605	008c0670	3
32606	008c06c0	3
32607	008c0710	3
32608	008c0760	0
32609	008c0780	0
32610	008c07a0	2
32611	008c07d0	4
32612	008c0820	6
32613	008c0900	0
32614	008c0920	2
32615	008c0960	0
32616	008c0960	3
32617	008c09a0	2
32618	008c09d0	2
32619	008c0a10	2
32620	008c0a40	2
32621	008c0a70	0
32622	008c0a70	3
32623	008c0ab0	2
32624	008c0ae0	2
32625	008c0b10	2
32626	008c0b50	0
32627	008c0b50	3
32628	008c0b90	2
32629	008c0bc0	2
32630	008c0bf0	2
32631	008c0c30	0
32632	008c0c30	3
32633	008c0c70	2
32634	008c0ca0	2
32635	008c0cd0	2
32636	008c0d00	0
32637	008c0d00	3
32638	008c0d40	2
32639	008c0d80	0
32640	008c0d80	3
32641	008c0dc0	2
32642	008c0df0	2
32643	008c0e30	3
32644	008c0ea0	4
32645	008c0f50	2
32646	008c0f80	6
32647	008c1060	0
32648	008c1080	2
32649	008c10c0	0
32650	008c10c0	3
32651	008c1100	2
32652	008c1130	2
32653	008c1170	2
32654	008c11a0	2
32655	008c11d0	0
32656	008c11d0	3
32657	008c1210	2
32658	008c1240	2
32659	008c1270	2
32660	008c12b0	0
32661	008c12b0	3
32662	008c12f0	3
32663	008c1360	4
32664	008c1410	2
32665	008c1440	6
32666	008c1520	0
32667	008c1540	2
32668	008c1580	0
32669	008c1580	3
32670	008c15c0	2
32671	008c15f0	2
32672	008c1630	2
32673	008c1660	2
32674	008c1690	0
32675	008c1690	3
32676	008c16d0	2
32677	008c1700	2
32678	008c1730	2
32679	008c1770	0
32680	008c1770	3
32681	008c17b0	3
32682	008c1820	4
32683	008c18d0	2
32684	008c1900	6
32685	008c19e0	0
32686	008c1a00	2
32687	008c1a40	0
32688	008c1a40	3
32689	008c1a80	2
32690	008c1ab0	2
32691	008c1af0	2
32692	008c1b20	2
32693	008c1b50	0
32694	008c1b50	3
32695	008c1b90	2
32696	008c1bc0	2
32697	008c1bf0	2
32698	008c1c30	0
32699	008c1c30	3
32700	008c1c70	3
32701	008c1ce0	4
32702	008c1d90	2
32703	008c1dc0	6
32704	008c1ea0	0
32705	008c1ec0	2
32706	008c1f00	0
32707	008c1f00	3
32708	008c1f40	2
32709	008c1f70	2
32710	008c1fb0	2
32711	008c1fe0	2
32712	008c2010	0
32713	008c2010	3
32714	008c2050	2
32715	008c2080	2
32716	008c20b0	2
32717	008c20f0	0
32718	008c20f0	3
32719	008c2130	3
32720	008c21a0	4
32721	008c2250	2
32722	008c2280	6
32723	008c2360	0
32724	008c2380	2
32725	008c23c0	0
32726	008c23c0	3
32727	008c2400	2
32728	008c2430	2
32729	008c2470	2
32730	008c24a0	2
32731	008c24d0	0
32732	008c24d0	3
32733	008c2510	2
32734	008c2540	2
32735	008c2570	2
32736	008c25b0	0
32737	008c25b0	3
32738	008c25f0	3
32739	008c2660	4
32740	008c2710	2
32741	008c2750	2
32742	008c2790	1
32743	008c27a0	1
32744	008c27b0	1
32745	008c27c0	1
32746	008c27d0	1
32747	008c27e0	1
32748	008c27f0	1
32749	008c2800	1
32750	008c2810	1
32751	008c2820	1
32752	008c2830	1
32753	008c2840	1
32754	008c2850	1
32755	008c2860	1
32756	008c2870	1
32757	008c2880	1
32758	008c2890	1
32759	008c28a0	1
32760	008c28b0	1
32761	008c28c0	1
32762	008c28d0	1
32763	008c28e0	1
32764	008c28f0	1
32765	008c2900	1
32766	008c2910	1
32767	008c2920	1
32768	008c2930	1
32769	008c2940	1
32770	008c2950	1
32771	008c2960	1
32772	008c2970	1
32773	008c2980	1
32774	008c2990	1
32775	008c29a0	1
32776	008c29b0	1
32777	008c29c0	1
32778	008c29d0	1
32779	008c29e0	1
32780	008c29f0	1
32781	008c2a00	1
32782	008c2a10	1
32783	008c2a20	1
32784	008c2a30	1
32785	008c2a40	1
32786	008c2a50	1
32787	008c2a60	1
32788	008c2a70	1
32789	008c2a80	1
32790	008c2a90	1
32791	008c2aa0	1
32792	008c2ab0	1
32793	008c2ac0	1
32794	008c2ad0	1
32795	008c2ae0	1
32796	008c2af0	1
32797	008c2b00	1
32798	008c2b10	1
32799	008c2b20	1
32800	008c2b30	1
32801	008c2b40	1
32802	008c2b50	1
32803	008c2b60	1
32804	008c2b70	1
32805	008c2b80	1
32806	008c2b90	1
32807	008c2ba0	1
32808	008c2bb0	1
32809	008c2bc0	1
32810	008c2bd0	1
32811	008c2be0	1
32812	008c2bf0	1
32813	008c2c00	1
32814	008c2c10	1
32815	008c2c20	1
32816	008c2c30	1
32817	008c2c40	1
32818	008c2c50	1
32819	008c2c60	1
32820	008c2c70	1
32821	008c2c80	1
32822	008c2c90	1
32823	008c2ca0	1
32824	008c2cb0	1
32825	008c2cc0	1
32826	008c2cd0	1
32827	008c2ce0	1
32828	008c2cf0	1
32829	008c2d00	1
32830	008c2d10	1
32831	008c2d20	1
32832	008c2d30	1
32833	008c2d40	1
32834	008c2d50	1
32835	008c2d60	1
32836	008c2d70	1
32837	008c2d80	1
32838	008c2d90	1
32839	008c2da0	1
32840	008c2db0	1
32841	008c2dc0	1
32842	008c2dd0	1
32843	008c2de0	1
32844	008c2df0	1
63591	008c2e00	2
63592	008c2e11	2
63593	008c2e2b	2
63594	008c2e3c	2
63595	008c2e5c	2
63596	008c2e6d	2
63597	008c2e87	2
63598	008c2e98	2
63599	008c2eb2	2
63600	008c2ec3	2
63601	008c2edd	2
63602	008c2eee	2
32845	008c2f08	4
63603	008c2f89	6
63604	008c305b	2
32846	008c3071	0
32847	008c3085	0
32848	008c3099	0
32849	008c30b0	7
32850	008c3170	10
32851	008c326f	0
32852	008c3281	5
32853	008c3329	9
63605	008c33fd	2
63606	008c340e	2
63607	008c3426	3
63608	008c343c	4
63609	008c34bf	2
63610	008c34d8	2
32854	008c34ee	15
32855	008c3649	0
32856	008c365d	4
32857	008c36bc	0
32858	008c36d6	17
32859	008c382c	34
32860	008c3a8b	2
32861	008c3ad8	12
32862	008c3be7	6
32863	008c3cc0	11
63611	008c3d9d	3
63612	008c3db3	4
63613	008c3e2f	2
63614	008c3e48	2
32864	008c3e5e	57
32865	008c4375	9
32866	008c4450	8
63615	008c4572	3
63616	008c4588	2
32867	008c45b0	0
32868	008c45b0	3
32869	008c45f0	2
32870	008c4620	0
32871	008c4650	0
32872	008c4650	3
32873	008c4690	3
32874	008c4710	0
32875	008c4710	3
32876	008c4750	2
32877	008c4780	5
32878	008c4800	2
32879	008c4830	2
32880	008c4860	2
32881	008c4890	4
32882	008c48f0	2
32883	008c4920	2
32884	008c4950	0
32885	008c4970	0
32886	008c4990	3
32887	008c49d0	2
32888	008c4a00	0
32889	008c4a20	2
32890	008c4a50	0
32891	008c4a70	4
32892	008c4ab0	5
32893	008c4b10	2
32894	008c4b40	3
32895	008c4bd0	0
32896	008c4bf0	1
32897	008c4c00	1
32898	008c4c10	1
63589	008c4c20	2
63590	008c4c31	3
63576	008c4c60	2
63577	008c4c71	2
63578	008c4c8b	2
63579	008c4c9c	2
63580	008c4cb4	2
63581	008c4cc5	2
32899	008c4cdd	11
63582	008c4e13	4
32900	008c4f2b	6
32901	008c50b2	10
32902	008c5249	35
32903	008c55d3	4
32904	008c5658	2
32905	008c5688	0
32906	008c56ae	3
32907	008c56e5	3
63583	008c571d	3
63584	008c5733	2
63585	008c574c	7
63586	008c5776	2
63587	008c578f	2
63588	008c57a8	2
32908	008c57d0	0
32909	008c57d0	3
32910	008c5810	4
32911	008c5850	4
32912	008c58c0	2
32913	008c58f0	3
32914	008c5930	3
32915	008c5970	2
32916	008c59a0	3
32917	008c5a30	4
32918	008c5b60	0
32919	008c5b60	3
32920	008c5ba0	4
32921	008c5be0	2
32922	008c5c10	2
32923	008c5c40	3
32924	008c5cd0	4
32925	008c5e00	0
32926	008c5e00	3
32927	008c5e40	4
32928	008c5e80	2
32929	008c5eb0	1
32930	008c5ec0	1
32931	008c5ed0	1
32932	008c5ee0	1
32933	008c5ef0	1
32934	008c5f00	1
32935	008c5f10	1
32936	008c5f20	1
32937	008c5f30	1
32938	008c5f40	1
32939	008c5f50	1
32940	008c5f60	1
32941	008c5f70	1
32942	008c5f80	1
32943	008c5f90	1
32944	008c5fa0	1
32945	008c5fb0	1
32946	008c5fc0	1
32947	008c5fd0	1
32948	008c5fe0	1
32949	008c5ff0	1
32950	008c6000	1
32951	008c6010	1
32952	008c6020	1
32953	008c6030	1
32954	008c6040	1
32955	008c6050	1
32956	008c6060	1
32957	008c6070	1
32958	008c6080	1
32959	008c6090	1
32960	008c60a0	1
32961	008c60b0	1
32962	008c60c0	1
32963	008c60d0	1
32964	008c60e0	1
32965	008c60f0	1
32966	008c6100	0
32967	008c610f	4
32968	008c618b	3
63565	008c61e0	3
63566	008c61f6	4
63567	008c6272	2
63568	008c628b	2
63569	008c62a1	3
63570	008c62b7	41
63571	008c6722	2
63572	008c673b	2
32969	008c675a	3
32970	008c67d6	16
63573	008c69af	2
63574	008c69ce	3
63575	008c69e4	2
32971	008c6a00	3
32972	008c6a80	2
32973	008c6ab0	2
63555	008c6b00	2
63556	008c6b11	2
63557	008c6b2b	2
63558	008c6b3c	2
32974	008c6b54	8
32975	008c6ced	6
32976	008c6e0d	34
32977	008c715a	4
63559	008c71c2	3
63560	008c71d8	2
63561	008c71f1	7
63562	008c721b	2
63563	008c7234	2
63564	008c724d	2
32978	008c7270	0
32979	008c7270	3
32980	008c72b0	4
32981	008c72f0	4
32982	008c7370	3
32983	008c73b0	2
32984	008c73e0	3
32985	008c7470	1
32986	008c7480	1
32987	008c7490	1
32988	008c74a0	1
32989	008c74b0	1
32990	008c74c0	1
32991	008c74d0	1
32992	008c74e0	1
32993	008c74f0	1
32994	008c7500	1
32995	008c7510	1
32996	008c7520	1
32997	008c7530	1
32998	008c7540	1
32999	008c7550	1
33000	008c7560	1
33001	008c7570	1
33002	008c7580	1
33003	008c7590	1
33004	008c75a0	1
33005	008c75b0	1
33006	008c75c0	1
33007	008c75d0	1
33008	008c75e0	1
33009	008c75f0	1
33010	008c7600	1
33011	008c7610	1
33012	008c7620	1
33013	008c7630	1
33014	008c7640	1
33015	008c7650	1
33016	008c7660	1
33017	008c7670	1
33018	008c7680	1
33019	008c7690	1
33020	008c76a0	1
33021	008c76b0	1
33022	008c76c0	1
63525	008c76d0	3
63526	008c76e6	4
63527	008c7769	2
63528	008c7782	2
63529	008c7798	3
63530	008c77ae	2
63531	008c77c9	2
63532	008c77e2	2
33023	008c77f8	18
33024	008c79bb	19
33025	008c7b86	12
33026	008c7cce	9
33027	008c7db0	19
33028	008c7f64	17
33029	008c80e8	84
33030	008c89da	2
33031	008c8a0c	48
33032	008c8ffa	134
63533	008c9f57	3
63534	008c9f6d	4
63535	008c9fe9	2
63536	008ca002	2
63537	008ca018	3
63538	008ca02e	4
63539	008ca0aa	2
63540	008ca0c3	2
63541	008ca0d9	3
63542	008ca0ef	4
63543	008ca16b	2
63544	008ca184	2
33033	008ca19a	147
33034	008cb304	21
33035	008cb583	69
33036	008cbc46	3
33037	008cbc83	2
33038	008cbcc0	12
63545	008cbe03	3
63546	008cbe19	4
63547	008cbe95	2
63548	008cbeae	2
63549	008cbec4	3
63550	008cbeda	4
63551	008cbf56	2
63552	008cbf6f	2
33039	008cbf85	82
33040	008cc78b	8
63553	008cc8a5	3
63554	008cc8bb	2
33041	008cc8e0	0
33042	008cc8e0	3
33043	008cc920	4
33044	008cc960	5
33045	008cc9d0	0
33046	008cca40	4
33047	008ccaf0	4
33048	008ccba0	0
33049	008ccbd0	2
33050	008ccc30	2
33051	008ccc70	2
33052	008cccd0	2
33053	008ccd20	0
33054	008ccd20	3
33055	008ccd60	0
33056	008ccd60	3
33057	008ccda0	2
33058	008ccdd0	2
33059	008cce00	1
33060	008cce10	1
63517	008cce20	2
63518	008cce31	2
33061	008cce4b	6
33062	008ccf17	2
33063	008ccf4e	0
33064	008ccf60	0
33065	008ccf74	0
33066	008ccf86	0
63519	008ccf98	3
63520	008ccfae	2
63521	008ccfc7	7
63522	008ccff1	2
63523	008cd00a	2
63524	008cd023	2
33067	008cd040	0
33068	008cd040	3
33069	008cd080	1
63480	008cd090	2
63481	008cd0a1	2
33070	008cd0bb	19
63482	008cd28e	3
63483	008cd2a4	4
63484	008cd320	2
63485	008cd339	2
63486	008cd34f	3
63487	008cd365	4
63488	008cd3e1	2
63489	008cd3fa	2
63490	008cd410	3
63491	008cd426	4
63492	008cd4a2	2
63493	008cd4bb	2
33071	008cd4d1	19
33072	008cd6aa	18
63494	008cd98c	3
63495	008cd9a2	4
63496	008cda1e	2
63497	008cda37	2
33073	008cda4d	4
63498	008cdac8	11
33074	008cdc00	12
63499	008cdd0a	3
63500	008cdd20	4
63501	008cdd9c	2
63502	008cddb5	2
33075	008cddcb	41
63503	008ce2ca	7
33076	008ce360	39
63504	008ce979	34
63505	008cecdf	73
63506	008cf3f8	3
63507	008cf429	11
63508	008cf537	20
63509	008cf707	2
33077	008cf72f	15
63510	008cf90c	50
63511	008cfd4d	3
63512	008cfd63	2
63513	008cfd7c	7
63514	008cfda6	2
63515	008cfdbf	2
63516	008cfdd8	2
33078	008cfe00	2
33079	008cfe30	0
33080	008cfe50	2
33081	008cfe80	2
33082	008cfeb0	2
33083	008cfee0	2
33084	008cff10	2
33085	008cff40	0
33086	008cff60	2
33087	008cff90	2
33088	008cffc0	0
33089	008cffe0	0
63464	008d0000	3
63465	008d0016	2
63466	008d004a	2
63467	008d0063	2
63468	008d0079	3
63469	008d008f	2
63470	008d00c3	2
63471	008d00dc	2
63472	008d00f2	3
63473	008d0108	2
63474	008d012f	2
63475	008d0148	2
33090	008d015e	30
33091	008d03a8	5
33092	008d045a	2
33093	008d0470	51
63476	008d0906	16
33094	008d0a40	66
33095	008d0f89	15
33096	008d10c0	2
33097	008d10da	2
63477	008d10f0	5
63478	008d1110	2
63479	008d1129	2
33098	008d1150	2
33099	008d1180	0
33100	008d11a0	2
33101	008d11d0	2
33102	008d1200	3
33103	008d1270	3
33104	008d12d0	3
33105	008d1330	0
33106	008d1360	0
33107	008d1380	2
33108	008d13b0	2
33109	008d13e0	3
33110	008d1460	0
33111	008d14b0	2
33112	008d14e0	5
33113	008d1560	2
33114	008d1590	0
33115	008d15c0	2
33116	008d15f0	0
33117	008d1630	3
33118	008d16b0	7
33119	008d1780	0
33120	008d17d0	2
33121	008d1800	3
33122	008d1840	4
33123	008d1880	0
33124	008d18a0	2
33125	008d18e0	2
33126	008d1910	3
33127	008d1950	2
33128	008d1980	4
33129	008d19f0	2
33130	008d1a20	3
33131	008d1a80	0
33132	008d1aa0	0
33133	008d1af0	0
33134	008d1b10	0
33135	008d1b30	4
33136	008d1ba0	5
33137	008d1c10	2
33138	008d1c50	2
33139	008d1ca0	2
33140	008d1cd0	2
33141	008d1d00	2
33142	008d1d30	12
33143	008d1e10	0
33144	008d1e20	2
33145	008d1e50	2
33146	008d1e80	2
33147	008d1ed0	2
33148	008d1f10	4
33149	008d1f70	17
33150	008d21d0	2
33151	008d2200	2
33152	008d2230	0
33153	008d2240	0
33154	008d2250	2
33155	008d2280	0
33156	008d22a0	0
33157	008d22c0	2
33158	008d2300	0
33159	008d2330	4
33160	008d2380	2
33161	008d23d0	0
33162	008d2400	6
33163	008d24b0	2
33164	008d24e0	2
33165	008d2510	2
33166	008d2540	0
33167	008d2560	0
33168	008d2580	0
33169	008d25a0	2
33170	008d25d0	0
33171	008d25f0	4
33172	008d2630	2
33173	008d2660	3
33174	008d26a0	2
33175	008d26e0	2
33176	008d2710	2
33177	008d2730	2
33178	008d2760	2
33179	008d27a0	3
33180	008d2830	2
33181	008d2850	0
33182	008d2860	3
33183	008d28c0	3
33184	008d2900	3
33185	008d2990	3
33186	008d29d0	4
33187	008d2a40	2
33188	008d2a70	0
33189	008d2a90	0
33190	008d2aa0	0
33191	008d2ad0	3
33192	008d2b10	2
33193	008d2b40	4
33194	008d2bba	3
33195	008d2c1f	13
33196	008d2d63	5
63462	008d2de7	3
63463	008d2dfd	2
33197	008d2e20	0
33198	008d2e20	3
33199	008d2e60	2
33200	008d2eb0	0
33201	008d2ed0	4
33202	008d2f56	5
33203	008d2fe3	4
33204	008d305f	50
33205	008d34e3	16
33206	008d368d	12
33207	008d37a0	25
33208	008d39af	41
33209	008d3d88	12
33210	008d3e61	7
33211	008d3ee5	8
33212	008d3f79	40
63460	008d4201	3
63461	008d4217	2
33213	008d4230	0
33214	008d4250	4
33215	008d4320	4
33216	008d43e0	0
33217	008d4400	3
33218	008d4450	6
33219	008d44f0	0
33220	008d4530	7
33221	008d4600	0
33222	008d4620	3
33223	008d4660	4
33224	008d46d0	4
33225	008d4710	2
33226	008d4760	3
33227	008d47b0	11
33228	008d4880	4
33229	008d48e0	2
33230	008d4910	2
33231	008d4940	2
33232	008d4990	0
33233	008d49e0	4
33234	008d4a50	5
33235	008d4ac0	2
33236	008d4b10	2
33237	008d4b40	4
33238	008d4bd0	2
33239	008d4c00	2
33240	008d4c40	17
33241	008d4ea0	2
33242	008d4ed0	2
33243	008d4f00	2
33244	008d4f50	2
33245	008d4f90	2
33246	008d4fc0	2
33247	008d5020	2
33248	008d5050	2
33249	008d5090	3
63448	008d5120	2
63449	008d5131	2
33250	008d514b	0
33251	008d5200	12
63450	008d52ff	2
63451	008d5310	2
63452	008d533e	2
63453	008d534f	0
33252	008d5366	1
33253	008d53a4	0
33254	008d53ac	35
33255	008d5792	9
63454	008d5867	3
63455	008d587d	2
63456	008d5896	7
63457	008d58c0	2
63458	008d58d9	2
63459	008d58f2	2
33256	008d5910	0
33257	008d5930	0
33258	008d5950	44
63446	008d5cce	3
63447	008d5ce4	2
63372	008d5d00	2
63373	008d5d11	2
63374	008d5d2b	2
63375	008d5d3c	2
63376	008d5d5c	2
63377	008d5d6d	2
63378	008d5d87	2
63379	008d5d98	2
63380	008d5db2	2
63381	008d5dc3	2
63382	008d5ddd	2
63383	008d5dee	2
63384	008d5e08	2
63385	008d5e19	2
33259	008d5e34	3
33260	008d5ea6	6
33261	008d5f39	3
33262	008d5f76	5
33263	008d6025	17
33264	008d61a2	0
33265	008d61bc	9
33266	008d62a5	10
33267	008d63d1	17
63386	008d650a	3
63387	008d6520	4
63388	008d659c	2
63389	008d65b5	2
63390	008d65cb	3
63391	008d65e1	4
63392	008d665d	2
63393	008d6676	2
33268	008d668c	20
63394	008d68b3	8
33269	008d69df	35
33270	008d6cd6	54
63395	008d713e	26
33271	008d72fe	9
63396	008d73c7	2
63397	008d73d8	2
33272	008d73f3	2
33273	008d742d	20
33274	008d75d5	14
63398	008d7727	2
63399	008d7738	2
63400	008d7750	2
63401	008d7761	2
33275	008d7779	2
33276	008d77b3	6
33277	008d784c	2
33278	008d788a	4
33279	008d7918	90
33280	008d7f46	9
33281	008d803e	20
33282	008d81b6	5
63402	008d826a	3
63403	008d8280	4
63404	008d82fc	2
63405	008d8315	2
33283	008d832b	11
33284	008d8430	21
33285	008d861b	25
63406	008d87fd	2
63407	008d880e	2
63408	008d8826	2
63409	008d8837	2
63410	008d884f	2
63411	008d8860	2
33286	008d8878	2
33287	008d88a5	16
33288	008d8a4e	9
33289	008d8b1d	5
33290	008d8b92	4
33291	008d8bf4	7
63412	008d8cd4	3
63413	008d8cea	4
63414	008d8d66	2
63415	008d8d7f	2
33292	008d8d95	20
63416	008d8fcc	2
63417	008d8fdd	2
33293	008d8ff5	23
33294	008d91c8	23
33295	008d93b5	23
33296	008d9562	0
63418	008d957c	3
63419	008d9592	4
63420	008d960e	2
63421	008d9627	2
33297	008d963d	16
33298	008d97b5	5
63422	008d982b	2
63423	008d983c	2
63424	008d9857	3
63425	008d986d	4
63426	008d98f0	2
63427	008d9909	2
63428	008d991f	3
63429	008d9935	4
63430	008d99b8	2
63431	008d99d1	2
33299	008d99e7	11
33300	008d9b0d	3
33301	008d9b4f	0
63432	008d9b67	3
63433	008d9b7d	4
63434	008d9bf9	2
63435	008d9c12	2
63436	008d9c28	3
63437	008d9c3e	4
63438	008d9cba	2
63439	008d9cd3	2
33302	008d9ce9	23
33303	008d9f6c	10
33304	008da046	29
33305	008da2a0	8
33306	008da368	0
33307	008da37e	2
33308	008da3cb	3
33309	008da40b	3
63440	008da457	3
63441	008da46d	4
63442	008da4e9	2
63443	008da502	2
33310	008da518	10
33311	008da5f8	5
63444	008da671	3
63445	008da687	2
33312	008da6a0	0
33313	008da6a0	3
33314	008da6e0	0
33315	008da6e0	3
33316	008da720	2
33317	008da750	0
33318	008da750	3
33319	008da790	2
33320	008da7c0	0
33321	008da7f0	0
33322	008da810	0
33323	008da810	3
33324	008da850	5
33325	008da8d0	2
33326	008da900	2
33327	008da930	3
33328	008da970	5
33329	008da9f0	4
33330	008daaa0	3
33331	008daae0	3
33332	008dab20	3
33333	008dab60	3
33334	008daba0	4
33335	008dac50	3
33336	008dac90	4
33337	008dad40	8
33338	008dae40	2
33339	008dae70	2
33340	008daea0	2
33341	008daed0	3
33342	008daf60	2
33343	008daf90	3
33344	008db020	2
33345	008db050	3
33346	008db0e0	2
33347	008db110	3
33348	008db1a0	2
33349	008db1e0	0
33350	008db1e0	3
33351	008db220	2
33352	008db250	2
33353	008db280	3
33354	008db310	2
33355	008db350	0
33356	008db350	3
33357	008db390	2
33358	008db3c0	2
33359	008db3f0	3
33360	008db480	2
33361	008db4b0	2
33362	008db4e0	2
33363	008db530	3
33364	008db5c0	2
33365	008db610	3
33366	008db6a0	2
33367	008db6f0	3
33368	008db780	5
33369	008db820	3
33370	008db880	0
33371	008db880	3
33372	008db8c0	0
33373	008db8c0	3
33374	008db900	0
33375	008db900	3
33376	008db940	3
33377	008db9c0	0
33378	008db9c0	3
33379	008dba00	2
33380	008dba30	2
33381	008dba60	2
33382	008dba90	3
33383	008dbb10	0
33384	008dbb30	0
33385	008dbb30	3
33386	008dbb70	0
33387	008dbb70	3
33388	008dbbb0	0
33389	008dbbd0	4
33390	008dbc40	5
33391	008dbd00	2
33392	008dbd30	0
33393	008dbd50	0
33394	008dbd70	1
33395	008dbd80	1
33396	008dbd90	1
33397	008dbda0	1
33398	008dbdb0	1
63360	008dbdc0	2
63361	008dbdd1	2
63362	008dbdeb	3
63363	008dbe01	2
63364	008dbe17	2
63365	008dbe30	2
33399	008dbe46	23
33400	008dc029	53
33401	008dc389	105
33402	008dcd43	15
33403	008dce83	9
63366	008dcf36	3
63367	008dcf4c	2
63368	008dcf65	7
63369	008dcf8f	2
63370	008dcfa8	2
63371	008dcfc1	2
33404	008dcfe0	2
33405	008dd040	0
33406	008dd060	0
63332	008dd080	2
63333	008dd091	2
63334	008dd0ab	2
63335	008dd0bc	2
63336	008dd0d4	2
63337	008dd0e5	2
33407	008dd0fd	6
63338	008dd267	3
63339	008dd27d	4
63340	008dd2f9	2
63341	008dd312	2
33408	008dd328	56
33409	008dd863	2
33410	008dd8b9	0
33411	008dd8d0	22
33412	008ddaed	16
33413	008ddc6b	10
33414	008ddda3	6
33415	008dde37	10
33416	008ddf3c	4
33417	008ddf8d	3
33418	008ddfe2	3
33419	008de017	0
33420	008de02b	3
33421	008de064	3
33422	008de093	3
33423	008de0c2	8
33424	008de15e	5
33425	008de1de	2
63342	008de205	3
63343	008de21b	4
63344	008de29e	2
63345	008de2b7	2
63346	008de2cd	3
63347	008de2e3	4
63348	008de35f	2
63349	008de378	2
63350	008de38e	3
63351	008de3a4	4
63352	008de420	2
63353	008de439	2
33426	008de44f	105
33427	008df01d	2
33428	008df04d	2
33429	008df07d	2
33430	008df0ad	2
33431	008df0de	4
33432	008df21f	0
33433	008df235	30
63354	008df4ac	3
63355	008df4c2	2
63356	008df4db	7
63357	008df505	2
63358	008df51e	2
63359	008df537	2
33434	008df550	0
33435	008df550	3
33436	008df590	4
33437	008df5d0	3
33438	008df650	0
33439	008df650	3
33440	008df690	3
33441	008df6f0	0
33442	008df6f0	3
33443	008df730	4
33444	008df770	2
33445	008df7a0	3
33446	008df7e0	3
33447	008df820	4
33448	008df8d0	2
33449	008df900	3
33450	008df990	2
33451	008df9c0	3
33452	008dfa50	2
33453	008dfab0	2
33454	008dfb00	0
33455	008dfb00	3
33456	008dfb40	2
33457	008dfb70	1
33458	008dfb80	1
33459	008dfb90	1
33460	008dfba0	1
33461	008dfbb0	1
33462	008dfbc0	1
33463	008dfbd0	1
33464	008dfbe0	1
33465	008dfbf0	1
33466	008dfc00	1
33467	008dfc10	1
63314	008dfc20	2
63315	008dfc31	2
63316	008dfc4b	2
63317	008dfc5c	2
63318	008dfc7c	2
63319	008dfc8d	2
63320	008dfca7	2
63321	008dfcb8	2
63322	008dfcd2	2
63323	008dfce3	2
63324	008dfcfd	2
63325	008dfd0e	2
33468	008dfd28	4
33469	008dfd96	12
33470	008dfe98	2
33471	008dfebf	25
33472	008e013f	11
33473	008e0222	37
33474	008e0453	2
33475	008e047a	4
33476	008e0544	3
33477	008e05b3	3
33478	008e0659	3
33479	008e06ff	0
33480	008e0716	9
33481	008e080c	3
33482	008e086b	0
33483	008e087f	8
33484	008e0958	3
33485	008e09c3	4
33486	008e0a7b	0
33487	008e0a8f	8
33488	008e0b8d	12
33489	008e0ce7	12
33490	008e0e41	0
63326	008e0e55	3
63327	008e0e6b	2
63328	008e0e84	7
63329	008e0eae	2
63330	008e0ec7	2
63331	008e0ee0	2
33491	008e0f00	2
33492	008e0f50	0
33493	008e0f50	3
33494	008e0f90	4
33495	008e1030	0
33496	008e1030	3
33497	008e1070	2
33498	008e10a0	0
33499	008e10c0	53
63309	008e1672	10
63310	008e19bd	8
63311	008e1c25	7
33500	008e1e06	7
63312	008e1e75	3
63313	008e1e8b	2
33501	008e1eb0	3
33502	008e1f50	2
33503	008e1f80	4
33504	008e1fc0	0
33505	008e2000	3
33506	008e2080	0
33507	008e20a0	9
33508	008e2120	0
33509	008e2170	5
33510	008e21e0	0
33511	008e2200	17
33512	008e2460	5
33513	008e24d0	2
33514	008e2510	2
33515	008e2540	2
33516	008e2590	2
33517	008e25e0	2
33518	008e2610	2
33519	008e2640	2
33520	008e2670	0
33521	008e26b0	0
33522	008e26e0	0
33523	008e2720	0
33524	008e2760	2
33525	008e2790	0
33526	008e27a0	2
63301	008e2800	2
63302	008e2811	2
63303	008e282b	2
63304	008e283c	2
33527	008e285c	8
33528	008e298c	9
33529	008e2a8e	4
33530	008e2b20	4
33531	008e2b88	4
33532	008e2c27	2
33533	008e2c4b	3
33534	008e2c79	3
33535	008e2ca7	3
33536	008e2cdb	3
33537	008e2d0f	20
33538	008e2f22	2
33539	008e2f5b	2
33540	008e2f94	3
33541	008e2fe1	3
33542	008e302e	3
33543	008e307b	3
63305	008e30c8	3
63306	008e30de	2
63307	008e30f7	3
63308	008e310d	2
33544	008e3130	2
33545	008e31a0	0
33546	008e3200	2
33547	008e3240	2
33548	008e32a0	0
33549	008e32c0	0
33550	008e32e0	2
33551	008e3310	3
33552	008e3350	4
33553	008e33c0	24
33554	008e360f	5
33555	008e36d5	2
63299	008e3706	3
63300	008e371c	2
33556	008e3740	0
33557	008e3770	2
33558	008e37b0	0
33559	008e37b0	3
33560	008e37f0	2
33561	008e3820	3
33562	008e38b0	0
33563	008e38b0	3
33564	008e38f0	2
33565	008e3920	0
33566	008e3950	2
33567	008e3980	3
33568	008e39f0	1
33569	008e3a00	3
63294	008e3a56	2
33570	008e3a6c	123
63295	008e457e	2
33571	008e459d	193
63296	008e56eb	2
33572	008e570a	3
33573	008e572f	2
33574	008e574a	3
33575	008e576f	2
63297	008e578a	3
63298	008e57a0	2
33576	008e57c0	3
33577	008e5830	3
33578	008e5890	2
33579	008e58ae	2
33580	008e58cc	5
33581	008e5982	5
33582	008e5a38	7
63292	008e5af2	3
63293	008e5b08	2
33583	008e5b30	11
33584	008e5c70	11
33585	008e5db0	0
33586	008e5dd0	0
63240	008e5df0	2
63241	008e5e01	2
63242	008e5e1b	3
63243	008e5e31	4
63244	008e5eb4	2
63245	008e5ecd	2
63246	008e5ee3	3
63247	008e5ef9	4
63248	008e5f7c	2
63249	008e5f95	2
63250	008e5fab	3
63251	008e5fc1	4
63252	008e603d	2
63253	008e6056	2
63254	008e606c	3
63255	008e6082	4
63256	008e60fe	2
63257	008e6117	2
63258	008e612d	3
63259	008e6143	4
63260	008e61bf	2
63261	008e61d8	2
63262	008e61ee	3
63263	008e6204	4
63264	008e6280	2
63265	008e6299	2
63266	008e62af	3
63267	008e62c5	4
63268	008e6341	2
63269	008e635a	2
63270	008e6370	3
63271	008e6386	4
63272	008e6402	2
63273	008e641b	2
63274	008e6431	3
63275	008e6447	4
63276	008e64c3	2
63277	008e64dc	2
63278	008e64f2	3
63279	008e6508	4
63280	008e6584	2
63281	008e659d	2
63282	008e65b3	3
63283	008e65c9	4
63284	008e664c	2
63285	008e6665	2
33587	008e667b	148
33588	008e74b4	15
33589	008e7652	47
33590	008e7add	2
63286	008e7b05	3
63287	008e7b1b	2
63288	008e7b34	7
63289	008e7b5e	2
63290	008e7b77	2
63291	008e7b90	2
33591	008e7bb0	2
33592	008e7c10	2
33593	008e7c70	0
33594	008e7c70	3
33595	008e7cb0	4
33596	008e7d30	4
33597	008e7de0	2
33598	008e7e40	2
33599	008e7e80	0
33600	008e7e80	3
33601	008e7ec0	2
33602	008e7ef0	1
63228	008e7f00	2
63229	008e7f11	2
63230	008e7f2b	2
63231	008e7f3c	2
63232	008e7f56	2
63233	008e7f67	2
33603	008e7f81	9
33604	008e8104	104
33605	008e8ab8	2
33606	008e8ae4	0
33607	008e8afb	9
33608	008e8be8	6
33609	008e8ca3	27
33610	008e8ec6	7
33611	008e8f65	10
33612	008e9055	0
33613	008e9069	7
33614	008e917f	6
33615	008e9205	19
33616	008e9394	4
33617	008e94be	2
33618	008e94ea	6
63234	008e9570	3
63235	008e9586	2
63236	008e959f	7
63237	008e95c9	2
63238	008e95e2	2
63239	008e95fb	2
33619	008e9620	0
33620	008e9620	3
33621	008e9660	4
33622	008e96a0	3
33623	008e9700	2
33624	008e9730	0
33625	008e9730	3
33626	008e9770	4
33627	008e97b0	2
33628	008e97e0	3
33629	008e9820	3
33630	008e9860	2
33631	008e9890	2
33632	008e98c0	0
33633	008e98e0	2
33634	008e9910	3
33635	008e99a0	2
33636	008e99d0	3
33637	008e9a60	1
33638	008e9a70	1
33639	008e9a80	1
33640	008e9a90	1
63209	008e9aa0	2
63210	008e9ab1	2
63211	008e9acb	3
63212	008e9ae1	2
63213	008e9af7	2
63214	008e9b10	2
63215	008e9b26	3
63216	008e9b3c	2
63217	008e9b52	2
63218	008e9b6b	2
33641	008e9b81	33
63219	008ea143	45
63220	008ea4a8	21
63221	008ea74c	3
33642	008ea821	3
63222	008ea8dd	3
63223	008ea8f3	2
63224	008ea90c	7
63225	008ea936	2
63226	008ea94f	2
63227	008ea968	2
33643	008ea990	0
33644	008ea9b0	0
33645	008ea9d0	0
33646	008ea9f0	2
33647	008eaa20	0
33648	008eaa40	0
33649	008eaa60	2
33650	008eaa90	0
33651	008eaab0	0
33652	008eaad0	3
33653	008eab00	0
33654	008eab10	5
33655	008eabb0	3
33656	008eabe0	7
33657	008eacc0	2
33658	008ead20	3
33659	008eada0	4
33660	008eae40	6
33661	008eaf30	4
33662	008eafc0	3
33663	008eaff0	0
33664	008eb020	6
33665	008eb0ce	56
63199	008eb573	2
33666	008eb592	10
63200	008eb6bc	2
33667	008eb6d2	3
33668	008eb737	6
33669	008eb7c4	21
63201	008eba79	0
63202	008eba7e	0
63203	008eba83	0
63204	008eba88	0
63205	008eba8d	0
63206	008eba92	0
63207	008eba97	3
63208	008ebaad	2
33670	008ebad0	2
33671	008ebb00	2
33672	008ebb30	2
33673	008ebb60	2
33674	008ebb90	2
33675	008ebbc0	2
33676	008ebc60	2
33677	008ebcc0	2
33678	008ebd00	2
33679	008ebd30	3
33680	008ebd90	2
33681	008ebdd0	8
33682	008ebea0	2
33683	008ebed0	0
33684	008ebf00	2
33685	008ebf60	4
33686	008ebfe0	2
33687	008ec030	3
33688	008ec070	2
33689	008ec0a0	2
33690	008ec0d0	22
33691	008ec2b0	15
33692	008ec3d0	8
33693	008ec490	2
33694	008ec4c0	2
33695	008ec4f0	0
33696	008ec520	0
33697	008ec550	0
33698	008ec570	2
33699	008ec5a0	3
33700	008ec5d0	0
33701	008ec5e0	0
33702	008ec5f0	0
33703	008ec600	0
33704	008ec620	134
33705	008ece50	3
33706	008ece90	7
33707	008ecf20	10
33708	008ed040	75
33709	008ed4f0	2
33710	008ed520	2
33711	008ed550	2
33712	008ed580	0
33713	008ed5a0	0
33714	008ed5c0	2
33715	008ed5f0	2
33716	008ed640	2
33717	008ed670	0
33718	008ed6a0	2
33719	008ed6e0	0
33720	008ed6f0	0
33721	008ed700	6
33722	008ed7b0	19
33723	008ed8f0	3
33724	008ed930	3
33725	008ed970	19
33726	008edab0	4
33727	008edb10	2
33728	008edb40	2
33729	008edb70	10
33730	008edc60	2
33731	008edc90	2
33732	008edcc0	2
33733	008edcf0	7
33734	008edda0	0
33735	008eddc0	2
33736	008ede00	2
33737	008ede40	0
33738	008ede70	3
33739	008edf00	2
33740	008edf20	2
33741	008edf60	3
33742	008edfa0	2
33743	008edfe0	3
33744	008ee01a	5
33745	008ee0c0	3
33746	008ee0fc	4
63195	008ee17c	7
63196	008ee1a6	2
63197	008ee1bf	2
63198	008ee1d8	2
33747	008ee200	0
33748	008ee220	2
33749	008ee260	2
33750	008ee2a0	2
33751	008ee2e0	2
33752	008ee320	2
33753	008ee350	2
33754	008ee380	2
33755	008ee3c0	4
33756	008ee470	2
33757	008ee4a0	3
33758	008ee500	2
33759	008ee540	3
33760	008ee5a0	2
33761	008ee5e0	3
33762	008ee640	3
33763	008ee690	2
33764	008ee6d0	4
33765	008ee740	2
33766	008ee780	4
33767	008ee800	4
33768	008ee880	6
33769	008ee960	0
33770	008ee980	2
33771	008ee9c0	0
33772	008ee9c0	3
33773	008eea00	2
33774	008eea30	2
33775	008eea70	2
33776	008eeaa0	2
33777	008eead0	0
33778	008eead0	3
33779	008eeb10	2
33780	008eeb40	2
33781	008eeb70	2
33782	008eebb0	0
33783	008eebb0	3
33784	008eebf0	2
33785	008eec20	2
33786	008eec50	2
33787	008eec90	0
33788	008eec90	3
33789	008eecd0	2
33790	008eed00	2
33791	008eed50	2
33792	008eed80	0
33793	008eed80	3
33794	008eedc0	2
33795	008eee10	0
33796	008eee10	3
33797	008eee50	2
33798	008eee90	0
33799	008eeeb0	4
33800	008eef10	2
33801	008eef30	4
33802	008eef90	2
33803	008eefd0	2
33804	008eeff0	2
33805	008ef030	2
33806	008ef070	4
33807	008ef120	2
33808	008ef150	6
33809	008ef230	0
33810	008ef250	2
33811	008ef290	0
33812	008ef290	3
33813	008ef2d0	2
33814	008ef300	2
33815	008ef340	2
33816	008ef370	2
33817	008ef3a0	0
33818	008ef3a0	3
33819	008ef3e0	2
33820	008ef410	2
33821	008ef440	2
33822	008ef480	0
33823	008ef480	3
33824	008ef4c0	2
33825	008ef510	3
33826	008ef57d	4
33827	008ef5e1	4
33828	008ef64f	5
33829	008ef6c1	3
33830	008ef6fb	3
33831	008ef735	3
33832	008ef76f	3
33833	008ef7a9	3
33834	008ef7e3	3
33835	008ef81d	3
63185	008ef857	19
63186	008ef8bd	2
63187	008ef8d6	2
63188	008ef8ef	2
63189	008ef908	2
63190	008ef921	2
63191	008ef93a	2
63192	008ef953	2
63193	008ef96c	2
63194	008ef985	2
33836	008ef9a0	2
33837	008ef9e0	2
33838	008efa20	2
33839	008efa60	2
33840	008efaa0	2
33841	008efae0	2
33842	008efb20	2
33843	008efb60	2
33844	008efba0	2
33845	008efbe0	2
33846	008efc20	2
33847	008efc60	2
33848	008efca0	2
33849	008efce0	2
33850	008efd20	2
33851	008efd60	2
33852	008efda0	2
33853	008efdd0	2
33854	008efe00	2
33855	008efe30	2
33856	008efe60	2
33857	008efe90	2
33858	008efec0	2
33859	008efef0	2
33860	008eff20	2
33861	008eff60	4
33862	008f0010	2
33863	008f0040	6
33864	008f0120	0
33865	008f0140	2
33866	008f0180	0
33867	008f0180	3
33868	008f01c0	2
33869	008f01f0	2
33870	008f0230	2
33871	008f0270	2
33872	008f02c0	0
33873	008f02c0	3
33874	008f0300	2
33875	008f0330	0
33876	008f0330	3
33877	008f0370	2
33878	008f03a0	0
33879	008f03a0	3
33880	008f03e0	2
33881	008f0410	2
33882	008f0450	2
33883	008f0480	2
33884	008f04b0	0
33885	008f04b0	3
33886	008f04f0	2
33887	008f0530	2
33888	008f0570	2
33889	008f05d0	2
33890	008f0610	4
33891	008f06c0	2
33892	008f06f0	6
33893	008f07d0	0
33894	008f07f0	2
33895	008f0830	0
33896	008f0830	3
33897	008f0870	2
33898	008f08a0	2
33899	008f08e0	0
33900	008f08e0	3
33901	008f0920	2
33902	008f0950	2
33903	008f0990	2
33904	008f09c0	2
33905	008f09f0	0
33906	008f09f0	3
33907	008f0a30	2
33908	008f0a70	2
33909	008f0ab0	4
33910	008f0b60	2
33911	008f0b90	6
33912	008f0c70	0
33913	008f0c90	2
33914	008f0cd0	0
33915	008f0cd0	3
33916	008f0d10	2
33917	008f0d40	2
33918	008f0d80	0
33919	008f0d80	3
33920	008f0dc0	2
33921	008f0df0	2
33922	008f0e30	2
33923	008f0e60	2
33924	008f0e90	0
33925	008f0e90	3
33926	008f0ed0	2
33927	008f0f10	2
33928	008f0f50	4
33929	008f1000	2
33930	008f1030	6
33931	008f1110	0
33932	008f1130	2
33933	008f1170	0
33934	008f1170	3
33935	008f11b0	2
33936	008f11e0	2
33937	008f1220	0
33938	008f1220	3
33939	008f1260	2
33940	008f1290	2
33941	008f12d0	2
33942	008f1300	2
33943	008f1330	0
33944	008f1330	3
33945	008f1370	2
33946	008f13b0	2
33947	008f13f0	4
33948	008f14a0	2
33949	008f14d0	6
33950	008f15b0	0
33951	008f15d0	2
33952	008f1610	0
33953	008f1610	3
33954	008f1650	2
33955	008f1680	2
33956	008f16c0	0
33957	008f16c0	3
33958	008f1700	2
33959	008f1730	2
33960	008f1770	2
33961	008f17a0	2
33962	008f17d0	0
33963	008f17d0	3
33964	008f1810	2
33965	008f1850	2
33966	008f1890	4
33967	008f1940	2
33968	008f1970	6
33969	008f1a50	0
33970	008f1a70	2
33971	008f1ab0	0
33972	008f1ab0	3
33973	008f1af0	2
33974	008f1b20	2
33975	008f1b60	2
33976	008f1b90	2
33977	008f1bc0	0
33978	008f1bc0	3
33979	008f1c00	2
33980	008f1c40	4
33981	008f1cf0	2
33982	008f1d20	6
33983	008f1e00	0
33984	008f1e20	2
33985	008f1e60	0
33986	008f1e60	3
33987	008f1ea0	2
33988	008f1ed0	2
33989	008f1f10	0
33990	008f1f10	3
33991	008f1f50	2
33992	008f1f80	2
33993	008f1fc0	2
33994	008f1ff0	2
33995	008f2020	0
33996	008f2020	3
33997	008f2060	2
33998	008f20a0	2
33999	008f20e0	4
34000	008f2190	2
34001	008f21c0	6
34002	008f22a0	0
34003	008f22c0	2
34004	008f2300	0
34005	008f2300	3
34006	008f2340	2
34007	008f2370	2
34008	008f23b0	0
34009	008f23b0	3
34010	008f23f0	2
34011	008f2420	2
34012	008f2460	2
34013	008f2490	2
34014	008f24c0	0
34015	008f24c0	3
34016	008f2500	2
34017	008f2540	2
34018	008f2590	5
34019	008f25e6	3
34020	008f2636	3
63179	008f2686	11
63180	008f26c4	2
63181	008f26dd	2
63182	008f26f6	2
63183	008f270f	2
63184	008f2728	2
34021	008f2750	0
34022	008f2770	3
34023	008f27d0	2
34024	008f2810	2
34025	008f2830	2
34026	008f2870	2
34027	008f28b0	2
34028	008f28f0	2
34029	008f2930	2
34030	008f2970	2
34031	008f29b0	2
34032	008f29f0	2
34033	008f2a30	2
34034	008f2a60	2
34035	008f2a90	2
34036	008f2ac0	2
34037	008f2af0	2
34038	008f2b10	2
34039	008f2b50	4
34040	008f2c00	2
34041	008f2c30	3
34042	008f2c90	2
34043	008f2cd0	3
34044	008f2d30	3
34045	008f2d80	2
34046	008f2dc0	4
34047	008f2e30	2
34048	008f2e70	4
34049	008f2ee0	6
34050	008f2f70	6
34051	008f3050	0
34052	008f3070	2
34053	008f30b0	0
34054	008f30b0	3
34055	008f30f0	2
34056	008f3120	2
34057	008f3160	2
34058	008f31b0	0
34059	008f31b0	3
34060	008f31f0	2
34061	008f3220	2
34062	008f3250	2
34063	008f3280	0
34064	008f3280	3
34065	008f32c0	2
34066	008f32f0	2
34067	008f3320	0
34068	008f3320	3
34069	008f3360	2
34070	008f3390	2
34071	008f33d0	0
34072	008f33d0	3
34073	008f3410	2
34074	008f3450	2
34075	008f3480	2
34076	008f34b0	0
34077	008f34b0	3
34078	008f34f0	2
34079	008f3530	2
34080	008f3580	2
34081	008f35c0	2
34082	008f3610	2
34083	008f3660	0
34084	008f3660	3
34085	008f36a0	2
34086	008f36e0	0
34087	008f3700	4
34088	008f3760	4
34089	008f37c0	2
34090	008f3800	4
34091	008f38b0	2
34092	008f38e0	6
34093	008f39c0	0
34094	008f39e0	2
34095	008f3a20	0
34096	008f3a20	3
34097	008f3a60	2
34098	008f3a90	2
34099	008f3ad0	0
34100	008f3ad0	3
34101	008f3b10	2
34102	008f3b40	2
34103	008f3b80	2
34104	008f3bb0	2
34105	008f3be0	0
34106	008f3be0	3
34107	008f3c20	2
34108	008f3c60	2
34109	008f3ca0	4
34110	008f3d50	2
34111	008f3d80	6
34112	008f3e60	0
34113	008f3e80	2
34114	008f3ec0	0
34115	008f3ec0	3
34116	008f3f00	2
34117	008f3f30	2
34118	008f3f70	0
34119	008f3f70	3
34120	008f3fb0	2
34121	008f3fe0	2
34122	008f4020	2
34123	008f4050	2
34124	008f4080	0
34125	008f4080	3
34126	008f40c0	2
34127	008f4100	2
34128	008f4140	4
34129	008f41f0	2
34130	008f4220	6
34131	008f4300	0
34132	008f4320	2
34133	008f4360	0
34134	008f4360	3
34135	008f43a0	2
34136	008f43d0	2
34137	008f4410	0
34138	008f4410	3
34139	008f4450	2
34140	008f4480	2
34141	008f44c0	2
34142	008f44f0	2
34143	008f4520	0
34144	008f4520	3
34145	008f4560	2
34146	008f45a0	2
34147	008f45f0	4
34148	008f465b	3
34149	008f46c6	4
34150	008f4743	2
34151	008f477b	5
34152	008f47db	2
34153	008f4813	2
34154	008f484b	2
63175	008f4883	7
63176	008f48ad	2
63177	008f48c6	2
63178	008f48df	2
34155	008f4900	0
34156	008f4920	0
34157	008f4940	2
34158	008f4980	2
34159	008f49c0	2
34160	008f4a00	2
34161	008f4a40	2
34162	008f4a70	2
34163	008f4aa0	2
34164	008f4ae0	4
34165	008f4b90	2
34166	008f4bc0	6
34167	008f4ca0	0
34168	008f4cc0	2
34169	008f4d00	0
34170	008f4d00	3
34171	008f4d40	2
34172	008f4d70	2
34173	008f4db0	2
34174	008f4e00	0
34175	008f4e00	3
34176	008f4e40	2
34177	008f4e70	0
34178	008f4e70	3
34179	008f4eb0	2
34180	008f4ee0	2
34181	008f4f20	2
34182	008f4f50	2
34183	008f4f80	0
34184	008f4f80	3
34185	008f4fc0	2
34186	008f5000	2
34187	008f5060	2
34188	008f50a0	4
34189	008f5150	2
34190	008f5180	6
34191	008f5260	0
34192	008f5280	2
34193	008f52c0	0
34194	008f52c0	3
34195	008f5300	2
34196	008f5330	2
34197	008f5370	0
34198	008f5370	3
34199	008f53b0	2
34200	008f53e0	2
34201	008f5420	2
34202	008f5450	2
34203	008f5480	0
34204	008f5480	3
34205	008f54c0	2
34206	008f5500	6
34207	008f558e	6
34208	008f561c	6
34209	008f56aa	6
34210	008f5738	6
34211	008f57c6	0
34212	008f57e0	0
34213	008f57fa	0
34214	008f5815	0
34215	008f584f	0
34216	008f5889	4
34217	008f58ea	4
34218	008f594b	4
34219	008f59ac	4
34220	008f5a0d	4
34221	008f5a6e	0
63167	008f5a8b	15
63168	008f5add	2
63169	008f5af6	2
63170	008f5b0f	2
63171	008f5b28	2
63172	008f5b41	2
63173	008f5b5a	2
63174	008f5b73	2
34222	008f5b90	4
34223	008f5be0	4
34224	008f5c30	4
34225	008f5c80	0
34226	008f5ca0	0
34227	008f5cc0	2
34228	008f5d00	2
34229	008f5d40	2
34230	008f5d80	2
34231	008f5dc0	2
34232	008f5e00	2
34233	008f5e40	2
34234	008f5e80	2
34235	008f5ec0	2
34236	008f5f00	2
34237	008f5f40	2
34238	008f5f80	2
34239	008f5fc0	2
34240	008f5ff0	2
34241	008f6020	2
34242	008f6050	2
34243	008f6080	2
34244	008f60b0	2
34245	008f60e0	3
34246	008f6150	4
34247	008f6200	2
34248	008f6230	5
34249	008f62d0	5
34250	008f6370	4
34251	008f63e0	6
34252	008f64c0	0
34253	008f64e0	2
34254	008f6520	0
34255	008f6520	3
34256	008f6560	2
34257	008f6590	2
34258	008f65d0	2
34259	008f6600	2
34260	008f6630	0
34261	008f6630	3
34262	008f6670	2
34263	008f66a0	2
34264	008f66d0	2
34265	008f6710	0
34266	008f6710	3
34267	008f6750	2
34268	008f6780	2
34269	008f67b0	2
34270	008f67f0	0
34271	008f67f0	3
34272	008f6830	3
34273	008f6890	3
34274	008f6900	0
34275	008f6900	3
34276	008f6940	8
34277	008f6a20	2
34278	008f6a50	2
34279	008f6a80	3
34280	008f6af0	4
34281	008f6ba0	2
34282	008f6bd0	9
34283	008f6cd0	9
34284	008f6dd0	6
34285	008f6e80	6
34286	008f6f60	0
34287	008f6f80	2
34288	008f6fc0	0
34289	008f6fc0	3
34290	008f7000	2
34291	008f7030	2
34292	008f7070	2
34293	008f70a0	2
34294	008f70d0	0
34295	008f70d0	3
34296	008f7110	2
34297	008f7140	2
34298	008f7170	2
34299	008f71b0	0
34300	008f71b0	3
34301	008f71f0	2
34302	008f7220	2
34303	008f7250	2
34304	008f7290	0
34305	008f7290	3
34306	008f72d0	4
34307	008f7340	4
34308	008f73c0	0
34309	008f73c0	3
34310	008f7400	14
34311	008f7560	3
34312	008f75d0	4
34313	008f7680	2
34314	008f76b0	6
34315	008f7790	0
34316	008f77b0	2
34317	008f77f0	0
34318	008f77f0	3
34319	008f7830	2
34320	008f7860	2
34321	008f78a0	2
34322	008f78d0	2
34323	008f7900	0
34324	008f7900	3
34325	008f7940	2
34326	008f7970	2
34327	008f79a0	2
34328	008f79e0	0
34329	008f79e0	3
34330	008f7a20	3
34331	008f7a90	4
34332	008f7b40	2
34333	008f7b70	6
34334	008f7c50	0
34335	008f7c70	2
34336	008f7cb0	0
34337	008f7cb0	3
34338	008f7cf0	2
34339	008f7d20	2
34340	008f7d60	2
34341	008f7d90	2
34342	008f7dc0	0
34343	008f7dc0	3
34344	008f7e00	2
34345	008f7e30	2
34346	008f7e60	2
34347	008f7ea0	0
34348	008f7ea0	3
34349	008f7ee0	3
34350	008f7f50	4
34351	008f8000	2
34352	008f8030	6
34353	008f8110	0
34354	008f8130	2
34355	008f8170	0
34356	008f8170	3
34357	008f81b0	2
34358	008f81e0	2
34359	008f8220	2
34360	008f8250	2
34361	008f8280	0
34362	008f8280	3
34363	008f82c0	2
34364	008f82f0	2
34365	008f8320	2
34366	008f8360	0
34367	008f8360	3
34368	008f83a0	3
34369	008f8410	4
34370	008f84c0	2
34371	008f84f0	6
34372	008f85d0	0
34373	008f85f0	2
34374	008f8630	0
34375	008f8630	3
34376	008f8670	2
34377	008f86a0	2
34378	008f86e0	2
34379	008f8710	2
34380	008f8740	0
34381	008f8740	3
34382	008f8780	2
34383	008f87b0	2
34384	008f87e0	2
34385	008f8820	0
34386	008f8820	3
34387	008f8860	0
34388	008f8878	3
34389	008f88f8	3
34390	008f8947	3
34391	008f8993	4
34392	008f89f7	4
34393	008f8a5b	2
34394	008f8a95	4
34395	008f8af9	2
34396	008f8b33	4
34397	008f8bc1	3
34398	008f8c30	3
34399	008f8c7e	3
34400	008f8cc8	4
34401	008f8d2c	4
34402	008f8d90	2
34403	008f8dcd	4
34404	008f8e31	2
34405	008f8e6e	7
63163	008f8f77	7
63164	008f8fa1	2
63165	008f8fba	2
63166	008f8fd3	2
34406	008f8ff0	0
34407	008f9010	0
34408	008f9030	2
34409	008f9070	2
34410	008f90b0	3
34411	008f9100	4
34412	008f9160	2
34413	008f9180	4
34414	008f91e0	2
34415	008f9220	2
34416	008f9260	2
34417	008f92a0	2
34418	008f92e0	2
34419	008f9310	2
34420	008f9340	2
34421	008f9360	3
34422	008f93d0	4
34423	008f9480	2
34424	008f94b0	6
34425	008f9590	0
34426	008f95b0	2
34427	008f95f0	0
34428	008f95f0	3
34429	008f9630	2
34430	008f9660	2
34431	008f96a0	0
34432	008f96a0	3
34433	008f96e0	2
34434	008f9710	2
34435	008f9740	2
34436	008f9770	0
34437	008f9770	3
34438	008f97b0	2
34439	008f97e0	2
34440	008f9810	0
34441	008f9810	3
34442	008f9850	2
34443	008f9880	2
34444	008f98c0	0
34445	008f98c0	3
34446	008f9900	2
34447	008f9940	2
34448	008f9970	2
34449	008f99a0	0
34450	008f99a0	3
34451	008f99e0	2
34452	008f9a30	2
34453	008f9a70	2
34454	008f9ab0	2
34455	008f9b00	3
34456	008f9b70	4
34457	008f9c20	2
34458	008f9c50	6
34459	008f9d30	0
34460	008f9d50	2
34461	008f9d90	0
34462	008f9d90	3
34463	008f9dd0	2
34464	008f9e00	2
34465	008f9e40	2
34466	008f9e70	2
34467	008f9ea0	0
34468	008f9ea0	3
34469	008f9ee0	3
34470	008f9f60	3
34471	008f9fc0	3
34472	008fa040	0
34473	008fa040	3
34474	008fa080	2
63155	008fa0d0	3
63156	008fa0e6	2
63157	008fa10d	2
63158	008fa126	2
34475	008fa13c	9
34476	008fa245	9
34477	008fa34a	7
34478	008fa3f8	5
34479	008fa44c	8
34480	008fa4ee	8
34481	008fa580	21
34482	008fa746	18
63159	008fa976	7
63160	008fa9a0	2
63161	008fa9b9	2
63162	008fa9d2	2
34483	008fa9f0	0
34484	008faa10	9
34485	008faa90	2
34486	008faae0	5
34487	008fab60	2
34488	008fab90	4
34489	008fabd0	3
34490	008fac20	4
34491	008fac70	4
34492	008facd0	3
34493	008fad10	2
34494	008fad40	0
34495	008fad60	11
34496	008fae30	12
34497	008faf10	4
34498	008faf80	4
34499	008fb010	2
34500	008fb040	2
34501	008fb070	2
34502	008fb0b0	2
34503	008fb0e0	0
34504	008fb0f0	0
34505	008fb100	0
34506	008fb110	0
34507	008fb130	2
34508	008fb160	2
34509	008fb1b0	2
34510	008fb1f0	0
34511	008fb210	2
34512	008fb250	0
34513	008fb280	2
34514	008fb2c0	2
34515	008fb300	2
34516	008fb340	2
34517	008fb380	2
34518	008fb3b0	2
34519	008fb3e0	2
34520	008fb420	4
34521	008fb4d0	2
34522	008fb500	6
34523	008fb590	4
34524	008fb600	2
34525	008fb640	4
34526	008fb6b0	2
34527	008fb6f0	6
34528	008fb7d0	0
34529	008fb7f0	2
34530	008fb830	0
34531	008fb830	3
34532	008fb870	2
34533	008fb8a0	2
34534	008fb8e0	2
34535	008fb910	2
34536	008fb940	0
34537	008fb940	3
34538	008fb980	2
34539	008fb9b0	2
34540	008fb9e0	2
34541	008fba20	0
34542	008fba20	3
34543	008fba60	3
34544	008fbae0	3
34545	008fbb40	3
34546	008fbbc0	0
34547	008fbbc0	3
34548	008fbc00	2
34549	008fbc30	2
34550	008fbc60	2
34551	008fbca0	0
34552	008fbca0	3
34553	008fbce0	2
34554	008fbd20	4
34555	008fbdd0	2
34556	008fbe00	6
34557	008fbee0	0
34558	008fbf00	2
34559	008fbf40	0
34560	008fbf40	3
34561	008fbf80	2
34562	008fbfb0	2
34563	008fbff0	2
34564	008fc020	2
34565	008fc050	0
34566	008fc050	3
34567	008fc090	2
34568	008fc0c0	2
34569	008fc0f0	2
34570	008fc130	0
34571	008fc130	3
34572	008fc170	9
34573	008fc26a	9
34574	008fc364	6
63153	008fc406	3
63154	008fc41c	2
34575	008fc440	3
34576	008fc48f	2
34577	008fc4f2	3
34578	008fc53e	2
34579	008fc576	5
34580	008fc62e	2
34581	008fc666	2
34582	008fc69e	2
63150	008fc6d6	5
63151	008fc6f6	2
63152	008fc70f	2
34583	008fc730	0
34584	008fc750	4
34585	008fc7b0	4
34586	008fc810	2
34587	008fc850	2
34588	008fc890	2
34589	008fc8c0	2
34590	008fc900	4
34591	008fc9b0	2
34592	008fc9e0	6
34593	008fcac0	0
34594	008fcae0	2
34595	008fcb20	0
34596	008fcb20	3
34597	008fcb60	2
34598	008fcb90	2
34599	008fcbd0	0
34600	008fcbd0	3
34601	008fcc10	2
34602	008fcc40	2
34603	008fcc80	2
34604	008fccb0	2
34605	008fcce0	0
34606	008fcce0	3
34607	008fcd20	2
63141	008fcd70	2
63142	008fcd81	2
34608	008fcd9b	2
34609	008fcdfe	2
34610	008fce5c	3
34611	008fcea8	2
34612	008fcee0	5
34613	008fcf58	5
34614	008fcfce	8
34615	008fd09d	2
63143	008fd0d5	5
63144	008fd0f5	2
63145	008fd10e	2
63146	008fd127	7
63147	008fd151	2
63148	008fd16a	2
63149	008fd183	2
34616	008fd1a0	0
34617	008fd1c0	4
34618	008fd220	4
34619	008fd280	2
34620	008fd2c0	2
34621	008fd300	2
34622	008fd330	2
34623	008fd370	4
34624	008fd420	2
34625	008fd450	6
34626	008fd530	0
34627	008fd550	2
34628	008fd590	0
34629	008fd590	3
34630	008fd5d0	2
34631	008fd600	2
34632	008fd640	0
34633	008fd640	3
34634	008fd680	2
34635	008fd6b0	2
34636	008fd6f0	2
34637	008fd720	2
34638	008fd750	0
34639	008fd750	3
34640	008fd790	2
63132	008fd7e0	2
63133	008fd7f1	2
34641	008fd80b	0
34642	008fd826	5
34643	008fd8df	3
34644	008fd95c	3
34645	008fd9c1	9
34646	008fda64	5
34647	008fdaf6	5
34648	008fdb56	3
34649	008fdba1	7
34650	008fdc6f	16
34651	008fde0d	2
34652	008fde48	7
34653	008fdf19	2
34654	008fdf54	2
34655	008fdf9a	0
34656	008fdfb1	2
34657	008fdfee	2
34658	008fe02b	0
34659	008fe042	0
34660	008fe062	30
63134	008fe3ab	5
63135	008fe3cb	2
63136	008fe3e4	2
63137	008fe3fd	7
63138	008fe427	2
63139	008fe440	2
63140	008fe459	2
34661	008fe480	0
34662	008fe480	3
34663	008fe4c0	4
34664	008fe540	4
34665	008fe5b0	0
34666	008fe5b0	3
34667	008fe5f0	4
34668	008fe650	2
34669	008fe680	4
34670	008fe6d0	4
34671	008fe720	0
34672	008fe740	0
34673	008fe740	3
34674	008fe780	2
34675	008fe7b0	2
34676	008fe7e0	2
34677	008fe810	2
34678	008fe840	4
34679	008fe880	2
34680	008fe8b0	2
34681	008fe8e0	2
34682	008fe910	0
34683	008fe930	2
34684	008fe970	2
34685	008fe9b0	2
34686	008fe9e0	2
34687	008fea20	4
34688	008fead0	2
34689	008feb00	6
34690	008febe0	0
34691	008fec00	2
34692	008fec40	0
34693	008fec40	3
34694	008fec80	2
34695	008fecb0	2
34696	008fecf0	2
34697	008fed20	2
34698	008fed50	0
34699	008fed50	3
34700	008fed90	6
34701	008fee3e	6
34702	008feef7	4
34703	008fef5f	8
34704	008ff00d	8
34705	008ff0bb	8
34706	008ff16d	8
34707	008ff21b	8
63129	008ff2ca	5
63130	008ff2ea	2
63131	008ff303	2
34708	008ff320	2
34709	008ff3a0	4
34710	008ff3f0	2
34711	008ff490	0
34712	008ff4c0	0
34713	008ff4f0	2
34714	008ff530	2
34715	008ff570	2
34716	008ff5a0	2
34717	008ff5e0	4
34718	008ff690	2
34719	008ff6c0	6
34720	008ff7a0	0
34721	008ff7c0	2
34722	008ff800	0
34723	008ff800	3
34724	008ff840	2
34725	008ff870	2
34726	008ff8b0	2
34727	008ff8e0	2
34728	008ff910	0
34729	008ff910	3
34730	008ff950	3
34731	008ff9c0	3
34732	008ffa20	3
34733	008ffaa0	0
34734	008ffaa0	3
34735	008ffae0	4
34736	008ffb70	2
34737	008ffba0	4
34738	008ffc21	4
34739	008ffc9d	4
34740	008ffd0d	27
34741	008fff61	20
34742	00900162	3
34743	009001a4	4
63125	009001e7	7
63126	00900211	2
63127	0090022a	2
63128	00900243	2
34744	00900260	0
34745	00900280	0
34746	009002a0	2
34747	009002e0	2
34748	00900320	3
34749	00900370	2
34750	009003b0	2
34751	009003f0	2
34752	00900430	2
34753	00900470	2
34754	009004a0	2
34755	009004d0	2
34756	00900510	4
34757	009005c0	2
34758	009005f0	4
34759	00900660	4
34760	009006d0	2
34761	00900710	4
34762	00900780	2
34763	009007c0	0
34764	009007e0	6
34765	009008c0	0
34766	009008e0	2
34767	00900920	0
34768	00900920	3
34769	00900960	2
34770	00900990	2
34771	009009d0	2
34772	00900a00	2
34773	00900a30	0
34774	00900a30	3
34775	00900a70	2
34776	00900aa0	2
34777	00900af0	0
34778	00900af0	3
34779	00900b30	2
34780	00900b60	2
34781	00900b90	2
34782	00900bc0	0
34783	00900bc0	3
34784	00900c00	2
34785	00900c30	2
34786	00900c70	0
34787	00900c70	3
34788	00900cb0	2
34789	00900ce0	2
34790	00900d20	0
34791	00900d20	3
34792	00900d60	2
34793	00900db0	2
34794	00900df0	2
34795	00900e40	2
34796	00900e80	4
34797	00900f30	2
34798	00900f60	6
34799	00901040	0
34800	00901060	2
34801	009010a0	0
34802	009010a0	3
34803	009010e0	2
34804	00901110	2
34805	00901150	2
34806	00901180	2
34807	009011b0	0
34808	009011b0	3
34809	009011f0	2
34810	00901220	2
34811	00901250	2
34812	00901290	0
34813	00901290	3
34814	009012d0	4
34815	00901326	4
34816	0090137c	2
34817	009013b6	4
34818	0090140c	2
34819	00901446	6
34820	009014fe	3
34821	0090157e	3
34822	009015cd	3
34823	00901619	4
34824	0090166f	4
34825	009016c5	2
34826	00901702	4
34827	00901758	2
34828	00901795	4
34829	0090183a	4
34830	00901890	4
34831	009018e6	2
34832	00901923	4
34833	00901979	2
34834	009019b6	3
63120	00901a47	9
63121	00901a7b	2
63122	00901a94	2
63123	00901aad	2
63124	00901ac6	2
34835	00901ae0	0
34836	00901b00	0
34837	00901b20	2
34838	00901b60	2
34839	00901ba0	3
34840	00901bf0	2
34841	00901c30	2
34842	00901c70	2
34843	00901cb0	2
34844	00901cf0	2
34845	00901d30	2
34846	00901d70	2
34847	00901da0	2
34848	00901dd0	2
34849	00901e00	3
34850	00901e70	4
34851	00901f20	2
34852	00901f50	6
34853	00902030	0
34854	00902050	2
34855	00902090	0
34856	00902090	3
34857	009020d0	2
34858	00902100	2
34859	00902140	0
34860	00902140	3
34861	00902180	2
34862	009021b0	2
34863	009021e0	2
34864	00902210	0
34865	00902210	3
34866	00902250	2
34867	00902280	2
34868	009022c0	0
34869	009022c0	3
34870	00902300	2
34871	00902340	2
34872	00902370	2
34873	009023a0	0
34874	009023a0	3
34875	009023e0	2
34876	00902430	2
34877	00902470	2
34878	009024c0	3
34879	00902530	4
34880	009025e0	2
34881	00902610	6
34882	009026f0	0
34883	00902710	2
34884	00902750	0
34885	00902750	3
34886	00902790	2
34887	009027c0	2
34888	00902800	2
34889	00902830	2
34890	00902860	0
34891	00902860	3
34892	009028a0	2
34893	009028d0	2
34894	00902900	2
34895	00902940	0
34896	00902940	3
34897	00902980	3
34898	009029f0	4
34899	00902aa0	2
34900	00902ad0	6
34901	00902bb0	0
34902	00902bd0	2
34903	00902c10	0
34904	00902c10	3
34905	00902c50	2
34906	00902c80	2
34907	00902cc0	2
34908	00902cf0	2
34909	00902d20	0
34910	00902d20	3
34911	00902d60	2
34912	00902d90	2
34913	00902dc0	2
34914	00902e00	0
34915	00902e00	3
63111	00902e40	2
63112	00902e51	2
34916	00902e6b	2
34917	00902e9c	2
34918	00902ecd	3
34919	00902f19	4
34920	00902f68	4
34921	00902fb7	4
34922	00903004	4
34923	00903053	4
63113	009030a0	5
63114	009030c0	2
63115	009030d9	2
63116	009030f2	7
63117	0090311c	2
63118	00903135	2
63119	0090314e	2
34924	00903170	0
34925	00903190	2
34926	009031d0	2
34927	00903210	2
34928	00903240	2
34929	00903280	4
34930	00903330	2
34931	00903360	6
34932	00903440	0
34933	00903460	2
34934	009034a0	0
34935	009034a0	3
34936	009034e0	2
34937	00903510	2
34938	00903550	2
34939	00903580	2
34940	009035b0	0
34941	009035b0	3
34942	009035f0	3
34943	00903670	3
34944	009036d0	3
34945	00903750	0
34946	00903750	3
63097	00903790	2
63098	009037a1	2
63099	009037bb	3
63100	009037d1	2
63101	009037e7	2
63102	00903800	2
34947	00903816	3
34948	0090388b	3
34949	009038d9	3
34950	00903923	6
34951	00903984	11
34952	00903a79	11
34953	00903b6e	11
34954	00903c62	15
34955	00903d9c	11
34956	00903e90	5
63103	00903ef4	7
63104	00903f1e	2
63105	00903f37	2
63106	00903f50	2
63107	00903f69	7
63108	00903f93	2
63109	00903fac	2
63110	00903fc5	2
34957	00903fe0	0
34958	00904000	2
34959	00904040	2
34960	00904080	2
34961	009040b0	2
34962	009040f0	4
34963	009041a0	2
34964	009041d0	6
34965	009042b0	0
34966	009042d0	2
34967	00904310	0
34968	00904310	3
34969	00904350	2
34970	00904380	2
34971	009043c0	2
34972	009043f0	2
34973	00904420	0
34974	00904420	3
34975	00904460	3
34976	009044e0	3
34977	00904540	3
34978	009045c0	0
34979	009045c0	3
34980	00904600	5
34981	009046ad	3
34982	0090471e	3
34983	00904783	4
34984	009047cd	5
34985	0090484f	6
34986	009048fc	6
34987	009049a5	3
34988	009049f4	2
63094	00904a27	5
63095	00904a47	2
63096	00904a60	2
34989	00904a80	6
34990	00904b2e	23
63086	00904d15	2
34991	00904d34	10
63087	00904e5e	2
34992	00904e74	26
63088	00905094	2
34993	009050b3	10
63089	009051dd	2
34994	009051f3	3
34995	00905258	6
34996	009052e5	5
63090	009053aa	0
34997	009053af	3
34998	00905414	6
34999	009054a1	5
63091	0090553f	0
63092	00905544	3
63093	0090555a	2
35000	00905580	2
35001	009055b0	2
35002	009055e0	2
35003	00905610	2
35004	00905640	2
35005	00905670	2
35006	009056a0	2
35007	009056e0	2
35008	00905710	3
35009	00905770	2
35010	009057b0	8
35011	00905880	2
35012	009058b0	0
35013	009058e0	2
35014	00905920	2
35015	00905950	3
35016	009059b0	2
35017	009059f0	8
35018	00905ac0	2
35019	00905af0	0
35020	00905b20	2
35021	00905b70	3
35022	00905bb0	2
35023	00905be0	2
35024	00905c10	22
35025	00905df0	15
35026	00905f10	8
35027	00905fd0	2
35028	00906000	2
35029	00906030	0
35030	00906060	2
35031	009060b0	3
35032	009060f0	2
35033	00906120	2
35034	00906150	22
35035	00906330	15
35036	00906450	8
35037	00906510	2
35038	00906540	2
35039	00906570	0
35040	009065a0	0
35041	009065c0	2
35042	009065f0	3
35043	00906620	0
35044	00906630	0
35045	00906640	0
35046	00906650	0
35047	00906670	134
35048	00906ea0	3
35049	00906ee0	7
35050	00906f70	10
35051	00907090	75
35052	00907540	2
35053	00907570	2
35054	009075a0	2
35055	009075d0	0
35056	009075f0	0
35057	00907610	2
35058	00907640	2
35059	00907690	2
35060	009076c0	0
35061	009076f0	2
35062	00907730	0
35063	00907750	2
35064	00907780	3
35065	009077b0	0
35066	009077c0	0
35067	009077d0	0
35068	009077e0	0
35069	00907800	134
35070	00908030	3
35071	00908070	7
35072	00908100	10
35073	00908220	75
35074	009086d0	2
35075	00908700	2
35076	00908730	2
35077	00908760	0
35078	00908780	0
35079	009087a0	2
35080	009087d0	2
35081	00908820	2
35082	00908850	0
35083	00908880	2
35084	009088c0	0
35085	009088d0	0
35086	009088e0	6
35087	00908990	19
35088	00908ad0	3
35089	00908b10	3
35090	00908b50	19
35091	00908c90	4
35092	00908cf0	2
35093	00908d20	2
35094	00908d50	10
35095	00908e40	2
35096	00908e70	0
35097	00908e80	0
35098	00908e90	6
35099	00908f40	19
35100	00909080	3
35101	009090c0	3
35102	00909100	19
35103	00909240	4
35104	009092a0	2
35105	009092d0	2
35106	00909300	10
35107	009093f0	2
35108	00909420	2
35109	00909450	2
35110	00909480	7
35111	00909530	2
35112	00909560	2
35113	00909590	7
35114	00909640	2
35115	00909680	2
35116	009096c0	2
35117	00909700	2
35118	00909740	0
35119	00909770	0
35120	009097a0	3
35121	00909830	2
35122	00909850	3
35123	009098e0	2
35124	00909900	2
35125	00909940	3
35126	00909980	2
35127	009099c0	3
35128	00909a00	2
35129	00909a40	2
63077	00909a80	3
63078	00909a96	2
63079	00909abd	2
63080	00909ad6	2
35130	00909aec	4
35131	00909b99	4
35132	00909c3c	4
35133	00909c9b	5
35134	00909ced	21
35135	00909ea5	4
35136	00909f02	4
35137	00909f5a	2
35138	00909f97	4
35139	00909fef	2
35140	0090a02c	3
35141	0090a065	4
35142	0090a112	4
35143	0090a1b5	4
35144	0090a214	3
35145	0090a294	3
35146	0090a30f	3
35147	0090a35b	6
35148	0090a3d3	14
35149	0090a505	11
63081	0090a5db	9
63082	0090a60f	2
63083	0090a628	2
63084	0090a641	2
63085	0090a65a	2
35150	0090a680	0
35151	0090a6a0	0
35152	0090a6c0	0
35153	0090a6e0	3
35154	0090a730	4
35155	0090a790	2
35156	0090a7c0	0
35157	0090a7e0	2
35158	0090a820	2
35159	0090a860	3
35160	0090a8b0	0
35161	0090a8d0	3
35162	0090a930	3
35163	0090a990	3
35164	0090a9f0	4
35165	0090aa50	4
35166	0090aab0	4
35167	0090ab10	4
35168	0090ab70	2
35169	0090abb0	2
35170	0090abf0	2
35171	0090ac30	2
35172	0090ac70	2
35173	0090acb0	2
35174	0090acf0	2
35175	0090ad20	2
35176	0090ad50	2
35177	0090ad80	2
35178	0090adc0	4
35179	0090ae70	2
35180	0090aea0	4
35181	0090af10	4
35182	0090af80	2
35183	0090afc0	4
35184	0090b030	2
35185	0090b070	6
35186	0090b150	0
35187	0090b170	2
35188	0090b1b0	0
35189	0090b1b0	3
35190	0090b1f0	2
35191	0090b220	2
35192	0090b260	2
35193	0090b290	2
35194	0090b2c0	0
35195	0090b2c0	3
35196	0090b300	3
35197	0090b370	2
35198	0090b3a0	2
35199	0090b3f0	0
35200	0090b3f0	3
35201	0090b430	2
35202	0090b460	2
35203	0090b490	2
35204	0090b4d0	0
35205	0090b4d0	3
35206	0090b510	3
35207	0090b580	4
35208	0090b630	2
35209	0090b660	6
35210	0090b740	0
35211	0090b760	2
35212	0090b7a0	0
35213	0090b7a0	3
35214	0090b7e0	2
35215	0090b810	2
35216	0090b850	2
35217	0090b880	2
35218	0090b8b0	0
35219	0090b8b0	3
35220	0090b8f0	3
35221	0090b960	2
35222	0090b990	2
35223	0090b9e0	0
35224	0090b9e0	3
35225	0090ba20	2
35226	0090ba50	2
35227	0090ba80	2
35228	0090bac0	0
35229	0090bac0	3
35230	0090bb00	2
35231	0090bb30	2
35232	0090bb80	0
35233	0090bb80	3
35234	0090bbc0	2
35235	0090bc00	2
35236	0090bc40	4
35237	0090bcf0	2
35238	0090bd20	2
35239	0090bd60	4
35240	0090bdd0	2
35241	0090be10	4
35242	0090be90	4
35243	0090bf10	6
35244	0090bff0	0
35245	0090c010	2
35246	0090c050	0
35247	0090c050	3
35248	0090c090	2
35249	0090c0c0	2
35250	0090c100	0
35251	0090c100	3
35252	0090c140	2
35253	0090c170	2
35254	0090c1a0	2
35255	0090c1d0	0
35256	0090c1d0	3
35257	0090c210	2
35258	0090c240	2
35259	0090c280	0
35260	0090c280	3
35261	0090c2c0	2
35262	0090c300	2
35263	0090c330	2
35264	0090c360	0
35265	0090c360	3
35266	0090c3a0	2
35267	0090c3f0	2
35268	0090c430	2
35269	0090c480	4
35270	0090c51b	3
35271	0090c599	3
35272	0090c5e5	3
35273	0090c621	5
63074	0090c699	5
63075	0090c6b9	2
63076	0090c6d2	2
35274	0090c6f0	0
35275	0090c710	2
35276	0090c750	2
35277	0090c790	2
35278	0090c7c0	2
35279	0090c800	4
35280	0090c8b0	2
35281	0090c8e0	6
35282	0090c9c0	0
35283	0090c9e0	2
35284	0090ca20	0
35285	0090ca20	3
35286	0090ca60	2
35287	0090ca90	2
35288	0090cad0	0
35289	0090cad0	3
35290	0090cb10	2
35291	0090cb40	2
35292	0090cb80	2
35293	0090cbb0	2
35294	0090cbe0	0
35295	0090cbe0	3
35296	0090cc20	2
35297	0090cc70	6
35298	0090cd4e	6
35299	0090ce31	4
35300	0090ceba	5
35301	0090cf72	4
35302	0090cffb	9
35303	0090d0f8	3
35304	0090d182	12
35305	0090d2bb	6
35306	0090d349	5
35307	0090d3f3	6
63071	0090d480	5
63072	0090d4a0	2
63073	0090d4b9	2
35308	0090d4e0	0
35309	0090d500	4
35310	0090d560	2
35311	0090d580	4
35312	0090d5f0	0
35313	0090d610	2
35314	0090d660	4
35315	0090d6c0	2
35316	0090d700	2
35317	0090d740	2
35318	0090d770	3
35319	0090d7e0	4
35320	0090d890	2
35321	0090d8c0	6
35322	0090d9a0	0
35323	0090d9c0	2
35324	0090da00	0
35325	0090da00	3
35326	0090da40	2
35327	0090da70	3
35328	0090daf0	0
35329	0090daf0	3
35330	0090db30	3
35331	0090db90	2
35332	0090dbd0	2
35333	0090dc00	2
35334	0090dc30	0
35335	0090dc30	3
35336	0090dc70	3
35337	0090dd00	4
35338	0090dd75	4
35339	0090dde5	2
35340	0090de1f	4
35341	0090de8f	2
35342	0090dec9	3
35343	0090df49	3
35344	0090dfc4	3
35345	0090e010	5
35346	0090e0a0	5
35347	0090e12b	2
35348	0090e165	5
35349	0090e1f0	2
63067	0090e22d	7
63068	0090e257	2
63069	0090e270	2
63070	0090e289	2
35350	0090e2b0	0
35351	0090e2d0	0
35352	0090e2f0	2
35353	0090e330	2
35354	0090e370	3
35355	0090e3c0	2
35356	0090e400	2
35357	0090e440	2
35358	0090e480	2
35359	0090e4c0	2
35360	0090e4f0	2
35361	0090e520	3
35362	0090e590	4
35363	0090e640	2
35364	0090e670	6
35365	0090e750	0
35366	0090e770	2
35367	0090e7b0	0
35368	0090e7b0	3
35369	0090e7f0	2
35370	0090e820	2
35371	0090e860	2
35372	0090e890	2
35373	0090e8c0	0
35374	0090e8c0	3
35375	0090e900	2
35376	0090e930	2
35377	0090e960	0
35378	0090e960	3
35379	0090e9a0	2
35380	0090e9d0	2
35381	0090ea00	2
35382	0090ea30	0
35383	0090ea30	3
35384	0090ea70	2
35385	0090eaa0	2
35386	0090eae0	0
35387	0090eae0	3
35388	0090eb20	2
35389	0090eb50	2
35390	0090eb90	0
35391	0090eb90	3
35392	0090ebd0	2
35393	0090ec10	2
35394	0090ec50	2
35395	0090eca0	3
35396	0090ed10	4
35397	0090edc0	2
35398	0090edf0	6
35399	0090eed0	0
35400	0090eef0	2
35401	0090ef30	0
35402	0090ef30	3
35403	0090ef70	2
35404	0090efa0	2
35405	0090efe0	0
35406	0090efe0	3
35407	0090f020	2
35408	0090f050	2
35409	0090f090	2
35410	0090f0c0	2
35411	0090f0f0	0
35412	0090f0f0	3
35413	0090f130	2
35414	0090f180	3
35415	0090f1ba	3
63064	0090f211	5
63065	0090f231	2
63066	0090f24a	2
35416	0090f270	0
35417	0090f290	2
35418	0090f2d0	2
35419	0090f310	2
35420	0090f340	2
35421	0090f380	4
35422	0090f430	2
35423	0090f460	3
35424	0090f4c0	3
35425	0090f520	3
35426	0090f580	2
35427	0090f5c0	4
35428	0090f630	2
35429	0090f670	4
35430	0090f6e0	4
35431	0090f750	6
35432	0090f830	0
35433	0090f850	2
35434	0090f890	0
35435	0090f890	3
35436	0090f8d0	2
35437	0090f900	2
35438	0090f940	2
35439	0090f970	2
35440	0090f9a0	0
35441	0090f9a0	3
35442	0090f9e0	2
35443	0090fa10	2
35444	0090fa40	2
35445	0090fa80	0
35446	0090fa80	3
35447	0090fac0	2
35448	0090faf0	2
35449	0090fb20	2
35450	0090fb60	0
35451	0090fb60	3
35452	0090fba0	2
35453	0090fbd0	2
35454	0090fc20	0
35455	0090fc20	3
35456	0090fc60	2
63054	0090fca0	2
63055	0090fcb1	2
35457	0090fccb	4
35458	0090fd07	5
35459	0090fd68	3
35460	0090fdb2	8
35461	0090fe42	2
35462	0090fe8a	4
63056	0090fec6	7
63057	0090fef0	2
63058	0090ff09	2
63059	0090ff22	2
63060	0090ff3b	7
63061	0090ff65	2
63062	0090ff7e	2
63063	0090ff97	2
35463	0090ffb0	0
35464	0090ffd0	4
35465	00910040	2
35466	00910080	2
35467	009100c0	2
35468	00910100	2
35469	00910140	2
35470	00910170	2
35471	009101a0	2
35472	009101e0	4
35473	00910290	2
35474	009102c0	3
35475	00910310	3
35476	00910360	3
35477	009103c0	2
35478	00910400	2
35479	00910440	4
35480	009104c0	4
35481	00910540	6
35482	00910620	0
35483	00910640	2
35484	00910680	0
35485	00910680	3
35486	009106c0	2
35487	009106f0	2
35488	00910730	2
35489	00910760	2
35490	00910790	0
35491	00910790	3
35492	009107d0	2
35493	00910800	2
35494	00910830	2
35495	00910870	0
35496	00910870	3
35497	009108b0	2
35498	009108e0	2
35499	00910910	2
35500	00910950	0
35501	00910950	3
35502	00910990	2
35503	009109c0	2
35504	00910a10	0
35505	00910a10	3
35506	00910a50	2
35507	00910a90	2
35508	00910ad0	4
35509	00910b80	2
35510	00910bb0	6
35511	00910c90	0
35512	00910cb0	2
35513	00910cf0	0
35514	00910cf0	3
35515	00910d30	2
35516	00910d60	2
35517	00910da0	2
35518	00910dd0	2
35519	00910e00	0
35520	00910e00	3
35521	00910e40	2
35522	00910e70	2
35523	00910ea0	2
35524	00910ee0	0
35525	00910ee0	3
35526	00910f20	6
35527	00910fae	6
35528	0091103c	6
35529	009110ca	6
35530	00911158	6
35531	009111e6	0
35532	0091122f	0
35533	00911278	4
35534	009112d9	4
35535	0091133a	4
35536	0091139b	4
35537	009113fc	4
35538	0091145d	0
63049	0091147e	9
63050	009114b2	2
63051	009114cb	2
63052	009114e4	2
63053	009114fd	2
35539	00911520	4
35540	00911570	4
35541	009115c0	4
35542	00911610	2
35543	00911650	2
35544	00911690	2
35545	009116d0	2
35546	00911710	2
35547	00911750	2
35548	00911790	2
35549	009117c0	2
35550	009117f0	2
35551	00911820	3
35552	00911890	4
35553	00911940	2
35554	00911970	5
35555	00911a10	5
35556	00911ab0	4
35557	00911b20	6
35558	00911c00	0
35559	00911c20	2
35560	00911c60	0
35561	00911c60	3
35562	00911ca0	2
35563	00911cd0	2
35564	00911d10	2
35565	00911d40	2
35566	00911d70	0
35567	00911d70	3
35568	00911db0	2
35569	00911de0	2
35570	00911e10	2
35571	00911e50	0
35572	00911e50	3
35573	00911e90	2
35574	00911ec0	2
35575	00911ef0	2
35576	00911f30	0
35577	00911f30	3
35578	00911f70	3
35579	00911fd0	3
35580	00912040	0
35581	00912040	3
35582	00912080	8
35583	00912160	3
35584	009121d0	4
35585	00912280	2
35586	009122b0	9
35587	009123b0	9
35588	009124b0	6
35589	00912560	6
35590	00912640	0
35591	00912660	2
35592	009126a0	0
35593	009126a0	3
35594	009126e0	2
35595	00912710	2
35596	00912750	2
35597	00912780	2
35598	009127b0	0
35599	009127b0	3
35600	009127f0	2
35601	00912820	2
35602	00912850	2
35603	00912890	0
35604	00912890	3
35605	009128d0	2
35606	00912900	2
35607	00912930	2
35608	00912970	0
35609	00912970	3
35610	009129b0	4
35611	00912a20	4
35612	00912aa0	0
35613	00912aa0	3
35614	00912ae0	14
35615	00912c40	3
35616	00912cb0	4
35617	00912d60	2
35618	00912d90	6
35619	00912e70	0
35620	00912e90	2
35621	00912ed0	0
35622	00912ed0	3
35623	00912f10	2
35624	00912f40	2
35625	00912f80	2
35626	00912fb0	2
35627	00912fe0	0
35628	00912fe0	3
35629	00913020	2
35630	00913050	2
35631	00913080	2
35632	009130c0	0
35633	009130c0	3
63039	00913100	2
63040	00913111	2
35634	0091312b	5
35635	009131af	5
35636	00913237	2
35637	00913266	5
35638	009132ec	5
35639	00913370	4
35640	009133d7	5
35641	00913477	4
35642	009134d3	4
35643	0091353a	4
63041	00913596	7
63042	009135c0	2
63043	009135d9	2
63044	009135f2	2
63045	0091360b	7
63046	00913635	2
63047	0091364e	2
63048	00913667	2
35644	00913680	0
35645	009136a0	2
35646	009136e0	2
35647	00913720	3
35648	00913770	2
35649	009137b0	2
35650	009137f0	2
35651	00913830	2
35652	00913870	2
35653	009138a0	2
35654	009138d0	2
35655	00913910	4
35656	009139c0	2
35657	009139f0	6
35658	00913ad0	0
35659	00913af0	2
35660	00913b30	0
35661	00913b30	3
35662	00913b70	2
35663	00913ba0	2
35664	00913be0	2
35665	00913c10	2
35666	00913c40	0
35667	00913c40	3
35668	00913c80	2
35669	00913cb0	2
35670	00913ce0	2
35671	00913d20	0
35672	00913d20	3
35673	00913d60	3
35674	00913dd0	2
35675	00913e00	2
35676	00913e50	0
35677	00913e50	3
35678	00913e90	2
35679	00913ec0	2
35680	00913f10	0
35681	00913f10	3
35682	00913f50	2
35683	00913f90	2
35684	00913fd0	4
35685	00914080	2
35686	009140b0	6
35687	00914190	0
35688	009141b0	2
35689	009141f0	0
35690	009141f0	3
35691	00914230	2
35692	00914260	2
35693	009142a0	2
35694	009142d0	2
35695	00914300	0
35696	00914300	3
35697	00914340	2
35698	00914370	2
35699	009143a0	2
35700	009143e0	0
35701	009143e0	3
35702	00914420	3
35703	009144a0	3
35704	0091452d	3
35705	00914579	6
35706	009145ff	7
35707	009146b0	6
35708	0091472b	6
35709	009147b1	6
63036	0091482c	5
63037	0091484c	2
63038	00914865	2
35710	00914880	0
35711	009148a0	0
35712	009148c0	2
35713	00914900	2
35714	00914940	3
35715	00914990	4
35716	009149f0	2
35717	00914a30	2
35718	00914a70	2
35719	00914aa0	3
35720	00914b10	4
35721	00914bc0	2
35722	00914bf0	6
35723	00914cd0	0
35724	00914cf0	2
35725	00914d30	0
35726	00914d30	3
35727	00914d70	2
35728	00914da0	2
35729	00914de0	0
35730	00914de0	3
35731	00914e20	2
35732	00914e50	2
35733	00914e80	2
35734	00914eb0	0
35735	00914eb0	3
35736	00914ef0	2
35737	00914f20	2
35738	00914f60	0
35739	00914f60	3
35740	00914fa0	2
35741	00914fe0	2
35742	00915010	2
35743	00915040	0
35744	00915040	3
35745	00915080	2
35746	009150d0	2
35747	00915110	2
35748	00915160	2
35749	00915192	2
35750	009151c4	3
63033	0091521f	5
63034	0091523f	2
63035	00915258	2
35751	00915280	2
35752	009152c0	2
35753	00915300	2
35754	00915330	3
35755	009153a0	4
35756	00915450	2
35757	00915480	2
35758	009154b0	0
35759	009154d0	6
35760	009155b0	0
35761	009155d0	2
35762	00915610	0
35763	00915610	3
35764	00915650	2
35765	00915680	2
35766	009156c0	0
35767	009156c0	3
35768	00915700	2
35769	00915730	2
35770	00915770	2
35771	009157a0	2
35772	009157d0	0
35773	009157d0	3
35774	00915810	2
35775	00915860	4
35776	009158d9	5
35777	0091598b	4
35778	009159f8	4
35779	00915a71	4
35780	00915ade	0
63027	00915af2	11
63028	00915b30	2
63029	00915b49	2
63030	00915b62	2
63031	00915b7b	2
63032	00915b94	2
35781	00915bb0	2
35782	00915bf0	2
35783	00915c30	2
35784	00915c70	2
35785	00915cb0	2
35786	00915cf0	2
35787	00915d30	2
35788	00915d70	2
35789	00915db0	2
35790	00915de0	2
35791	00915e10	2
35792	00915e40	2
35793	00915e70	2
35794	00915eb0	4
35795	00915f60	2
35796	00915f90	6
35797	00916070	0
35798	00916090	2
35799	009160d0	0
35800	009160d0	3
35801	00916110	2
35802	00916140	2
35803	00916180	2
35804	009161b0	2
35805	009161e0	0
35806	009161e0	3
35807	00916220	2
35808	00916250	2
35809	00916280	2
35810	009162c0	0
35811	009162c0	3
35812	00916300	2
35813	00916340	4
35814	009163f0	2
35815	00916420	6
35816	00916500	0
35817	00916520	2
35818	00916560	0
35819	00916560	3
35820	009165a0	2
35821	009165d0	2
35822	00916610	2
35823	00916640	2
35824	00916670	0
35825	00916670	3
35826	009166b0	2
35827	009166f0	4
35828	009167a0	2
35829	009167d0	6
35830	009168b0	0
35831	009168d0	2
35832	00916910	0
35833	00916910	3
35834	00916950	2
35835	00916980	2
35836	009169c0	2
35837	009169f0	2
35838	00916a20	0
35839	00916a20	3
35840	00916a60	2
35841	00916aa0	4
35842	00916b50	2
35843	00916b80	6
35844	00916c60	0
35845	00916c80	2
35846	00916cc0	0
35847	00916cc0	3
35848	00916d00	2
35849	00916d30	2
35850	00916d70	2
35851	00916da0	2
35852	00916dd0	0
35853	00916dd0	3
63012	00916e10	2
63013	00916e21	2
35854	00916e3b	5
35855	00916ecb	6
35856	00916f91	5
35857	00917014	5
35858	009170a4	5
35859	00917127	2
35860	00917157	2
35861	00917191	2
35862	009171c1	3
35863	00917206	3
35864	00917286	3
35865	00917301	3
35866	0091734d	3
35867	00917392	3
35868	00917412	3
35869	0091748d	3
35870	009174d9	9
35871	009175e4	3
35872	00917653	3
35873	009176a1	3
35874	009176eb	3
35875	00917767	3
35876	009177d6	3
35877	00917824	3
63014	0091786e	17
63015	009178ca	2
63016	009178e3	2
63017	009178fc	2
63018	00917915	2
63019	0091792e	2
63020	00917947	2
63021	00917960	2
63022	00917979	2
63023	00917992	7
63024	009179bc	2
63025	009179d5	2
63026	009179ee	2
35878	00917a10	0
35879	00917a30	0
35880	00917a50	0
35881	00917a70	2
35882	00917ab0	2
35883	00917af0	3
35884	00917b40	2
35885	00917b80	2
35886	00917bc0	2
35887	00917c00	2
35888	00917c40	2
35889	00917c80	2
35890	00917cc0	2
35891	00917d00	2
35892	00917d40	2
35893	00917d80	2
35894	00917dc0	2
35895	00917e00	2
35896	00917e40	2
35897	00917e80	2
35898	00917ec0	2
35899	00917ef0	2
35900	00917f20	2
35901	00917f50	2
35902	00917f80	2
35903	00917fb0	2
35904	00917fe0	2
35905	00918010	3
35906	00918080	4
35907	00918130	2
35908	00918160	6
35909	00918240	0
35910	00918260	2
35911	009182a0	0
35912	009182a0	3
35913	009182e0	2
35914	00918310	2
35915	00918350	2
35916	00918380	2
35917	009183b0	0
35918	009183b0	3
35919	009183f0	2
35920	00918420	2
35921	00918450	0
35922	00918450	3
35923	00918490	2
35924	009184c0	2
35925	009184f0	2
35926	00918520	0
35927	00918520	3
35928	00918560	2
35929	00918590	2
35930	009185d0	0
35931	009185d0	3
35932	00918610	2
35933	00918640	2
35934	00918680	0
35935	00918680	3
35936	009186c0	2
35937	00918700	2
35938	00918740	2
35939	00918790	3
35940	00918800	4
35941	009188b0	2
35942	009188e0	6
35943	009189c0	0
35944	009189e0	2
35945	00918a20	0
35946	00918a20	3
35947	00918a60	2
35948	00918a90	2
35949	00918ad0	2
35950	00918b00	2
35951	00918b30	0
35952	00918b30	3
35953	00918b70	2
35954	00918ba0	2
35955	00918bd0	2
35956	00918c10	0
35957	00918c10	3
35958	00918c50	3
35959	00918cc0	4
35960	00918d70	2
35961	00918da0	6
35962	00918e80	0
35963	00918ea0	2
35964	00918ee0	0
35965	00918ee0	3
35966	00918f20	2
35967	00918f50	2
35968	00918f90	2
35969	00918fc0	2
35970	00918ff0	0
35971	00918ff0	3
35972	00919030	2
35973	00919060	2
35974	00919090	2
35975	009190d0	0
35976	009190d0	3
35977	00919110	3
35978	00919180	4
35979	00919230	2
35980	00919260	6
35981	00919340	0
35982	00919360	2
35983	009193a0	0
35984	009193a0	3
35985	009193e0	2
35986	00919410	2
35987	00919450	0
35988	00919450	3
35989	00919490	2
35990	009194c0	2
35991	00919500	2
35992	00919530	2
35993	00919560	0
35994	00919560	3
35995	009195a0	2
35996	009195f0	3
35997	00919660	4
35998	00919710	2
35999	00919740	6
36000	00919820	0
36001	00919840	2
36002	00919880	0
36003	00919880	3
36004	009198c0	2
36005	009198f0	2
36006	00919930	0
36007	00919930	3
36008	00919970	2
36009	009199a0	2
36010	009199e0	2
36011	00919a10	2
36012	00919a40	0
36013	00919a40	3
36014	00919a80	2
36015	00919ad0	3
36016	00919b40	4
36017	00919bf0	2
36018	00919c20	6
36019	00919d00	0
36020	00919d20	2
36021	00919d60	0
36022	00919d60	3
36023	00919da0	2
36024	00919dd0	2
36025	00919e10	2
36026	00919e40	2
36027	00919e70	0
36028	00919e70	3
36029	00919eb0	3
36030	00919f30	3
36031	00919f90	3
36032	0091a010	0
36033	0091a010	3
36034	0091a050	3
36035	0091a0c0	4
36036	0091a170	2
36037	0091a1a0	6
36038	0091a280	0
36039	0091a2a0	2
36040	0091a2e0	0
36041	0091a2e0	3
36042	0091a320	2
36043	0091a350	2
36044	0091a390	2
36045	0091a3c0	2
36046	0091a3f0	0
36047	0091a3f0	3
36048	0091a430	3
36049	0091a4b0	3
36050	0091a510	3
36051	0091a590	0
36052	0091a590	3
36053	0091a5d0	0
63009	0091a5e6	5
63010	0091a606	2
63011	0091a61f	2
36054	0091a640	2
36055	0091a680	2
36056	0091a6c0	2
36057	0091a6f0	3
36058	0091a760	4
36059	0091a810	2
36060	0091a840	6
36061	0091a920	0
36062	0091a940	2
36063	0091a980	0
36064	0091a980	3
36065	0091a9c0	2
36066	0091a9f0	2
36067	0091aa30	2
36068	0091aa60	2
36069	0091aa90	0
36070	0091aa90	3
36071	0091aad0	2
36072	0091ab00	2
36073	0091ab30	2
36074	0091ab70	0
36075	0091ab70	3
63000	0091abb0	2
63001	0091abc1	2
36076	0091abdb	3
36077	0091ac4a	3
36078	0091ac98	3
36079	0091ace2	7
36080	0091ad76	7
36081	0091ae0a	7
36082	0091ae9e	9
36083	0091af44	7
63002	0091afd8	5
63003	0091aff8	2
63004	0091b011	2
63005	0091b02a	7
63006	0091b054	2
63007	0091b06d	2
63008	0091b086	2
36084	0091b0a0	0
36085	0091b0c0	2
36086	0091b100	2
36087	0091b140	2
36088	0091b170	2
36089	0091b1b0	4
36090	0091b260	2
36091	0091b290	6
36092	0091b370	0
36093	0091b390	2
36094	0091b3d0	0
36095	0091b3d0	3
36096	0091b410	2
36097	0091b440	2
36098	0091b480	2
36099	0091b4b0	2
36100	0091b4e0	0
36101	0091b4e0	3
36102	0091b520	3
36103	0091b5a0	3
36104	0091b600	3
36105	0091b680	0
36106	0091b680	3
36107	0091b6c0	3
36108	0091b722	2
36109	0091b74c	2
36110	0091b776	4
36111	0091b7f1	4
62997	0091b82b	5
62998	0091b84b	2
62999	0091b864	2
36112	0091b880	0
36113	0091b8a0	0
36114	0091b8c0	2
36115	0091b900	2
36116	0091b940	2
36117	0091b970	3
36118	0091b9e0	4
36119	0091ba90	2
36120	0091bac0	6
36121	0091bba0	0
36122	0091bbc0	2
36123	0091bc00	0
36124	0091bc00	3
36125	0091bc40	2
36126	0091bc70	2
36127	0091bcc0	0
36128	0091bcc0	3
36129	0091bd00	2
36130	0091bd30	2
36131	0091bd70	2
36132	0091bda0	2
36133	0091bdd0	0
36134	0091bdd0	3
36135	0091be10	2
36136	0091be60	6
36137	0091beee	6
36138	0091bf7c	6
36139	0091c00a	6
36140	0091c098	6
36141	0091c126	0
36142	0091c147	0
36143	0091c168	0
36144	0091c189	0
36145	0091c1aa	0
62990	0091c1cb	13
62991	0091c213	2
62992	0091c22c	2
62993	0091c245	2
62994	0091c25e	2
62995	0091c277	2
62996	0091c290	2
36146	0091c2b0	4
36147	0091c300	4
36148	0091c350	2
36149	0091c390	2
36150	0091c3d0	2
36151	0091c410	2
36152	0091c450	2
36153	0091c490	2
36154	0091c4d0	2
36155	0091c510	2
36156	0091c550	2
36157	0091c590	2
36158	0091c5d0	2
36159	0091c600	2
36160	0091c630	2
36161	0091c660	2
36162	0091c690	2
36163	0091c6c0	3
36164	0091c730	4
36165	0091c7e0	2
36166	0091c810	9
36167	0091c910	9
36168	0091ca10	6
36169	0091cac0	6
36170	0091cba0	0
36171	0091cbc0	2
36172	0091cc00	0
36173	0091cc00	3
36174	0091cc40	2
36175	0091cc70	2
36176	0091ccb0	2
36177	0091cce0	2
36178	0091cd10	0
36179	0091cd10	3
36180	0091cd50	2
36181	0091cd80	2
36182	0091cdb0	2
36183	0091cdf0	0
36184	0091cdf0	3
36185	0091ce30	2
36186	0091ce60	2
36187	0091ce90	2
36188	0091ced0	0
36189	0091ced0	3
36190	0091cf10	4
36191	0091cf80	4
36192	0091d000	0
36193	0091d000	3
36194	0091d040	14
36195	0091d1a0	3
36196	0091d210	4
36197	0091d2c0	2
36198	0091d2f0	6
36199	0091d3d0	0
36200	0091d3f0	2
36201	0091d430	0
36202	0091d430	3
36203	0091d470	2
36204	0091d4a0	2
36205	0091d4e0	2
36206	0091d510	2
36207	0091d540	0
36208	0091d540	3
36209	0091d580	2
36210	0091d5b0	2
36211	0091d5e0	2
36212	0091d620	0
36213	0091d620	3
36214	0091d660	3
36215	0091d6d0	4
36216	0091d780	2
36217	0091d7b0	6
36218	0091d890	0
36219	0091d8b0	2
36220	0091d8f0	0
36221	0091d8f0	3
36222	0091d930	2
36223	0091d960	2
36224	0091d9a0	2
36225	0091d9d0	2
36226	0091da00	0
36227	0091da00	3
36228	0091da40	2
36229	0091da70	2
36230	0091daa0	2
36231	0091dae0	0
36232	0091dae0	3
36233	0091db20	3
36234	0091db90	4
36235	0091dc40	2
36236	0091dc70	6
36237	0091dd50	0
36238	0091dd70	2
36239	0091ddb0	0
36240	0091ddb0	3
36241	0091ddf0	2
36242	0091de20	2
36243	0091de60	2
36244	0091de90	2
36245	0091dec0	0
36246	0091dec0	3
36247	0091df00	2
36248	0091df30	2
36249	0091df60	2
36250	0091dfa0	0
36251	0091dfa0	3
36252	0091dfe0	3
36253	0091e050	4
36254	0091e100	2
36255	0091e130	6
36256	0091e210	0
36257	0091e230	2
36258	0091e270	0
36259	0091e270	3
36260	0091e2b0	2
36261	0091e2e0	2
36262	0091e320	2
36263	0091e350	2
36264	0091e380	0
36265	0091e380	3
36266	0091e3c0	2
36267	0091e3f0	2
36268	0091e420	2
36269	0091e460	0
36270	0091e460	3
62981	0091e4a0	2
62982	0091e4b1	2
36271	0091e4cb	10
36272	0091e5ed	12
36273	0091e705	12
36274	0091e81d	7
36275	0091e8ea	6
36276	0091e999	6
36277	0091ea41	6
36278	0091eae8	6
36279	0091eb90	6
62983	0091ec37	5
62984	0091ec57	2
62985	0091ec70	2
62986	0091ec89	7
62987	0091ecb3	2
62988	0091eccc	2
62989	0091ece5	2
36280	0091ed00	5
36281	0091ed60	2
36282	0091ed90	7
36283	0091ee60	0
36284	0091eeb0	2
36285	0091eee0	2
36286	0091ef10	3
36287	0091ef50	9
36288	0091f040	6
36289	0091f0c0	24
36290	0091f270	0
36291	0091f2c0	0
36292	0091f2e0	0
36293	0091f300	4
36294	0091f360	2
36295	0091f3b0	2
36296	0091f3e0	0
36297	0091f400	0
36298	0091f420	17
36299	0091f660	2
36300	0091f690	2
36301	0091f6e0	0
36302	0091f6f0	0
36303	0091f720	2
36304	0091f760	2
36305	0091f790	2
36306	0091f7c0	2
36307	0091f800	3
62965	0091f890	2
62966	0091f8a1	2
36308	0091f8bb	3
36309	0091f92a	3
36310	0091f98d	3
36311	0091f9d9	4
36312	0091fa19	4
62967	0091fa59	19
62968	0091fabf	2
62969	0091fad8	2
62970	0091faf1	2
62971	0091fb0a	2
62972	0091fb23	2
62973	0091fb3c	2
62974	0091fb55	2
62975	0091fb6e	2
62976	0091fb87	2
62977	0091fba0	7
62978	0091fbca	2
62979	0091fbe3	2
62980	0091fbfc	2
36313	0091fc20	0
36314	0091fc40	3
36315	0091fca0	2
36316	0091fce0	2
36317	0091fd20	2
36318	0091fd60	2
36319	0091fda0	2
36320	0091fde0	2
36321	0091fe20	2
36322	0091fe60	2
36323	0091fea0	2
36324	0091fee0	2
36325	0091ff10	2
36326	0091ff40	2
36327	0091ff70	2
36328	0091ffa0	2
36329	0091ffe0	4
36330	00920090	2
36331	009200c0	6
36332	009201a0	0
36333	009201c0	2
36334	00920200	0
36335	00920200	3
36336	00920240	2
36337	00920270	2
36338	009202b0	2
36339	009202e0	2
36340	00920310	0
36341	00920310	3
36342	00920350	2
36343	00920380	2
36344	009203b0	2
36345	009203f0	3
36346	00920470	3
36347	009204d0	3
36348	00920550	0
36349	00920550	3
36350	00920590	0
36351	00920590	3
36352	009205d0	2
36353	00920610	4
36354	009206c0	2
36355	009206f0	6
36356	009207d0	0
36357	009207f0	2
36358	00920830	0
36359	00920830	3
36360	00920870	2
36361	009208a0	2
36362	009208e0	2
36363	00920910	2
36364	00920940	0
36365	00920940	3
36366	00920980	2
36367	009209c0	4
36368	00920a70	2
36369	00920aa0	6
36370	00920b80	0
36371	00920ba0	2
36372	00920be0	0
36373	00920be0	3
36374	00920c20	2
36375	00920c50	2
36376	00920c90	2
36377	00920cc0	2
36378	00920cf0	0
36379	00920cf0	3
36380	00920d30	2
36381	00920d60	2
36382	00920d90	2
36383	00920dd0	0
36384	00920dd0	3
36385	00920e10	2
36386	00920e50	4
36387	00920f00	2
36388	00920f30	6
36389	00921010	0
36390	00921030	2
36391	00921070	0
36392	00921070	3
36393	009210b0	2
36394	009210e0	2
36395	00921120	2
36396	00921150	2
36397	00921180	0
36398	00921180	3
62955	009211c0	2
62956	009211d1	2
36399	009211eb	6
36400	00921263	6
36401	009212db	6
36402	00921353	6
36403	009213cb	6
36404	00921440	6
36405	009214b8	6
36406	00921530	6
36407	009215a8	6
36408	00921620	6
62957	00921695	7
62958	009216bf	2
62959	009216d8	2
62960	009216f1	2
62961	0092170a	7
62962	00921734	2
62963	0092174d	2
62964	00921766	2
36409	00921780	4
36410	009217d0	0
36411	009217f0	4
36412	00921840	0
36413	00921860	2
36414	009218a0	2
36415	009218e0	2
36416	00921920	2
36417	00921960	2
36418	00921990	2
36419	009219c0	2
36420	00921a00	4
36421	00921ab0	2
36422	00921ae0	6
36423	00921ba0	6
36424	00921c60	6
36425	00921d00	6
36426	00921de0	0
36427	00921e00	2
36428	00921e40	0
36429	00921e40	3
36430	00921e80	2
36431	00921eb0	2
36432	00921ef0	2
36433	00921f20	2
36434	00921f50	0
36435	00921f50	3
36436	00921f90	2
36437	00921fc0	2
36438	00921ff0	2
36439	00922030	0
36440	00922030	3
36441	00922070	4
36442	00922100	4
36443	00922170	4
36444	00922200	0
36445	00922200	3
36446	00922240	2
36447	00922280	4
36448	00922330	2
36449	00922360	6
36450	00922420	6
36451	009224e0	6
36452	00922580	6
36453	00922660	0
36454	00922680	2
36455	009226c0	0
36456	009226c0	3
36457	00922700	2
36458	00922730	2
36459	00922770	2
36460	009227a0	2
36461	009227d0	0
36462	009227d0	3
36463	00922810	2
36464	00922840	2
36465	00922870	2
36466	009228b0	0
36467	009228b0	3
36468	009228f0	4
36469	00922980	4
36470	009229f0	4
36471	00922a80	0
36472	00922a80	3
36473	00922ac0	0
36474	00922ad6	0
36475	00922aec	2
36476	00922b16	2
36477	00922b39	2
36478	00922b5c	2
36479	00922b7f	2
36480	00922ba2	2
36481	00922bc5	2
36482	00922bfd	2
36483	00922c35	2
36484	00922c6d	2
36485	00922cb0	2
62950	00922ce8	9
62951	00922d1c	2
62952	00922d35	2
62953	00922d4e	2
62954	00922d67	2
36486	00922d80	2
36487	00922dc0	2
36488	00922e00	2
36489	00922e40	2
36490	00922e80	2
36491	00922ec0	2
36492	00922f00	2
36493	00922f30	2
36494	00922f60	2
36495	00922f90	2
36496	00922fd0	4
36497	00923080	2
36498	009230b0	6
36499	00923190	0
36500	009231b0	2
36501	009231f0	0
36502	009231f0	3
36503	00923230	2
36504	00923260	2
36505	009232a0	2
36506	009232d0	2
36507	00923300	0
36508	00923300	3
36509	00923340	2
36510	00923370	2
36511	009233a0	2
36512	009233e0	0
36513	009233e0	3
36514	00923420	2
36515	00923450	2
36516	00923480	2
36517	009234c0	0
36518	009234c0	3
36519	00923500	2
36520	00923540	4
36521	009235f0	2
36522	00923620	6
36523	00923700	0
36524	00923720	2
36525	00923760	0
36526	00923760	3
36527	009237a0	2
36528	009237d0	2
36529	00923810	2
36530	00923840	2
36531	00923870	0
36532	00923870	3
36533	009238b0	2
36534	009238e0	2
36535	00923910	2
36536	00923950	0
36537	00923950	3
36538	00923990	2
36539	009239d0	4
36540	00923a80	2
36541	00923ab0	6
36542	00923b90	0
36543	00923bb0	2
36544	00923bf0	0
36545	00923bf0	3
36546	00923c30	2
36547	00923c60	2
36548	00923ca0	2
36549	00923cd0	2
36550	00923d00	0
36551	00923d00	3
36552	00923d40	2
36553	00923d70	2
36554	00923da0	2
36555	00923de0	0
36556	00923de0	3
62935	00923e20	2
62936	00923e31	2
36557	00923e4b	2
36558	00923e76	2
36559	00923eab	2
36560	00923ede	2
36561	00923f1d	2
36562	00923f50	0
36563	00923f66	0
62937	00923f7c	17
62938	00923fd8	2
62939	00923ff1	2
62940	0092400a	2
62941	00924023	2
62942	0092403c	2
62943	00924055	2
62944	0092406e	2
62945	00924087	2
62946	009240a0	7
62947	009240ca	2
62948	009240e3	2
62949	009240fc	2
62925	00924120	2
62926	00924131	2
36564	0092414b	3
36565	00924199	3
36566	00924203	3
36567	0092424d	4
36568	009242c0	4
36569	00924333	4
36570	009243a4	4
36571	00924417	4
36572	00924488	2
36573	009244da	2
62927	0092452c	7
62928	00924556	2
62929	0092456f	2
62930	00924588	2
62931	009245a1	7
62932	009245cb	2
62933	009245e4	2
62934	009245fd	2
36574	00924620	2
36575	00924660	2
36576	009246a0	2
36577	009246e0	2
36578	00924720	2
36579	00924750	2
36580	00924780	3
36581	009247f0	4
36582	009248a0	2
36583	009248d0	6
36584	009249b0	0
36585	009249d0	2
36586	00924a10	0
36587	00924a10	3
36588	00924a50	2
36589	00924a80	2
36590	00924ac0	2
36591	00924af0	2
36592	00924b20	0
36593	00924b20	3
36594	00924b60	2
36595	00924b90	2
36596	00924bc0	2
36597	00924c00	0
36598	00924c00	3
36599	00924c40	3
36600	00924cc0	3
36601	00924d20	3
36602	00924da0	0
36603	00924da0	3
36604	00924de0	3
36605	00924e50	4
36606	00924f00	2
36607	00924f30	6
36608	00925010	0
36609	00925030	2
36610	00925070	0
36611	00925070	3
36612	009250b0	2
36613	009250e0	2
36614	00925120	2
36615	00925150	2
36616	00925180	0
36617	00925180	3
36618	009251c0	2
36619	009251f0	2
36620	00925220	2
36621	00925260	0
36622	00925260	3
36623	009252a0	3
36624	009252f9	3
36625	0092535b	3
36626	009253ba	3
62923	00925426	3
62924	0092543c	2
62915	00925460	2
62916	00925471	2
36627	0092548b	12
36628	0092566e	2
36629	00925696	7
36630	0092579a	2
36631	009257c2	3
36632	0092585f	2
36633	00925883	2
36634	009258f9	2
36635	0092591d	5
36636	009259b6	19
62917	00925c28	3
62918	00925c3e	2
62919	00925c57	7
62920	00925c81	2
62921	00925c9a	2
62922	00925cb3	2
36637	00925cd0	2
62906	00925d10	2
62907	00925d21	2
36638	00925d3b	2
36639	00925d6c	2
36640	00925d9d	3
36641	00925de7	5
36642	00925e2c	5
36643	00925e71	5
36644	00925eb4	5
36645	00925ef9	5
62908	00925f3c	5
62909	00925f5c	2
62910	00925f75	2
62911	00925f8e	7
62912	00925fb8	2
62913	00925fd1	2
62914	00925fea	2
36646	00926010	0
36647	00926030	2
36648	00926070	2
36649	009260b0	2
36650	009260e0	2
36651	00926120	4
36652	009261d0	2
36653	00926200	6
36654	009262e0	0
36655	00926300	2
36656	00926340	0
36657	00926340	3
36658	00926380	2
36659	009263b0	2
36660	009263f0	2
36661	00926420	2
36662	00926450	0
36663	00926450	3
36664	00926490	3
36665	00926510	3
36666	00926570	3
36667	009265f0	0
36668	009265f0	3
62896	00926630	2
62897	00926641	2
36669	0092665b	4
36670	009266c5	4
62898	0092672f	7
62899	00926759	2
62900	00926772	2
62901	0092678b	2
62902	009267a4	7
62903	009267ce	2
62904	009267e7	2
62905	00926800	2
36671	00926820	0
36672	00926840	0
36673	00926860	2
36674	009268a0	2
36675	009268e0	2
36676	00926920	2
36677	00926960	2
36678	00926990	2
36679	009269c0	3
36680	00926a30	4
36681	00926ae0	2
36682	00926b10	2
36683	00926b50	2
36684	00926b90	3
36685	00926be0	6
36686	00926cc0	0
36687	00926ce0	2
36688	00926d20	0
36689	00926d20	3
36690	00926d60	2
36691	00926d90	2
36692	00926dd0	2
36693	00926e00	2
36694	00926e30	0
36695	00926e30	3
36696	00926e70	2
36697	00926ea0	2
36698	00926ed0	2
36699	00926f10	0
36700	00926f10	3
36701	00926f50	3
36702	00926fd0	3
36703	00927030	3
36704	009270b0	0
36705	009270b0	3
36706	009270f0	3
36707	00927160	4
36708	00927210	2
36709	00927240	2
36710	00927280	2
36711	009272c0	3
36712	00927310	6
36713	009273f0	0
36714	00927410	2
36715	00927450	0
36716	00927450	3
36717	00927490	2
36718	009274c0	2
36719	00927500	2
36720	00927530	2
36721	00927560	0
36722	00927560	3
36723	009275a0	2
36724	009275d0	2
36725	00927600	2
36726	00927640	0
36727	00927640	3
36728	00927680	3
36729	00927700	3
36730	00927760	3
36731	009277e0	0
36732	009277e0	3
62880	00927820	2
62881	00927831	2
36733	0092784b	10
36734	009278ea	6
36735	00927953	2
36736	0092797b	2
62882	009279a3	19
62883	00927a09	2
62884	00927a22	2
62885	00927a3b	2
62886	00927a54	2
62887	00927a6d	2
62888	00927a86	2
62889	00927a9f	2
62890	00927ab8	2
62891	00927ad1	2
62892	00927aea	7
62893	00927b14	2
62894	00927b2d	2
62895	00927b46	2
36737	00927b60	0
36738	00927b80	2
36739	00927bc0	2
36740	00927c00	2
36741	00927c40	2
36742	00927c80	2
36743	00927cc0	2
36744	00927d00	2
36745	00927d40	2
36746	00927d80	2
36747	00927db0	2
36748	00927de0	2
36749	00927e10	2
36750	00927e40	2
36751	00927e80	4
36752	00927f30	2
36753	00927f60	6
36754	00928040	0
36755	00928060	2
36756	009280a0	0
36757	009280a0	3
36758	009280e0	2
36759	00928110	2
36760	00928150	2
36761	00928180	2
36762	009281b0	0
36763	009281b0	3
36764	009281f0	2
36765	00928220	2
36766	00928250	2
36767	00928290	0
36768	00928290	3
36769	009282d0	2
36770	00928310	4
36771	009283c0	2
36772	009283f0	6
36773	009284d0	0
36774	009284f0	2
36775	00928530	0
36776	00928530	3
36777	00928570	2
36778	009285a0	2
36779	009285e0	2
36780	00928610	2
36781	00928640	0
36782	00928640	3
36783	00928680	2
36784	009286b0	2
36785	009286e0	2
36786	00928720	0
36787	00928720	3
36788	00928760	2
36789	009287a0	4
36790	00928850	2
36791	00928880	6
36792	00928960	0
36793	00928980	2
36794	009289c0	0
36795	009289c0	3
36796	00928a00	2
36797	00928a30	2
36798	00928a70	2
36799	00928aa0	2
36800	00928ad0	0
36801	00928ad0	3
36802	00928b10	2
36803	00928b40	2
36804	00928b70	2
36805	00928bb0	0
36806	00928bb0	3
36807	00928bf0	2
36808	00928c30	4
36809	00928ce0	2
36810	00928d10	6
36811	00928df0	0
36812	00928e10	2
36813	00928e50	0
36814	00928e50	3
36815	00928e90	2
36816	00928ec0	2
36817	00928f00	2
36818	00928f30	2
36819	00928f60	0
36820	00928f60	3
36821	00928fa0	2
36822	00928fd0	2
36823	00929000	2
36824	00929040	0
36825	00929040	3
62874	00929080	3
62875	00929096	4
62876	00929119	2
62877	00929132	2
36826	00929148	2
36827	00929187	2
36828	009291ae	45
36829	00929632	10
36830	0092975d	43
36831	00929bf4	6
36832	00929c88	21
36833	00929e5a	19
36834	0092a055	7
36835	0092a134	21
36836	0092a32f	87
62878	0092acfd	3
62879	0092ad13	2
36837	0092ad30	0
36838	0092ad30	3
36839	0092ad70	2
36840	0092ada0	0
36841	0092ada0	3
36842	0092ade0	0
36843	0092ae20	3
36844	0092ae90	0
36845	0092aee0	2
36846	0092af10	2
36847	0092af40	3
36848	0092af80	0
36849	0092afa0	0
36850	0092afc0	4
36851	0092b020	2
36852	0092b060	2
36853	0092b090	17
36854	0092b2d0	2
36855	0092b300	2
36856	0092b350	2
36857	0092b3a0	2
36858	0092b3d0	2
36859	0092b400	4
36860	0092b4b0	8
36861	0092b5b0	2
36862	0092b5e0	2
36863	0092b610	0
36864	0092b640	0
36865	0092b670	0
36866	0092b680	2
36867	0092b6b0	2
36868	0092b710	2
36869	0092b740	2
36870	0092b770	2
36871	0092b7d0	3
36872	0092b860	5
36873	0092b900	3
36874	0092b960	0
36875	0092b960	3
36876	0092b9a0	3
36877	0092ba20	0
36878	0092ba20	3
36879	0092ba60	2
36880	0092ba90	3
36881	0092bb10	0
36882	0092bb30	0
36883	0092bb30	3
36884	0092bb70	0
36885	0092bb70	3
36886	0092bbb0	0
36887	0092bbd0	4
36888	0092bc40	5
36889	0092bd00	2
36890	0092bd30	0
36891	0092bd50	0
36892	0092bd70	1
36893	0092bd80	1
36894	0092bd90	1
62863	0092bda0	3
62864	0092bdb6	2
62865	0092bdd1	2
62866	0092bdea	2
62867	0092be00	3
62868	0092be16	2
62869	0092be31	2
62870	0092be4a	2
36895	0092be60	14
36896	0092c00e	9
36897	0092c11c	15
36898	0092c2c4	2
36899	0092c30d	2
36900	0092c33d	5
36901	0092c3ed	2
36902	0092c44f	18
36903	0092c68b	3
36904	0092c6db	11
36905	0092c7d6	3
36906	0092c826	11
36907	0092c921	20
36908	0092cb4f	96
62871	0092d6b1	13
36909	0092d80a	4
62872	0092d874	3
62873	0092d88a	2
36910	0092d8b0	4
36911	0092d950	0
36912	0092d950	3
36913	0092d990	2
36914	0092d9c0	2
36915	0092d9f0	2
36916	0092da20	0
36917	0092da20	3
36918	0092da60	6
36919	0092db20	2
36920	0092db50	0
36921	0092db70	0
36922	0092db90	0
36923	0092dbb0	0
36924	0092dbd0	0
36925	0092dbf0	0
36926	0092dc10	4
36927	0092dc80	0
36928	0092dca0	3
36929	0092dd10	4
36930	0092dd80	0
36931	0092dda0	3
36932	0092dde0	2
36933	0092de10	19
36934	0092dfd0	5
36935	0092e080	4
36936	0092e130	0
36937	0092e130	3
36938	0092e170	2
36939	0092e1a0	0
36940	0092e1a0	3
36941	0092e1e0	7
36942	0092e270	2
36943	0092e2d0	2
36944	0092e310	0
36945	0092e310	3
36946	0092e350	2
36947	0092e380	4
36948	0092e400	6
36949	0092e470	0
36950	0092e490	2
36951	0092e4c0	0
36952	0092e4e0	0
36953	0092e500	2
36954	0092e540	2
36955	0092e580	2
36956	0092e5c0	2
36957	0092e610	2
36958	0092e640	2
36959	0092e690	2
36960	0092e700	2
36961	0092e730	2
36962	0092e790	0
36963	0092e7b0	6
36964	0092e890	0
36965	0092e890	3
36966	0092e8d0	0
36967	0092e8d0	3
36968	0092e910	2
36969	0092e940	4
36970	0092ea10	2
36971	0092ea40	0
36972	0092ea40	3
36973	0092ea80	0
36974	0092ea80	3
36975	0092eac0	2
36976	0092eb00	2
36977	0092eb30	3
36978	0092ebc0	2
36979	0092ebf0	2
36980	0092ec20	2
36981	0092ec50	1
36982	0092ec60	1
36983	0092ec70	1
36984	0092ec80	1
36985	0092ec90	20
62861	0092ee6c	3
62862	0092ee82	2
36986	0092eea0	0
36987	0092eea0	3
36988	0092eee0	2
36989	0092ef10	12
62859	0092f02b	3
62860	0092f041	2
36990	0092f060	3
36991	0092f0a0	0
36992	0092f120	6
62856	0092f282	2
36993	0092f2c8	4
36994	0092f3a4	2
36995	0092f3f6	0
62857	0092f40a	3
62858	0092f420	2
36996	0092f440	0
36997	0092f440	3
36998	0092f480	4
36999	0092f4c0	2
37000	0092f4f0	4
37001	0092f660	1
37002	0092f670	1
37003	0092f680	1
62831	0092f690	2
62832	0092f6a1	2
62833	0092f6bb	3
62834	0092f6d1	4
62835	0092f754	2
62836	0092f76d	2
62837	0092f783	3
62838	0092f799	4
62839	0092f815	2
62840	0092f82e	2
62841	0092f844	3
62842	0092f85a	4
62843	0092f8d6	2
62844	0092f8ef	2
62845	0092f905	3
62846	0092f91b	4
62847	0092f997	2
62848	0092f9b0	2
37004	0092f9c6	58
62849	00930060	5
37005	009300dc	16
37006	0093029b	15
37007	0093048d	11
37008	00930674	40
37009	00930b32	46
37010	00931134	110
37011	00931dbd	6
37012	00931ec5	90
37013	009327cc	17
37014	0093296d	7
37015	009329f4	5
37016	00932a6b	28
37017	00932ce6	2
62850	00932d0e	3
62851	00932d24	2
62852	00932d3d	7
62853	00932d67	2
62854	00932d80	2
62855	00932d99	2
37018	00932dc0	0
37019	00932dc0	3
37020	00932e00	10
37021	00932ef0	2
37022	00932f20	0
37023	00932f70	6
37024	00932ff0	0
37025	00933040	2
37026	00933090	4
37027	009330d0	5
37028	00933130	2
37029	00933170	0
37030	00933190	24
37031	00933340	2
37032	00933370	5
37033	009333e0	8
37034	009334a0	0
37035	009334e0	2
37036	00933510	0
37037	00933530	3
37038	00933570	6
37039	00933620	4
37040	009336d0	4
37041	00933780	4
37042	00933830	0
37043	00933860	2
37044	009338a0	2
37045	00933900	2
37046	00933950	2
37047	009339b0	2
37048	009339f0	2
37049	00933a50	2
37050	00933aa0	0
37051	00933aa0	3
37052	00933ae0	0
37053	00933ae0	3
37054	00933b20	0
37055	00933b20	3
37056	00933b60	2
37057	00933b90	2
37058	00933bc0	2
37059	00933bf0	1
37060	00933c00	1
37061	00933c10	1
37062	00933c20	7
37063	00933cc1	5
37064	00933d46	7
37065	00933deb	21
37066	00933f80	2
37067	00933fc0	2
37068	00933ff0	2
37069	00934020	3
37070	00934060	3
37071	009340b0	3
37072	00934100	4
37073	00934160	5
37074	009341e0	3
37075	00934230	4
37076	00934290	0
37077	009342b0	11
37078	00934380	2
37079	009343b0	3
37080	009343f0	2
37081	00934420	11
37082	009344f0	4
37083	00934560	2
37084	00934590	2
37085	009345c0	12
37086	009346a0	0
37087	009346b0	2
37088	009346e0	2
37089	00934710	0
37090	00934730	2
37091	00934760	2
37092	009347b0	2
37093	009347f0	2
37094	00934820	0
37095	00934840	2
37096	00934880	0
37097	009348b0	3
37098	00934940	3
37099	009349d0	2
37100	009349f0	3
37101	00934a30	5
37102	00934ac5	18
37103	00934c63	8
37104	00934d26	2
37105	00934d56	6
37106	00934e1b	10
37107	00934f64	4
37108	00934fcd	4
37109	0093500e	15
37110	00935138	14
37111	0093528d	19
37112	009353d7	24
62829	00935559	3
62830	0093556f	2
37113	00935590	0
37114	00935590	3
37115	009355d0	0
37116	009355d0	3
37117	00935610	2
37118	00935640	0
37119	00935660	0
37120	00935660	3
37121	009356a0	4
37122	00935710	2
37123	00935740	2
37124	00935770	2
37125	009357b0	2
37126	00935810	4
37127	009358b0	0
37128	009358d0	2
37129	00935900	2
37130	00935930	2
37131	00935970	2
37132	009359b0	0
37133	009359d0	0
62799	00935a00	2
62800	00935a11	2
62801	00935a2b	2
62802	00935a3c	2
62803	00935a54	2
62804	00935a65	2
62805	00935a7d	2
62806	00935a8e	2
62807	00935aa6	3
62808	00935abc	4
62809	00935b38	2
62810	00935b51	2
62811	00935b67	3
62812	00935b7d	4
62813	00935bf9	2
62814	00935c12	2
62815	00935c28	3
62816	00935c3e	4
62817	00935cba	2
62818	00935cd3	2
62819	00935ce9	3
62820	00935cff	4
62821	00935d7b	2
62822	00935d94	2
37134	00935daa	5
37135	00935ee3	4
37136	00935f4f	6
37137	00935ff1	0
37138	00936005	0
37139	00936019	2
37140	00936060	2
37141	00936093	4
37142	009361ba	9
37143	009362af	17
37144	00936464	39
37145	009367e8	7
37146	00936973	29
37147	00936c5e	3
37148	00936ca9	11
37149	00936d4f	3
37150	00936d8c	40
37151	00937426	27
37152	00937604	4
37153	0093772b	9
37154	00937820	15
37155	009379b2	39
62823	00937d36	3
62824	00937d4c	2
62825	00937d65	7
62826	00937d8f	2
62827	00937da8	2
62828	00937dc1	2
37156	00937de0	0
37157	00937e00	2
37158	00937e30	2
37159	00937e60	0
37160	00937e60	3
37161	00937ea0	4
37162	00937ee0	2
37163	00937f10	0
37164	00937f10	3
37165	00937f50	4
37166	00937f90	2
37167	00937fc0	0
37168	00937fc0	3
37169	00938000	4
37170	00938040	4
37171	009380d0	0
37172	009380f0	0
37173	009380f0	3
37174	00938130	4
37175	00938170	2
37176	009381a0	0
37177	009381c0	0
37178	009381e0	3
37179	00938220	3
37180	00938260	3
37181	009382a0	5
37182	00938310	4
37183	00938370	4
37184	00938430	2
37185	00938460	5
37186	00938540	2
37187	00938570	5
37188	00938650	2
37189	00938680	5
37190	00938760	2
37191	009387c0	2
37192	00938810	0
37193	00938810	3
37194	00938850	2
37195	00938880	1
37196	00938890	1
37197	009388a0	1
37198	009388b0	1
37199	009388c0	1
37200	009388d0	1
37201	009388e0	1
37202	009388f0	1
37203	00938900	1
37204	00938910	1
37205	00938920	5
37206	009389b3	4
37207	00938a20	3
37208	00938a58	3
37209	00938aa7	3
37210	00938afa	4
37211	00938b90	2
37212	00938bd0	2
37213	00938c10	0
37214	00938c30	3
37215	00938c62	12
37216	00938d54	7
37217	00938e0f	3
37218	00938ead	7
37219	00938f70	3
37220	0093900b	2
37221	00939048	2
37222	0093907f	2
37223	009390ba	2
62797	009390f1	3
62798	00939107	2
37224	00939120	17
37225	00939250	6
37226	00939305	17
37227	00939440	6
37228	009394f1	21
37229	009396af	5
37230	0093973d	6
62795	009397fe	3
62796	00939814	2
62773	00939830	2
62774	00939841	2
62775	0093985b	2
62776	0093986c	2
62777	0093988c	2
62778	0093989d	2
62779	009398b7	2
62780	009398c8	2
62781	009398e2	2
62782	009398f3	2
62783	0093990d	2
62784	0093991e	2
37231	00939938	6
37232	00939b4b	14
37233	00939dc3	0
37234	00939dde	2
37235	00939efa	7
37236	00939fcd	2
37237	0093a033	24
37238	0093a267	7
37239	0093a3a0	5
37240	0093a478	10
37241	0093a5f3	3
37242	0093a629	0
37243	0093a687	3
37244	0093a797	6
37245	0093a880	4
37246	0093a92c	15
37247	0093aaf5	5
37248	0093ab9e	35
62785	0093afb6	16
37249	0093b18d	16
37250	0093b3e2	6
37251	0093b48c	4
37252	0093b503	17
62786	0093b6c1	6
37253	0093b76f	29
37254	0093ba51	19
37255	0093bc6e	34
37256	0093bfa0	25
37257	0093c250	26
37258	0093c56d	5
37259	0093c692	16
37260	0093c855	8
62787	0093c965	7
37261	0093ca0b	18
37262	0093ccd8	29
62788	0093cf86	10
37263	0093d07c	25
37264	0093d3ec	26
37265	0093d627	2
37266	0093d688	26
37267	0093d8e2	5
37268	0093d9b9	12
37269	0093daf5	10
37270	0093dbac	11
37271	0093dc99	62
37272	0093e369	25
37273	0093e62f	0
62789	0093e647	3
62790	0093e65d	2
62791	0093e676	7
62792	0093e6a0	2
62793	0093e6b9	2
62794	0093e6d2	2
37274	0093e6f0	0
37275	0093e6f0	3
37276	0093e730	3
37277	0093e770	3
37278	0093e7f0	7
37279	0093ea10	0
37280	0093ea40	2
37281	0093ea70	1
37282	0093ea90	0
37283	0093eab0	3
37284	0093eb00	2
37285	0093eb20	0
37286	0093eb40	2
37287	0093eb80	2
37288	0093ebb0	2
37289	0093ebe0	3
37290	0093ec20	0
37291	0093ec40	0
37292	0093ec60	2
37293	0093ecc0	0
37294	0093ece0	0
37295	0093ed00	0
37296	0093ed30	0
37297	0093ed60	0
37298	0093ed80	0
37299	0093eda0	0
37300	0093edc0	0
37301	0093edf0	2
37302	0093ee40	5
37303	0093eec0	3
37304	0093ef00	3
37305	0093ef40	2
37306	0093ef70	2
37307	0093efa0	3
37308	0093eff0	0
37309	0093f010	2
37310	0093f040	2
37311	0093f080	2
37312	0093f0d0	2
37313	0093f110	2
37314	0093f140	2
37315	0093f170	2
37316	0093f1a0	2
37317	0093f1e0	2
37318	0093f230	2
37319	0093f270	3
37320	0093f2d0	11
37321	0093f3a0	4
37322	0093f410	4
37323	0093f4a0	2
37324	0093f4d0	0
37325	0093f4e0	0
37326	0093f4f0	0
37327	0093f510	0
37328	0093f540	2
37329	0093f570	0
37330	0093f5a0	14
37331	0093f670	12
37332	0093f750	0
37333	0093f760	2
37334	0093f790	2
37335	0093f7c0	2
37336	0093f7f0	0
37337	0093f810	12
37338	0093f920	2
37339	0093f950	2
37340	0093f980	0
37341	0093f9a0	2
37342	0093f9e0	2
37343	0093fa40	4
37344	0093fae0	0
37345	0093fb00	3
37346	0093fb90	2
37347	0093fbb0	3
37348	0093fbf0	0
37349	0093fc20	1
37350	0093fc30	1
37351	0093fc40	1
37352	0093fc50	1
37353	0093fc60	1
37354	0093fc70	1
62757	0093fc80	2
62758	0093fc91	2
62759	0093fcab	3
62760	0093fcc1	4
62761	0093fd3d	2
62762	0093fd56	2
37355	0093fd6c	2
37356	0093fda1	2
37357	0093fdcb	2
37358	0093fe11	95
37359	00940731	0
37360	00940747	7
62763	00940824	3
62764	0094083a	4
62765	009408b6	2
62766	009408cf	2
37361	009408e5	8
37362	009409a3	16
37363	00940aff	2
37364	00940b32	2
37365	00940b64	3
62767	00940b9e	3
62768	00940bb4	2
62769	00940bcd	7
62770	00940bf7	2
62771	00940c10	2
62772	00940c29	2
37366	00940c50	0
62724	00940c80	2
62725	00940c91	2
62726	00940cab	3
62727	00940cc1	4
62728	00940d44	2
62729	00940d5d	2
62730	00940d73	3
62731	00940d89	4
62732	00940e05	2
62733	00940e1e	2
62734	00940e34	3
62735	00940e4a	4
62736	00940ec6	2
62737	00940edf	2
62738	00940ef5	3
62739	00940f0b	4
62740	00940f87	2
62741	00940fa0	2
62742	00940fb6	3
62743	00940fcc	4
62744	00941048	2
62745	00941061	2
62746	00941077	3
62747	0094108d	4
62748	00941109	2
62749	00941122	2
37367	00941138	101
62750	00941b42	38
37368	00941f63	133
37369	00942e5f	38
37370	00943153	15
37371	00943297	13
37372	00943388	2
62751	009433b0	3
62752	009433c6	2
62753	009433df	7
62754	00943409	2
62755	00943422	2
62756	0094343b	2
37373	00943460	0
37374	00943460	3
37375	009434a0	5
37376	00943520	3
37377	00943580	0
37378	00943580	3
37379	009435c0	5
37380	00943650	0
37381	00943690	3
37382	00943700	2
37383	00943730	3
37384	00943770	0
37385	00943790	0
37386	009437b0	4
37387	00943810	2
37388	00943850	2
37389	00943880	17
37390	00943ad0	2
37391	00943b00	0
37392	00943b50	2
37393	00943ba0	2
37394	00943bf0	2
37395	00943c20	2
37396	00943c50	0
37397	00943c80	4
37398	00943d30	2
37399	00943d60	2
37400	00943da0	2
37401	00943dc0	2
37402	00943df0	3
37403	00943e80	5
37404	00943ef0	3
37405	00943f30	5
37406	00943fd0	5
37407	00944050	2
37408	009440b0	2
37409	009440f0	0
37410	009440f0	3
37411	00944130	2
37412	00944160	1
62718	00944170	3
62719	00944186	4
62720	00944209	2
62721	00944222	2
37413	00944238	37
37414	00944667	76
37415	00944e69	20
62722	0094506e	3
62723	00945084	2
62704	009450a0	3
62705	009450b6	4
62706	00945139	2
62707	00945152	2
62708	00945168	3
62709	0094517e	4
62710	009451fa	2
62711	00945213	2
62712	00945229	3
62713	0094523f	4
62714	009452bb	2
62715	009452d4	2
37416	009452ea	317
37417	0094762f	2
37418	00947657	27
37419	0094796e	58
37420	00947fe1	4
62716	0094802b	3
62717	00948041	2
37421	00948060	0
37422	00948060	3
37423	009480a0	6
37424	00948140	4
37425	009481f0	4
37426	009482a0	2
37427	00948300	2
37428	00948350	2
37429	009483b0	2
37430	009483f0	0
37431	009483f0	3
37432	00948430	0
37433	00948430	3
37434	00948470	2
37435	009484a0	2
37436	009484d0	1
37437	009484e0	1
37438	009484f0	8
37439	009485c5	9
37440	009486a6	4
37441	0094877f	21
37442	0094897c	29
37443	00948c2c	8
62702	00948d0e	3
62703	00948d24	2
37444	00948d40	0
37445	00948d40	3
37446	00948d80	4
62664	00948e00	3
62665	00948e16	2
62666	00948e3a	2
62667	00948e53	2
62668	00948e69	3
62669	00948e7f	2
62670	00948ea3	2
62671	00948ebc	2
62672	00948ed2	3
62673	00948ee8	2
62674	00948f0f	2
62675	00948f28	2
62676	00948f4a	3
62677	00948f60	4
62678	00948fdc	2
62679	00948ff5	2
62680	0094900b	3
62681	00949021	28
62682	009492b1	2
62683	009492ca	2
62684	009492e9	3
62685	009492ff	28
62686	0094958f	2
62687	009495a8	2
62688	009495c7	3
62689	009495dd	28
62690	0094986d	2
62691	00949886	2
37447	009498a5	2
62692	009498c0	3
62693	0094991c	10
62694	00949bee	3
62695	00949c78	2
62696	00949d22	4
62697	00949e21	30
62698	0094a071	24
37448	0094a33d	2
37449	0094a358	3
37450	0094a3ad	3
37451	0094a3fa	2
37452	0094a438	2
37453	0094a476	3
37454	0094a4cb	113
62699	0094ae7e	2
37455	0094ae9d	3
37456	0094aef2	6
37457	0094af96	2
37458	0094afc2	2
37459	0094afdc	2
37460	0094affe	0
37461	0094b00d	0
62700	0094b01c	3
62701	0094b032	2
37462	0094b050	2
37463	0094b080	2
37464	0094b0b0	5
37465	0094b150	5
37466	0094b1d0	5
37467	0094b240	0
37468	0094b280	3
37469	0094b2f0	0
37470	0094b310	0
37471	0094b330	3
37472	0094b370	4
37473	0094b3d0	2
37474	0094b410	2
37475	0094b440	17
37476	0094b690	2
37477	0094b6c0	0
37478	0094b710	2
37479	0094b760	2
37480	0094b7b0	2
37481	0094b7e0	2
37482	0094b810	2
37483	0094b850	5
37484	0094b910	3
37485	0094b970	2
37486	0094b9b0	3
37487	0094ba10	3
37488	0094ba50	3
37489	0094ba80	2
37490	0094bab0	2
37491	0094baf0	2
37492	0094bb10	2
37493	0094bb40	3
37494	0094bbd0	3
37495	0094bc10	5
37496	0094bcb0	7
37497	0094bd70	0
37498	0094bd80	4
37499	0094be30	2
37500	0094be70	0
37501	0094be80	6
37502	0094bf40	3
37503	0094bf80	3
37504	0094bfc0	3
37505	0094bff0	10
37506	0094c170	5
37507	0094c210	2
37508	0094c250	0
37509	0094c280	0
37510	0094c2a0	0
37511	0094c2c0	8
37512	0094c3c0	14
37513	0094c5a0	5
37514	0094c670	3
37515	0094c6a0	5
37516	0094c720	7
62660	0094c8e9	3
62661	0094c969	0
37517	0094c96e	3
37518	0094c9d4	3
37519	0094ca20	3
62662	0094ca6d	3
62663	0094ca83	2
37520	0094caa0	7
37521	0094cb80	6
62650	0094cc70	3
62651	0094cc86	2
62652	0094cc9c	2
62653	0094ccb5	2
62654	0094cccb	3
62655	0094cce1	2
62656	0094ccf7	2
62657	0094cd10	2
37522	0094cd26	3
37523	0094cd9a	13
37524	0094cee7	14
37525	0094d05e	11
37526	0094d12d	6
37527	0094d1d9	18
37528	0094d3be	14
37529	0094d5a3	3
37530	0094d6d1	29
37531	0094d8ec	47
37532	0094dc7c	7
37533	0094dcf4	22
37534	0094de8f	40
37535	0094e167	3
37536	0094e218	11
37537	0094e2bf	11
37538	0094e370	50
37539	0094e86d	53
62658	0094ede4	3
62659	0094edfa	2
37540	0094ee20	3
37541	0094ee60	2
37542	0094ee90	34
37543	0094f180	14
37544	0094f320	6
37545	0094f390	16
37546	0094f4c0	18
37547	0094f680	28
37548	0094f850	0
37549	0094f870	18
37550	0094fa00	18
37551	0094fba0	25
37552	0094fd40	17
37553	0094fec0	18
37554	00950000	2
37555	00950050	5
37556	009500d0	3
37557	00950110	2
37558	00950140	2
37559	00950170	3
37560	009501c0	12
37561	009502a0	4
37562	00950300	2
37563	00950330	2
37564	00950380	2
37565	009503c0	0
37566	00950400	3
37567	00950480	7
37568	00950550	0
37569	00950570	0
37570	00950590	9
37571	00950610	2
37572	00950640	0
37573	00950660	11
37574	00950730	4
37575	009507a0	4
37576	00950830	2
37577	00950860	0
37578	00950870	0
37579	00950880	0
37580	00950890	2
37581	009508c0	0
37582	009508e0	2
37583	00950910	2
37584	00950950	0
37585	00950980	0
37586	009509d0	0
37587	00950a20	17
37588	00950c80	5
37589	00950cf0	2
37590	00950d30	2
37591	00950d80	2
37592	00950db0	2
37593	00950de0	2
37594	00950e10	2
37595	00950e40	2
37596	00950e70	0
37597	00950e90	2
37598	00950ee0	2
37599	00950f10	2
37600	00950f40	0
37601	00950f50	2
37602	00950f80	2
37603	00950fc0	2
37604	00951000	2
37605	00951030	2
37606	00951090	3
37607	00951120	2
37608	00951140	2
37609	009511d0	2
37610	00951260	3
37611	009512a0	6
37612	00951330	13
37613	00951420	3
37614	00951460	2
37615	00951490	5
37616	00951500	2
37617	00951530	2
37618	00951570	2
37619	009515b0	0
37620	009515e0	2
37621	0095160d	0
37622	00951621	0
37623	00951635	12
37624	0095181a	9
37625	009518f7	0
37626	0095190f	9
37627	009519bd	7
37628	00951a55	0
37629	00951a6d	0
37630	00951a85	9
37631	00951b64	7
37632	00951c15	4
37633	00951cbd	2
62648	00951cce	6
62649	00951d93	2
37634	00951da9	5
37635	00951dfc	0
37636	00951e4c	7
37637	00951efc	4
37638	00951f64	6
37639	00951fdd	7
37640	00952079	8
37641	00952193	21
37642	00952371	12
37643	0095247e	25
37644	0095270e	22
37645	00952913	10
37646	00952a0b	6
37647	00952ab7	0
37648	00952acf	7
37649	00952ba3	6
37650	00952c43	8
37651	00952d36	7
37652	00952dc8	8
37653	00952e8b	9
37654	00952f61	9
37655	00953037	2
37656	009530b6	2
37657	0095312f	6
37658	009531c2	18
37659	0095342b	10
37660	00953518	21
37661	009537b2	6
37662	00953841	0
37663	00953889	14
37664	00953a49	15
37665	00953bc5	3
37666	00953c10	3
37667	00953c5e	3
37668	00953c80	0
37669	00953c80	3
37670	00953cc0	0
37671	00953cc0	3
37672	00953d00	2
37673	00953d30	2
37674	00953d60	2
37675	00953d90	0
37676	00953d90	3
37677	00953dd0	2
37678	00953e00	2
37679	00953e30	0
37680	00953e30	3
37681	00953e70	2
37682	00953ea0	2
37683	00953ed0	2
37684	00953f00	2
37685	00953f30	4
37686	00953fa0	0
37687	00953fa0	3
37688	00953fe0	3
37689	00954060	0
37690	00954080	4
37691	009540f0	2
37692	00954120	0
37693	00954160	3
37694	009541d0	0
37695	00954220	2
37696	00954250	3
37697	00954290	4
37698	009542d0	0
37699	00954310	3
37700	00954380	2
37701	009543b0	3
37702	009543f0	4
37703	00954430	0
37704	00954470	3
37705	009544e0	0
37706	00954500	0
37707	00954550	2
37708	00954580	3
37709	009545c0	4
37710	00954630	4
37711	00954670	0
37712	009546b0	3
37713	00954720	0
37714	00954740	0
37715	00954790	3
37716	009547d0	0
37717	009547f0	0
37718	00954810	4
37719	00954870	5
37720	009548e0	2
37721	00954920	2
37722	00954950	0
37723	00954970	0
37724	00954990	4
37725	009549f0	5
37726	00954a60	2
37727	00954aa0	0
37728	00954ac0	4
37729	00954b20	5
37730	00954b90	2
37731	00954bd0	2
37732	00954c00	0
37733	00954c20	4
37734	00954c80	2
37735	00954cc0	2
37736	00954cf0	17
37737	00954f30	2
37738	00954f60	17
37739	009551a0	17
37740	009553e0	2
37741	00955410	17
37742	00955650	2
37743	00955680	2
37744	009556d0	2
37745	00955720	2
37746	00955750	0
37747	009557a0	2
37748	009557f0	2
37749	00955840	2
37750	00955870	2
37751	009558c0	2
37752	00955910	2
37753	00955940	2
37754	00955990	2
37755	009559e0	2
37756	00955a10	2
37757	00955a40	2
37758	00955a70	2
37759	00955aa0	2
37760	00955ad0	2
37761	00955b00	0
37762	00955b20	2
37763	00955b50	2
37764	00955b80	0
37765	00955ba0	2
37766	00955bd0	2
37767	00955c00	0
37768	00955c20	2
37769	00955c50	0
37770	00955c70	0
37771	00955c90	2
37772	00955cc0	0
37773	00955ce0	0
37774	00955d00	4
37775	00955db0	2
37776	00955de0	4
37777	00955e20	2
37778	00955e60	0
37779	00955e90	2
37780	00955ed0	0
37781	00955f00	0
37782	00955f30	0
37783	00955f40	2
37784	00955f70	2
37785	00955fb0	2
37786	00955fe0	2
37787	00956020	2
37788	00956040	0
37789	00956070	0
37790	009560b0	0
37791	009560c0	2
37792	009560f0	2
37793	00956120	2
37794	00956150	2
37795	00956180	2
37796	009561e0	3
37797	00956270	2
37798	009562d0	3
37799	00956310	2
37800	00956360	2
37801	009563a0	0
37802	009563a0	3
37803	009563e0	2
37804	00956410	2
37805	00956440	2
37806	00956470	0
37807	00956480	1
37808	00956490	4
37809	0095650a	3
37810	00956544	5
37811	009565e0	0
37812	009565f7	17
37813	00956795	0
37814	009567a9	6
37815	00956837	4
37816	009568c4	0
37817	009568db	17
37818	00956a71	0
37819	00956a85	3
37820	00956ad0	0
37821	00956ae7	24
37822	00956d89	4
37823	00956e29	4
37824	00956eac	3
62646	00956f25	3
62647	00956f3b	2
37825	00956f60	0
37826	00956f60	3
37827	00956fa0	3
37828	00957000	0
37829	00957000	3
37830	00957040	3
37831	009570c0	2
37832	009570f0	4
37833	00957160	0
37834	00957160	3
37835	009571a0	0
37836	009571a0	3
37837	009571e0	3
37838	00957240	2
37839	00957270	2
37840	009572a0	2
37841	009572e0	0
37842	009572e0	3
37843	00957320	2
37844	00957350	0
37845	00957350	3
37846	00957390	0
37847	009573b0	3
37848	00957410	2
37849	00957440	2
37850	00957470	6
37851	00957500	0
37852	00957520	6
37853	009575c0	3
37854	00957650	2
37855	00957680	4
37856	00957750	2
37857	009577a0	2
37858	009577d0	2
37859	00957820	2
37860	00957880	2
37861	009578b0	2
37862	00957910	2
37863	00957940	2
37864	00957970	0
37865	00957990	0
37866	009579b0	2
37867	009579e0	0
37868	00957a00	0
37869	00957a20	0
37870	00957a20	3
37871	00957a60	0
37872	00957a60	3
37873	00957aa0	2
37874	00957ad0	3
37875	00957b10	0
37876	00957b30	2
37877	00957b70	1
37878	00957b80	1
37879	00957b90	0
37880	00957b9a	2
37881	00957bc4	0
37882	00957bce	0
62644	00957c06	3
62645	00957c1c	2
62630	00957c40	2
62631	00957c51	2
62632	00957c6b	2
62633	00957c7c	2
62634	00957c9c	2
62635	00957cad	2
62636	00957cc7	2
62637	00957cd8	2
62638	00957cf2	2
62639	00957d03	2
62640	00957d1d	2
62641	00957d2e	2
37883	00957d48	10
37884	00957e3e	18
62642	00957f90	3
62643	00957fa6	2
37885	00957fc0	0
37886	00957fc0	3
37887	00958000	5
37888	009580a0	1
37889	009580b0	1
37890	009580c0	7
37891	009581d2	13
37892	009582c0	2
37893	009582f0	2
37894	00958320	3
37895	00958380	0
37896	009583b0	0
37897	009583d0	2
37898	00958420	2
37899	00958460	3
37900	009584a0	22
37901	00958680	2
37902	009586b0	0
37903	009586e0	75
37904	00958b90	2
37905	00958bc0	2
37906	00958bf0	2
37907	00958c20	10
37908	00958d10	2
62606	00958d70	2
62607	00958d81	2
62608	00958d9b	2
62609	00958dac	2
62610	00958dcc	2
62611	00958ddd	2
62612	00958df7	2
62613	00958e08	2
62614	00958e22	2
62615	00958e33	2
62616	00958e4d	2
62617	00958e5e	2
62618	00958e78	2
62619	00958e89	2
62620	00958ea1	3
62621	00958eb7	49
62622	0095933f	2
62623	00959358	2
37909	00959377	8
37910	00959493	36
37911	00959750	18
37912	00959917	15
62624	00959a52	3
62625	00959a68	4
62626	00959ae4	2
62627	00959afd	2
37913	00959b13	48
37914	00959f9d	0
37915	00959fb7	0
37916	00959fd1	2
37917	0095a01e	11
37918	0095a12b	17
62628	0095a2c6	3
62629	0095a2dc	2
37919	0095a300	0
37920	0095a300	3
37921	0095a340	4
37922	0095a3c0	2
37923	0095a410	2
37924	0095a440	3
37925	0095a480	2
37926	0095a4b0	0
37927	0095a4d0	0
37928	0095a4f0	0
37929	0095a510	4
37930	0095a5c0	8
37931	0095a6c0	2
37932	0095a6f0	2
37933	0095a720	2
37934	0095a750	2
37935	0095a780	8
37936	0095a880	2
37937	0095a8b0	3
37938	0095a950	2
37939	0095a980	2
37940	0095a9b0	2
37941	0095a9e0	2
37942	0095aa10	2
37943	0095aa60	5
37944	0095ab20	5
37945	0095abc0	5
37946	0095ac70	5
37947	0095ad10	3
37948	0095ad60	0
37949	0095ad60	3
37950	0095ada0	3
37951	0095ae20	0
37952	0095ae20	3
37953	0095ae60	3
37954	0095aee0	3
37955	0095af60	0
37956	0095af80	0
37957	0095af80	3
37958	0095afc0	0
37959	0095afc0	3
37960	0095b000	2
37961	0095b030	3
37962	0095b0b0	0
37963	0095b0d0	0
37964	0095b0d0	3
37965	0095b110	0
37966	0095b110	3
37967	0095b150	0
37968	0095b170	4
37969	0095b1e0	0
37970	0095b1e0	3
37971	0095b220	0
37972	0095b240	4
37973	0095b2b0	7
37974	0095b3a0	5
37975	0095b450	2
37976	0095b480	0
37977	0095b4a0	0
37978	0095b4c0	2
37979	0095b4f0	0
37980	0095b510	0
37981	0095b530	1
37982	0095b540	1
37983	0095b550	1
37984	0095b560	1
37985	0095b570	1
62591	0095b580	2
62592	0095b591	2
62593	0095b5ab	2
62594	0095b5bc	2
62595	0095b5dc	2
62596	0095b5ed	2
62597	0095b607	2
62598	0095b618	2
62599	0095b632	2
62600	0095b643	2
62601	0095b65d	2
62602	0095b66e	2
37986	0095b688	12
37987	0095b7d9	8
37988	0095b8c2	6
37989	0095b98e	7
37990	0095ba36	12
62603	0095bb95	2
62604	0095bbab	3
62605	0095bbc1	2
37991	0095bbe0	2
37992	0095bc20	2
37993	0095bc50	2
37994	0095bc80	2
37995	0095bcc0	2
37996	0095bd00	0
37997	0095bd00	3
37998	0095bd40	4
37999	0095bdd0	0
38000	0095bdf0	2
38001	0095be30	0
38002	0095be70	3
38003	0095bef0	0
38004	0095bf40	2
38005	0095bf80	3
38006	0095bfc0	0
38007	0095bfe0	0
38008	0095c000	4
38009	0095c070	2
38010	0095c0c0	2
38011	0095c0f0	17
38012	0095c370	2
38013	0095c3a0	2
38014	0095c400	2
38015	0095c450	2
38016	0095c480	2
38017	0095c4b0	2
38018	0095c4e0	2
38019	0095c510	2
38020	0095c550	2
38021	0095c570	2
38022	0095c5a0	3
38023	0095c630	2
38024	0095c6c0	3
38025	0095c700	2
38026	0095c790	2
38027	0095c7d0	2
38028	0095c810	2
38029	0095c860	1
38030	0095c870	1
62577	0095c880	3
62578	0095c896	16
62579	0095ca06	2
62580	0095ca1f	2
62581	0095ca3e	3
62582	0095ca54	16
62583	0095cbc4	2
62584	0095cbdd	2
38031	0095cbfc	11
38032	0095ccf7	15
62585	0095cdfd	3
62586	0095ce42	2
62587	0095ce58	2
62588	0095ce6e	2
62589	0095ce84	3
62590	0095ce9a	2
38033	0095cec0	2
38034	0095cef0	7
38035	0095cfc8	3
38036	0095d035	8
62575	0095d13d	3
62576	0095d153	2
38037	0095d170	0
38038	0095d170	3
38039	0095d1b0	2
38040	0095d1e0	7
62564	0095d2f8	3
62565	0095d30e	4
62566	0095d38a	2
62567	0095d3a3	2
38041	0095d3b9	85
62568	0095de7a	3
62569	0095ded0	2
62570	0095dee6	6
62571	0095df8b	2
62572	0095dfa1	2
38042	0095dfc6	3
38043	0095e012	3
38044	0095e056	2
38045	0095e071	2
38046	0095e08c	2
38047	0095e0a7	3
38048	0095e0e7	5
38049	0095e17e	3
38050	0095e1bf	3
38051	0095e203	3
38052	0095e247	4
38053	0095e31a	3
38054	0095e35e	3
38055	0095e3a2	2
38056	0095e3bd	2
38057	0095e402	2
38058	0095e420	2
38059	0095e43e	2
62573	0095e4be	3
62574	0095e4d4	2
38060	0095e4f0	2
38061	0095e520	2
38062	0095e550	7
38063	0095e5f0	2
38064	0095e630	5
38065	0095e6f0	3
38066	0095e750	2
38067	0095e790	5
38068	0095e850	7
38069	0095e910	7
38070	0095e9d0	13
38071	0095eb42	3
38072	0095eb84	3
62562	0095ebc3	3
62563	0095ebd9	2
38073	0095ec00	2
38074	0095ec40	2
38075	0095ec70	2
38076	0095eca0	2
38077	0095ece0	2
38078	0095ed10	2
38079	0095ed40	2
38080	0095eda0	2
38081	0095ee00	0
38082	0095ee30	2
38083	0095ee90	2
38084	0095eef0	0
38085	0095ef20	0
38086	0095ef50	4
38087	0095efd0	0
38088	0095f000	4
38089	0095f080	7
38090	0095f160	7
38091	0095f240	7
38092	0095f320	6
38093	0095f400	2
38094	0095f440	2
38095	0095f480	2
38096	0095f530	2
62534	0095f5e0	2
62535	0095f5f1	2
62536	0095f60b	2
62537	0095f61c	2
62538	0095f63c	2
62539	0095f64d	2
62540	0095f667	2
62541	0095f678	2
62542	0095f692	2
62543	0095f6a3	2
62544	0095f6bd	2
62545	0095f6ce	2
38097	0095f6e8	31
38098	0095fa01	9
38099	0095fad9	19
62546	0095fc2a	3
62547	0095fc40	4
62548	0095fcbc	2
62549	0095fcd5	2
62550	0095fceb	2
62551	0095fcfc	2
38100	0095fd14	4
38101	0095fd91	4
38102	0095fdde	0
38103	0095fdf8	3
38104	0095fe63	47
38105	009602c8	26
38106	009604b2	0
62552	009604cb	3
62553	009604e1	4
62554	0096055d	2
62555	00960576	2
62556	0096058c	3
62557	009605a2	4
62558	0096061e	2
62559	00960637	2
38107	0096064d	29
38108	00960936	3
38109	0096096b	24
38110	00960b7a	16
38111	00960d27	10
38112	00960e35	2
62560	00960e82	3
62561	00960e98	2
38113	00960ec0	0
38114	00960ec0	3
38115	00960f00	5
38116	00960f80	0
38117	00960f80	3
38118	00960fc0	3
38119	00961020	3
38120	00961060	2
38121	00961090	4
38122	00961140	2
38123	00961170	3
38124	00961200	2
38125	00961250	2
38126	00961290	0
38127	00961290	3
38128	009612d0	2
38129	00961300	1
38130	00961310	1
62461	00961320	3
62462	00961336	2
62463	00961351	2
62464	0096136a	2
62465	00961380	3
62466	00961396	4
62467	00961412	2
62468	0096142b	2
62469	00961441	3
62470	00961457	4
62471	009614d3	2
62472	009614ec	2
62473	00961502	3
62474	00961518	4
62475	00961594	2
62476	009615ad	2
62477	009615c3	3
62478	009615d9	4
62479	00961655	2
62480	0096166e	2
62481	00961684	3
62482	0096169a	4
62483	00961716	2
62484	0096172f	2
62485	00961745	3
62486	0096175b	4
62487	009617d7	2
62488	009617f0	2
62489	00961806	3
62490	0096181c	4
62491	00961898	2
62492	009618b1	2
62493	009618c7	3
62494	009618dd	4
62495	00961959	2
62496	00961972	2
62497	00961988	3
62498	0096199e	4
62499	00961a1a	2
62500	00961a33	2
38131	00961a49	0
38132	00961a5f	2
38133	00961a9a	2
38134	00961ad0	2
38135	00961b0b	2
62501	00961b42	3
62502	00961b58	4
62503	00961bdb	2
62504	00961bf4	2
62505	00961c0a	3
62506	00961c20	4
62507	00961ca3	2
62508	00961cbc	2
38136	00961cd2	0
38137	00961d2a	0
38138	00961d7f	0
38139	00961de0	153
38140	00962f03	17
38141	00963058	8
38142	0096313b	5
38143	009631b2	5
38144	00963223	5
38145	0096329a	5
38146	00963311	5
38147	00963388	2
38148	009633ba	2
38149	00963403	9
38150	009635a2	119
62509	009645d2	4
62510	00964649	4
62511	009646c0	4
62512	00964737	4
62513	009647ae	4
62514	00964825	4
62515	0096489c	10
62516	009649a4	4
38151	00964a17	63
38152	0096514a	143
38153	00966225	5
38154	0096629c	2
38155	009662cc	26
38156	00966575	6
38157	009665ee	10
38158	00966729	4
38159	00966801	7
38160	009668dd	6
38161	009669a6	5
62517	00966a12	3
62518	00966a28	4
62519	00966aa4	2
62520	00966abd	2
62521	00966ad3	3
62522	00966ae9	4
62523	00966b65	2
62524	00966b7e	2
62525	00966b94	3
62526	00966baa	4
62527	00966c26	2
62528	00966c3f	2
38162	00966c55	132
62529	00967a0a	3
62530	00967a5d	2
62531	00967a93	15
38163	00967c3a	21
38164	00967deb	5
38165	00967e62	136
38166	00968e49	121
38167	00969996	2
38168	009699d1	2
38169	00969a18	41
62532	00969dc6	3
62533	00969ddc	2
38170	00969e00	0
38171	00969e20	0
38172	00969e20	3
38173	00969e60	8
38174	00969f20	2
38175	00969f40	2
38176	00969f60	0
38177	00969f80	0
38178	00969fd0	0
38179	00969fd0	3
38180	0096a010	9
38181	0096a0e0	6
38182	0096a140	0
38183	0096a180	3
38184	0096a200	0
38185	0096a220	0
38186	0096a240	0
38187	0096a290	2
38188	0096a2c0	3
38189	0096a300	4
38190	0096a340	18
38191	0096a5b0	4
38192	0096a620	5
38193	0096a690	2
38194	0096a6d0	2
38195	0096a700	17
38196	0096a960	2
38197	0096a990	2
38198	0096a9e0	2
38199	0096aa30	2
38200	0096aa60	2
38201	0096aa90	3
38202	0096aac0	4
38203	0096ab70	4
38204	0096ac20	6
38205	0096ace0	2
38206	0096ad10	2
38207	0096ad40	4
38208	0096adf0	6
38209	0096aeb0	2
38210	0096aee0	2
38211	0096af10	4
38212	0096afc0	4
38213	0096b070	3
38214	0096b0b0	0
38215	0096b0f0	0
38216	0096b120	0
38217	0096b160	0
38218	0096b170	2
38219	0096b1a0	2
38220	0096b200	2
38221	0096b230	2
38222	0096b260	2
38223	0096b290	2
38224	0096b2c0	2
38225	0096b320	2
38226	0096b360	2
38227	0096b3c0	2
38228	0096b410	3
38229	0096b4a0	2
38230	0096b4e0	2
38231	0096b540	2
38232	0096b590	3
38233	0096b620	2
38234	0096b660	2
38235	0096b6c0	2
38236	0096b710	2
38237	0096b770	2
38238	0096b7b0	0
38239	0096b7b0	3
38240	0096b7f0	0
38241	0096b7f0	3
38242	0096b830	3
38243	0096b8b0	0
38244	0096b8b0	3
38245	0096b8f0	0
38246	0096b8f0	3
38247	0096b930	3
38248	0096b9b0	0
38249	0096b9b0	3
38250	0096b9f0	0
38251	0096b9f0	3
38252	0096ba30	0
38253	0096ba30	3
38254	0096ba70	2
38255	0096baa0	2
38256	0096bad0	3
38257	0096bb50	0
38258	0096bb70	0
38259	0096bb70	3
38260	0096bbb0	0
38261	0096bbb0	3
38262	0096bbf0	0
38263	0096bc10	3
38264	0096bc70	2
38265	0096bca0	3
38266	0096bd20	0
38267	0096bd40	0
38268	0096bd40	3
38269	0096bd80	0
38270	0096bd80	3
38271	0096bdc0	0
38272	0096bde0	3
38273	0096be40	2
38274	0096be70	2
38275	0096bea0	4
38276	0096bf10	4
38277	0096bf80	0
38278	0096bf90	5
38279	0096c070	0
38280	0096c0a0	0
38281	0096c0c0	2
38282	0096c0f0	0
38283	0096c110	0
38284	0096c130	2
38285	0096c160	0
38286	0096c180	0
38287	0096c1a0	3
38288	0096c1d0	7
38289	0096c330	2
38290	0096c3a0	10
38291	0096c4c0	4
38292	0096c590	6
38293	0096c6c0	4
38294	0096c740	3
38295	0096c770	0
38296	0096c7c0	1
38297	0096c7d0	1
38298	0096c7e0	1
38299	0096c7f0	1
38300	0096c800	1
38301	0096c810	1
38302	0096c820	1
38303	0096c830	1
38304	0096c840	1
62455	0096c850	3
62456	0096c866	4
62457	0096c8e9	2
62458	0096c902	2
38305	0096c918	123
38306	0096d694	17
38307	0096d814	9
62459	0096d92d	3
62460	0096d943	2
38308	0096d960	0
38309	0096d960	3
38310	0096d9a0	6
38311	0096da40	4
38312	0096daf0	2
38313	0096db50	2
38314	0096dba0	0
38315	0096dba0	3
38316	0096dbe0	2
38317	0096dc10	1
38318	0096dc20	2
38319	0096dc64	3
38320	0096dcc6	3
38321	0096dd35	2
38322	0096dd87	5
38323	0096de28	2
38324	0096de6a	2
38325	0096deb0	2
38326	0096def6	0
62453	0096df0a	3
62454	0096df20	2
38327	0096df40	0
38328	0096df40	3
38329	0096df80	10
62450	0096e08d	2
38330	0096e0ac	4
62451	0096e117	3
62452	0096e12d	2
38331	0096e150	0
62384	0096e170	3
62385	0096e186	2
62386	0096e1b2	2
62387	0096e1cb	2
62388	0096e1e1	3
62389	0096e1f7	4
62390	0096e273	2
62391	0096e28c	2
62392	0096e2a2	3
62393	0096e2b8	4
62394	0096e334	2
62395	0096e34d	2
62396	0096e363	3
62397	0096e379	4
62398	0096e406	2
62399	0096e41f	2
62400	0096e435	3
62401	0096e44b	4
62402	0096e4d8	2
62403	0096e4f1	2
62404	0096e507	3
62405	0096e51d	4
62406	0096e5aa	2
62407	0096e5c3	2
62408	0096e5d9	3
62409	0096e5ef	4
62410	0096e67c	2
62411	0096e695	2
62412	0096e6ab	3
62413	0096e6c1	4
62414	0096e74e	2
62415	0096e767	2
62416	0096e77d	3
62417	0096e793	4
62418	0096e820	2
62419	0096e839	2
62420	0096e84f	3
62421	0096e865	4
62422	0096e8f2	2
62423	0096e90b	2
62424	0096e921	3
62425	0096e937	4
62426	0096e9c4	2
62427	0096e9dd	2
62428	0096e9f3	3
62429	0096ea09	4
62430	0096ea96	2
62431	0096eaaf	2
62432	0096eac5	3
62433	0096eadb	4
62434	0096eb68	2
62435	0096eb81	2
62436	0096eb97	3
62437	0096ebad	4
62438	0096ec3a	2
62439	0096ec53	2
62440	0096ec69	3
62441	0096ec7f	4
62442	0096ed0c	2
62443	0096ed25	2
62444	0096ed3b	3
62445	0096ed51	4
62446	0096edde	2
62447	0096edf7	2
38332	0096ee0d	3
62448	0096ee9d	3
62449	0096eeb3	2
38333	0096eed0	3
38334	0096ef10	0
38335	0096ef20	4
38336	0096efd0	0
38337	0096f000	3
38338	0096f040	3
38339	0096f080	0
38340	0096f0b0	0
38341	0096f0d0	0
62368	0096f0f0	3
62369	0096f106	2
62370	0096f11c	2
62371	0096f135	2
62372	0096f14b	3
62373	0096f161	2
62374	0096f177	2
62375	0096f190	2
62376	0096f1a6	2
62377	0096f1b7	2
38342	0096f1d1	3
38343	0096f220	3
38344	0096f24e	3
38345	0096f279	3
38346	0096f2a4	3
38347	0096f2d2	12
38348	0096f411	16
38349	0096f597	10
38350	0096f6fd	3
38351	0096f732	0
38352	0096f746	4
38353	0096f7aa	2
38354	0096f7f8	8
38355	0096f8d1	0
38356	0096f8e7	0
38357	0096f8fd	3
62378	0096f92a	3
62379	0096f940	2
62380	0096f959	7
62381	0096f983	2
62382	0096f99c	2
62383	0096f9b5	2
62346	0096f9d0	2
62347	0096f9e1	2
62348	0096f9fb	2
62349	0096fa0c	2
62350	0096fa2c	2
62351	0096fa3d	2
62352	0096fa57	2
62353	0096fa68	2
62354	0096fa82	2
62355	0096fa93	2
62356	0096faad	2
62357	0096fabe	2
62358	0096fad8	3
62359	0096faee	2
62360	0096fb04	2
62361	0096fb1d	2
62362	0096fb33	3
62363	0096fb49	2
62364	0096fb5f	2
62365	0096fb78	2
38358	0096fb8e	29
38359	0096fdd4	9
38360	0096feee	7
38361	0096ffcd	3
38362	00970001	0
38363	00970018	4
38364	0097006d	4
38365	009700be	4
38366	00970113	4
38367	00970164	5
38368	009701f6	3
38369	0097024c	3
38370	0097028d	2
38371	009702b7	3
38372	009702e8	3
38373	0097031c	3
38374	00970359	3
38375	009703a0	3
38376	009703dd	3
38377	00970424	3
38378	00970468	3
38379	0097049c	3
38380	009704da	6
38381	0097053e	3
38382	00970572	0
38383	00970588	3
38384	009705d6	5
38385	0097066a	2
38386	00970691	4
38387	00970700	3
38388	00970734	3
38389	00970768	4
38390	009707d2	32
38391	00970a43	15
38392	00970b95	11
38393	00970c61	3
62366	00970cad	3
62367	00970cc3	2
38394	00970ce0	0
38395	00970d00	0
38396	00970d20	0
38397	00970d40	0
38398	00970d60	0
38399	00970d80	2
38400	00970db0	2
38401	00970de0	0
38402	00970e00	0
62324	00970e20	2
62325	00970e31	2
62326	00970e4b	2
62327	00970e5c	2
62328	00970e7c	2
62329	00970e8d	2
62330	00970ea7	2
62331	00970eb8	2
62332	00970ed2	2
62333	00970ee3	2
62334	00970efd	2
62335	00970f0e	2
62336	00970f28	3
62337	00970f3e	4
62338	00970fba	2
62339	00970fd3	2
62340	00970fe9	2
62341	00970ffa	2
38403	00971015	8
38404	009710db	6
38405	0097116e	2
38406	009711a8	0
38407	009711c2	101
38408	009718af	13
38409	009719d7	0
62342	009719f1	2
62343	00971a02	2
38410	00971a1d	2
38411	00971a57	51
38412	00971e11	0
62344	00971e2b	3
62345	00971e41	2
38413	00971e60	0
38414	00971e60	3
38415	00971ea0	4
38416	00971f10	0
38417	00971f10	3
38418	00971f50	2
38419	00971f80	2
38420	00971fd0	0
38421	00971fd0	3
38422	00972010	2
38423	00972040	2
38424	00972070	3
38425	009720b0	3
38426	009720f0	2
38427	00972120	2
38428	00972150	0
38429	00972170	5
38430	009721d0	2
38431	00972200	3
38432	00972290	2
38433	009722c0	3
38434	00972350	1
62310	00972360	2
62311	00972371	2
62312	0097238b	2
62313	0097239c	2
62314	009723bc	2
62315	009723cd	2
62316	009723e7	2
62317	009723f8	2
62318	00972412	2
62319	00972423	2
62320	0097243d	2
62321	0097244e	2
38435	00972468	9
38436	00972576	26
38437	00972786	11
38438	0097288b	14
62322	00972a1a	3
62323	00972a30	2
38439	00972a50	0
38440	00972a50	3
38441	00972a90	3
38442	00972b10	0
38443	00972b30	0
38444	00972b30	3
38445	00972b70	3
38446	00972bf0	0
38447	00972c10	0
38448	00972c30	1
38449	00972c40	1
38450	00972c50	1
38451	00972c60	1
38452	00972c70	0
38453	00972c87	0
38454	00972c9e	9
38455	00972e50	3
38456	00972ea0	0
38457	00972ed0	6
38458	00972f08	5
62308	00972f3f	3
62309	00972f55	2
38459	00972f70	2
38460	00972fe0	12
38461	009730e9	3
38462	00973155	12
38463	00973269	11
38464	00973369	7
38465	0097341a	31
38466	009736df	16
38467	0097386f	7
38468	0097397e	5
62306	00973a0f	3
62307	00973a25	2
38469	00973a40	0
38470	00973a60	7
38471	00973b00	2
38472	00973b30	2
38473	00973b60	6
38474	00973be0	0
38475	00973c00	0
38476	00973c20	0
38477	00973c40	9
38478	00973cc0	2
38479	00973cf0	3
38480	00973d30	4
38481	00973d90	5
38482	00973e00	9
38483	00973ef0	2
38484	00973f20	6
38485	00973fa0	0
38486	00973fc0	0
38487	00974010	2
38488	00974040	2
38489	00974070	3
38490	009740b0	9
38491	009741a0	2
38492	009741d0	24
38493	00974380	0
38494	009743d0	17
38495	00974610	2
38496	00974660	2
38497	009746b0	24
38498	00974870	4
38499	009748d0	2
38500	00974920	2
38501	00974950	2
38502	00974980	0
38503	009749d0	17
38504	00974c20	2
38505	00974c50	2
38506	00974ca0	3
38507	00974cd0	3
38508	00974d10	3
38509	00974d50	0
38510	00974d80	0
38511	00974d90	0
38512	00974dc0	0
38513	00974dd0	0
38514	00974e00	2
38515	00974e30	0
38516	00974e60	0
38517	00974e90	0
38518	00974ec0	2
38519	00974f00	2
38520	00974f30	2
38521	00974f90	2
38522	00974fc0	2
38523	00975000	3
38524	00975090	2
38525	009750c0	2
38526	009750f0	2
38527	00975120	2
38528	00975150	0
38529	00975160	5
38530	00975200	0
38531	00975210	4
38532	009752c0	5
38533	00975370	4
38534	00975420	3
38535	00975450	7
38536	00975530	2
38537	00975590	8
38538	00975670	3
38539	009756b0	3
38540	009756f0	3
38541	00975730	3
38542	00975770	4
38543	00975810	6
38544	00975900	4
38545	00975990	0
38546	009759c0	0
38547	009759e0	0
38548	00975a00	0
38549	00975a20	0
38550	00975a40	3
38551	00975a70	0
38552	00975aa0	11
38553	00975bbc	9
38554	00975c71	6
38555	00975ce6	6
62304	00975d5a	3
62305	00975d70	2
38556	00975d90	4
38557	00975df0	4
38558	00975e50	5
38559	00975ef4	5
38560	00975f91	7
38561	00976060	5
38562	00976102	7
38563	009761d6	12
38564	00976302	5
38565	009763a9	5
62302	00976451	3
62303	00976467	2
38566	00976480	2
38567	009764b0	2
38568	009764e0	3
38569	009765d0	0
62278	009765f0	2
62279	00976601	2
62280	0097661b	2
62281	0097662c	2
62282	0097664c	2
62283	0097665d	2
62284	00976677	2
62285	00976688	2
62286	009766a2	2
62287	009766b3	2
62288	009766cd	2
62289	009766de	2
62290	009766f8	2
62291	00976709	2
38570	00976724	2
62292	0097675e	3
62293	00976774	4
62294	009767f0	2
62295	00976809	2
38571	0097681f	27
38572	00976a46	0
38573	00976a60	41
62296	00976e27	9
38574	00976f93	2
38575	00976fe0	0
62297	00976ff7	2
62298	00977008	2
38576	00977023	13
38577	00977159	0
38578	00977173	19
38579	00977347	2
38580	00977394	3
38581	009773e2	3
38582	00977412	56
62299	00977927	2
38583	0097793d	5
62300	009779e3	3
62301	009779f9	2
38584	00977a20	0
38585	00977a20	3
38586	00977a60	2
38587	00977a90	0
38588	00977ab0	0
38589	00977ab0	3
38590	00977af0	4
38591	00977b60	3
38592	00977ba0	3
38593	00977be0	4
38594	00977c90	4
38595	00977d40	2
38596	00977d70	3
38597	00977e00	2
38598	00977e30	3
38599	00977ec0	2
38600	00977f10	3
38601	00977fa0	2
38602	00977ff0	2
38603	00978030	0
38604	00978030	3
38605	00978070	0
38606	00978070	3
38607	009780b0	2
38608	009780e0	2
38609	00978110	1
38610	00978120	1
62253	00978130	2
62254	00978141	2
62255	0097815b	2
62256	0097816c	2
62257	0097818c	2
62258	0097819d	2
62259	009781b7	2
62260	009781c8	2
62261	009781e2	2
62262	009781f3	2
62263	0097820d	2
62264	0097821e	2
62265	00978238	2
62266	00978249	2
62267	00978266	3
62268	0097827c	4
62269	009782f8	2
62270	00978311	2
38611	00978327	50
38612	0097874e	30
38613	00978a3d	0
38614	00978a57	32
38615	00978c94	37
62271	00979093	12
38616	009791c9	31
38617	0097949f	3
62272	0097950a	2
62273	0097951b	2
62274	00979533	2
62275	00979544	2
38618	0097955c	2
38619	00979596	29
38620	00979923	9
38621	00979a1b	85
62276	0097a06d	3
62277	0097a083	2
38622	0097a0a0	2
38623	0097a0d0	0
38624	0097a0d0	3
38625	0097a110	2
38626	0097a140	13
38627	0097a240	3
38628	0097a280	3
38629	0097a2c0	2
38630	0097a2f0	2
38631	0097a320	2
38632	0097a350	3
38633	0097a3e0	3
38634	0097a460	0
38635	0097a460	3
38636	0097a4a0	3
38637	0097a500	2
38638	0097a530	3
38639	0097a5c0	2
38640	0097a5dd	0
38641	0097a5fa	2
38642	0097a635	2
38643	0097a652	0
38644	0097a678	3
38645	0097a6e0	5
38646	0097a753	7
38647	0097a836	6
62251	0097a8c1	3
62252	0097a8d7	2
38648	0097a8f0	9
38649	0097a970	5
38650	0097a9e0	2
62237	0097aa20	2
62238	0097aa31	2
62239	0097aa4b	2
62240	0097aa5c	2
62241	0097aa7c	2
62242	0097aa8d	2
62243	0097aaa7	2
62244	0097aab8	2
62245	0097aad2	2
62246	0097aae3	2
62247	0097aafd	2
62248	0097ab0e	2
38651	0097ab28	17
38652	0097aca1	24
62249	0097ae6f	3
62250	0097ae85	2
38653	0097aea0	0
38654	0097aea0	3
38655	0097aee0	4
38656	0097af70	1
38657	0097af80	1
62205	0097af90	2
62206	0097afa1	2
62207	0097afbb	2
62208	0097afcc	2
62209	0097afec	2
62210	0097affd	2
62211	0097b017	2
62212	0097b028	2
62213	0097b042	2
62214	0097b053	2
62215	0097b06d	2
62216	0097b07e	2
62217	0097b098	2
62218	0097b0a9	2
62219	0097b0c4	3
62220	0097b0da	4
62221	0097b15d	2
62222	0097b176	2
38658	0097b18c	8
38659	0097b26c	18
38660	0097b3c4	0
38661	0097b3de	0
38662	0097b3f8	2
62223	0097b445	3
62224	0097b45b	4
62225	0097b4d7	2
62226	0097b4f0	2
62227	0097b506	3
62228	0097b51c	4
62229	0097b598	2
62230	0097b5b1	2
62231	0097b5c7	3
62232	0097b5dd	4
62233	0097b659	2
62234	0097b672	2
38663	0097b688	21
38664	0097b824	22
38665	0097ba12	26
62235	0097bba1	3
62236	0097bbb7	2
38666	0097bbd0	0
38667	0097bbd0	3
38668	0097bc10	4
38669	0097bc80	0
38670	0097bca0	0
38671	0097bcc0	3
38672	0097bd00	4
38673	0097bdb0	2
38674	0097bde0	3
38675	0097be70	2
38676	0097bec0	2
38677	0097bf00	0
38678	0097bf00	3
38679	0097bf40	2
38680	0097bf70	1
61903	0097bf80	3
61904	0097bf96	4
61905	0097c012	2
61906	0097c02b	2
61907	0097c041	3
61908	0097c057	4
61909	0097c0d3	2
61910	0097c0ec	2
61911	0097c102	3
61912	0097c118	4
61913	0097c194	2
61914	0097c1ad	2
61915	0097c1c3	3
61916	0097c1d9	4
61917	0097c255	2
61918	0097c26e	2
61919	0097c284	3
61920	0097c29a	4
61921	0097c316	2
61922	0097c32f	2
61923	0097c345	3
61924	0097c35b	4
61925	0097c3d7	2
61926	0097c3f0	2
61927	0097c406	3
61928	0097c41c	4
61929	0097c498	2
61930	0097c4b1	2
61931	0097c4c7	3
61932	0097c4dd	4
61933	0097c559	2
61934	0097c572	2
61935	0097c588	3
61936	0097c59e	4
61937	0097c61a	2
61938	0097c633	2
61939	0097c649	3
61940	0097c65f	4
61941	0097c6db	2
61942	0097c6f4	2
61943	0097c70a	3
61944	0097c720	4
61945	0097c79c	2
61946	0097c7b5	2
61947	0097c7cb	3
61948	0097c7e1	4
61949	0097c85d	2
61950	0097c876	2
61951	0097c88c	3
61952	0097c8a2	4
61953	0097c91e	2
61954	0097c937	2
61955	0097c94d	3
61956	0097c963	4
61957	0097c9df	2
61958	0097c9f8	2
61959	0097ca0e	3
61960	0097ca24	4
61961	0097caa0	2
61962	0097cab9	2
61963	0097cacf	3
61964	0097cae5	4
61965	0097cb61	2
61966	0097cb7a	2
61967	0097cb90	3
61968	0097cba6	4
61969	0097cc22	2
61970	0097cc3b	2
61971	0097cc51	3
61972	0097cc67	4
61973	0097cce3	2
61974	0097ccfc	2
61975	0097cd12	3
61976	0097cd28	4
61977	0097cda4	2
61978	0097cdbd	2
61979	0097cdd3	3
61980	0097cde9	4
61981	0097ce65	2
61982	0097ce7e	2
61983	0097ce94	3
61984	0097ceaa	4
61985	0097cf26	2
61986	0097cf3f	2
61987	0097cf55	3
61988	0097cf6b	4
61989	0097cfe7	2
61990	0097d000	2
61991	0097d016	3
61992	0097d02c	4
61993	0097d0a8	2
61994	0097d0c1	2
61995	0097d0d7	3
61996	0097d0ed	4
61997	0097d169	2
61998	0097d182	2
61999	0097d198	3
62000	0097d1ae	4
62001	0097d22a	2
62002	0097d243	2
62003	0097d259	3
62004	0097d26f	4
62005	0097d2eb	2
62006	0097d304	2
62007	0097d31a	3
62008	0097d330	4
62009	0097d3ac	2
62010	0097d3c5	2
62011	0097d3db	3
62012	0097d3f1	4
62013	0097d46d	2
62014	0097d486	2
62015	0097d49c	3
62016	0097d4b2	4
62017	0097d52e	2
62018	0097d547	2
62019	0097d55d	3
62020	0097d573	4
62021	0097d5ef	2
62022	0097d608	2
62023	0097d61e	3
62024	0097d634	4
62025	0097d6b0	2
62026	0097d6c9	2
62027	0097d6df	3
62028	0097d6f5	4
62029	0097d771	2
62030	0097d78a	2
62031	0097d7a0	3
62032	0097d7b6	4
62033	0097d832	2
62034	0097d84b	2
62035	0097d861	3
62036	0097d877	4
62037	0097d8f3	2
62038	0097d90c	2
62039	0097d922	3
62040	0097d938	4
62041	0097d9b4	2
62042	0097d9cd	2
62043	0097d9e3	3
62044	0097d9f9	4
62045	0097da75	2
62046	0097da8e	2
62047	0097daa4	3
62048	0097daba	4
62049	0097db36	2
62050	0097db4f	2
62051	0097db65	3
62052	0097db7b	4
62053	0097dbf7	2
62054	0097dc10	2
62055	0097dc26	3
62056	0097dc3c	4
62057	0097dcb8	2
62058	0097dcd1	2
62059	0097dce7	3
62060	0097dcfd	4
62061	0097dd79	2
62062	0097dd92	2
62063	0097dda8	3
62064	0097ddbe	4
62065	0097de3a	2
62066	0097de53	2
62067	0097de69	3
62068	0097de7f	4
62069	0097defb	2
62070	0097df14	2
62071	0097df2a	3
62072	0097df40	4
62073	0097dfbc	2
62074	0097dfd5	2
62075	0097dfeb	3
62076	0097e001	4
62077	0097e07d	2
62078	0097e096	2
62079	0097e0ac	3
62080	0097e0c2	4
62081	0097e13e	2
62082	0097e157	2
62083	0097e16d	3
62084	0097e183	4
62085	0097e1ff	2
62086	0097e218	2
62087	0097e22e	3
62088	0097e244	4
62089	0097e2c0	2
62090	0097e2d9	2
62091	0097e2ef	3
62092	0097e305	4
62093	0097e381	2
62094	0097e39a	2
62095	0097e3b0	3
62096	0097e3c6	4
62097	0097e442	2
62098	0097e45b	2
62099	0097e471	3
62100	0097e487	4
62101	0097e503	2
62102	0097e51c	2
62103	0097e532	3
62104	0097e548	4
62105	0097e5c4	2
62106	0097e5dd	2
62107	0097e5f3	3
62108	0097e609	4
62109	0097e685	2
62110	0097e69e	2
62111	0097e6b4	3
62112	0097e6ca	4
62113	0097e746	2
62114	0097e75f	2
62115	0097e775	3
62116	0097e78b	4
62117	0097e807	2
62118	0097e820	2
62119	0097e836	3
62120	0097e84c	4
62121	0097e8c8	2
62122	0097e8e1	2
62123	0097e8f7	3
62124	0097e90d	4
62125	0097e989	2
62126	0097e9a2	2
62127	0097e9b8	3
62128	0097e9ce	4
62129	0097ea4a	2
62130	0097ea63	2
62131	0097ea79	3
62132	0097ea8f	4
62133	0097eb0b	2
62134	0097eb24	2
62135	0097eb3a	3
62136	0097eb50	4
62137	0097ebcc	2
62138	0097ebe5	2
62139	0097ebfb	3
62140	0097ec11	4
62141	0097ec8d	2
62142	0097eca6	2
62143	0097ecbc	3
62144	0097ecd2	4
62145	0097ed4e	2
62146	0097ed67	2
62147	0097ed7d	3
62148	0097ed93	4
62149	0097ee0f	2
62150	0097ee28	2
62151	0097ee3e	3
62152	0097ee54	4
62153	0097eed0	2
62154	0097eee9	2
62155	0097eeff	3
62156	0097ef15	4
62157	0097ef91	2
62158	0097efaa	2
62159	0097efc0	3
62160	0097efd6	4
62161	0097f052	2
62162	0097f06b	2
62163	0097f081	3
62164	0097f097	4
62165	0097f113	2
62166	0097f12c	2
62167	0097f142	3
62168	0097f158	4
62169	0097f1d4	2
62170	0097f1ed	2
62171	0097f203	3
62172	0097f219	4
62173	0097f295	2
62174	0097f2ae	2
62175	0097f2c4	3
62176	0097f2da	4
62177	0097f356	2
62178	0097f36f	2
62179	0097f385	3
62180	0097f39b	4
62181	0097f417	2
62182	0097f430	2
38681	0097f446	3
38682	0097f4a3	68
62183	0097fb70	0
62184	0097fb75	0
62185	0097fb7a	0
62186	0097fb7f	0
62187	0097fb84	0
62188	0097fb89	0
62189	0097fb8e	0
62190	0097fb93	0
62191	0097fb98	0
62192	0097fb9d	0
62193	0097fba2	0
62194	0097fba7	0
62195	0097fbac	0
62196	0097fbb1	0
62197	0097fbb6	0
62198	0097fbbb	0
62199	0097fbc0	0
62200	0097fbc5	0
62201	0097fbca	0
62202	0097fbcf	0
38683	0097fbd4	2
38684	0097fbee	6
38685	0097fc65	6
38686	0097fcdd	3
38687	0097fcfc	3
38688	0097fd1c	3
38689	0097fd3b	3
62203	0097fd5b	3
62204	0097fd71	2
38690	0097fd90	0
38691	0097fdc0	0
38692	0097fdf0	3
38693	0097fe60	7
38694	0097ff20	0
38695	0097ff30	6
38696	0097ffd0	0
38697	0097ffe0	0
38698	00980009	3
38699	009800b8	2
38700	009800f4	14
38701	00980231	8
38702	0098036b	12
38703	009804ba	18
38704	0098076b	17
38705	0098094c	2
38706	00980991	5
38707	00980a09	0
38708	00980a1d	17
38709	00980bcb	5
38710	00980c26	7
38711	00980d21	6
38712	00980d9f	16
61901	00980f42	3
61902	00980f58	2
38713	00980f80	0
38714	00980f80	3
38715	00980fc0	3
38716	00981040	0
38717	00981080	0
38718	00981080	3
38719	009810c0	4
38720	00981140	4
38721	009811b0	0
38722	009811d0	1
61895	009811e0	3
61896	009811f6	4
61897	00981279	2
61898	00981292	2
38723	009812a8	22
38724	0098150f	17
38725	009816e4	7
38726	00981818	103
38727	009822c5	3
38728	009822fc	2
38729	00982343	2
38730	00982392	0
38731	009823a4	10
38732	00982441	10
38733	009824de	10
38734	009825a9	3
38735	009825e5	3
38736	0098262d	17
38737	0098278c	39
38738	00982b16	7
38739	00982b91	4
38740	00982bd7	8
38741	00982d4e	9
61899	00982e63	3
61900	00982e79	2
38742	00982ea0	0
38743	00982ea0	3
38744	00982ee0	3
38745	00982f30	0
38746	00982f50	0
38747	00982f70	0
38748	00982f70	3
38749	00982fb0	4
38750	00983040	4
38751	009830f0	4
38752	009831a0	2
38753	00983200	2
38754	00983250	2
38755	009832b0	2
38756	009832f0	0
38757	009832f0	3
38758	00983330	0
38759	00983330	3
38760	00983370	2
38761	009833a0	2
38762	009833d0	1
38763	009833e0	1
38764	009833f0	1
61861	00983400	2
61862	00983411	2
61863	0098342b	3
61864	00983441	4
61865	009834c4	2
61866	009834dd	2
61867	009834f3	3
61868	00983509	4
61869	00983585	2
61870	0098359e	2
61871	009835b4	3
61872	009835ca	4
61873	00983646	2
61874	0098365f	2
61875	00983675	3
61876	0098368b	4
61877	00983707	2
61878	00983720	2
61879	00983736	3
61880	0098374c	4
61881	009837c8	2
61882	009837e1	2
61883	009837f7	3
61884	0098380d	4
61885	00983889	2
61886	009838a2	2
38765	009838b8	131
38766	0098471a	112
61887	00985281	3
38767	0098531b	64
38768	009857ea	61
61888	00985c9e	4
38769	00985d27	63
38770	0098620d	2
61889	00986235	3
61890	0098624b	2
61891	00986264	7
61892	0098628e	2
61893	009862a7	2
61894	009862c0	2
38771	009862e0	0
38772	009862e0	3
38773	00986320	3
38774	00986380	2
38775	009863b0	0
38776	009863d0	0
38777	009863f0	4
38778	009864a0	2
38779	00986500	2
38780	00986540	0
38781	00986540	3
38782	00986580	2
38783	009865b0	1
38784	009865c0	2
38785	009865f7	5
38786	00986691	6
38787	00986727	4
38788	00986783	4
38789	009867da	3
38790	0098681b	4
38791	0098686a	2
38792	00986894	4
38793	00986900	0
38794	00986900	3
38795	00986940	2
38796	00986980	2
38797	009869c0	0
38798	009869e0	12
38799	00986c0e	0
38800	00986c62	16
61858	00986e07	2
61859	00986e1d	3
61860	00986e33	2
38801	00986e50	0
38802	00986e90	2
38803	00986ec0	3
38804	00986f20	2
38805	00986f50	2
38806	00986f80	0
38807	00986fc0	3
38808	00987030	0
38809	00987050	9
38810	009870d0	2
38811	00987110	2
38812	00987140	3
38813	009871a0	2
38814	009871e0	8
38815	009872b0	2
38816	009872e0	2
38817	00987310	0
38818	00987340	0
38819	00987360	0
38820	009873b0	17
38821	009875f0	5
38822	00987660	2
38823	009876a0	2
38824	009876d0	2
38825	00987720	3
38826	00987760	2
38827	00987790	22
38828	00987970	15
38829	00987a90	8
38830	00987b50	2
38831	00987b80	0
38832	00987ba0	2
38833	00987bd0	0
38834	00987c00	2
38835	00987c50	2
38836	00987ca0	2
38837	00987cd0	2
38838	00987d00	0
38839	00987d20	2
38840	00987d50	2
38841	00987d80	3
38842	00987db0	0
38843	00987dc0	0
38844	00987dd0	0
38845	00987de0	0
38846	00987e00	134
38847	00988630	3
38848	00988670	7
38849	00988700	10
38850	00988820	75
38851	00988cd0	2
38852	00988d00	2
38853	00988d30	2
38854	00988d60	0
38855	00988d80	2
38856	00988db0	2
38857	00988e00	2
38858	00988e30	2
38859	00988e70	2
38860	00988ea0	0
38861	00988eb0	0
38862	00988ec0	6
38863	00988f70	19
38864	009890b0	3
38865	009890f0	3
38866	00989130	19
38867	00989270	4
38868	009892d0	2
38869	00989300	2
38870	00989330	0
38871	00989350	10
38872	00989440	2
38873	00989470	2
38874	009894a0	2
38875	009894d0	7
38876	00989580	2
38877	009895c0	2
38878	00989610	0
38879	00989640	0
38880	00989670	0
38881	009896a0	2
38882	009896d0	0
38883	009896e0	0
38884	00989710	2
38885	00989770	3
38886	00989800	2
38887	00989820	3
38888	009898b0	2
38889	00989900	3
38890	00989940	6
38891	009899c0	2
38892	00989a10	0
38893	00989a30	6
38894	00989abb	4
38895	00989b26	9
38896	00989c2c	4
61856	00989cab	3
61857	00989cc1	2
38897	00989ce0	0
38898	00989d00	0
38899	00989d20	0
38900	00989d30	7
38901	00989e4d	2
38902	00989e71	8
38903	00989f40	10
38904	0098a040	0
38905	0098a040	3
38906	0098a080	4
38907	0098a110	1
38908	0098a120	2
38909	0098a172	2
38910	0098a1bc	9
38911	0098a301	3
38912	0098a383	0
38913	0098a397	3
38914	0098a3ed	3
61854	0098a44b	3
61855	0098a461	2
38915	0098a480	0
38916	0098a480	3
38917	0098a4c0	2
61700	0098a4f0	2
61701	0098a501	2
61702	0098a51b	3
61703	0098a531	2
61704	0098a547	2
61705	0098a560	2
61706	0098a576	3
61707	0098a58c	2
61708	0098a5a2	2
61709	0098a5bb	2
61710	0098a5d1	2
61711	0098a5e2	2
61712	0098a5f8	2
61713	0098a609	3
61714	0098a648	2
61715	0098a659	2
61716	0098a695	3
61717	0098a6ab	2
61718	0098a6d2	2
61719	0098a6eb	2
61720	0098a70d	2
61721	0098a71e	2
61722	0098a73d	2
61723	0098a74e	2
61724	0098a766	2
61725	0098a777	2
38918	0098a78f	65
38919	0098ae46	15
38920	0098af90	8
38921	0098b029	107
61726	0098bcda	8
61727	0098bdc8	9
61728	0098be9e	4
38922	0098bf3f	108
38923	0098cc4d	104
38924	0098d8bd	101
38925	0098e508	115
38926	0098f2c8	109
38927	0098ffea	4
38928	0099005a	15
38929	009901d2	0
38930	009901e6	4
38931	0099028c	0
38932	009902a2	2
38933	009902f4	0
38934	0099030a	2
38935	00990350	2
38936	0099038b	4
38937	00990438	2
38938	00990467	8
38939	0099055e	6
38940	00990601	2
38941	0099062e	6
38942	009906c7	6
61729	009907a9	3
61730	009907bf	4
61731	0099083b	2
61732	00990854	2
38943	0099086a	20
38944	00990a71	5
38945	00990b0e	5
38946	00990bab	5
38947	00990c37	4
38948	00990ce0	12
38949	00990e19	5
38950	00990ea6	24
38951	009910d4	5
38952	00991168	5
38953	009911fc	2
38954	00991237	4
61733	009912e4	3
61734	009912fa	4
61735	00991376	2
61736	0099138f	2
38955	009913a5	11
38956	009914a8	2
38957	009914df	2
38958	00991516	9
38959	00991600	4
61737	00991645	9
38960	009916eb	15
38961	0099190a	12
38962	00991b00	11
38963	00991ce5	7
38964	00991e22	8
38965	00991f6b	8
38966	00992040	6
38967	009920fa	9
38968	0099220b	7
38969	009922b4	0
38970	009922d8	12
38971	00992493	3
38972	0099252e	2
38973	00992584	0
38974	009925ea	4
38975	009926d7	15
38976	00992889	4
61738	00992944	3
61739	0099295a	4
61740	009929d6	2
61741	009929ef	2
61742	00992a05	3
61743	00992a1b	4
61744	00992a97	2
61745	00992ab0	2
38977	00992ac6	18
38978	00992c87	6
38979	00992d68	19
38980	0099309f	6
38981	0099311b	7
38982	00993198	109
38983	00993b89	68
61746	00994228	3
61747	0099423e	4
61748	009942ba	2
61749	009942d3	2
38984	009942e9	29
61750	00994640	8
38985	0099474c	14
38986	009948c1	4
61751	00994914	3
61752	0099492a	4
61753	009949a6	2
61754	009949bf	2
61755	009949d5	3
61756	009949eb	4
61757	00994a67	2
61758	00994a80	2
38987	00994a96	69
38988	009950b0	13
38989	00995210	2
38990	00995266	8
38991	00995320	12
61759	00995467	3
61760	0099547d	4
61761	009954f9	2
61762	00995512	2
61763	00995528	3
61764	0099553e	4
61765	009955ba	2
61766	009955d3	2
61767	009955e9	3
61768	009955ff	4
61769	0099567b	2
61770	00995694	2
38992	009956aa	104
38993	0099608b	24
38994	00996397	9
38995	009964dd	5
61771	00996588	3
61772	0099659e	4
61773	0099661a	2
61774	00996633	2
61775	00996649	3
61776	0099665f	4
61777	009966db	2
61778	009966f4	2
61779	0099670a	3
61780	00996720	4
61781	0099679c	2
61782	009967b5	2
61783	009967cb	3
61784	009967e1	4
61785	0099685d	2
61786	00996876	2
61787	0099688c	3
61788	009968a2	4
61789	0099691e	2
61790	00996937	2
38996	0099694d	113
61791	009975fb	0
38997	0099766b	4
38998	009976ff	3
38999	00997753	13
39000	009978cd	23
61792	00997bf7	7
39001	00997cd3	21
61793	00997f72	10
61794	009980a5	26
39002	009983d8	4
39003	0099845d	7
39004	009984f3	17
39005	00998688	10
39006	00998768	12
39007	00998955	5
39008	00998a11	36
39009	00998d31	16
39010	00998ebd	11
39011	00998fdd	28
39012	009991f9	3
39013	00999225	14
39014	00999393	11
39015	00999482	28
61795	009997c8	6
61796	0099985c	11
61797	00999941	7
39016	009999e8	2
39017	00999a67	3
39018	00999a9a	15
39019	00999c89	36
39020	00999f28	43
39021	0099a2d6	0
39022	0099a2ed	72
39023	0099aab5	34
39024	0099ae4f	37
39025	0099b192	24
39026	0099b3fa	29
39027	0099b6bf	10
61798	0099b8df	6
39028	0099b968	26
61799	0099bcd6	8
39029	0099bd8b	17
39030	0099bf3f	4
39031	0099bf80	16
39032	0099c0fe	0
61800	0099c11a	3
61801	0099c130	4
61802	0099c1ac	2
61803	0099c1c5	2
61804	0099c1db	3
61805	0099c1f1	4
61806	0099c26d	2
61807	0099c286	2
61808	0099c29c	3
61809	0099c2b2	4
61810	0099c32e	2
61811	0099c347	2
61812	0099c35d	3
61813	0099c373	4
61814	0099c3ef	2
61815	0099c408	2
61816	0099c41e	3
61817	0099c434	4
61818	0099c4b0	2
61819	0099c4c9	2
61820	0099c4df	3
61821	0099c4f5	4
61822	0099c571	2
61823	0099c58a	2
39033	0099c5a0	135
61824	0099d118	3
61825	0099d12e	4
61826	0099d1aa	2
61827	0099d1c3	2
61828	0099d1d9	3
61829	0099d1ef	4
61830	0099d26b	2
61831	0099d284	2
61832	0099d29a	3
61833	0099d2b0	4
61834	0099d32c	2
61835	0099d345	2
61836	0099d35b	3
61837	0099d371	4
61838	0099d3ed	2
61839	0099d406	2
61840	0099d41c	3
61841	0099d432	4
61842	0099d4ae	2
61843	0099d4c7	2
61844	0099d4dd	3
61845	0099d4f3	4
61846	0099d56f	2
61847	0099d588	2
39034	0099d59e	108
39035	0099dfec	4
39036	0099e098	2
39037	0099e0c2	31
39038	0099e3c0	11
39039	0099e4f7	3
39040	0099e526	3
39041	0099e555	6
39042	0099e5ff	3
39043	0099e653	2
39044	0099e67a	4
39045	0099e710	0
39046	0099e727	2
61848	0099e763	3
61849	0099e779	2
61850	0099e792	7
61851	0099e7bc	2
61852	0099e7d5	2
61853	0099e7ee	2
39047	0099e810	2
39048	0099e840	2
39049	0099e870	0
39050	0099e870	3
39051	0099e8b0	2
39052	0099e8e0	2
39053	0099e910	2
39054	0099e940	0
39055	0099e940	3
39056	0099e980	3
39057	0099ea00	0
39058	0099ea00	3
39059	0099ea40	3
39060	0099eaa0	0
39061	0099eaa0	3
39062	0099eae0	2
39063	0099eb10	0
39064	0099eb10	3
39065	0099eb50	4
39066	0099ebc0	3
39067	0099ec40	2
39068	0099ec80	0
39069	0099ec80	3
39070	0099ecc0	2
39071	0099ecf0	17
39072	0099ee20	0
39073	0099ee20	3
39074	0099ee60	4
39075	0099eea0	2
39076	0099eef0	2
39077	0099ef20	2
39078	0099ef60	0
39079	0099ef80	8
39080	0099f170	0
39081	0099f190	5
39082	0099f1e0	0
39083	0099f200	7
39084	0099f2b0	2
39085	0099f2d0	2
39086	0099f300	5
39087	0099f390	2
39088	0099f3c0	3
39089	0099f420	2
39090	0099f480	2
39091	0099f4b0	2
39092	0099f4e0	0
39093	0099f520	3
39094	0099f590	0
39095	0099f5b0	0
39096	0099f600	2
39097	0099f630	2
39098	0099f660	3
39099	0099f6a0	4
39100	0099f710	4
39101	0099f750	0
39102	0099f790	3
39103	0099f800	2
39104	0099f830	2
39105	0099f860	3
39106	0099f8a0	4
39107	0099f8e0	9
39108	0099f9d0	4
39109	0099fa10	0
39110	0099fa40	2
39111	0099fa80	0
39112	0099fac0	6
39113	0099fb40	3
39114	0099fbb0	0
39115	0099fc00	2
39116	0099fc30	2
39117	0099fc60	3
39118	0099fca0	0
39119	0099fce0	3
39120	0099fd50	0
39121	0099fd70	0
39122	0099fd90	2
39123	0099fdc0	3
39124	0099fe00	2
39125	0099fe40	2
39126	0099fe70	2
39127	0099fea0	3
39128	0099ff00	8
39129	0099ffd0	0
39130	0099fff0	2
39131	009a0020	2
39132	009a0070	2
39133	009a00b0	2
39134	009a0110	0
39135	009a0130	4
39136	009a0190	5
39137	009a0200	2
39138	009a0240	2
39139	009a0270	6
39140	009a02f0	24
39141	009a04a0	0
39142	009a04c0	0
39143	009a04e0	4
39144	009a0540	5
39145	009a05b0	2
39146	009a05f0	2
39147	009a0620	5
39148	009a0690	2
39149	009a06e0	0
39150	009a0700	0
39151	009a0720	0
39152	009a0740	0
39153	009a0760	4
39154	009a07c0	2
39155	009a0800	2
39156	009a0850	2
39157	009a0880	2
39158	009a08b0	0
39159	009a0900	4
39160	009a0960	2
39161	009a09a0	2
39162	009a09d0	0
39163	009a09e0	2
39164	009a0a30	3
39165	009a0a70	2
39166	009a0aa0	22
39167	009a0c80	15
39168	009a0da0	2
39169	009a0dd0	2
39170	009a0e00	0
39171	009a0e30	0
39172	009a0e60	17
39173	009a10a0	2
39174	009a10d0	0
39175	009a1120	0
39176	009a1140	17
39177	009a1380	2
39178	009a13d0	2
39179	009a1400	2
39180	009a1430	10
39181	009a1550	17
39182	009a1790	2
39183	009a17c0	2
39184	009a17f0	17
39185	009a1a30	2
39186	009a1a60	0
39187	009a1a80	3
39188	009a1ab0	0
39189	009a1ac0	0
39190	009a1ad0	0
39191	009a1af0	134
39192	009a2320	7
39193	009a23b0	10
39194	009a24d0	75
39195	009a2980	2
39196	009a29b0	2
39197	009a29e0	2
39198	009a2a10	2
39199	009a2a40	7
39200	009a2af0	0
39201	009a2b10	2
39202	009a2b40	2
39203	009a2b90	2
39204	009a2bc0	0
39205	009a2bf0	2
39206	009a2c30	0
39207	009a2c60	2
39208	009a2cb0	2
39209	009a2d00	2
39210	009a2d30	2
39211	009a2d80	2
39212	009a2db0	2
39213	009a2e00	2
39214	009a2e50	2
39215	009a2ea0	2
39216	009a2ed0	0
39217	009a2ee0	0
39218	009a2ef0	19
39219	009a3030	3
39220	009a3070	3
39221	009a30b0	19
39222	009a31f0	4
39223	009a3250	2
39224	009a3280	2
39225	009a32b0	0
39226	009a32d0	10
39227	009a33c0	2
39228	009a33f0	2
39229	009a3420	2
39230	009a3450	2
39231	009a3480	2
39232	009a34c0	2
39233	009a3520	0
39234	009a3540	4
39235	009a35d0	0
39236	009a35f0	2
39237	009a3630	2
39238	009a3670	0
39239	009a3690	4
39240	009a3700	0
39241	009a3720	7
39242	009a37c0	2
39243	009a3810	2
39244	009a3840	2
39245	009a3870	2
39246	009a38a0	0
39247	009a38c0	2
39248	009a38f0	2
39249	009a3920	0
39250	009a3940	0
39251	009a3960	3
39252	009a39a0	3
39253	009a39e0	2
39254	009a3a20	4
39255	009a3a80	4
39256	009a3ae0	2
39257	009a3b20	0
39258	009a3b30	0
39259	009a3b60	0
39260	009a3ba0	0
39261	009a3be0	0
39262	009a3c10	2
39263	009a3c40	2
39264	009a3c70	2
39265	009a3cb0	2
39266	009a3cd0	0
39267	009a3d00	0
39268	009a3d40	2
39269	009a3d70	0
39270	009a3d80	2
39271	009a3db0	2
39272	009a3df0	3
39273	009a3e80	2
39274	009a3ea0	2
39275	009a3ed0	2
39276	009a3f10	2
39277	009a3f30	0
39278	009a3f60	2
39279	009a3f90	2
39280	009a3ff0	2
39281	009a4020	2
39282	009a4080	0
39283	009a4090	3
39284	009a4120	3
39285	009a41b0	3
39286	009a41f0	2
39287	009a4220	3
39288	009a42c0	2
39289	009a42f0	3
39290	009a4380	4
39291	009a44b0	0
39292	009a44b0	3
39293	009a44f0	4
39294	009a4530	2
39295	009a4560	2
39296	009a45a0	3
39297	009a45e0	3
39298	009a4620	3
39299	009a4660	3
39300	009a46a0	2
39301	009a46e0	3
39302	009a4750	2
39303	009a4780	2
39304	009a47b0	8
39305	009a4880	0
39306	009a48a0	0
39307	009a48c0	0
39308	009a48f0	0
39309	009a4920	1
39310	009a4930	1
39311	009a4940	1
39312	009a4950	1
39313	009a4960	1
39314	009a4970	1
39315	009a4980	1
39316	009a4990	1
39317	009a49a0	1
39318	009a49b0	1
39319	009a49c0	1
39320	009a49d0	1
39321	009a49e0	1
39322	009a49f0	1
39323	009a4a00	1
39324	009a4a10	1
39325	009a4a20	1
39326	009a4a30	1
39327	009a4a40	1
39328	009a4a50	1
39329	009a4a60	1
39330	009a4a70	1
39331	009a4a80	1
39332	009a4a90	1
39333	009a4aa0	1
39334	009a4ab0	1
39335	009a4ac0	1
39336	009a4ad0	1
39337	009a4ae0	1
39338	009a4af0	1
39339	009a4b00	1
39340	009a4b10	1
39341	009a4b20	1
39342	009a4b30	1
39343	009a4b40	1
39344	009a4b50	1
39345	009a4b60	1
39346	009a4b70	1
39347	009a4b80	1
39348	009a4b90	1
39349	009a4ba0	0
39350	009a4bc0	1
39351	009a4bd0	1
39352	009a4be0	1
39353	009a4bf0	5
39354	009a4cd2	0
39355	009a4ce1	4
61697	009a4d2f	0
61698	009a4d34	3
61699	009a4d4a	2
39356	009a4d70	0
39357	009a4d90	2
61669	009a4e00	2
61670	009a4e11	2
61671	009a4e2b	3
61672	009a4e41	4
61673	009a4ec4	2
61674	009a4edd	2
61675	009a4ef3	3
61676	009a4f09	4
61677	009a4f8a	2
61678	009a4fa3	2
61679	009a4fb9	3
61680	009a4fcf	4
61681	009a5052	2
61682	009a506b	2
61683	009a5081	3
61684	009a5097	4
61685	009a5118	2
61686	009a5131	2
61687	009a5147	3
61688	009a515d	4
61689	009a51d9	2
61690	009a51f2	2
39358	009a5208	84
39359	009a5b46	14
39360	009a5cc4	5
39361	009a5d47	2
39362	009a5d70	6
39363	009a5e49	4
39364	009a5eef	14
39365	009a6068	19
39366	009a61ed	0
39367	009a620d	49
39368	009a6687	8
39369	009a6727	9
39370	009a67d9	13
39371	009a68fb	5
39372	009a69b4	2
39373	009a69f6	13
39374	009a6b15	3
39375	009a6b60	17
39376	009a6cc1	10
61691	009a6d88	3
61692	009a6d9e	2
61693	009a6db7	7
61694	009a6de1	2
61695	009a6dfa	2
61696	009a6e13	2
39377	009a6e30	0
39378	009a6e30	3
39379	009a6e70	3
39380	009a6ed0	3
39381	009a6f30	2
39382	009a6f60	4
39383	009a6fd0	0
39384	009a7010	3
39385	009a7090	0
39386	009a70b0	9
39387	009a7130	2
39388	009a7160	4
39389	009a71d0	4
39390	009a7240	4
39391	009a7280	0
39392	009a72c0	3
39393	009a7340	0
39394	009a7390	2
39395	009a73c0	3
39396	009a7400	0
39397	009a7420	0
39398	009a7470	17
39399	009a76d0	5
39400	009a7740	2
39401	009a7780	2
39402	009a77b0	0
39403	009a77d0	0
39404	009a77f0	4
39405	009a7860	2
39406	009a78a0	2
39407	009a78d0	2
39408	009a7920	2
39409	009a7970	2
39410	009a79a0	2
39411	009a79d0	17
39412	009a7c30	2
39413	009a7c60	2
39414	009a7c90	2
39415	009a7ce0	2
39416	009a7d30	2
39417	009a7d60	2
39418	009a7d90	2
39419	009a7dc0	0
39420	009a7de0	6
39421	009a7e50	6
39422	009a7ec0	4
39423	009a7f70	4
39424	009a8020	2
39425	009a8060	2
39426	009a8090	2
39427	009a80d0	2
39428	009a8100	2
39429	009a8120	2
39430	009a8150	2
39431	009a8190	2
39432	009a81b0	3
39433	009a8240	2
39434	009a8270	3
39435	009a8300	7
39436	009a83c0	3
39437	009a8400	3
39438	009a8480	3
39439	009a84c0	7
39440	009a85b0	3
39441	009a8660	2
39442	009a86c0	2
39443	009a8710	2
39444	009a8770	2
39445	009a87c0	0
39446	009a87c0	3
39447	009a8800	0
39448	009a8800	3
39449	009a8840	2
39450	009a8870	2
39451	009a88a0	2
39452	009a88d0	2
39453	009a8900	1
39454	009a8910	1
39455	009a8920	1
61645	009a8930	2
61646	009a8941	2
61647	009a895b	3
61648	009a8971	4
61649	009a89ed	2
61650	009a8a06	2
61651	009a8a1c	3
61652	009a8a32	4
61653	009a8aae	2
61654	009a8ac7	2
61655	009a8add	3
61656	009a8af3	4
61657	009a8b6f	2
61658	009a8b88	2
61659	009a8b9e	3
61660	009a8bb4	4
61661	009a8c37	2
61662	009a8c50	2
39456	009a8c66	179
39457	009aa082	73
39458	009aa8ac	28
39459	009aab1c	44
39460	009aaf47	2
39461	009aaf86	3
39462	009aafc4	2
61663	009aafec	3
61664	009ab002	2
61665	009ab01b	7
61666	009ab045	2
61667	009ab05e	2
61668	009ab077	2
39463	009ab090	0
39464	009ab090	3
39465	009ab0d0	10
39466	009ab1b0	24
39467	009ab360	0
39468	009ab3b0	2
39469	009ab3e0	3
39470	009ab420	0
39471	009ab470	0
39472	009ab490	0
39473	009ab4b0	4
39474	009ab510	17
39475	009ab750	2
39476	009ab7a0	2
39477	009ab7f0	2
39478	009ab820	2
39479	009ab850	4
39480	009ab900	4
39481	009ab9b0	4
39482	009aba60	2
39483	009abaa0	0
39484	009abad0	0
39485	009abb00	2
39486	009abb30	2
39487	009abb90	2
39488	009abbf0	2
39489	009abc40	2
39490	009abca0	2
39491	009abce0	2
39492	009abd40	2
39493	009abd90	0
39494	009abd90	3
39495	009abdd0	0
39496	009abdd0	3
39497	009abe10	0
39498	009abe10	3
39499	009abe50	2
39500	009abe80	2
39501	009abeb0	2
39502	009abee0	1
39503	009abef0	1
39504	009abf00	1
39505	009abf10	39
61639	009ac285	2
39506	009ac2a4	39
61640	009ac619	2
39507	009ac638	47
61641	009acaf0	2
61642	009acb0f	2
61643	009acb2e	3
61644	009acb44	2
39508	009acb60	18
61634	009acd4b	0
61635	009acd50	0
61636	009acd55	0
61637	009acd5a	3
61638	009acd70	2
39509	009acd90	3
61632	009acded	3
61633	009ace03	2
39510	009ace20	4
39511	009ace89	3
61630	009aced6	3
61631	009aceec	2
39512	009acf10	0
61353	009acf40	2
61354	009acf51	2
61355	009acf6b	3
61356	009acf81	2
61357	009acf9c	2
61358	009acfb5	2
61359	009acfcb	3
61360	009acfe1	2
61361	009acffc	2
61362	009ad015	2
61363	009ad02b	3
61364	009ad041	2
61365	009ad05c	2
61366	009ad075	2
61367	009ad08b	3
61368	009ad0a1	2
61369	009ad0bc	2
61370	009ad0d5	2
61371	009ad0eb	3
61372	009ad101	4
61373	009ad17d	2
61374	009ad196	2
61375	009ad1ac	3
61376	009ad1c2	4
61377	009ad23e	2
61378	009ad257	2
61379	009ad26d	3
61380	009ad283	4
61381	009ad306	2
61382	009ad31f	2
61383	009ad335	3
61384	009ad34b	4
61385	009ad3ce	2
61386	009ad3e7	2
61387	009ad3fd	3
61388	009ad413	4
61389	009ad496	2
61390	009ad4af	2
61391	009ad4c5	3
61392	009ad4db	4
61393	009ad557	2
61394	009ad570	2
61395	009ad586	3
61396	009ad59c	4
61397	009ad618	2
61398	009ad631	2
61399	009ad647	3
61400	009ad65d	4
61401	009ad6d9	2
61402	009ad6f2	2
61403	009ad708	3
61404	009ad71e	4
61405	009ad79a	2
61406	009ad7b3	2
61407	009ad7c9	3
61408	009ad7df	4
61409	009ad85b	2
61410	009ad874	2
61411	009ad88a	3
61412	009ad8a0	4
61413	009ad91c	2
61414	009ad935	2
61415	009ad94b	3
61416	009ad961	4
61417	009ad9dd	2
61418	009ad9f6	2
61419	009ada0c	3
61420	009ada22	4
61421	009ada9e	2
61422	009adab7	2
61423	009adacd	3
61424	009adae3	2
61425	009adaf9	2
61426	009adb12	2
61427	009adb28	3
61428	009adb3e	2
61429	009adb54	2
61430	009adb6d	2
39513	009adb83	25
61431	009addc0	2
39514	009adddf	3
39515	009ade26	19
39516	009ae072	15
39517	009ae205	22
39518	009ae454	6
39519	009ae4e2	20
39520	009ae6c9	2
39521	009ae708	2
39522	009ae72f	8
39523	009ae819	15
39524	009aea03	153
39525	009af977	36
39526	009afcad	156
39527	009b0daf	55
39528	009b12e7	113
39529	009b208d	16
39530	009b21fe	67
39531	009b29b8	3
39532	009b2a28	2
39533	009b2a50	2
39534	009b2a78	25
39535	009b2c1e	4
39536	009b2c75	150
39537	009b3be7	6
39538	009b3c4f	15
39539	009b3dc9	7
39540	009b3e5a	7
61432	009b3eeb	3
61433	009b3f01	4
61434	009b3f7d	2
61435	009b3f96	2
39541	009b3fac	15
39542	009b40e0	40
39543	009b43b9	27
39544	009b45c5	2
39545	009b45eb	12
39546	009b472a	8
61436	009b47a0	3
61437	009b47b6	4
61438	009b4832	2
61439	009b484b	2
61440	009b4861	3
61441	009b4877	4
61442	009b48f3	2
61443	009b490c	2
61444	009b4922	3
61445	009b4938	4
61446	009b49b4	2
61447	009b49cd	2
61448	009b49e3	3
61449	009b49f9	4
61450	009b4a75	2
61451	009b4a8e	2
61452	009b4aa4	3
61453	009b4aba	4
61454	009b4b36	2
61455	009b4b4f	2
61456	009b4b65	3
61457	009b4b7b	4
61458	009b4bf7	2
61459	009b4c10	2
61460	009b4c26	3
61461	009b4c3c	4
61462	009b4cb8	2
61463	009b4cd1	2
61464	009b4ce7	3
61465	009b4cfd	4
61466	009b4d79	2
61467	009b4d92	2
61468	009b4da8	3
61469	009b4dbe	4
61470	009b4e3a	2
61471	009b4e53	2
61472	009b4e69	3
61473	009b4e7f	4
61474	009b4efb	2
61475	009b4f14	2
61476	009b4f2a	3
61477	009b4f40	4
61478	009b4fbc	2
61479	009b4fd5	2
61480	009b4feb	3
61481	009b5001	4
61482	009b507d	2
61483	009b5096	2
61484	009b50ac	3
61485	009b50c2	4
61486	009b513e	2
61487	009b5157	2
61488	009b516d	3
61489	009b5183	4
61490	009b51ff	2
61491	009b5218	2
61492	009b522e	3
61493	009b5244	4
61494	009b52c0	2
61495	009b52d9	2
39547	009b52ef	168
39548	009b6496	3
39549	009b64c8	48
61496	009b68e0	12
61497	009b6a1d	2
61498	009b6a33	19
61499	009b6bb9	2
61500	009b6bcf	45
39550	009b7088	31
39551	009b72b0	32
39552	009b7531	32
39553	009b7757	7
39554	009b77e4	39
61501	009b7acb	3
61502	009b7ae1	4
61503	009b7b5d	2
61504	009b7b76	2
61505	009b7b8c	3
61506	009b7ba2	4
61507	009b7c1e	2
61508	009b7c37	2
61509	009b7c4d	3
61510	009b7c63	4
61511	009b7cdf	2
61512	009b7cf8	2
39555	009b7d0e	69
39556	009b829f	19
39557	009b848d	7
39558	009b8526	7
39559	009b85f6	11
61513	009b871e	12
61514	009b8864	2
39560	009b887a	11
39561	009b8928	72
39562	009b8f9f	13
39563	009b90e0	75
61515	009b990e	3
61516	009b9924	4
61517	009b99a0	2
61518	009b99b9	2
39564	009b99cf	40
61519	009b9de8	34
61520	009ba09d	3
61521	009ba0b3	4
61522	009ba12f	2
61523	009ba148	2
39565	009ba15e	10
61524	009ba26f	3
61525	009ba285	4
61526	009ba301	2
61527	009ba31a	2
39566	009ba330	18
61528	009ba4b2	3
61529	009ba4c8	4
61530	009ba544	2
61531	009ba55d	2
39567	009ba573	21
39568	009ba72d	2
39569	009ba761	9
39570	009ba843	7
39571	009ba8ad	12
39572	009baa11	9
39573	009bab5e	9
61532	009bacab	3
61533	009bacc1	4
61534	009bad3d	2
61535	009bad56	2
61536	009bad6c	3
61537	009bad82	4
61538	009badfe	2
61539	009bae17	2
61540	009bae2d	3
61541	009bae43	4
61542	009baebf	2
61543	009baed8	2
61544	009baeee	3
61545	009baf04	4
61546	009baf80	2
61547	009baf99	2
39574	009bafaf	48
39575	009bb2d8	7
39576	009bb346	17
61548	009bb476	3
61549	009bb48c	4
61550	009bb508	2
61551	009bb521	2
39577	009bb537	21
61552	009bb696	3
61553	009bb6ac	4
61554	009bb728	2
61555	009bb741	2
61556	009bb757	3
61557	009bb76d	4
61558	009bb7e9	2
61559	009bb802	2
61560	009bb818	3
61561	009bb82e	4
61562	009bb8aa	2
61563	009bb8c3	2
61564	009bb8d9	3
61565	009bb8ef	4
61566	009bb96b	2
61567	009bb984	2
61568	009bb99a	3
61569	009bb9b0	4
61570	009bba2c	2
61571	009bba45	2
61572	009bba5b	3
61573	009bba71	4
61574	009bbaed	2
61575	009bbb06	2
61576	009bbb1c	3
61577	009bbb32	4
61578	009bbbae	2
61579	009bbbc7	2
61580	009bbbdd	3
61581	009bbbf3	4
61582	009bbc6f	2
61583	009bbc88	2
39578	009bbc9e	107
61584	009bc5aa	3
61585	009bc5c0	4
61586	009bc63c	2
61587	009bc655	2
61588	009bc66b	3
61589	009bc681	4
61590	009bc6fd	2
61591	009bc716	2
61592	009bc72c	3
61593	009bc742	4
61594	009bc7be	2
61595	009bc7d7	2
61596	009bc7ed	3
61597	009bc803	4
61598	009bc87f	2
61599	009bc898	2
61600	009bc8ae	3
61601	009bc8c4	4
61602	009bc940	2
61603	009bc959	2
61604	009bc96f	3
61605	009bc985	4
61606	009bca01	2
61607	009bca1a	2
39579	009bca30	75
61608	009bd266	3
61609	009bd27c	4
61610	009bd2f8	2
61611	009bd311	2
39580	009bd327	36
61612	009bd613	3
61613	009bd629	4
61614	009bd6a5	2
61615	009bd6be	2
61616	009bd6d4	3
61617	009bd6ea	4
61618	009bd766	2
61619	009bd77f	2
39581	009bd795	32
39582	009bdb32	11
39583	009bdc5a	15
61620	009bddb2	3
61621	009bddc8	4
61622	009bde44	2
61623	009bde5d	2
39584	009bde73	17
39585	009bdfd8	19
39586	009be185	12
39587	009be2e8	10
39588	009be410	77
39589	009bea6d	4
39590	009beb3b	19
39591	009bec9f	2
61624	009becc9	3
61625	009becdf	2
61626	009becf8	7
61627	009bed22	2
61628	009bed3b	2
61629	009bed54	2
39592	009bed70	2
39593	009bedb0	0
39594	009bedb0	3
39595	009bedf0	2
39596	009bee20	4
39597	009beed0	2
39598	009bef00	5
39599	009befd0	3
39600	009bf070	0
39601	009bf070	3
39602	009bf0b0	3
39603	009bf110	0
39604	009bf110	3
39605	009bf150	2
39606	009bf180	2
39607	009bf1c0	2
39608	009bf1f0	2
39609	009bf230	0
39610	009bf230	3
39611	009bf270	2
39612	009bf2a0	4
39613	009bf350	2
39614	009bf390	2
39615	009bf3d0	2
39616	009bf400	3
39617	009bf470	2
39618	009bf4a0	0
39619	009bf4a0	3
39620	009bf4e0	2
39621	009bf510	2
39622	009bf560	0
39623	009bf560	3
39624	009bf5a0	2
39625	009bf5e0	2
39626	009bf610	2
39627	009bf640	2
39628	009bf670	4
39629	009bf6e0	4
39630	009bf750	2
39631	009bf780	2
39632	009bf7b0	3
39633	009bf820	2
39634	009bf860	3
39635	009bf8a0	2
39636	009bf8f0	2
39637	009bf940	0
39638	009bf960	3
39639	009bf9d0	3
39640	009bfa20	2
39641	009bfa80	2
39642	009bfad0	0
39643	009bfaf0	3
39644	009bfb70	3
39645	009bfbc0	2
39646	009bfc20	2
39647	009bfc60	0
39648	009bfc80	0
39649	009bfcb0	0
39650	009bfcd0	2
39651	009bfd10	3
39652	009bfd50	2
39653	009bfda0	2
39654	009bfdd0	2
39655	009bfe00	2
39656	009bfe30	0
39657	009bfe50	0
39658	009bfe70	0
39659	009bfe90	2
39660	009bfec0	2
39661	009bfef0	2
39662	009bff20	2
39663	009bff50	2
39664	009bff80	0
39665	009bffc0	3
39666	009c0030	2
39667	009c00a0	2
39668	009c0100	2
39669	009c0140	2
39670	009c0170	3
39671	009c01d0	2
39672	009c0210	8
39673	009c02e0	2
39674	009c0320	2
39675	009c0360	2
39676	009c0390	2
39677	009c03c0	3
39678	009c0420	2
39679	009c0450	2
39680	009c0480	2
39681	009c04b0	8
39682	009c0580	2
39683	009c05b0	2
39684	009c0600	2
39685	009c0640	2
39686	009c0680	2
39687	009c06b0	2
39688	009c06e0	7
39689	009c07a0	2
39690	009c07e0	2
39691	009c0820	2
39692	009c0860	8
39693	009c0930	2
39694	009c0970	2
39695	009c09a0	2
39696	009c09d0	2
39697	009c0a20	2
39698	009c0a60	0
39699	009c0aa0	3
39700	009c0b20	0
39701	009c0b40	0
39702	009c0b60	0
39703	009c0bb0	3
39704	009c0bf0	0
39705	009c0c30	3
39706	009c0ca0	0
39707	009c0cf0	2
39708	009c0d20	3
39709	009c0d60	0
39710	009c0da0	3
39711	009c0e20	0
39712	009c0e70	2
39713	009c0eb0	3
39714	009c0ef0	2
39715	009c0f40	5
39716	009c0fc0	3
39717	009c1000	2
39718	009c1030	3
39719	009c1080	2
39720	009c10b0	2
39721	009c10e0	2
39722	009c1110	2
39723	009c1160	0
39724	009c1190	2
39725	009c11d0	2
39726	009c1210	2
39727	009c1240	2
39728	009c12a0	2
39729	009c12f0	3
39730	009c1330	2
39731	009c1360	22
39732	009c1540	15
39733	009c1660	8
39734	009c1720	2
39735	009c1750	0
39736	009c1780	0
39737	009c1790	2
39738	009c17e0	3
39739	009c1820	2
39740	009c1850	22
39741	009c1a30	15
39742	009c1b50	4
39743	009c1bc0	4
39744	009c1c20	3
39745	009c1c80	2
39746	009c1cb0	2
39747	009c1ce0	0
39748	009c1d10	3
39749	009c1d70	2
39750	009c1dc0	3
39751	009c1e00	2
39752	009c1e30	34
39753	009c2070	15
39754	009c2190	8
39755	009c2250	3
39756	009c2290	2
39757	009c22c0	0
39758	009c22e0	2
39759	009c2310	2
39760	009c2340	0
39761	009c2370	0
39762	009c2390	4
39763	009c2400	2
39764	009c2440	2
39765	009c2470	0
39766	009c2490	0
39767	009c24b0	4
39768	009c2510	2
39769	009c2560	2
39770	009c2590	0
39771	009c25b0	0
39772	009c25d0	4
39773	009c2640	2
39774	009c2690	2
39775	009c26c0	11
39776	009c2790	4
39777	009c2800	4
39778	009c2890	2
39779	009c28c0	0
39780	009c28d0	0
39781	009c28e0	0
39782	009c2900	2
39783	009c2930	2
39784	009c2970	0
39785	009c29a0	0
39786	009c29d0	2
39787	009c2a00	0
39788	009c2a20	3
39789	009c2a50	0
39790	009c2a60	0
39791	009c2a70	0
39792	009c2a90	134
39793	009c32c0	3
39794	009c3300	7
39795	009c3390	10
39796	009c34b0	75
39797	009c3960	2
39798	009c3990	2
39799	009c39c0	2
39800	009c39f0	0
39801	009c3a10	2
39802	009c3a40	2
39803	009c3a90	2
39804	009c3ac0	0
39805	009c3af0	0
39806	009c3b10	3
39807	009c3b40	0
39808	009c3b50	0
39809	009c3b60	0
39810	009c3b80	134
39811	009c43b0	4
39812	009c4410	4
39813	009c4470	7
39814	009c4500	10
39815	009c4620	75
39816	009c4ad0	2
39817	009c4b00	2
39818	009c4b30	2
39819	009c4b60	2
39820	009c4b90	7
39821	009c4c40	0
39822	009c4c60	2
39823	009c4c90	2
39824	009c4cc0	0
39825	009c4cf0	0
39826	009c4d10	3
39827	009c4d40	0
39828	009c4d50	0
39829	009c4d60	0
39830	009c4d80	22
39831	009c4f60	134
39832	009c5790	7
39833	009c5820	10
39834	009c5940	75
39835	009c5df0	6
39836	009c5ea0	2
39837	009c5ed0	2
39838	009c5f00	2
39839	009c5f30	7
39840	009c5fe0	0
39841	009c6000	2
39842	009c6030	2
39843	009c6060	0
39844	009c6080	17
39845	009c62e0	2
39846	009c6310	17
39847	009c6560	2
39848	009c6590	17
39849	009c6810	2
39850	009c6840	12
39851	009c6920	0
39852	009c6930	2
39853	009c6960	2
39854	009c6990	2
39855	009c69c0	0
39856	009c69e0	0
39857	009c6a00	0
39858	009c6a30	0
39859	009c6a40	0
39860	009c6a50	0
39861	009c6a60	6
39862	009c6b10	19
39863	009c6c50	3
39864	009c6c90	3
39865	009c6cd0	19
39866	009c6e10	4
39867	009c6e70	2
39868	009c6ea0	2
39869	009c6ed0	0
39870	009c6ef0	10
39871	009c6fe0	2
39872	009c7010	0
39873	009c7020	0
39874	009c7030	3
39875	009c7070	3
39876	009c70b0	3
39877	009c70f0	4
39878	009c7140	19
39879	009c7280	3
39880	009c72c0	3
39881	009c7300	19
39882	009c7440	4
39883	009c74a0	2
39884	009c74d0	2
39885	009c7500	0
39886	009c7520	10
39887	009c7610	0
39888	009c7620	0
39889	009c7630	0
39890	009c7640	19
39891	009c7780	3
39892	009c77c0	3
39893	009c7800	2
39894	009c7830	19
39895	009c7970	4
39896	009c79d0	2
39897	009c7a00	2
39898	009c7a30	0
39899	009c7a50	10
39900	009c7b40	2
39901	009c7b90	2
39902	009c7be0	2
39903	009c7c10	2
39904	009c7c70	2
39905	009c7cc0	2
39906	009c7cf0	2
39907	009c7d50	2
39908	009c7da0	2
39909	009c7dd0	2
39910	009c7e00	0
39911	009c7e30	0
39912	009c7e60	2
39913	009c7e90	7
39914	009c7f40	6
39915	009c7ff0	6
39916	009c80a0	2
39917	009c80d0	0
39918	009c8100	2
39919	009c8130	2
39920	009c8160	2
39921	009c8190	2
39922	009c81c0	2
39923	009c81f0	2
39924	009c8220	0
39925	009c8240	0
39926	009c8260	2
39927	009c82a0	2
39928	009c82d0	3
39929	009c8320	3
39930	009c8360	4
39931	009c8410	4
39932	009c84c0	4
39933	009c8570	4
39934	009c8620	4
39935	009c86d0	6
39936	009c8790	2
39937	009c87c0	2
39938	009c87f0	4
39939	009c88a0	4
39940	009c8950	4
39941	009c8a00	6
39942	009c8ac0	2
39943	009c8af0	2
39944	009c8b20	0
39945	009c8b40	2
39946	009c8b70	0
39947	009c8b90	2
39948	009c8bc0	0
39949	009c8be0	2
39950	009c8c10	0
39951	009c8c30	2
39952	009c8c60	2
39953	009c8c90	0
39954	009c8cb0	2
39955	009c8ce0	2
39956	009c8d10	0
39957	009c8d30	2
39958	009c8d60	0
39959	009c8d80	3
39960	009c8dc0	3
39961	009c8e00	2
39962	009c8e20	0
39963	009c8e50	0
39964	009c8e80	0
39965	009c8eb0	2
39966	009c8ee0	2
39967	009c8f20	2
39968	009c8f40	2
39969	009c8f70	2
39970	009c8fb0	2
39971	009c8fd0	2
39972	009c9000	2
39973	009c9040	2
39974	009c9060	3
39975	009c90f0	2
39976	009c9150	0
39977	009c9160	3
39978	009c91f0	2
39979	009c9210	2
39980	009c9240	2
39981	009c9270	2
39982	009c92a0	2
39983	009c92c0	3
39984	009c9350	3
39985	009c93e0	3
39986	009c9470	3
39987	009c94b0	2
39988	009c94f0	3
39989	009c9530	3
39990	009c95e0	3
39991	009c9620	2
39992	009c9690	3
39993	009c96d0	3
39994	009c97e0	2
39995	009c9820	3
39996	009c9860	3
39997	009c98a0	2
39998	009c98e0	3
39999	009c99e0	2
40000	009c9a70	2
40001	009c9ab0	2
40002	009c9ae0	2
40003	009c9b10	2
40004	009c9b40	2
40005	009c9b90	2
40006	009c9be0	2
40007	009c9c40	2
40008	009c9c80	2
40009	009c9ce0	2
40010	009c9d20	2
40011	009c9d80	2
40012	009c9dc0	2
40013	009c9e20	2
40014	009c9e70	3
40015	009c9f00	2
40016	009c9f40	2
40017	009c9fa0	2
40018	009c9ff0	2
40019	009ca040	2
40020	009ca080	2
40021	009ca0e0	2
40022	009ca130	3
40023	009ca1c0	2
40024	009ca1f0	0
40025	009ca1f0	3
40026	009ca230	0
40027	009ca230	3
40028	009ca270	0
40029	009ca270	3
40030	009ca2b0	0
40031	009ca2b0	3
40032	009ca2f0	0
40033	009ca2f0	3
40034	009ca330	3
40035	009ca3b0	0
40036	009ca3b0	3
40037	009ca3f0	0
40038	009ca3f0	3
40039	009ca430	0
40040	009ca430	3
40041	009ca470	0
40042	009ca470	3
40043	009ca4b0	0
40044	009ca4b0	3
40045	009ca4f0	2
40046	009ca520	2
40047	009ca550	2
40048	009ca580	2
40049	009ca5b0	2
40050	009ca5e0	3
40051	009ca660	0
40052	009ca680	0
40053	009ca680	3
40054	009ca6c0	0
40055	009ca6c0	3
40056	009ca700	0
40057	009ca720	3
40058	009ca780	2
40059	009ca7b0	2
40060	009ca7e0	2
40061	009ca810	3
40062	009ca870	4
40063	009ca8e0	0
40064	009ca8f0	4
40065	009ca9a0	4
40066	009ca9f0	0
40067	009caa20	3
40068	009caa60	3
40069	009caaa0	2
40070	009caad0	0
40071	009caaf0	0
40072	009cab10	2
40073	009cab40	2
40074	009cab80	0
40075	009cabb0	3
40076	009cabf0	3
40077	009cac30	0
40078	009cac60	0
40079	009cac80	0
40080	009caca0	1
40081	009cacb0	1
40082	009cacc0	1
40083	009cacd0	1
40084	009cace0	1
40085	009cacf0	1
40086	009cad00	1
40087	009cad10	1
40088	009cad20	1
40089	009cad30	1
40090	009cad40	1
40091	009cad50	1
61340	009cad60	2
61341	009cad71	2
61342	009cad8b	3
61343	009cada1	2
61344	009cadc8	2
61345	009cade1	2
40092	009cae03	4
40093	009caedb	29
61346	009cb061	0
40094	009cb066	4
40095	009cb099	3
40096	009cb0b9	0
40097	009cb2b5	9
61347	009cb3f2	2
40098	009cb408	6
40099	009cb49b	8
40100	009cb578	4
40101	009cb5ff	27
40102	009cb842	5
40103	009cb8e0	2
40104	009cb904	3
40105	009cb939	4
40106	009cb9b0	14
40107	009cbb3a	5
40108	009cbbd5	2
40109	009cbbf9	3
61348	009cbc32	3
61349	009cbc48	2
61350	009cbc61	5
61351	009cbc81	2
61352	009cbc9a	2
40110	009cbcc0	2
40111	009cbd00	0
40112	009cbd20	0
40113	009cbd40	0
40114	009cbd60	2
40115	009cbd80	2
40116	009cbda0	2
40117	009cbdc0	2
40118	009cbde0	4
40119	009cbe70	0
40120	009cbea0	6
40121	009cbf20	0
40122	009cbf40	2
40123	009cbf70	2
40124	009cbfc0	2
40125	009cbff0	2
40126	009cc030	2
40127	009cc060	2
40128	009cc090	0
40129	009cc0b0	3
40130	009cc110	2
40131	009cc140	2
40132	009cc180	2
40133	009cc1d0	3
40134	009cc210	2
40135	009cc240	3
40136	009cc2c0	2
40137	009cc310	2
40138	009cc350	0
40139	009cc390	6
40140	009cc410	3
40141	009cc480	0
40142	009cc4d0	3
40143	009cc510	9
40144	009cc600	4
40145	009cc660	2
40146	009cc6d0	3
40147	009cc7f0	2
40148	009cc890	2
40149	009cc8f0	2
40150	009cc950	24
40151	009ccb00	0
40152	009ccb20	0
40153	009ccb40	0
40154	009ccb60	4
40155	009ccbc0	2
40156	009ccc00	2
40157	009ccc50	2
40158	009ccc80	2
40159	009cccb0	2
40160	009ccdc0	0
40161	009ccde0	0
40162	009cce10	4
40163	009cce90	0
40164	009ccee0	0
40165	009ccf00	17
40166	009cd140	2
40167	009cd170	2
40168	009cd1a0	2
40169	009cd1f0	2
40170	009cd230	2
40171	009cd290	0
40172	009cd2b0	2
40173	009cd2f0	2
40174	009cd350	0
40175	009cd370	8
40176	009cd480	8
40177	009cd550	15
40178	009cd660	5
40179	009cd6c0	3
40180	009cd700	0
40181	009cd740	4
40182	009cd770	11
40183	009cd850	2
40184	009cd880	30
40185	009cdc50	2
40186	009cdc80	3
40187	009cdcb0	3
40188	009cdce0	5
40189	009cdd30	14
40190	009cde20	2
40191	009cde40	10
40192	009cdf00	26
40193	009ce230	2
40194	009ce260	2
40195	009ce2a0	2
40196	009ce2e0	3
40197	009ce320	14
40198	009ce410	2
40199	009ce430	10
40200	009ce4f0	26
40201	009ce840	2
40202	009ce870	2
40203	009ce8b0	2
40204	009ce8f0	3
40205	009ce930	0
40206	009ce940	0
40207	009ce970	0
40208	009ce9b0	2
40209	009ce9e0	0
40210	009cea10	0
40211	009cea50	2
40212	009ceab0	0
40213	009ceac0	3
40214	009ceb00	3
40215	009ceb40	3
40216	009cebc0	2
40217	009cebf0	4
40218	009cec30	4
40219	009cec70	4
40220	009cecb0	5
40221	009ced20	7
40222	009cee00	3
40223	009cee40	5
40224	009cee70	7
40225	009cef80	6
40226	009cf090	9
40227	009cf1e0	5
40228	009cf2d0	23
40229	009cf4a0	3
40230	009cf4e0	5
40231	009cf560	2
40232	009cf590	7
40233	009cf660	2
40234	009cf6b0	2
40235	009cf6d0	6
40236	009cf7c0	3
40237	009cf8a0	8
40238	009cf9c0	3
40239	009cfa90	23
40240	009cfc50	0
40241	009cfc60	2
40242	009cfca0	7
40243	009cfd70	2
40244	009cfdc0	2
40245	009cfde0	6
40246	009cfed0	3
40247	009cffb0	8
40248	009d00d0	3
40249	009d01a0	23
40250	009d0360	0
40251	009d0370	2
40252	009d03b0	0
40253	009d03f0	7
40254	009d04c0	2
40255	009d04f0	3
40256	009d0530	7
40257	009d0600	2
40258	009d0630	3
40259	009d0670	7
40260	009d0740	2
40261	009d0770	3
40262	009d07b0	4
40263	009d0810	4
40264	009d0870	4
40265	009d08d0	17
40266	009d0b00	2
40267	009d0b20	4
40268	009d0b70	2
40269	009d0b90	4
40270	009d0be0	2
40271	009d0c00	4
40272	009d0c50	0
40273	009d0c80	0
40274	009d0cb0	0
40275	009d0cd0	2
40276	009d0d00	0
40277	009d0d20	0
40278	009d0d40	0
40279	009d0d60	2
40280	009d0d90	0
40281	009d0db0	0
40282	009d0dd0	0
40283	009d0df0	2
40284	009d0e20	0
40285	009d0e40	0
40286	009d0e60	0
40287	009d0ee3	2
61339	009d0f1e	3
40288	009d0f7a	2
40289	009d0fb5	2
61335	009d0ff0	2
61336	009d1001	2
40290	009d101b	0
40291	009d104a	2
40292	009d1077	3
40293	009d10cb	4
40294	009d115f	2
40295	009d11a2	4
40296	009d1228	7
40297	009d12ed	5
40298	009d1352	9
40299	009d1464	7
40300	009d150d	7
40301	009d15d5	6
61337	009d1646	3
61338	009d165c	2
40302	009d1680	0
40303	009d16b0	4
40304	009d1710	4
40305	009d1770	3
40306	009d17f0	3
40307	009d1850	0
40308	009d1890	3
40309	009d1910	0
40310	009d1930	0
40311	009d1950	0
40312	009d1970	9
40313	009d19f0	0
40314	009d1a40	9
40315	009d1ac0	0
40316	009d1b10	2
40317	009d1b40	2
40318	009d1b70	17
40319	009d1dd0	5
40320	009d1e40	2
40321	009d1e80	2
40322	009d1eb0	0
40323	009d1ed0	0
40324	009d1ef0	0
40325	009d1f10	17
40326	009d2160	5
40327	009d21d0	2
40328	009d2220	2
40329	009d2270	2
40330	009d22a0	2
40331	009d22d0	2
40332	009d2310	2
40333	009d2360	2
40334	009d23b0	2
40335	009d23e0	2
40336	009d2410	2
40337	009d2440	2
40338	009d2470	2
40339	009d24a0	2
40340	009d24d0	2
40341	009d2510	2
40342	009d2550	2
40343	009d2580	2
40344	009d25c0	2
40345	009d2600	2
40346	009d2630	2
40347	009d2650	2
40348	009d2680	3
40349	009d2710	3
40350	009d27a0	2
40351	009d27c0	3
40352	009d2800	3
40353	009d2840	3
40354	009d28b0	3
40355	009d28f0	6
40356	009d2970	24
40357	009d2b30	0
40358	009d2b80	2
61319	009d2bc0	2
61320	009d2bd1	2
61321	009d2beb	3
61322	009d2c01	2
61323	009d2c25	2
61324	009d2c3e	2
61325	009d2c5d	2
61326	009d2c6e	2
61327	009d2c84	3
61328	009d2c9a	4
61329	009d2d16	2
61330	009d2d2f	2
40359	009d2d45	0
40360	009d2d61	12
40361	009d2ea8	2
61331	009d2ee4	3
61332	009d2efa	2
61333	009d2f13	3
61334	009d2f29	2
40362	009d2f50	2
40363	009d2f80	2
40364	009d2fd0	2
40365	009d3000	19
40366	009d31c0	4
40367	009d3260	4
40368	009d32d0	0
40369	009d32f0	0
40370	009d3310	0
40371	009d3310	3
40372	009d3350	2
40373	009d3380	0
40374	009d3380	3
40375	009d33c0	7
40376	009d3450	2
40377	009d3490	2
40378	009d34c0	0
40379	009d34e0	0
40380	009d3500	4
40381	009d3580	0
40382	009d35a0	2
40383	009d35e0	2
40384	009d3630	2
40385	009d3660	2
40386	009d36b0	2
40387	009d3710	2
40388	009d3740	2
40389	009d37a0	0
40390	009d37c0	9
40391	009d38b0	3
40392	009d38f0	0
40393	009d38f0	3
40394	009d3930	2
40395	009d3970	2
40396	009d39a0	2
40397	009d39d0	4
40398	009d3aa0	2
40399	009d3ad0	0
40400	009d3ad0	3
40401	009d3b10	0
40402	009d3b10	3
40403	009d3b50	0
40404	009d3b90	3
40405	009d3c00	3
40406	009d3c90	2
40407	009d3cd0	2
40408	009d3d30	0
40409	009d3d60	4
40410	009d3df0	0
40411	009d3e10	2
40412	009d3e40	0
40413	009d3e70	1
40414	009d3e80	1
61305	009d3e90	2
61306	009d3ea1	2
61307	009d3ebb	2
61308	009d3ecc	2
61309	009d3eec	2
61310	009d3efd	2
61311	009d3f17	2
61312	009d3f28	2
61313	009d3f42	2
61314	009d3f53	2
61315	009d3f6d	2
61316	009d3f7e	2
40415	009d3f98	14
40416	009d412e	19
61317	009d42ca	3
61318	009d42e0	2
40417	009d4300	0
40418	009d4300	3
40419	009d4340	3
40420	009d43c0	1
40421	009d43d0	1
61295	009d43e0	3
61296	009d43f6	4
61297	009d4472	2
61298	009d448b	2
61299	009d44a1	3
61300	009d44b7	4
61301	009d453a	2
61302	009d4553	2
40422	009d4569	82
40423	009d4e56	60
40424	009d5462	93
40425	009d5ef3	2
40426	009d5f38	2
40427	009d5f7d	2
61303	009d5fa5	3
61304	009d5fbb	2
40428	009d5fe0	0
40429	009d5fe0	3
40430	009d6020	4
40431	009d60a0	0
40432	009d60c0	4
40433	009d6170	2
40434	009d61d0	2
40435	009d6210	0
40436	009d6210	3
40437	009d6250	2
40438	009d6280	1
40439	009d6290	3
40440	009d62ff	4
40441	009d6377	3
61293	009d63e2	3
61294	009d63f8	2
40442	009d6420	0
40443	009d6430	3
40444	009d648a	3
40445	009d64de	2
40446	009d6512	2
40447	009d654c	2
40448	009d6586	2
40449	009d65be	2
40450	009d65f6	4
40451	009d669f	4
40452	009d6748	3
40453	009d67e6	3
40454	009d6826	3
40455	009d68be	2
40456	009d68f2	2
40457	009d692c	2
40458	009d6966	2
40459	009d69a0	2
40460	009d69d8	2
40461	009d6a10	4
61291	009d6ab9	3
61292	009d6acf	2
40462	009d6af0	0
40463	009d6af0	3
40464	009d6b30	2
40465	009d6b60	3
40466	009d6bc0	2
40467	009d6bf0	2
40468	009d6c20	0
40469	009d6c20	3
40470	009d6c60	2
40471	009d6c90	3
40472	009d6cf0	2
40473	009d6d20	2
40474	009d6d50	0
40475	009d6d70	4
40476	009d6df0	2
40477	009d6e30	0
40478	009d6e30	3
40479	009d6e70	2
40480	009d6eb0	0
40481	009d6ed0	2
40482	009d6f20	2
40483	009d6f70	0
40484	009d6f90	4
40485	009d7010	4
40486	009d7090	2
40487	009d70e0	0
40488	009d7100	4
40489	009d7180	2
40490	009d71c0	0
40491	009d71c0	3
40492	009d7200	2
40493	009d7240	0
40494	009d7260	2
40495	009d72b0	2
40496	009d7300	0
40497	009d7320	4
40498	009d73a0	4
40499	009d7420	2
40500	009d7470	0
40501	009d7490	4
40502	009d7510	0
40503	009d7510	3
40504	009d7550	0
40505	009d7550	3
40506	009d7590	0
40507	009d7590	3
40508	009d75d0	0
40509	009d75d0	3
61276	009d7610	2
61277	009d7621	2
61278	009d763b	2
61279	009d764c	2
61280	009d7666	3
61281	009d767c	4
61282	009d76ff	2
61283	009d7718	2
40510	009d772e	6
40511	009d7885	5
40512	009d79cf	129
61284	009d84c9	45
40513	009d8911	16
40514	009d8a6d	13
40515	009d8bb3	10
40516	009d8cc6	12
40517	009d8dd1	0
40518	009d8de5	0
40519	009d8dfc	5
40520	009d8ea7	4
40521	009d8f2e	6
40522	009d8fb0	4
40523	009d9037	3
61285	009d90a4	3
61286	009d90ba	2
61287	009d90d3	7
61288	009d90fd	2
61289	009d9116	2
61290	009d912f	2
40524	009d9150	0
40525	009d9150	3
40526	009d9190	4
40527	009d91d0	2
40528	009d9200	2
40529	009d9260	2
40530	009d92b0	7
40531	009d9380	2
40532	009d93f0	3
40533	009d9430	2
40534	009d9460	2
40535	009d9490	0
40536	009d94b0	2
40537	009d94e0	3
40538	009d9570	1
40539	009d9580	1
40540	009d9590	3
40541	009d9611	3
40542	009d9690	0
40543	009d9690	3
40544	009d96d0	3
40545	009d9730	4
40546	009d9770	2
61264	009d97c0	2
61265	009d97d1	2
61266	009d97eb	2
61267	009d97fc	2
61268	009d9814	2
61269	009d9825	2
40547	009d983d	9
40548	009d99cb	7
40549	009d9b23	3
40550	009d9b8e	65
40551	009da22b	19
40552	009da3e2	0
40553	009da3f1	5
40554	009da45e	6
40555	009da512	2
40556	009da53c	0
40557	009da553	4
40558	009da5a7	3
40559	009da5f5	4
40560	009da66c	7
40561	009da712	4
40562	009da839	12
40563	009da96f	4
61270	009da9e6	3
61271	009da9fc	2
61272	009daa15	7
61273	009daa3f	2
61274	009daa58	2
61275	009daa71	2
40564	009daa90	0
40565	009daa90	3
40566	009daad0	4
40567	009dab10	2
40568	009dab40	2
40569	009dab70	2
40570	009daba0	0
40571	009dabc0	0
40572	009dabd0	0
40573	009dabd0	3
40574	009dac10	4
40575	009dac50	2
40576	009dac80	2
40577	009dacb0	0
40578	009dacc0	3
40579	009dad00	3
40580	009dad40	2
40581	009dad70	2
40582	009dada0	0
40583	009dadc0	0
40584	009dade0	2
40585	009dae10	3
40586	009daeb0	2
40587	009daee0	3
40588	009daf70	1
40589	009daf80	1
40590	009daf90	1
40591	009dafa0	1
40592	009dafb0	7
40593	009db05d	8
40594	009db116	37
40595	009db56e	120
40596	009dc326	11
40597	009dc454	2
40598	009dc47c	2
40599	009dc4ad	17
61262	009dc5b3	3
61263	009dc5c9	2
40600	009dc5f0	0
40601	009dc5f0	3
40602	009dc630	0
40603	009dc650	0
40604	009dc670	0
40605	009dc690	0
40606	009dc6b0	0
40607	009dc6d0	0
40608	009dc6f0	0
40609	009dc710	0
40610	009dc730	0
40611	009dc750	0
40612	009dc770	4
40613	009dc820	2
40614	009dc880	2
40615	009dc8d0	0
40616	009dc8d0	3
40617	009dc910	2
40618	009dc940	1
40619	009dc950	3
40620	009dc997	4
40621	009dca30	3
40622	009dca8f	6
40623	009dcb33	8
40624	009dcbde	9
40625	009dcc79	11
40626	009dcd84	29
40627	009dcffd	3
40628	009dd03b	11
40629	009dd116	4
40630	009dd15c	6
40631	009dd1e8	42
40632	009dd4d0	41
40633	009dd815	11
40634	009dd8dd	11
40635	009dd9c7	21
40636	009ddb39	40
40637	009dddf0	2
40638	009dde20	2
40639	009dde50	2
40640	009ddea0	2
40641	009dded0	5
40642	009ddf90	2
40643	009ddfe0	2
40644	009de010	3
40645	009de050	3
40646	009de0a0	3
40647	009de0f0	4
40648	009de150	0
40649	009de180	2
40650	009de1d0	2
40651	009de200	0
40652	009de220	13
40653	009de330	7
40654	009de3c0	3
40655	009de410	8
40656	009de480	0
40657	009de4b0	5
40658	009de551	2
40659	009de5a1	16
40660	009de6e1	4
40661	009de783	2
61260	009de7b5	3
61261	009de7cb	2
40662	009de7f0	0
40663	009de7f0	3
40664	009de830	3
40665	009de890	0
40666	009de890	3
40667	009de8d0	2
61178	009de900	3
61179	009de916	2
61180	009de92c	2
61181	009de945	2
61182	009de95b	3
61183	009de971	2
61184	009de987	2
61185	009de9a0	2
61186	009de9b6	3
61187	009de9cc	2
61188	009de9e2	2
61189	009de9fb	2
61190	009dea11	2
61191	009dea22	2
61192	009dea3c	2
61193	009dea4d	2
61194	009dea67	2
61195	009dea78	2
40668	009dea8e	0
40669	009dea98	0
61196	009deaa2	3
61197	009deab8	2
61198	009deace	2
61199	009deae7	2
61200	009deafd	3
61201	009deb13	2
61202	009deb29	2
61203	009deb42	2
61204	009deb58	3
61205	009deb6e	2
61206	009deb84	2
61207	009deb9d	2
61208	009debb3	3
61209	009debc9	2
61210	009debdf	2
61211	009debf8	2
61212	009dec0e	3
61213	009dec24	2
61214	009dec3a	2
61215	009dec53	2
61216	009dec69	3
61217	009dec7f	2
61218	009dec95	2
61219	009decae	2
61220	009decc4	3
61221	009decda	2
61222	009decf0	2
61223	009ded09	2
61224	009ded1f	3
61225	009ded35	2
61226	009ded4b	2
61227	009ded64	2
40670	009ded7a	3
40671	009dedce	3
40672	009dee22	3
40673	009dee76	3
40674	009deeca	3
40675	009def1e	3
40676	009def72	3
40677	009defc6	3
40678	009df01a	4
40679	009df050	4
40680	009df086	4
40681	009df0b9	4
40682	009df0ec	2
40683	009df124	2
40684	009df15c	0
61228	009df166	2
61229	009df177	2
40685	009df18d	23
40686	009df504	0
40687	009df603	2
61230	009df62d	9
61231	009df761	4
40688	009df79d	4
40689	009df842	5
40690	009df8e8	4
40691	009df95c	4
40692	009df9d0	2
40693	009dfa15	2
40694	009dfa42	3
40695	009dfa82	5
40696	009dfb03	3
40697	009dfb4d	5
40698	009dfbb5	0
40699	009dfbd1	9
61232	009dfcf7	16
61233	009dfed9	57
61234	009e0782	12
61235	009e0907	14
61236	009e0a56	4
61237	009e0b62	11
61238	009e0c6b	14
61239	009e0d8e	10
61240	009e0e8b	11
61241	009e0f8d	11
61242	009e108f	11
61243	009e1191	6
61244	009e1245	3
61245	009e129e	12
61246	009e146e	0
61247	009e1521	16
61248	009e1741	3
61249	009e1757	2
61250	009e176f	2
61251	009e1788	2
40700	009e179e	58
61252	009e1c2a	5
61253	009e1cbb	2
61254	009e1dd5	13
40701	009e1fe9	10
40702	009e2122	13
40703	009e2273	22
61255	009e2460	9
40704	009e2572	22
61256	009e275f	10
40705	009e2871	6
40706	009e2943	0
40707	009e294d	0
40708	009e2957	3
40709	009e29a4	23
61257	009e2d49	5
40710	009e2dfa	4
40711	009e2e30	3
40712	009e2ea3	3
40713	009e2f0b	0
61258	009e2f15	3
61259	009e2f2b	2
40714	009e2f50	0
40715	009e2f50	3
40716	009e2f90	2
40717	009e2fd0	3
40718	009e3010	0
40719	009e3030	0
40720	009e3050	0
40721	009e3070	0
40722	009e30b0	0
40723	009e30d0	2
40724	009e3100	4
40725	009e3170	4
40726	009e31e0	4
40727	009e3250	3
40728	009e3290	2
40729	009e32c0	0
40730	009e32e0	0
40731	009e3300	0
40732	009e3320	2
40733	009e3360	2
40734	009e33c0	4
40735	009e3460	0
40736	009e3480	0
40737	009e34b0	1
40738	009e34d0	2
40739	009e36d0	1
40740	009e37d0	2
40741	009e3840	1
40742	009e3910	10
71501	009e3bc0	0
71502	009e3bf0	0
40743	009e3c60	0
40744	009e3cf0	1
71503	009e3ea0	0
71504	009e3f40	7
71505	009e4090	1
71506	009e41b0	1
71507	009e4220	6
71508	009e4550	0
71509	009e46c0	8
40745	009e4af0	0
40746	009e4b00	0
40747	009e4c40	1
40748	009e4c80	1
40749	009e4cc0	4
40750	009e4de0	1
40751	009e4e00	2
40752	009e5230	2
40753	009e52c0	1
40754	009e5380	1
40755	009e53a0	0
40756	009e53b0	0
40757	009e53d0	1
40758	009e53f0	1
40759	009e5400	0
40760	009e5530	2
71485	009e55a0	0
71486	009e55b0	0
40761	009e5620	2
40762	009e56d0	2
40763	009e5920	9
71487	009e5b10	5
71488	009e5d40	0
71489	009e5e20	0
71490	009e6040	1
71491	009e60b0	3
71492	009e6120	0
71493	009e6200	2
71494	009e6470	0
40764	009e69f0	0
71495	009e6aa0	0
71496	009e6ee0	0
71497	009e6f50	0
71498	009e6f70	0
71499	009e7000	0
71500	009e7080	1
40765	009e7120	1
40766	009e7190	1
40767	009e7230	27
40768	009e7ef0	1
40769	009e7f20	0
40770	009e7f50	0
40771	009e7f60	0
40772	009e7fa0	11
40773	009e8750	0
40774	009e8760	1
71484	009e8810	0
40775	009e8ce0	2
40776	009e8e40	0
40777	009e8e70	0
40778	009e8fc0	0
40779	009e9380	0
40780	009e9386	0
40781	009e938c	0
40782	009e9392	0
40783	009e9398	0
40784	009e939e	0
40785	009e93a4	0
40786	009e93aa	0
40787	009e93b0	0
40788	009e93b6	0
40789	009e93bc	0
40790	009e93c2	0
40791	009e93c8	0
40792	009e93ce	0
40793	009e93d4	0
40794	009e93da	0
40795	009e93e0	0
40796	009e93e6	0
40797	009e93ec	0
40798	009e93f2	0
40799	009e93f8	0
40800	009e93fe	0
40801	009e9404	0
40802	009e940a	0
40803	009e9410	0
40804	009e9416	0
40805	009e941c	0
40806	009e9422	0
40807	009e9428	0
40808	009e942e	0
40809	009e9434	0
40810	009e943a	0
40811	009e9440	0
40812	009e9446	0
40813	009e944c	0
40814	009e9452	0
40815	009e9458	0
40816	009e945e	0
40817	009e9464	0
40818	009e946a	0
40819	009e9470	0
40820	009e9476	0
40821	009e947c	0
40822	009e9482	0
40823	009e9488	0
40824	009e948e	0
40825	009e9494	0
40826	009e949a	0
40827	009e94a0	0
40828	009e94a6	0
40829	009e94ac	0
40830	009e94b2	0
40831	009e94b8	0
40832	009e94be	0
40833	009e94c4	0
40834	009e94ca	0
40835	009e94d0	0
40836	009e94d6	0
40837	009e94dc	0
40838	009e94e2	0
40839	009e94e8	0
40840	009e94ee	0
40841	009e94f4	0
40842	009e94fa	0
40843	009e9500	0
40844	009e9506	0
40845	009e950c	0
40846	009e9512	0
40847	009e9518	0
40848	009e951e	0
40849	009e9524	0
40850	009e952a	0
40851	009e9530	0
40852	009e9536	0
40853	009e953c	0
40854	009e9542	0
40855	009e9548	0
40856	009e954e	0
40857	009e9554	0
40858	009e955a	0
40859	009e9560	0
40860	009e9566	0
40861	009e956c	0
40862	009e9572	0
40863	009e9578	0
40864	009e957e	0
40865	009e9584	0
40866	009e958a	0
40867	009e9590	0
40868	009e9596	0
40869	009e959c	0
40870	009e95a2	0
40871	009e95a8	0
40872	009e95b0	3
40873	009e9630	6
40874	009e9760	7
40875	009e98c0	8
40876	009e9a20	2
40877	009e9a60	3
40878	009e9ae0	4
40879	009e9b90	3
40880	009e9bf0	2
40881	009e9c30	6
40882	009e9d20	2
40883	009e9d60	24
40884	009ea0e0	6
40885	009ea1a0	35
40886	009ea8b0	0
40887	009ea8f0	3
40888	009ea960	35
40889	009eaf60	2
40890	009eafa0	59
40891	009eb980	8
40892	009ebae0	8
40893	009ebc20	2
40894	009ebc60	4
40895	009ebd20	5
40896	009ebdf0	23
40897	009ec1e0	15
71510	009ec4f0	3
71511	009ec530	2
71512	009ec570	2
71513	009ec5b0	2
40898	009ec5f0	0
40899	009ec650	4
40900	009ec6c0	8
40901	009ec800	3
40902	009ec870	0
40903	009ec8a0	11
40904	009ec9f0	16
40905	009eccb8	0
40906	009eccc0	1
71514	009eccd0	1
40907	009ecce0	0
40908	009ecce6	0
40909	009eccec	0
40910	009eccf2	0
40922	009ecd30	0
40959	009ecde6	0
40960	009ecdec	0
40961	009ecdf2	0
40962	009ecdf8	0
40963	009ecdfe	0
40964	009ece04	0
40965	009ece0a	0
40966	009ece10	0
40967	009ece16	0
40968	009ece1c	0
40969	009ece22	0
40970	009ece28	0
40971	009ece2e	0
40972	009ece34	0
40973	009ece3a	0
40974	009ece40	0
40975	009ece46	0
40976	009ece4c	0
40977	009ece52	0
40978	009ece58	0
40979	009ece5e	0
40980	009ece64	0
40981	009ece6a	0
40982	009ece70	0
40983	009ece76	0
40984	009ece7c	0
40985	009ece82	0
40986	009ece88	0
40987	009ece8e	0
40988	009ece94	0
40989	009ece9a	0
40990	009ecea0	0
40991	009ecea6	0
40992	009eceac	0
40993	009eceb2	0
40994	009eceb8	0
40995	009ecebe	0
40996	009ecec4	0
40997	009eced0	0
40998	009ecf10	0
40999	009ecf20	0
41000	009ecf30	0
41001	009ecf40	1
41002	009ecfa0	1
41003	009ecfe0	1
41004	009ed010	1
71934	009ed080	1
41005	009ed0c0	1
71935	009ed190	2
41006	009ed220	2
41007	009ed2b0	1
41008	009ed2e8	1
71932	009ed300	0
71933	009ed308	0
41009	009ed32a	0
41010	009ed382	0
41011	009ed392	0
41012	009ed3b5	0
41013	009ed3be	0
41014	009ed3d1	0
41015	009ed3e0	0
71924	009ed400	0
71925	009ed41c	0
71926	009ed434	0
71927	009ed43c	0
71894	009ed450	0
71895	009ed47c	0
71896	009ed4a0	0
71904	009ed4dc	0
71903	009ed4e4	0
71902	009ed4ec	0
71901	009ed4f4	0
71900	009ed4fc	0
71899	009ed504	0
71898	009ed50c	0
71897	009ed51f	0
71905	009ed538	0
71906	009ed540	0
71907	009ed54c	0
71908	009ed560	0
71928	009ed578	0
71929	009ed5a0	0
71930	009ed5ac	0
71931	009ed5c4	0
71909	009ed5d8	0
71910	009ed5f8	0
71911	009ed620	0
71912	009ed674	0
71913	009ed67c	0
71914	009ed684	0
71915	009ed68c	0
71916	009ed694	0
71917	009ed69c	0
71918	009ed6a4	0
71919	009ed6b7	0
71920	009ed6d0	0
71921	009ed6d8	0
71922	009ed6e8	0
71923	009ed6fc	0
41016	009ed720	0
71888	009ed72c	0
71889	009ed740	0
71890	009ed773	0
71891	009ed77d	0
71892	009ed787	0
71893	009ed791	0
41017	009ed7a0	0
71880	009ed7c0	0
71881	009ed7dc	0
71882	009ed7f4	0
71883	009ed7fc	0
71850	009ed810	0
71851	009ed83c	0
71852	009ed860	0
71860	009ed89c	0
71859	009ed8a4	0
71858	009ed8ac	0
71857	009ed8b4	0
71856	009ed8bc	0
71855	009ed8c4	0
71854	009ed8cc	0
71853	009ed8df	0
71861	009ed8f8	0
71862	009ed900	0
71863	009ed90c	0
71864	009ed920	0
71884	009ed938	0
71885	009ed960	0
71886	009ed96c	0
71887	009ed984	0
71865	009ed998	0
71866	009ed9b8	0
71867	009ed9e0	0
71868	009eda34	0
71869	009eda3c	0
71870	009eda44	0
71871	009eda4c	0
71872	009eda54	0
71873	009eda5c	0
71874	009eda64	0
71875	009eda77	0
71876	009eda90	0
71877	009eda98	0
71878	009edaa8	0
71879	009edabc	0
41018	009edae0	6
41019	009edba0	1
41020	009edbc0	2
41021	009edc10	3
41022	009edc50	0
41023	009edc50	2
41024	009edc80	1
41025	009edcb0	1
41026	009edce0	1
41027	009edd10	0
41028	009edd30	0
41029	009edd50	0
41030	009edd60	1
41031	009edd70	37
41032	009ee0f0	1
41033	009ee100	1
41034	009ee140	0
41035	009ee190	0
71844	009ee1b3	0
71845	009ee1b9	0
71846	009ee1d3	0
71847	009ee1d7	0
71848	009ee1dd	0
71849	009ee1e3	0
41036	009ee1f0	3
41037	009ee220	0
41038	009ee230	0
41039	009ee280	0
41040	009ee2a0	0
41041	009ee2d0	0
41042	009ee2d0	2
41043	009ee300	3
41044	009ee370	3
41045	009ee400	2
41046	009ee430	1
41047	009ee470	0
41048	009ee4a0	1
41049	009ee4aa	1
41050	009ee4c0	1
41051	009ee4d4	7
41052	009ee57c	0
41053	009ee5b0	1
41054	009ee660	1
71843	009ee6e0	1
41055	009ee710	1
41056	009ee7b0	3
41057	009ee850	1
41058	009ee880	1
41059	009ee8b0	0
41060	009ee8b0	2
41061	009ee8e0	1
41062	009ee900	0
41063	009ee900	2
41064	009ee930	1
41065	009ee950	1
41066	009ee980	1
41067	009ee9b0	6
41068	009eeaa0	9
41069	009eec40	1
41070	009eec70	0
41071	009eec70	2
41072	009eeca0	1
41073	009eecc0	1
71838	009eecf0	0
71839	009eed30	1
71840	009eedc0	4
71841	009eef40	6
71842	009ef120	0
41074	009ef170	0
71830	009ef19d	0
71831	009ef1ba	0
71832	009ef1bc	0
71833	009ef1bd	0
71834	009ef1e5	0
71835	009ef1ea	0
71836	009ef1f2	0
71837	009ef219	0
41075	009ef220	9
41076	009ef3b0	0
41077	009ef3c9	16
41078	009ef5d0	3
41079	009ef610	4
41080	009ef830	4
41081	009ef8f0	1
41082	009ef910	4
41083	009ef980	2
41084	009efac0	4
41085	009efb70	1
41086	009efb90	1
41087	009efbd0	4
41088	009efc40	5
41089	009efd70	1
41090	009efd90	6
41091	009eff00	4
41092	009eff50	2
41093	009effa0	1
41094	009f0060	1
71829	009f0070	6
41095	009f01b0	4
41096	009f0240	5
41097	009f0300	4
41098	009f0400	0
71815	009f041b	0
71816	009f042d	0
71817	009f0443	0
71818	009f0444	0
71819	009f0449	0
71820	009f0453	0
71821	009f0455	0
71822	009f045a	0
71823	009f0475	0
71824	009f048d	0
71825	009f048e	0
71826	009f0493	0
71827	009f0499	0
71828	009f049f	0
41099	009f04b0	0
41100	009f04c0	0
71811	009f04d4	0
71812	009f04e1	0
71813	009f04e8	0
71814	009f04f6	0
41101	009f0500	0
41102	009f0530	1
41103	009f0580	1
41104	009f05d0	1
41105	009f05f0	7
41106	009f06f0	1
41107	009f0710	0
41108	009f0720	0
41109	009f0780	0
41110	009f0800	0
41111	009f0820	14
71810	009f0bb0	15
41112	009f0ec0	8
41113	009f0fa0	1
41114	009f0fb4	6
41115	009f1070	1
41116	009f10c0	1
41117	009f1100	1
41118	009f1140	1
41119	009f1180	1
41120	009f11d0	1
41121	009f1210	1
41122	009f1250	1
41123	009f12a0	1
41124	009f12f0	1
41125	009f1340	1
41126	009f1380	0
41127	009f1390	0
41128	009f13a0	1
41129	009f1400	1
41130	009f1460	2
41131	009f1560	1
41132	009f1580	3
41133	009f16b0	0
41134	009f16c0	3
41135	009f1760	2
41136	009f1890	3
41137	009f18d0	3
41138	009f1aa0	4
41139	009f1b10	5
41140	009f1db0	0
41141	009f1db0	0
71807	009f1db0	0
71808	009f1dbc	0
71809	009f1dd0	0
41142	009f1de0	0
71806	009f1df9	0
41143	009f1e20	0
71798	009f1e41	0
71799	009f1e5d	0
71800	009f1e79	0
71801	009f1e87	0
71802	009f1eb5	0
71803	009f1eb6	0
71804	009f1eba	0
71805	009f1ec4	0
41144	009f1ed0	0
41145	009f1f00	0
41146	009f1f30	1
41147	009f1f50	8
41148	009f2080	11
41149	009f23c0	0
41150	009f23f0	0
41151	009f2440	1
41152	009f2520	3
41153	009f25a0	7
41154	009f26d0	7
41155	009f2800	27
41156	009f2b70	1
41157	009f2b90	3
71793	009f2d20	26
71794	009f3340	0
71795	009f3390	1
71796	009f3440	0
71797	009f34f0	3
41158	009f3a10	6
41159	009f3c70	0
71788	009f3c80	0
71789	009f3cb0	0
71790	009f3cb4	0
71791	009f3cbc	0
71792	009f3cd8	0
41160	009f3d00	0
41161	009f3d00	2
41162	009f3dc0	0
41163	009f3dc0	3
41164	009f3e00	3
41165	009f3e40	7
41166	009f3f60	0
41167	009f3fb0	7
41168	009f40f0	7
41169	009f4220	1
41170	009f4250	1
41171	009f42e0	0
71786	009f4301	0
71787	009f4303	0
41172	009f4310	1
41173	009f431a	1
41174	009f4330	1
41175	009f4344	6
41176	009f43e0	1
41177	009f43f4	6
41178	009f4490	4
41179	009f4590	2
41180	009f45d0	1
41181	009f45f0	1
41182	009f4610	1
41183	009f4630	1
71784	009f4650	6
41184	009f4740	1
41185	009f4750	1
71785	009f4760	0
41186	009f4790	0
71774	009f47a8	0
71775	009f47b9	0
71776	009f47bc	0
71777	009f47c4	0
71778	009f47ca	0
71779	009f47d1	0
71780	009f47d4	0
71781	009f47f7	1
71782	009f4803	0
71783	009f480a	0
41187	009f4810	1
41188	009f49a0	1
41189	009f4a50	0
41190	009f4a50	0
71759	009f4a7c	0
71760	009f4a90	0
71761	009f4a9a	0
71762	009f4a9e	0
71763	009f4aa6	0
71764	009f4ab8	0
71765	009f4acc	1
71766	009f4ae5	0
71767	009f4aec	2
71768	009f4b10	0
71769	009f4b15	0
71770	009f4b1e	0
71771	009f4b2c	1
71772	009f4b3a	0
71773	009f4b3a	0
41191	009f4b50	14
41192	009f4cc0	2
71758	009f4cf0	2
41193	009f4d20	0
41194	009f4d50	3
41195	009f4e80	2
41196	009f4ea0	1
41197	009f4ee0	1
41198	009f4f10	1
41199	009f4f50	1
41200	009f4f80	0
41201	009f4f90	0
71744	009f4f9d	0
71745	009f4fac	0
71746	009f4fdf	0
71747	009f4fe4	0
71748	009f4fe9	0
71749	009f4fee	0
71757	009f4ff1	0
71750	009f4ffd	0
71751	009f5011	0
71752	009f5016	0
71753	009f504a	0
71754	009f5052	0
71755	009f505f	0
71756	009f5068	0
41202	009f5070	7
41203	009f5130	7
41204	009f5200	0
41205	009f52d0	3
71735	009f53c0	13
71736	009f5660	4
71737	009f5780	1
41206	009f5840	4
71738	009f5940	1
71739	009f5970	6
71740	009f5a30	11
71741	009f5b80	0
71742	009f5bd0	23
41207	009f5e50	2
71743	009f5ee0	0
41208	009f5f30	1
41209	009f5f57	1
41210	009f5f80	3
41211	009f6010	1
41212	009f6040	0
41213	009f6060	3
41214	009f6100	8
41215	009f6210	0
41216	009f6220	0
41217	009f6230	3
41218	009f62c0	3
41219	009f62e0	1
41220	009f6370	0
41221	009f63b0	1
41222	009f6450	5
41223	009f64f0	0
41224	009f6510	0
41225	009f6530	8
41226	009f6680	3
41227	009f66a0	9
71733	009f68d0	4
41228	009f6970	7
71734	009f6bb0	0
41229	009f6c10	1
41230	009f6c20	1
41231	009f6c30	0
41232	009f6cf0	2
71731	009f6d40	0
41233	009f6e10	1
41234	009f6e50	1
41235	009f6e70	1
71732	009f6ec0	2
41236	009f6fc0	1
41237	009f6fe0	0
71712	009f6ffb	0
71713	009f700a	0
71714	009f703b	0
71715	009f703e	0
71716	009f7043	0
71717	009f7048	0
71718	009f704b	0
71719	009f7060	0
71720	009f707c	0
71721	009f7083	0
71722	009f7090	0
71723	009f7092	0
71724	009f7094	0
71725	009f709a	0
71726	009f70a4	0
71727	009f70ac	0
71728	009f70de	0
71729	009f70e8	0
71730	009f70f8	0
41238	009f7110	0
71692	009f7134	0
71693	009f7150	0
71694	009f7155	0
71695	009f7162	0
71696	009f716a	0
71697	009f7172	0
71698	009f7184	0
71699	009f718b	0
71700	009f718e	0
71701	009f7193	0
71702	009f7199	0
71703	009f71a1	0
71704	009f71d7	0
71705	009f71e1	0
71706	009f71eb	0
71707	009f71ef	0
71708	009f71f7	0
71709	009f71f9	0
71710	009f7201	0
71711	009f7206	0
41239	009f7210	2
41240	009f7270	0
41241	009f7290	0
41242	009f72b0	1
41243	009f72d0	0
41244	009f7330	1
41245	009f7380	2
41246	009f7430	0
41247	009f7510	0
41248	009f7540	2
41249	009f7590	3
71689	009f7610	2
41250	009f7780	3
71690	009f77f0	4
41251	009f7930	4
41252	009f7a20	3
71691	009f7a80	2
41253	009f7acc	0
71686	009f7acc	1
41254	009f7b1c	0
71688	009f7b25	2
71687	009f7b42	1
41255	009f7b60	1
41256	009f7b9e	1
41257	009f7bdb	2
41258	009f7d5b	1
41259	009f7d8e	0
41260	009f7dd0	0
41261	009f7e37	0
41262	009f7ec3	0
41263	009f7ec8	0
41264	009f7eca	0
41265	009f7ecc	0
41266	009f7ecd	0
41267	009f7ed4	0
41268	009f7ed6	0
41269	009f7edb	0
41270	009f7edd	0
41271	009f7ee2	0
41272	009f7f0d	0
41273	009f7f0f	0
41274	009f7f37	0
41275	009f7f76	0
41276	009f7f78	0
41277	009f7f89	0
41278	009f7f93	0
41279	009f7fa0	0
41280	009f7fb7	1
41281	009f8000	0
41282	009f8015	0
41283	009f802c	0
41284	009f8045	0
41285	009f8088	0
41286	009f809e	0
41287	009f80ab	1
41288	009f80d5	0
41289	009f80e9	2
41290	009f8194	4
41291	009f8251	1
41292	009f8270	0
41293	009f8290	3
41294	009f82f0	3
41295	009f8360	6
41296	009f8420	6
41297	009f84f0	2
41298	009f89c0	6
41299	009f8d40	6
41300	009f8de0	2
71685	009f8e20	0
41301	009f8e60	0
41302	009f8ee0	0
41303	009f8f20	0
41304	009f8f50	1
41305	009f8f90	0
41306	009f8fd0	0
41307	009f9050	2
41308	009f9190	0
41309	009f91b0	0
41310	009f91d0	0
41311	009f9210	0
41312	009f92a1	0
71683	009f92a1	4
41313	009f9308	0
41314	009f930a	0
41315	009f931a	4
41316	009f93cf	0
41317	009f93d1	0
71684	009f93e1	0
41318	009f93ee	2
41319	009f94a0	1
41320	009f9710	3
41321	009f9790	7
41322	009f9a10	5
41323	009f9aa0	6
41324	009f9d20	2
41325	009f9df0	3
41326	009f9fe0	4
41327	009fa050	5
41328	009fa340	5
41329	009fa3d0	3
41330	009fa490	5
41331	009fa530	1
41332	009fa540	1
41333	009fa550	4
41334	009fa5c0	5
41335	009fa710	2
41336	009fa7b0	6
41337	009fa890	5
41338	009fa910	6
41339	009fa9c0	27
71677	009fb6f0	1
71678	009fb770	1
71679	009fb7b0	1
71680	009fb800	0
71681	009fb820	0
71682	009fb840	0
41340	009fb860	4
41341	009fbbf0	5
41342	009fbd70	4
41343	009fbe70	4
41344	009fbed0	0
41345	009fbf10	0
41346	009fbf60	4
41347	009fbfc0	2
41348	009fc030	17
41349	009fc1b0	23
41350	009fc3a0	2
41351	009fc3f0	11
41352	009fc500	52
41353	009fcad0	39
41354	009fce40	4
41355	009fcec0	6
41356	009fd000	0
41357	009fd0f0	13
41358	009fd250	27
41359	009fd4b0	24
41360	009fd750	115
41361	009feae0	0
41362	009ff210	9
41363	009ff2d0	16
41364	009ff3e0	17
41365	009ff540	2
41366	009ff590	10
41367	009ff690	18
41368	009ff930	10
41369	009ffa50	12
41370	009ffb80	8
41371	009ffc30	38
41372	00a00090	16
41373	00a00240	1
41374	00a00260	10
41375	00a003b0	55
41376	00a007f0	19
41377	00a00960	69
41378	00a00ee0	6
41379	00a00fb0	26
41380	00a01160	3
41381	00a011a0	3
41382	00a011d0	1
41383	00a011f0	1
41384	00a01210	1
41385	00a01230	1
41386	00a01250	1
41387	00a01270	1
41388	00a01290	3
41389	00a012f0	22
41390	00a014b0	1
41391	00a014d0	3
41392	00a01500	8
41393	00a01590	0
41394	00a015b0	0
41395	00a015d0	0
41396	00a015f0	0
41397	00a01610	0
41398	00a01630	0
41399	00a01650	0
41400	00a01670	0
41401	00a01690	0
41402	00a016a0	0
41403	00a016b0	0
41404	00a016c0	0
41405	00a016e0	1
41406	00a01710	0
41407	00a01730	1
41408	00a01750	2
41409	00a01850	0
41410	00a01870	2
41411	00a018a0	2
41412	00a018d0	2
41413	00a01900	0
41414	00a01960	1
41415	00a019d0	0
41416	00a01a80	2
41417	00a01b40	2
41418	00a01bc0	3
41419	00a01dc0	0
41420	00a01dd0	1
41421	00a01e80	2
41422	00a01f50	2
41423	00a01f90	1
41424	00a01fd0	0
41425	00a01ff0	0
41426	00a02010	0
41427	00a02030	1
41428	00a02070	1
41429	00a020a0	1
41430	00a020e0	2
41431	00a02140	2
41432	00a021b0	4
41433	00a022b0	5
41434	00a02300	5
41435	00a02350	8
41436	00a023c0	5
41437	00a02410	5
41438	00a02460	6
41439	00a02510	6
41440	00a025d0	7
41441	00a02660	10
41442	00a02760	6
41443	00a02830	3
41444	00a02880	1
41445	00a028d0	2
41446	00a02930	2
41447	00a029f0	5
41448	00a02ac0	5
41449	00a02bb0	7
41450	00a02d00	0
41451	00a02d20	2
41452	00a02d60	4
41453	00a02df0	0
41454	00a02e40	0
41455	00a02e70	0
41456	00a02e90	4
41457	00a02f10	0
41458	00a02f60	0
41459	00a02fc0	1
41460	00a02ff0	0
41461	00a03000	0
41462	00a03020	0
41463	00a03050	4
41464	00a03100	0
41465	00a03120	0
41466	00a03160	3
41467	00a031d0	3
41468	00a03230	1
41469	00a03260	1
41470	00a03290	1
41471	00a032e0	1
41472	00a03320	0
41473	00a03340	0
41474	00a03360	3
71675	00a033c0	0
71676	00a03400	0
41475	00a03450	1
41476	00a03470	2
41477	00a034d0	6
41478	00a03620	1
41479	00a036e0	19
71673	00a03ad0	8
71674	00a03c70	5
41480	00a03d70	10
41481	00a03f00	0
41482	00a03f10	1
41483	00a03f60	6
41484	00a040c0	3
41485	00a04130	3
71672	00a04440	0
41486	00a04490	5
41487	00a04520	4
41488	00a04970	3
41489	00a04ca0	1
41490	00a04d40	16
41491	00a05000	2
41492	00a050c0	3
41493	00a05100	3
71669	00a05120	16
41494	00a054d0	3
71670	00a05500	6
71671	00a05800	0
41495	00a05a00	0
41496	00a05a00	0
41497	00a05a00	0
71659	00a05a1c	0
71660	00a05a4e	0
71661	00a05a53	0
71662	00a05a67	1
71663	00a05a7c	0
71664	00a05a84	2
71665	00a05aaf	0
71666	00a05abf	1
71667	00a05ac9	0
71668	00a05acb	0
41498	00a05ad0	2
41499	00a05cd0	1
41500	00a05db0	2
71647	00a05ea0	0
71658	00a05ea0	0
41501	00a05eb0	0
41502	00a05eb6	0
71648	00a05ec8	0
71649	00a05edb	0
71650	00a05ee6	0
71651	00a05f22	0
71652	00a05f24	0
71653	00a05f28	0
71654	00a05f50	0
71655	00a05f57	0
71656	00a05f5e	0
71657	00a05f65	0
41503	00a05f70	0
41504	00a05f80	3
41505	00a06020	2
41506	00a06150	2
71646	00a06310	0
41507	00a06370	2
41508	00a06430	9
41509	00a06580	5
71645	00a06660	0
41510	00a06a90	4
41511	00a06cb0	0
41512	00a06d10	6
41513	00a06f40	3
41514	00a06fd0	0
41515	00a070c0	2
41516	00a07110	11
41517	00a072d0	0
41518	00a07320	4
41519	00a07400	3
41520	00a07560	2
41521	00a07600	0
41522	00a07630	0
41523	00a07660	0
41524	00a07690	0
41525	00a076c0	3
41526	00a077d0	0
41527	00a07840	0
41528	00a078a0	0
41529	00a07900	1
41530	00a07ee0	2
41531	00a08420	0
41532	00a08530	0
41533	00a08720	0
41534	00a08d10	1
41535	00a08e40	0
41536	00a09460	0
41537	00a09470	0
41538	00a094a0	1
41539	00a09680	0
41540	00a09700	1
41541	00a09860	0
41542	00a098f0	1
41543	00a09960	4
41544	00a09d20	0
41545	00a09fd0	0
41546	00a0a140	0
41547	00a0a380	0
71640	00a0a3a2	0
71641	00a0a3b0	0
71642	00a0a3de	0
71643	00a0a3df	0
71644	00a0a3e3	0
41548	00a0a3f0	0
71635	00a0a411	0
71636	00a0a41f	0
71637	00a0a44a	0
71638	00a0a452	0
71639	00a0a461	0
41549	00a0a470	1
41550	00a0a490	1
41551	00a0a4b0	2
41552	00a0a500	1
41553	00a0a520	2
71632	00a0a580	0
71633	00a0a700	0
71634	00a0a860	0
41554	00a0a910	0
41555	00a0a9a0	2
41556	00a0aa50	2
41557	00a0ab30	0
41558	00a0ab80	0
41559	00a0abb0	0
41560	00a0abf0	0
41561	00a0ace0	12
41562	00a0af30	1
41563	00a0af50	1
41564	00a0af70	1
41565	00a0b030	2
41566	00a0b070	2
41567	00a0b0b0	2
41568	00a0b0f0	2
41569	00a0b1f0	3
41570	00a0b270	0
41571	00a0b3e0	1
41572	00a0b3f0	5
41573	00a0b570	0
41574	00a0b580	0
41575	00a0b697	0
71568	00a0b6a4	0
71569	00a0b6aa	0
71570	00a0b6af	0
71571	00a0b6b5	0
71572	00a0b6ba	0
71573	00a0b6c0	0
71574	00a0b6c6	0
71575	00a0b6cc	0
71576	00a0b6d2	0
71577	00a0b6ee	0
71578	00a0b6f3	0
71579	00a0b709	0
71580	00a0b70e	0
71581	00a0b72a	0
71582	00a0b73a	0
71583	00a0b74e	0
71584	00a0b75e	0
71585	00a0b77e	0
71586	00a0b783	0
71587	00a0b79d	0
71588	00a0b7a2	0
71589	00a0b7c2	0
71590	00a0b7d6	0
71591	00a0b7ee	0
71592	00a0b802	0
71593	00a0b822	0
71594	00a0b827	0
71595	00a0b841	0
71596	00a0b846	0
71597	00a0b866	0
71598	00a0b87a	0
71599	00a0b892	0
71600	00a0b8a6	0
71601	00a0b8c6	0
71602	00a0b8cb	0
71603	00a0b8e5	0
71604	00a0b8ea	0
71605	00a0b90a	0
71606	00a0b91e	0
71607	00a0b936	0
71608	00a0b94a	0
71609	00a0b96a	0
71610	00a0b96f	0
71611	00a0b989	0
71612	00a0b98e	0
71613	00a0b9ae	0
71614	00a0b9c2	0
71615	00a0b9da	0
71616	00a0b9ee	0
71617	00a0ba0e	0
71618	00a0ba13	0
71619	00a0ba2d	0
71620	00a0ba32	0
71621	00a0ba52	0
71622	00a0ba66	0
71623	00a0ba7e	0
71624	00a0ba92	0
71625	00a0bab2	0
71626	00a0bab7	0
71627	00a0bad1	0
71628	00a0bad6	0
71629	00a0baf6	0
71630	00a0bb0a	0
71631	00a0bb22	0
41576	00a0bb36	0
41577	00a0bb49	0
41578	00a0bb5c	0
41579	00a0bba8	0
41580	00a0bbf4	0
41581	00a0bc28	0
41582	00a0bc5c	0
41583	00a0bca8	0
41584	00a0bcf4	0
41585	00a0bd28	0
41586	00a0bd5c	0
41587	00a0bd71	0
41588	00a0bd86	0
41589	00a0bf8c	0
41590	00a0c03e	0
41591	00a0c244	0
41592	00a0c2f9	0
41593	00a0c2ff	0
41594	00a0c305	0
41595	00a0c308	0
41596	00a0c310	0
41597	00a0c350	6
41598	00a0c540	2
41599	00a0c600	2
41600	00a0c6e0	2
41601	00a0c750	6
41602	00a0c860	2
41603	00a0c8f0	0
41604	00a0c920	5
41605	00a0c9c0	3
41606	00a0ca80	3
41607	00a0cb00	2
41608	00a0cba0	1
41609	00a0cbe0	26
41610	00a0d140	2
41611	00a0d170	0
41612	00a0d180	0
41613	00a0d1b0	2
41614	00a0d370	8
71566	00a0d450	43
71567	00a0d9e0	43
41615	00a0dcf0	17
71565	00a0dfa0	0
41616	00a0e020	8
71562	00a0e150	16
71563	00a0e360	0
71564	00a0e3e0	7
41617	00a0e480	17
41618	00a0e820	0
41619	00a0e830	0
71558	00a0e84a	0
71559	00a0e85d	0
71560	00a0e85f	0
71561	00a0e861	0
41620	00a0e870	0
71554	00a0e884	0
71555	00a0e891	0
71556	00a0e894	0
71557	00a0e8a4	0
41621	00a0e8b0	10
71539	00a0eab0	1
71540	00a0eb40	3
71541	00a0ec00	11
71542	00a0ef30	2
71543	00a0efb0	5
71544	00a0f0d0	1
71545	00a0f120	3
71546	00a0f1d0	0
71547	00a0f200	3
71548	00a0f2a0	0
71549	00a0f2f0	3
71550	00a0f380	0
71551	00a0f3d0	1
71552	00a0f560	0
71553	00a0f5e0	0
41622	00a0f650	7
41623	00a10180	2
41624	00a101d0	3
41625	00a10200	4
41626	00a102d0	16
71535	00a10620	0
71536	00a10680	0
71537	00a10700	0
71538	00a10780	3
41627	00a10a90	0
41628	00a10ab0	1
41629	00a10ae0	1
41630	00a10b00	1
41631	00a10b20	1
41632	00a10b40	1
41633	00a10b60	1
41634	00a10b80	1
41635	00a10ba0	1
41636	00a10bc0	1
41637	00a10be0	1
41638	00a10c00	1
41639	00a10c20	1
71534	00a10c60	0
41640	00a10cd0	1
71533	00a10cf0	5
41641	00a11030	1
41642	00a11050	0
41643	00a11090	4
41644	00a11140	0
41645	00a111a0	0
41646	00a11210	6
41647	00a11350	12
41648	00a11870	4
41649	00a118f0	15
41650	00a11b20	10
41651	00a11db0	4
41652	00a12020	0
41653	00a12020	0
71518	00a1204c	0
71519	00a12064	0
71520	00a1206e	0
71521	00a12075	0
71522	00a1207f	0
71523	00a12091	0
71524	00a120a5	1
71525	00a120be	0
71526	00a120c4	2
71527	00a120ef	0
71528	00a120f5	0
71529	00a120fe	0
71530	00a1210c	1
71531	00a1211a	0
71532	00a1211a	0
41654	00a12130	3
41655	00a12570	1
41656	00a12640	1
41657	00a12690	2
41658	00a12740	4
41659	00a127c0	1
41660	00a12890	1
41661	00a12a30	1
41662	00a12be0	5
71517	00a12fe0	0
41663	00a13030	13
71515	00a13310	1
71516	00a13390	5
41664	00a13480	5
41665	00a13570	3
41666	00a135d0	1
41667	00a13600	1
41668	00a13620	2
41669	00a13650	0
41670	00a13650	2
41671	00a13680	1
41672	00a136b0	3
72029	00a13710	4
72030	00a13730	1
41673	00a13750	0
72031	00a13780	1
41674	00a137a0	0
71998	00a137b0	2
71999	00a137c0	1
72000	00a137e0	1
72001	00a13800	1
72002	00a13810	2
72003	00a13820	1
72004	00a13840	1
72005	00a13860	1
72006	00a13870	2
72007	00a13880	1
72008	00a138a0	1
72009	00a138c0	1
72010	00a138d0	2
72011	00a138e0	1
72012	00a13900	1
72013	00a13920	1
72014	00a13930	2
72015	00a13940	1
72016	00a13960	1
72017	00a13980	1
72018	00a13990	2
72019	00a139a0	1
72020	00a139c0	1
72021	00a139e0	1
72022	00a139f0	2
72023	00a13a00	1
72024	00a13a20	1
72025	00a13a40	1
41675	00a13a50	20
41676	00a13d30	0
41677	00a13d70	5
41678	00a13de0	2
41679	00a13e70	0
41680	00a13ea0	2
41681	00a13f30	2
41682	00a13f90	1
72026	00a13fc0	4
72027	00a13fe0	1
72028	00a14000	1
71959	00a14020	2
71960	00a14030	1
71961	00a14040	1
71962	00a14060	1
71963	00a14070	2
71964	00a14080	1
71965	00a14090	1
71966	00a140b0	1
71967	00a140c0	2
71968	00a140d0	1
71969	00a140f0	1
71970	00a14110	1
71971	00a14120	2
71972	00a14130	1
71973	00a14150	1
71974	00a14170	1
71975	00a14180	2
71976	00a14190	1
71977	00a141b0	1
71978	00a141d0	1
71979	00a141e0	2
71980	00a141f0	1
71981	00a14210	1
71982	00a14230	1
41683	00a14240	2
71983	00a14270	2
71984	00a14280	1
71985	00a142a0	1
71986	00a142c0	1
41684	00a142d0	2
71987	00a14300	2
71988	00a14310	1
71989	00a14330	1
71990	00a14350	1
71991	00a14360	2
71992	00a14370	1
71993	00a14390	1
71994	00a143b0	1
41685	00a143c0	20
41686	00a146a0	5
41687	00a14710	2
41688	00a147c0	2
41689	00a14850	0
41690	00a14870	4
41691	00a148e0	1
41692	00a14900	2
41693	00a14930	0
41694	00a14960	0
41695	00a14980	2
41696	00a14a20	2
41697	00a14ab0	0
41698	00a14ad0	3
41699	00a14b40	1
41700	00a14b60	1
41701	00a14b80	0
41702	00a14b90	1
41703	00a14bb0	0
41704	00a14bc0	1
41705	00a14bd0	5
41706	00a14c40	0
41707	00a14c50	0
41708	00a14c70	9
41709	00a14d80	1
41710	00a14da0	0
41711	00a14df0	0
41712	00a14e00	9
41713	00a14f10	1
41714	00a14f40	1
41715	00a14f70	0
41716	00a14f80	0
41717	00a14f90	0
41718	00a14fa0	2
41719	00a15000	4
41720	00a150a0	26
41721	00a152c0	2
41722	00a15310	0
41723	00a15350	1
41724	00a15380	22
41725	00a15510	1
41726	00a15540	5
41727	00a155a0	21
41728	00a15740	0
41729	00a15780	1
41730	00a157c0	4
41731	00a15850	9
41732	00a15950	1
41733	00a159a0	1
41734	00a159e0	0
41735	00a159e0	2
41736	00a15a20	0
41737	00a15a20	2
41738	00a15a50	0
41739	00a15a50	2
41740	00a15a90	0
41741	00a15a90	2
41742	00a15ac0	0
41743	00a15ac0	2
41744	00a15af0	1
41745	00a15b30	4
41746	00a15ba0	1
41747	00a15bc0	1
41748	00a15be0	2
41749	00a15c40	1
41750	00a15c70	0
41751	00a15c90	0
41752	00a15cb0	0
41753	00a15cd0	0
41754	00a15cf0	0
41755	00a15d10	0
41756	00a15d50	0
41757	00a15d70	0
41758	00a15db0	0
41759	00a15df0	0
41760	00a15e30	0
41761	00a15e70	2
41762	00a15eb0	5
41763	00a15f90	2
41764	00a16000	0
41765	00a16050	0
41766	00a16090	0
71995	00a160d0	4
71996	00a160f0	1
71997	00a16110	1
41767	00a16130	1
71958	00a161d0	0
41768	00a16210	0
41769	00a16230	4
41770	00a16310	1
41771	00a16340	1
41772	00a16360	2
41773	00a16390	0
41774	00a16390	2
41775	00a163c0	1
41776	00a163f0	6
41777	00a164d0	1
41778	00a16500	1
41779	00a16520	1
41780	00a16540	5
41781	00a165d0	3
41782	00a16660	0
41783	00a16690	2
41784	00a16720	0
41785	00a16770	6
41786	00a168a0	0
41787	00a168e0	2
41788	00a16970	3
41789	00a16a00	3
41790	00a16aa0	0
71951	00a16ab0	2
71952	00a16ac0	1
71953	00a16ae0	1
71954	00a16b00	1
41791	00a16b10	3
41792	00a16b40	4
41793	00a16bd0	0
41794	00a16bf0	2
41795	00a16ca0	2
41796	00a16d00	8
41797	00a16e20	1
41798	00a16e60	9
41799	00a16f90	3
41800	00a17020	2
41801	00a170b0	0
41802	00a170b0	2
41803	00a170e0	6
71955	00a171d0	4
71956	00a171f0	1
71957	00a17210	1
41804	00a17230	3
71948	00a172e0	4
71949	00a17300	1
71950	00a17320	1
41805	00a17340	8
41806	00a17430	12
41807	00a175a0	1
41808	00a175e0	13
41809	00a17770	5
41810	00a17830	12
41811	00a179b0	47
41812	00a17d70	2
41813	00a17dd0	1
41814	00a17e00	0
41815	00a17e00	2
41816	00a17e30	1
41817	00a17e50	0
41818	00a17e60	4
41819	00a17f00	1
41820	00a17f50	1
41821	00a17f70	1
41822	00a17fa0	1
41823	00a17fe0	1
41824	00a18010	1
41825	00a18050	0
41826	00a18050	2
41827	00a18080	2
41828	00a180c0	12
41829	00a18250	6
41830	00a18380	8
41831	00a18460	5
41832	00a18500	7
41833	00a185a0	4
41834	00a18650	2
41835	00a186b0	0
41836	00a186c0	2
41837	00a18720	23
41838	00a18970	8
41839	00a18ab0	8
41840	00a18bf0	8
41841	00a18cf0	8
41842	00a18df0	7
41843	00a18ef0	7
41844	00a18ff0	7
41845	00a190f0	11
41846	00a19270	0
41847	00a19280	2
41848	00a192e0	2
41849	00a19340	0
41850	00a19350	0
41851	00a19350	2
41852	00a19380	1
41853	00a193a0	0
41854	00a193b0	37
41855	00a19850	51
41856	00a19d30	1
41857	00a19d60	1
41858	00a19d80	3
41859	00a19de0	4
41860	00a19e50	5
41861	00a19eb0	10
41862	00a19fd0	7
41863	00a1a0c0	10
41864	00a1a1e0	10
41865	00a1a410	1
41866	00a1a430	1
41867	00a1a450	0
41868	00a1a460	2
41869	00a1a490	0
41870	00a1a4c0	4
41871	00a1a550	2
41872	00a1a5c0	4
41873	00a1a630	4
41874	00a1a6a0	3
41875	00a1a730	3
71945	00a1a7c0	4
71946	00a1a7e0	1
71947	00a1a800	1
41876	00a1a820	3
41877	00a1a8a0	2
41878	00a1a960	2
41879	00a1a9e0	1
41880	00a1aa20	8
41881	00a1ac20	1
41882	00a1ac70	2
41883	00a1ace0	0
41884	00a1ace0	2
41885	00a1ad20	2
41886	00a1ad50	4
41887	00a1ae30	2
41888	00a1aea0	0
41889	00a1aea0	2
41890	00a1aee0	2
41891	00a1af10	2
41892	00a1af80	4
41893	00a1b060	0
41894	00a1b060	2
41895	00a1b0a0	2
41896	00a1b0d0	2
41897	00a1b140	2
41898	00a1b1a0	8
41899	00a1b260	26
41900	00a1b4d0	6
41901	00a1b570	14
41902	00a1b640	25
41903	00a1b860	20
41904	00a1b9d0	5
41905	00a1bb10	3
71942	00a1bb80	4
71943	00a1bba0	1
71944	00a1bbc0	1
41906	00a1bbe0	3
71941	00a1bc70	4
41907	00a1be80	1
41908	00a1bee0	3
41909	00a1bf80	4
41910	00a1c060	6
41911	00a1c1f0	4
41912	00a1c250	1
41913	00a1c280	1
41914	00a1c2a0	2
41915	00a1c2d0	0
41916	00a1c2d0	2
41917	00a1c300	1
71940	00a1c330	1
41918	00a1c340	106
41919	00a1cbc0	2
41920	00a1cc20	0
41921	00a1cc30	1
41922	00a1cc60	2
41923	00a1cd50	3
41924	00a1cea0	1
41925	00a1cf20	0
41926	00a1cf30	0
41927	00a1cf40	0
41928	00a1cf50	0
41929	00a1cf50	2
41930	00a1cf80	1
41931	00a1cfa0	2
41932	00a1d000	0
41933	00a1d010	1
41934	00a1d050	1
41935	00a1d0b0	1
41936	00a1d100	0
41937	00a1d130	1
41938	00a1d180	3
41939	00a1d1c0	1
41940	00a1d210	3
41941	00a1d250	1
41942	00a1d2a0	1
41943	00a1d2c0	1
41944	00a1d310	1
41945	00a1d330	1
41946	00a1d350	1
41947	00a1d3a0	3
41948	00a1d410	0
41949	00a1d430	1
41950	00a1d450	1
41951	00a1d480	0
41952	00a1d480	2
41953	00a1d4b0	1
41954	00a1d4d0	0
41955	00a1d4e0	12
41956	00a1d620	0
41957	00a1d630	0
41958	00a1d640	2
41959	00a1d6a0	23
41960	00a1d8f0	8
41961	00a1da30	8
41962	00a1db70	8
41963	00a1dc70	8
41964	00a1dd70	7
41965	00a1de70	7
41966	00a1df70	7
41967	00a1e070	11
41968	00a1e200	0
41969	00a1e210	2
41970	00a1e270	26
41971	00a1e4b0	4
41972	00a1e520	4
41973	00a1e590	7
41974	00a1e660	7
41975	00a1e730	9
41976	00a1e840	2
41977	00a1e8a0	0
41978	00a1e8b0	0
41979	00a1e8d0	0
41980	00a1e8f0	1
41981	00a1e930	1
41982	00a1e970	1
41983	00a1e9b0	2
41984	00a1ea10	0
41985	00a1ea20	1
41986	00a1ea50	11
41987	00a1eb50	0
41988	00a1eba0	2
41989	00a1ec00	1
41990	00a1ec30	0
41991	00a1ec30	2
41992	00a1ec60	1
41993	00a1ec80	0
41994	00a1ec90	0
41995	00a1eca0	3
41996	00a1ed20	0
41997	00a1ed30	2
41998	00a1ed90	0
41999	00a1eda0	16
42000	00a1ef20	5
42001	00a1efe0	2
42002	00a1f040	0
42003	00a1f050	9
42004	00a1f1c0	12
42005	00a1f340	1
42006	00a1f370	0
42007	00a1f380	0
42008	00a1f3a0	0
42009	00a1f3c0	1
42010	00a1f400	1
42011	00a1f440	1
42012	00a1f480	1
42013	00a1f4c0	0
42014	00a1f4e0	0
42015	00a1f500	0
42016	00a1f520	1
42017	00a1f550	0
42018	00a1f560	2
42019	00a1f5c0	0
42020	00a1f5d0	0
42021	00a1f5e0	8
42022	00a1f6f0	14
42023	00a1f8a0	1
42024	00a1f900	1
42025	00a1f960	1
42026	00a1fa00	0
42027	00a1fa00	2
42028	00a1fa30	2
42029	00a1fa70	0
42030	00a1fa70	2
42031	00a1faa0	2
42032	00a1fb00	0
42033	00a1fb00	2
42034	00a1fb30	1
42035	00a1fb50	0
42036	00a1fb50	2
42037	00a1fb80	1
42038	00a1fba0	0
42039	00a1fba0	2
42040	00a1fbd0	4
42041	00a1fc30	0
42042	00a1fc30	2
42043	00a1fc60	1
42044	00a1fc80	0
42045	00a1fc80	2
42046	00a1fcb0	3
42047	00a1fd00	0
42048	00a1fd00	2
42049	00a1fd30	1
42050	00a1fd50	0
42051	00a1fd50	2
42052	00a1fd80	1
42053	00a1fda0	0
42054	00a1fda0	2
42055	00a1fdd0	0
42056	00a1fdd0	2
42057	00a1fe00	0
42058	00a1fe00	2
42059	00a1fe30	3
42060	00a1fe80	1
42061	00a1fea0	5
42062	00a1ff20	1
42063	00a1ff40	0
42064	00a1ff40	2
42065	00a1ff70	1
42066	00a1ff90	0
42067	00a1ffb0	0
42068	00a1ffe0	1
42069	00a20020	3
42070	00a20090	0
42071	00a200c0	2
42072	00a200f0	3
42073	00a20150	6
42074	00a201d0	0
42075	00a201e0	0
42076	00a201f0	0
42077	00a20200	37
42078	00a206d0	51
42079	00a20be0	1
42080	00a20c10	1
42081	00a20c30	0
42082	00a20c40	0
42083	00a20d10	26
42084	00a210d0	0
42085	00a21190	22
42086	00a21570	3
42087	00a215c0	4
42088	00a21620	3
42089	00a21670	0
42090	00a216a0	0
42091	00a216d0	8
42092	00a21770	1
42093	00a217a0	1
42094	00a217d0	4
42095	00a21810	0
42096	00a21820	0
42097	00a21830	0
42098	00a21840	110
42099	00a22310	0
42100	00a22320	82
42101	00a22ba0	1
42102	00a22bd0	2
42103	00a22c10	2
42104	00a22c50	2
42105	00a22c80	2
42106	00a22cc0	1
42107	00a22ce0	1
42108	00a22d00	1
42109	00a22d20	1
42110	00a22d40	4
42111	00a22dc0	1
42112	00a22de0	0
42113	00a22e20	1
42114	00a22e40	2
42115	00a22e70	2
42116	00a22eb0	1
42117	00a22ee0	0
42118	00a22f00	2
42119	00a22f50	2
42120	00a22fc0	1
42121	00a22ff0	0
42122	00a22ff0	2
42123	00a23020	0
42124	00a23070	0
42125	00a230c0	4
42126	00a23100	5
42127	00a23160	5
42128	00a231c0	19
42129	00a233e0	0
42130	00a233f0	2
42131	00a23440	3
42132	00a234a0	5
42133	00a23500	4
42134	00a23580	5
42135	00a235e0	0
42136	00a23600	0
42137	00a23620	0
42138	00a23650	3
42139	00a236a0	3
42140	00a236f0	1
42141	00a23720	1
42142	00a23750	18
42143	00a238b0	3
42144	00a23900	2
42145	00a23930	1
42146	00a23950	4
42147	00a239b0	6
42148	00a23a70	1
42149	00a23a90	0
42150	00a23b40	5
42151	00a23bf0	1
42152	00a23c30	0
42153	00a23c50	4
42154	00a23cd0	12
42155	00a23e10	0
42156	00a23e20	0
42157	00a23e50	4
42158	00a23f10	0
42159	00a23f30	0
42160	00a23f50	0
42161	00a23f80	0
42162	00a23fb0	0
42163	00a23fe0	0
42164	00a24010	0
42165	00a24030	0
42166	00a24060	0
42167	00a24090	9
42168	00a24240	8
42169	00a24300	1
42170	00a24340	0
42171	00a24360	7
42172	00a244a0	0
42173	00a244c0	4
42174	00a24530	1
42175	00a245d0	0
42176	00a24600	10
42177	00a24720	10
42178	00a24840	10
42179	00a24960	10
42180	00a24a80	10
42181	00a24ba0	10
42182	00a24cc0	10
42183	00a24de0	10
42184	00a24f00	10
42185	00a25020	10
42186	00a25140	10
42187	00a25260	10
42188	00a25380	10
42189	00a254a0	4
42190	00a25530	10
42191	00a25780	1
42192	00a257a0	0
42193	00a25830	1
42194	00a25870	1
42195	00a25890	3
42196	00a25910	0
42197	00a25920	4
42198	00a259b0	5
42199	00a25a50	4
42200	00a25ae0	2
42201	00a25b50	4
42202	00a25be0	4
42203	00a25c70	4
42204	00a25d00	4
42205	00a25d90	4
42206	00a25e20	4
42207	00a25eb0	1
42208	00a25ee0	1
42209	00a25f10	4
42210	00a25fa0	4
42211	00a26010	4
42212	00a26080	4
42213	00a260f0	4
42214	00a26160	4
42215	00a261d0	4
42216	00a26240	4
42217	00a262b0	4
42218	00a26320	4
42219	00a26390	4
42220	00a26400	4
42221	00a26470	4
42222	00a264e0	4
42223	00a26550	4
42224	00a265e0	3
42225	00a26670	3
42226	00a26700	3
42227	00a26790	3
42228	00a26820	3
42229	00a268b0	3
42230	00a26940	3
42231	00a269d0	3
42232	00a26a60	3
42233	00a26af0	3
42234	00a26b80	3
42235	00a26c10	3
42236	00a26ca0	3
71938	00a26d30	2
71939	00a26d40	1
42237	00a26d60	66
42238	00a27260	2
42239	00a272c0	0
42240	00a272d0	1
42241	00a27300	11
42242	00a27400	0
42243	00a27450	2
42244	00a274b0	0
42245	00a274c0	0
42246	00a274d0	3
42247	00a27550	0
42248	00a27560	2
42249	00a275c0	0
42250	00a275d0	16
42251	00a27750	5
42252	00a27810	2
42253	00a27870	0
42254	00a27880	9
42255	00a279f0	12
42256	00a27b60	1
42257	00a27b90	0
42258	00a27ba0	0
42259	00a27bc0	0
42260	00a27be0	1
42261	00a27c20	1
42262	00a27c60	1
42263	00a27ca0	1
42264	00a27ce0	0
42265	00a27d00	0
42266	00a27d20	0
42267	00a27d40	1
42268	00a27d70	0
42269	00a27d80	2
42270	00a27de0	0
42271	00a27df0	0
42272	00a27e00	8
42273	00a27f00	14
42274	00a280a0	1
42275	00a28100	1
42276	00a28160	1
42277	00a28200	3
42278	00a28270	0
42279	00a28280	12
42280	00a283c0	0
42281	00a283c0	2
42282	00a283f0	1
42283	00a28410	0
42284	00a28410	2
42285	00a28440	3
42286	00a28490	0
42287	00a28490	2
42288	00a284c0	1
42289	00a284e0	0
42290	00a284e0	2
42291	00a28510	1
42292	00a28530	0
42293	00a28530	2
42294	00a28560	0
42295	00a28560	2
42296	00a28590	0
42297	00a28590	2
42298	00a285c0	3
42299	00a28610	0
42300	00a28610	2
42301	00a28640	2
42302	00a286a0	1
42303	00a286c0	5
42304	00a28740	0
42305	00a28740	2
42306	00a28770	1
42307	00a28790	2
42308	00a287d0	1
42309	00a28800	4
42310	00a28840	0
42311	00a28850	110
42312	00a292f0	0
42313	00a29300	82
42314	00a29b70	2
42315	00a29be0	0
42316	00a29c30	0
42317	00a29c80	4
42318	00a29cc0	19
42319	00a29ed0	3
42320	00a29f40	6
42321	00a29ff0	2
42322	00a2a040	3
42323	00a2a090	3
42324	00a2a0e0	0
42325	00a2a0f0	0
42326	00a2a110	0
42327	00a2a130	0
42328	00a2a160	0
42329	00a2a190	0
42330	00a2a1c0	0
42331	00a2a1f0	0
42332	00a2a210	0
42333	00a2a240	0
42334	00a2a270	9
42335	00a2a410	1
42336	00a2a4b0	10
42337	00a2a5d0	10
42338	00a2a6f0	10
42339	00a2a810	10
42340	00a2a930	10
42341	00a2aa50	10
42342	00a2ab70	10
42343	00a2ac90	10
42344	00a2adb0	0
42345	00a2ae30	1
42346	00a2ae70	4
42347	00a2af00	4
42348	00a2af90	4
42349	00a2b020	4
42350	00a2b0b0	1
42351	00a2b0e0	1
42352	00a2b110	4
42353	00a2b1a0	5
42354	00a2b240	4
42355	00a2b2b0	4
42356	00a2b320	4
42357	00a2b390	4
42358	00a2b400	4
42359	00a2b470	4
42360	00a2b4e0	4
42361	00a2b550	4
42362	00a2b5c0	4
42363	00a2b650	3
42364	00a2b6e0	3
42365	00a2b770	3
42366	00a2b800	3
42367	00a2b890	3
42368	00a2b920	3
42369	00a2b9b0	3
42370	00a2ba40	3
71936	00a2bad0	2
71937	00a2bae0	1
42371	00a2bb00	3
42372	00a2bbb0	2
42373	00a2bd10	4
42374	00a2bdf0	3
42375	00a2bea0	2
42376	00a2c000	1
42377	00a2c060	1
42378	00a2c080	1
42379	00a2c0a0	7
42380	00a2c210	2
42381	00a2c287	3
42382	00a2c2b1	5
42383	00a2c3aa	1
42384	00a2c3ba	3
42385	00a2c3e4	3
42386	00a2c4d1	3
42387	00a2c4f4	6
42388	00a2c5e5	1
42389	00a2c5f0	4
42390	00a2c69a	5
42391	00a2c7c1	2
42392	00a2c8a8	3
42393	00a2c905	1
42394	00a2c9d0	0
42395	00a2c9d6	0
42396	00a2c9dc	0
42397	00a2c9e2	0
42398	00a2c9e8	0
42399	00a2c9ee	0
42400	00a2c9f4	0
42401	00a2c9fa	0
42402	00a2ca00	0
42403	00a2ca06	0
42404	00a2ca0c	0
42405	00a2ca12	0
42406	00a2ca18	0
42407	00a2ca1e	0
42408	00a2ca24	0
42409	00a2ca2a	0
42410	00a2ca30	0
42411	00a2ca36	0
42412	00a2ca3c	0
42413	00a2ca42	0
42414	00a2ca48	0
42415	00a2ca4e	0
42416	00a2ca54	0
42417	00a2ca5a	0
42418	00a2ca60	0
42419	00a2ca66	0
42420	00a2ca6c	0
42421	00a2ca72	0
42422	00a2ca78	0
42423	00a2ca7e	0
42424	00a2ca84	0
42425	00a2ca8a	0
42426	00a2ca90	0
42427	00a2ca96	0
42428	00a2ca9c	0
42429	00a2caa2	0
42430	00a2caa8	0
42431	00a2caae	0
42432	00a2cab4	0
42433	00a2caba	0
42434	00a2cac0	0
42435	00a2cac6	0
42436	00a2cacc	0
42437	00a2cad2	0
42438	00a2cad8	0
42439	00a2cade	0
42440	00a2cae4	0
42441	00a2caea	0
42442	00a2caf0	0
42443	00a2caf6	0
42444	00a2cafc	0
42445	00a2cb02	0
42446	00a2cb08	0
42447	00a2cb0e	0
42448	00a2cb14	0
42449	00a2cb1a	0
42450	00a2cb20	0
42451	00a2cb26	0
42452	00a2cb2c	0
42453	00a2cb32	0
42454	00a2cb38	0
42455	00a2cb3e	0
42456	00a2cb44	0
42457	00a2cb4a	0
42458	00a2cb50	0
42459	00a2cb56	0
42460	00a2cb5c	0
42461	00a2cb62	0
42462	00a2cb68	0
42463	00a2cb6e	0
42464	00a2cb74	0
42465	00a2cb7a	0
42466	00a2cb80	0
42467	00a2cb86	0
42468	00a2cb8c	0
42469	00a2cb92	0
42470	00a2cb98	0
42471	00a2cb9e	0
42472	00a2cba4	0
42473	00a2cbaa	0
42474	00a2cbb0	0
42475	00a2cbb6	0
42476	00a2cbbc	0
42477	00a2cbc2	0
